[[{"SSID":"MeetInLeeds","BSSID":"5c:a6:2d:ce:b2:0d","RSSI":-50},{"SSID":"eduroam","BSSID":"5c:a6:2d:ce:b2:0e","RSSI":-50},{"SSID":"MeetInLeeds","BSSID":"5c:a6:2d:b5:ca:e2","RSSI":-50},{"SSID":"MeetInLeeds","BSSID":"5c:a6:2d:ce:b2:02","RSSI":-53},{"SSID":"MeetInLeeds","BSSID":"5c:a6:2d:b5:ca:ed","RSSI":-53},{"SSID":"eduroam","BSSID":"5c:a6:2d:b5:ca:ee","RSSI":-53},{"SSID":"eduroam","BSSID":"5c:a6:2d:ce:b2:01","RSSI":-54},{"SSID":"MeetInLeeds","BSSID":"5c:a6:2d:b6:22:42","RSSI":-55},{"SSID":"eduroam","BSSID":"5c:a6:2d:b6:22:41","RSSI":-56},{"SSID":"MeetInLeeds","BSSID":"5c:a6:2d:af:91:c2","RSSI":-59},{"SSID":"MeetInLeeds","BSSID":"5c:a6:2d:5d:ab:62","RSSI":-59},{"SSID":"eduroam","BSSID":"5c:a6:2d:5d:ab:61","RSSI":-59},{"SSID":"eduroam","BSSID":"5c:a6:2d:af:91:c1","RSSI":-60},{"SSID":"MeetInLeeds","BSSID":"5c:a6:2d:ef:45:22","RSSI":-60},{"SSID":"eduroam","BSSID":"5c:a6:2d:ef:45:21","RSSI":-60},{"SSID":"MeetInLeeds","BSSID":"5c:a6:2d:ce:b5:02","RSSI":-60},{"SSID":"MeetInLeeds","BSSID":"5c:a6:2d:af:8f:c2","RSSI":-61},{"SSID":"eduroam","BSSID":"5c:a6:2d:af:8f:c1","RSSI":-61},{"SSID":"MeetInLeeds","BSSID":"ac:3a:67:08:29:22","RSSI":-61},{"SSID":"eduroam","BSSID":"5c:a6:2d:af:91:41","RSSI":-61},{"SSID":"MeetInLeeds","BSSID":"ac:3a:67:08:29:2d","RSSI":-62},{"SSID":"eduroam","BSSID":"ac:3a:67:08:29:21","RSSI":-62},{"SSID":"MeetInLeeds","BSSID":"5c:a6:2d:af:91:42","RSSI":-62},{"SSID":"MeetInLeeds","BSSID":"ac:3a:67:08:29:a2","RSSI":-63},{"SSID":"eduroam","BSSID":"ac:3a:67:08:29:2e","RSSI":-64},{"SSID":"eduroam","BSSID":"ac:3a:67:08:29:a1","RSSI":-64},{"SSID":"MeetInLeeds","BSSID":"5c:a6:2d:ce:bf:02","RSSI":-65},{"SSID":"eduroam","BSSID":"5c:a6:2d:ce:bf:01","RSSI":-66},{"SSID":"eduroam","BSSID":"5c:a6:2d:af:92:21","RSSI":-66},{"SSID":"MeetInLeeds","BSSID":"5c:a6:2d:ce:b4:c2","RSSI":-66},{"SSID":"eduroam","BSSID":"5c:a6:2d:70:7b:4e","RSSI":-67},{"SSID":"MeetInLeeds","BSSID":"5c:a6:2d:70:7b:4d","RSSI":-67},{"SSID":"MeetInLeeds","BSSID":"ac:3a:67:08:01:82","RSSI":-67},{"SSID":"eduroam","BSSID":"5c:a6:2d:ce:b5:0e","RSSI":-67},{"SSID":"MeetInLeeds","BSSID":"5c:a6:2d:af:92:22","RSSI":-68},{"SSID":"MeetInLeeds","BSSID":"5c:a6:2d:ce:b5:0d","RSSI":-69},{"SSID":"eduroam","BSSID":"5c:a6:2d:ef:45:2e","RSSI":-69},{"SSID":"MeetInLeeds","BSSID":"5c:a6:2d:ef:45:2d","RSSI":-69},{"SSID":"eduroam","BSSID":"5c:a6:2d:cf:c4:41","RSSI":-69},{"SSID":"MeetInLeeds","BSSID":"5c:a6:2d:af:91:82","RSSI":-71},{"SSID":"MeetInLeeds","BSSID":"5c:a6:2d:ce:a1:c2","RSSI":-71},{"SSID":"MeetInLeeds","BSSID":"5c:a6:2d:af:8f:cd","RSSI":-71},{"SSID":"MeetInLeeds","BSSID":"5c:a6:2d:cf:c4:42","RSSI":-71},{"SSID":"eduroam","BSSID":"5c:a6:2d:86:6d:2e","RSSI":-72},{"SSID":"eduroam","BSSID":"5c:a6:2d:af:92:2e","RSSI":-72},{"SSID":"MeetInLeeds","BSSID":"5c:a6:2d:cf:e3:42","RSSI":-72},{"SSID":"MeetInLeeds","BSSID":"5c:a6:2d:cf:c5:e2","RSSI":-73},{"SSID":"eduroam","BSSID":"5c:a6:2d:cf:b0:01","RSSI":-74},{"SSID":"MeetInLeeds","BSSID":"5c:a6:2d:86:6d:2d","RSSI":-74},{"SSID":"eduroam","BSSID":"5c:a6:2d:af:91:ce","RSSI":-74},{"SSID":"MeetInLeeds","BSSID":"5c:a6:2d:af:91:cd","RSSI":-74},{"SSID":"MeetInLeeds","BSSID":"5c:a6:2d:ce:c1:ed","RSSI":-74},{"SSID":"MeetInLeeds","BSSID":"5c:a6:2d:ce:c1:e2","RSSI":-75},{"SSID":"MeetInLeeds","BSSID":"5c:a6:2d:af:92:2d","RSSI":-75},{"SSID":"MeetInLeeds","BSSID":"5c:a6:2d:cf:b0:a2","RSSI":-75},{"SSID":"MeetInLeeds","BSSID":"5c:a6:2d:86:6b:6d","RSSI":-75},{"SSID":"eduroam","BSSID":"5c:a6:2d:ce:c1:ee","RSSI":-75},{"SSID":"eduroam","BSSID":"5c:a6:2d:ce:a1:ce","RSSI":-76},{"SSID":"eduroam","BSSID":"5c:a6:2d:cf:c5:ee","RSSI":-76},{"SSID":"MeetInLeeds","BSSID":"5c:a6:2d:af:8d:e2","RSSI":-76},{"SSID":"MeetInLeeds","BSSID":"5c:a6:2d:5d:2b:42","RSSI":-77},{"SSID":"eduroam","BSSID":"5c:a6:2d:af:94:ae","RSSI":-77},{"SSID":"eduroam","BSSID":"5c:a6:2d:86:69:21","RSSI":-77},{"SSID":"MeetInLeeds","BSSID":"5c:a6:2d:5d:2e:2d","RSSI":-78},{"SSID":"eduroam","BSSID":"ac:3a:67:08:01:8e","RSSI":-78},{"SSID":"eduroam","BSSID":"5c:a6:2d:cf:c1:81","RSSI":-78},{"SSID":"MeetInLeeds","BSSID":"5c:a6:2d:af:91:8d","RSSI":-79},{"SSID":"MeetInLeeds","BSSID":"ac:3a:67:08:01:8d","RSSI":-80},{"SSID":"MeetInLeeds","BSSID":"5c:a6:2d:af:92:42","RSSI":-80},{"SSID":"MeetInLeeds","BSSID":"5c:a6:2d:ce:a1:cd","RSSI":-81},{"SSID":"MeetInLeeds","BSSID":"5c:a6:2d:cf:b0:ad","RSSI":-82},{"SSID":"MeetInLeeds","BSSID":"5c:a6:2d:ce:b4:cd","RSSI":-82},{"SSID":"eduroam","BSSID":"5c:a6:2d:ce:b4:ce","RSSI":-82},{"SSID":"eduroam","BSSID":"5c:a6:2d:af:91:e1","RSSI":-83},{"SSID":"MeetInLeeds","BSSID":"5c:a6:2d:85:81:ed","RSSI":-84},{"SSID":"eduroam","BSSID":"5c:a6:2d:cf:c3:2e","RSSI":-84},{"SSID":"DESKTOP-73NVV7R 4141","BSSID":"f2:6e:0b:b7:46:4e","RSSI":-84},{"SSID":"eduroam","BSSID":"5c:a6:2d:86:6d:a1","RSSI":-84},{"SSID":"MeetInLeeds","BSSID":"5c:a6:2d:cf:c3:2d","RSSI":-85},{"SSID":"MeetInLeeds","BSSID":"5c:a6:2d:cf:c1:8d","RSSI":-85},{"SSID":"eduroam","BSSID":"ac:3a:67:08:25:ce","RSSI":-86},{"SSID":"eduroam","BSSID":"ac:3a:67:08:04:0e","RSSI":-87}],[{"SSID":"eduroam","BSSID":"5c:a6:2d:b5:ca:e1","RSSI":-42},{"SSID":"MeetInLeeds","BSSID":"5c:a6:2d:b5:ca:e2","RSSI":-42},{"SSID":"MeetInLeeds","BSSID":"5c:a6:2d:b5:ca:ed","RSSI":-47},{"SSID":"MeetInLeeds","BSSID":"5c:a6:2d:b6:22:42","RSSI":-47},{"SSID":"eduroam","BSSID":"5c:a6:2d:b5:ca:ee","RSSI":-48},{"SSID":"MeetInLeeds","BSSID":"5c:a6:2d:ce:b2:0d","RSSI":-51},{"SSID":"MeetInLeeds","BSSID":"5c:a6:2d:ce:b2:02","RSSI":-51},{"SSID":"eduroam","BSSID":"5c:a6:2d:ce:b2:0e","RSSI":-52},{"SSID":"eduroam","BSSID":"5c:a6:2d:ef:45:21","RSSI":-58},{"SSID":"MeetInLeeds","BSSID":"5c:a6:2d:ef:45:22","RSSI":-59},{"SSID":"MeetInLeeds","BSSID":"5c:a6:2d:ce:b5:02","RSSI":-59},{"SSID":"eduroam","BSSID":"5c:a6:2d:ce:b5:01","RSSI":-59},{"SSID":"MeetInLeeds","BSSID":"5c:a6:2d:af:91:c2","RSSI":-60},{"SSID":"eduroam","BSSID":"5c:a6:2d:5d:ab:61","RSSI":-60},{"SSID":"MeetInLeeds","BSSID":"5c:a6:2d:af:8f:c2","RSSI":-61},{"SSID":"MeetInLeeds","BSSID":"5c:a6:2d:5d:ab:62","RSSI":-62},{"SSID":"MeetInLeeds","BSSID":"ac:3a:67:08:29:a2","RSSI":-62},{"SSID":"MeetInLeeds","BSSID":"ac:3a:67:08:29:2d","RSSI":-63},{"SSID":"MeetInLeeds","BSSID":"5c:a6:2d:b6:22:4d","RSSI":-63},{"SSID":"MeetInLeeds","BSSID":"5c:a6:2d:af:91:42","RSSI":-63},{"SSID":"eduroam","BSSID":"5c:a6:2d:5d:2b:41","RSSI":-64},{"SSID":"eduroam","BSSID":"5c:a6:2d:70:7b:4e","RSSI":-65},{"SSID":"MeetInLeeds","BSSID":"5c:a6:2d:70:7b:4d","RSSI":-65},{"SSID":"MeetInLeeds","BSSID":"5c:a6:2d:ce:a1:c2","RSSI":-66},{"SSID":"eduroam","BSSID":"ac:3a:67:08:29:ae","RSSI":-66},{"SSID":"eduroam","BSSID":"5c:a6:2d:cf:c4:41","RSSI":-66},{"SSID":"eduroam","BSSID":"ac:3a:67:08:01:81","RSSI":-67},{"SSID":"MeetInLeeds","BSSID":"5c:a6:2d:5d:2e:22","RSSI":-67},{"SSID":"MeetInLeeds","BSSID":"5c:a6:2d:cf:c5:e2","RSSI":-68},{"SSID":"MeetInLeeds","BSSID":"5c:a6:2d:ce:bf:02","RSSI":-68},{"SSID":"eduroam","BSSID":"ac:3a:67:08:25:c1","RSSI":-68},{"SSID":"MeetInLeeds","BSSID":"ac:3a:67:08:25:c2","RSSI":-68},{"SSID":"MeetInLeeds","BSSID":"5c:a6:2d:cf:c4:42","RSSI":-68},{"SSID":"MeetInLeeds","BSSID":"5c:a6:2d:ce:b4:c2","RSSI":-68},{"SSID":"eduroam","BSSID":"5c:a6:2d:cf:c5:e1","RSSI":-69},{"SSID":"MeetInLeeds","BSSID":"5c:a6:2d:ef:45:2d","RSSI":-69},{"SSID":"MeetInLeeds","BSSID":"5c:a6:2d:af:91:4d","RSSI":-69},{"SSID":"eduroam","BSSID":"5c:a6:2d:af:92:2e","RSSI":-70},{"SSID":"eduroam","BSSID":"5c:a6:2d:ef:45:2e","RSSI":-70},{"SSID":"MeetInLeeds","BSSID":"5c:a6:2d:5d:2b:42","RSSI":-71},{"SSID":"eduroam","BSSID":"5c:a6:2d:cf:c3:21","RSSI":-71},{"SSID":"eduroam","BSSID":"5c:a6:2d:ce:b5:0e","RSSI":-71},{"SSID":"MeetInLeeds","BSSID":"5c:a6:2d:ce:b5:0d","RSSI":-71},{"SSID":"eduroam","BSSID":"5c:a6:2d:5d:ab:6e","RSSI":-71},{"SSID":"MeetInLeeds","BSSID":"5c:a6:2d:5d:ab:6d","RSSI":-71},{"SSID":"MeetInLeeds","BSSID":"5c:a6:2d:af:92:2d","RSSI":-72},{"SSID":"eduroam","BSSID":"5c:a6:2d:af:92:21","RSSI":-72},{"SSID":"eduroam","BSSID":"5c:a6:2d:cf:c4:4e","RSSI":-72},{"SSID":"eduroam","BSSID":"5c:a6:2d:af:8f:ce","RSSI":-72},{"SSID":"eduroam","BSSID":"5c:a6:2d:45:db:8e","RSSI":-72},{"SSID":"eduroam","BSSID":"5c:a6:2d:af:91:ce","RSSI":-72},{"SSID":"MeetInLeeds","BSSID":"5c:a6:2d:af:91:cd","RSSI":-72},{"SSID":"eduroam","BSSID":"5c:a6:2d:cf:b0:01","RSSI":-73},{"SSID":"TP-Link_0F14","BSSID":"c0:c9:e3:b8:0f:14","RSSI":-73},{"SSID":"eduroam","BSSID":"5c:a6:2d:ce:c1:e1","RSSI":-73},{"SSID":"MeetInLeeds","BSSID":"5c:a6:2d:86:6d:2d","RSSI":-73},{"SSID":"MeetInLeeds","BSSID":"ac:3a:67:08:32:4d","RSSI":-73},{"SSID":"eduroam","BSSID":"5c:a6:2d:86:6d:2e","RSSI":-73},{"SSID":"eduroam","BSSID":"5c:a6:2d:45:db:81","RSSI":-73},{"SSID":"MeetInLeeds","BSSID":"5c:a6:2d:cf:c5:ed","RSSI":-73},{"SSID":"MeetInLeeds","BSSID":"5c:a6:2d:cf:c4:4d","RSSI":-73},{"SSID":"MeetInLeeds","BSSID":"5c:a6:2d:ce:c1:e2","RSSI":-74},{"SSID":"eduroam","BSSID":"ac:3a:67:08:32:4e","RSSI":-74},{"SSID":"MeetInLeeds","BSSID":"5c:a6:2d:45:db:a2","RSSI":-74},{"SSID":"MeetInLeeds","BSSID":"5c:a6:2d:86:6b:22","RSSI":-74},{"SSID":"MeetInLeeds","BSSID":"5c:a6:2d:45:db:82","RSSI":-75},{"SSID":"MeetInLeeds","BSSID":"5c:a6:2d:cf:c1:82","RSSI":-75},{"SSID":"MeetInLeeds","BSSID":"5c:a6:2d:af:8f:cd","RSSI":-75},{"SSID":"MeetInLeeds","BSSID":"5c:a6:2d:86:6b:6d","RSSI":-75},{"SSID":"eduroam","BSSID":"5c:a6:2d:86:6b:6e","RSSI":-75},{"SSID":"My legs too long for train seats","BSSID":"86:da:33:a3:a5:9d","RSSI":-76},{"SSID":"eduroam","BSSID":"5c:a6:2d:ce:a1:ce","RSSI":-76},{"SSID":"MeetInLeeds","BSSID":"5c:a6:2d:ce:a1:cd","RSSI":-76},{"SSID":"MeetInLeeds","BSSID":"5c:a6:2d:af:94:ad","RSSI":-76},{"SSID":"eduroam","BSSID":"5c:a6:2d:af:94:ae","RSSI":-76},{"SSID":"eduroam","BSSID":"5c:a6:2d:af:91:8e","RSSI":-76},{"SSID":"MeetInLeeds","BSSID":"5c:a6:2d:af:91:8d","RSSI":-76},{"SSID":"MeetInLeeds","BSSID":"5c:a6:2d:ce:c1:ed","RSSI":-76},{"SSID":"eduroam","BSSID":"5c:a6:2d:ce:c1:ee","RSSI":-77},{"SSID":"eduroam","BSSID":"5c:a6:2d:45:db:a1","RSSI":-79},{"SSID":"MeetInLeeds","BSSID":"5c:a6:2d:a0:4b:e2","RSSI":-81},{"SSID":"MeetInLeeds","BSSID":"ac:3a:67:08:05:6d","RSSI":-81},{"SSID":"eduroam","BSSID":"ac:3a:67:08:05:6e","RSSI":-81},{"SSID":"eduroam","BSSID":"5c:a6:2d:ce:b9:2e","RSSI":-82},{"SSID":"eduroam","BSSID":"5c:a6:2d:85:81:ee","RSSI":-83},{"SSID":"MeetInLeeds","BSSID":"5c:a6:2d:85:81:ed","RSSI":-83},{"SSID":"MeetInLeeds","BSSID":"5c:a6:2d:5d:2e:2d","RSSI":-83},{"SSID":"MeetInLeeds","BSSID":"5c:a6:2d:cf:c3:2d","RSSI":-83},{"SSID":"MeetInLeeds","BSSID":"5c:a6:2d:ce:b4:cd","RSSI":-84},{"SSID":"eduroam","BSSID":"5c:a6:2d:cf:c1:8e","RSSI":-86},{"SSID":"eduroam","BSSID":"ac:3a:67:08:04:0e","RSSI":-87}],[{"SSID":"MeetInLeeds","BSSID":"5c:a6:2d:b5:ca:e2","RSSI":-37},{"SSID":"MeetInLeeds","BSSID":"5c:a6:2d:ce:b2:0d","RSSI":-50},{"SSID":"eduroam","BSSID":"5c:a6:2d:ce:b2:0e","RSSI":-50},{"SSID":"MeetInLeeds","BSSID":"5c:a6:2d:b5:ca:ed","RSSI":-53},{"SSID":"eduroam","BSSID":"5c:a6:2d:b5:ca:ee","RSSI":-54},{"SSID":"MeetInLeeds","BSSID":"5c:a6:2d:ce:b2:02","RSSI":-55},{"SSID":"eduroam","BSSID":"5c:a6:2d:ce:b2:01","RSSI":-56},{"SSID":"MeetInLeeds","BSSID":"5c:a6:2d:ce:b5:02","RSSI":-58},{"SSID":"MeetInLeeds","BSSID":"5c:a6:2d:ef:45:22","RSSI":-60},{"SSID":"MeetInLeeds","BSSID":"5c:a6:2d:af:91:c2","RSSI":-61},{"SSID":"MeetInLeeds","BSSID":"5c:a6:2d:70:7b:42","RSSI":-61},{"SSID":"eduroam","BSSID":"ac:3a:67:08:29:2e","RSSI":-62},{"SSID":"eduroam","BSSID":"5c:a6:2d:af:91:c1","RSSI":-62},{"SSID":"MeetInLeeds","BSSID":"ac:3a:67:08:29:a2","RSSI":-62},{"SSID":"MeetInLeeds","BSSID":"ac:3a:67:08:29:2d","RSSI":-63},{"SSID":"MeetInLeeds","BSSID":"5c:a6:2d:86:6d:22","RSSI":-63},{"SSID":"MeetInLeeds","BSSID":"5c:a6:2d:af:94:a2","RSSI":-64},{"SSID":"eduroam","BSSID":"5c:a6:2d:b6:22:4e","RSSI":-65},{"SSID":"MeetInLeeds","BSSID":"5c:a6:2d:b6:22:4d","RSSI":-65},{"SSID":"MeetInLeeds","BSSID":"5c:a6:2d:ce:c1:e2","RSSI":-66},{"SSID":"eduroam","BSSID":"5c:a6:2d:ce:a1:c1","RSSI":-66},{"SSID":"MeetInLeeds","BSSID":"5c:a6:2d:af:8f:c2","RSSI":-66},{"SSID":"eduroam","BSSID":"5c:a6:2d:af:8f:c1","RSSI":-66},{"SSID":"MeetInLeeds","BSSID":"5c:a6:2d:ce:b4:c2","RSSI":-66},{"SSID":"eduroam","BSSID":"5c:a6:2d:af:91:41","RSSI":-66},{"SSID":"MeetInLeeds","BSSID":"ac:3a:67:08:25:c2","RSSI":-67},{"SSID":"MeetInLeeds","BSSID":"ac:3a:67:08:29:ad","RSSI":-67},{"SSID":"eduroam","BSSID":"5c:a6:2d:70:7b:4e","RSSI":-68},{"SSID":"eduroam","BSSID":"5c:a6:2d:ce:b5:0e","RSSI":-68},{"SSID":"MeetInLeeds","BSSID":"5c:a6:2d:ce:bf:02","RSSI":-68},{"SSID":"eduroam","BSSID":"ac:3a:67:08:25:c1","RSSI":-68},{"SSID":"MeetInLeeds","BSSID":"5c:a6:2d:af:91:cd","RSSI":-68},{"SSID":"MeetInLeeds","BSSID":"5c:a6:2d:cf:e3:42","RSSI":-68},{"SSID":"MeetInLeeds","BSSID":"5c:a6:2d:ce:b5:0d","RSSI":-69},{"SSID":"eduroam","BSSID":"5c:a6:2d:ce:bf:01","RSSI":-69},{"SSID":"MeetInLeeds","BSSID":"5c:a6:2d:ef:45:2d","RSSI":-69},{"SSID":"eduroam","BSSID":"5c:a6:2d:af:91:ce","RSSI":-69},{"SSID":"MeetInLeeds","BSSID":"ac:3a:67:08:32:42","RSSI":-70},{"SSID":"MeetInLeeds","BSSID":"5c:a6:2d:45:db:82","RSSI":-70},{"SSID":"MeetInLeeds","BSSID":"5c:a6:2d:cf:c5:ed","RSSI":-71},{"SSID":"MeetInLeeds","BSSID":"5c:a6:2d:af:92:2d","RSSI":-71},{"SSID":"eduroam","BSSID":"5c:a6:2d:5d:ab:6e","RSSI":-71},{"SSID":"MeetInLeeds","BSSID":"5c:a6:2d:5d:ab:6d","RSSI":-71},{"SSID":"MeetInLeeds","BSSID":"5c:a6:2d:af:91:4d","RSSI":-72},{"SSID":"eduroam","BSSID":"5c:a6:2d:cf:c5:ee","RSSI":-73},{"SSID":"eduroam","BSSID":"5c:a6:2d:af:92:2e","RSSI":-73},{"SSID":"eduroam","BSSID":"5c:a6:2d:af:8f:ce","RSSI":-73},{"SSID":"MeetInLeeds","BSSID":"5c:a6:2d:86:6d:2d","RSSI":-74},{"SSID":"eduroam","BSSID":"5c:a6:2d:af:91:8e","RSSI":-74},{"SSID":"MeetInLeeds","BSSID":"5c:a6:2d:af:8f:cd","RSSI":-74},{"SSID":"MeetInLeeds","BSSID":"5c:a6:2d:70:7b:4d","RSSI":-75},{"SSID":"eduroam","BSSID":"5c:a6:2d:ce:a1:ce","RSSI":-75},{"SSID":"MeetInLeeds","BSSID":"5c:a6:2d:af:94:ad","RSSI":-75},{"SSID":"MeetInLeeds","BSSID":"5c:a6:2d:af:91:8d","RSSI":-75},{"SSID":"MeetInLeeds","BSSID":"5c:a6:2d:ce:a1:cd","RSSI":-76},{"SSID":"eduroam","BSSID":"5c:a6:2d:86:6b:6e","RSSI":-76},{"SSID":"eduroam","BSSID":"5c:a6:2d:86:6d:2e","RSSI":-77},{"SSID":"MeetInLeeds","BSSID":"ac:3a:67:08:01:8d","RSSI":-77},{"SSID":"eduroam","BSSID":"ac:3a:67:08:01:8e","RSSI":-77},{"SSID":"MeetInLeeds","BSSID":"5c:a6:2d:ce:bf:0d","RSSI":-77},{"SSID":"eduroam","BSSID":"5c:a6:2d:ce:bf:0e","RSSI":-77},{"SSID":"MeetInLeeds","BSSID":"5c:a6:2d:5d:2e:2d","RSSI":-78},{"SSID":"eduroam","BSSID":"5c:a6:2d:ce:c1:ee","RSSI":-78},{"SSID":"MeetInLeeds","BSSID":"5c:a6:2d:ce:c1:ed","RSSI":-78},{"SSID":"eduroam","BSSID":"5c:a6:2d:af:94:ae","RSSI":-79},{"SSID":"MeetInLeeds","BSSID":"5c:a6:2d:86:6b:6d","RSSI":-79},{"SSID":"MeetInLeeds","BSSID":"5c:a6:2d:85:81:ed","RSSI":-80},{"SSID":"eduroam","BSSID":"5c:a6:2d:5d:2e:2e","RSSI":-80},{"SSID":"MeetInLeeds","BSSID":"ac:3a:67:08:2a:0d","RSSI":-80},{"SSID":"eduroam","BSSID":"5c:a6:2d:ce:b9:2e","RSSI":-82},{"SSID":"MeetInLeeds","BSSID":"5c:a6:2d:cf:c3:2d","RSSI":-84},{"SSID":"MeetInLeeds","BSSID":"5c:a6:2d:ce:b4:cd","RSSI":-84},{"SSID":"eduroam","BSSID":"5c:a6:2d:ce:b4:ce","RSSI":-84},{"SSID":"eduroam","BSSID":"5c:a6:2d:af:90:a1","RSSI":-84},{"SSID":"eduroam","BSSID":"5c:a6:2d:cf:c3:2e","RSSI":-85},{"SSID":"eduroam","BSSID":"ac:3a:67:08:04:0e","RSSI":-86},{"SSID":"MeetInLeeds","BSSID":"ac:3a:67:08:04:0d","RSSI":-87},{"SSID":"eduroam","BSSID":"5c:a6:2d:cf:b0:0e","RSSI":-88},{"SSID":"eduroam","BSSID":"5c:a6:2d:af:91:ee","RSSI":-88}],[{"SSID":"MeetInLeeds","BSSID":"5c:a6:2d:ce:b2:0d","RSSI":-50},{"SSID":"eduroam","BSSID":"5c:a6:2d:ce:b2:0e","RSSI":-50},{"SSID":"MeetInLeeds","BSSID":"5c:a6:2d:b5:ca:ed","RSSI":-50},{"SSID":"eduroam","BSSID":"5c:a6:2d:b5:ca:ee","RSSI":-51},{"SSID":"eduroam","BSSID":"5c:a6:2d:ce:b2:01","RSSI":-55},{"SSID":"MeetInLeeds","BSSID":"5c:a6:2d:ce:b2:02","RSSI":-56},{"SSID":"MeetInLeeds","BSSID":"5c:a6:2d:5d:ab:62","RSSI":-58},{"SSID":"MeetInLeeds","BSSID":"5c:a6:2d:ce:b5:02","RSSI":-58},{"SSID":"eduroam","BSSID":"5c:a6:2d:ef:45:21","RSSI":-59},{"SSID":"MeetInLeeds","BSSID":"5c:a6:2d:b6:22:42","RSSI":-59},{"SSID":"MeetInLeeds","BSSID":"5c:a6:2d:ef:45:22","RSSI":-60},{"SSID":"eduroam","BSSID":"5c:a6:2d:af:91:c1","RSSI":-61},{"SSID":"MeetInLeeds","BSSID":"ac:3a:67:08:29:a2","RSSI":-61},{"SSID":"MeetInLeeds","BSSID":"5c:a6:2d:af:91:c2","RSSI":-62},{"SSID":"MeetInLeeds","BSSID":"5c:a6:2d:af:8f:c2","RSSI":-63},{"SSID":"eduroam","BSSID":"5c:a6:2d:b6:22:4e","RSSI":-63},{"SSID":"MeetInLeeds","BSSID":"5c:a6:2d:af:91:42","RSSI":-63},{"SSID":"MeetInLeeds","BSSID":"ac:3a:67:08:29:2d","RSSI":-64},{"SSID":"eduroam","BSSID":"ac:3a:67:08:29:2e","RSSI":-64},{"SSID":"MeetInLeeds","BSSID":"5c:a6:2d:af:94:a2","RSSI":-64},{"SSID":"eduroam","BSSID":"5c:a6:2d:af:8f:c1","RSSI":-64},{"SSID":"MeetInLeeds","BSSID":"5c:a6:2d:b6:22:4d","RSSI":-64},{"SSID":"MeetInLeeds","BSSID":"5c:a6:2d:86:6d:22","RSSI":-64},{"SSID":"MeetInLeeds","BSSID":"5c:a6:2d:ce:a1:c2","RSSI":-65},{"SSID":"MeetInLeeds","BSSID":"5c:a6:2d:86:6b:62","RSSI":-65},{"SSID":"eduroam","BSSID":"5c:a6:2d:86:6d:21","RSSI":-65},{"SSID":"eduroam","BSSID":"5c:a6:2d:af:91:81","RSSI":-66},{"SSID":"eduroam","BSSID":"5c:a6:2d:cf:c4:41","RSSI":-66},{"SSID":"MeetInLeeds","BSSID":"5c:a6:2d:ce:b4:c2","RSSI":-66},{"SSID":"MeetInLeeds","BSSID":"5c:a6:2d:cf:e3:42","RSSI":-66},{"SSID":"MeetInLeeds","BSSID":"5c:a6:2d:ef:45:2d","RSSI":-67},{"SSID":"MeetInLeeds","BSSID":"5c:a6:2d:cf:c4:42","RSSI":-67},{"SSID":"MeetInLeeds","BSSID":"ac:3a:67:08:01:82","RSSI":-68},{"SSID":"MeetInLeeds","BSSID":"5c:a6:2d:af:92:22","RSSI":-68},{"SSID":"eduroam","BSSID":"ac:3a:67:08:01:81","RSSI":-69},{"SSID":"eduroam","BSSID":"ac:3a:67:08:29:ae","RSSI":-69},{"SSID":"MeetInLeeds","BSSID":"ac:3a:67:08:29:ad","RSSI":-70},{"SSID":"eduroam","BSSID":"5c:a6:2d:af:91:ce","RSSI":-70},{"SSID":"MeetInLeeds","BSSID":"5c:a6:2d:af:91:cd","RSSI":-70},{"SSID":"MeetInLeeds","BSSID":"ac:3a:67:08:32:42","RSSI":-71},{"SSID":"eduroam","BSSID":"5c:a6:2d:cf:c5:ee","RSSI":-71},{"SSID":"eduroam","BSSID":"5c:a6:2d:ce:b5:0e","RSSI":-71},{"SSID":"MeetInLeeds","BSSID":"5c:a6:2d:ce:b5:0d","RSSI":-71},{"SSID":"eduroam","BSSID":"5c:a6:2d:cf:c4:4e","RSSI":-71},{"SSID":"eduroam","BSSID":"5c:a6:2d:af:8f:ce","RSSI":-71},{"SSID":"MeetInLeeds","BSSID":"5c:a6:2d:cf:c4:4d","RSSI":-71},{"SSID":"MeetInLeeds","BSSID":"5c:a6:2d:af:8f:cd","RSSI":-71},{"SSID":"MeetInLeeds","BSSID":"5c:a6:2d:86:6d:2d","RSSI":-72},{"SSID":"eduroam","BSSID":"5c:a6:2d:86:6d:2e","RSSI":-72},{"SSID":"MeetInLeeds","BSSID":"5c:a6:2d:af:92:2d","RSSI":-72},{"SSID":"MeetInLeeds","BSSID":"5c:a6:2d:af:91:8d","RSSI":-74},{"SSID":"MeetInLeeds","BSSID":"5c:a6:2d:ce:bf:0d","RSSI":-74},{"SSID":"eduroam","BSSID":"5c:a6:2d:ce:a1:ce","RSSI":-75},{"SSID":"MeetInLeeds","BSSID":"5c:a6:2d:ce:a1:cd","RSSI":-75},{"SSID":"eduroam","BSSID":"5c:a6:2d:af:91:8e","RSSI":-75},{"SSID":"MeetInLeeds","BSSID":"5c:a6:2d:af:94:ad","RSSI":-76},{"SSID":"eduroam","BSSID":"5c:a6:2d:cf:c1:81","RSSI":-76},{"SSID":"MeetInLeeds","BSSID":"5c:a6:2d:cf:c1:82","RSSI":-76},{"SSID":"eduroam","BSSID":"5c:a6:2d:45:db:a1","RSSI":-77},{"SSID":"eduroam","BSSID":"5c:a6:2d:af:8d:e1","RSSI":-78},{"SSID":"MeetInLeeds","BSSID":"5c:a6:2d:70:7b:42","RSSI":-78},{"SSID":"eduroam","BSSID":"5c:a6:2d:ce:c1:ee","RSSI":-79},{"SSID":"eduroam","BSSID":"5c:a6:2d:ef:45:2e","RSSI":-80},{"SSID":"MeetInLeeds","BSSID":"ac:3a:67:08:01:8d","RSSI":-81},{"SSID":"eduroam","BSSID":"ac:3a:67:08:01:8e","RSSI":-81},{"SSID":"MeetInLeeds","BSSID":"5c:a6:2d:ce:c1:ed","RSSI":-81},{"SSID":"MeetInLeeds","BSSID":"5c:a6:2d:5d:2e:2d","RSSI":-82},{"SSID":"MeetInLeeds","BSSID":"5c:a6:2d:85:81:ed","RSSI":-83},{"SSID":"MeetInLeeds","BSSID":"5c:a6:2d:ce:8e:ad","RSSI":-83},{"SSID":"eduroam","BSSID":"5c:a6:2d:85:81:ee","RSSI":-84},{"SSID":"MeetInLeeds","BSSID":"5c:a6:2d:af:91:ed","RSSI":-84},{"SSID":"MeetInLeeds","BSSID":"5c:a6:2d:ce:b4:cd","RSSI":-84},{"SSID":"MeetInLeeds","BSSID":"ac:3a:67:08:25:cd","RSSI":-85},{"SSID":"eduroam","BSSID":"5c:a6:2d:af:92:2e","RSSI":-86},{"SSID":"MeetInLeeds","BSSID":"5c:a6:2d:cf:c4:ed","RSSI":-87}],[{"SSID":"MeetInLeeds","BSSID":"5c:a6:2d:b5:ca:e2","RSSI":-38},{"SSID":"eduroam","BSSID":"5c:a6:2d:b5:ca:e1","RSSI":-39},{"SSID":"MeetInLeeds","BSSID":"5c:a6:2d:ce:b2:0d","RSSI":-49},{"SSID":"eduroam","BSSID":"5c:a6:2d:ce:b2:0e","RSSI":-49},{"SSID":"MeetInLeeds","BSSID":"5c:a6:2d:b5:ca:ed","RSSI":-51},{"SSID":"eduroam","BSSID":"5c:a6:2d:b5:ca:ee","RSSI":-52},{"SSID":"MeetInLeeds","BSSID":"5c:a6:2d:ce:b2:02","RSSI":-54},{"SSID":"eduroam","BSSID":"5c:a6:2d:ce:b2:01","RSSI":-55},{"SSID":"MeetInLeeds","BSSID":"5c:a6:2d:ce:b5:02","RSSI":-58},{"SSID":"MeetInLeeds","BSSID":"5c:a6:2d:5d:ab:62","RSSI":-60},{"SSID":"MeetInLeeds","BSSID":"5c:a6:2d:ef:45:22","RSSI":-60},{"SSID":"eduroam","BSSID":"ac:3a:67:08:29:a1","RSSI":-60},{"SSID":"MeetInLeeds","BSSID":"ac:3a:67:08:29:a2","RSSI":-61},{"SSID":"MeetInLeeds","BSSID":"5c:a6:2d:b6:22:42","RSSI":-61},{"SSID":"MeetInLeeds","BSSID":"ac:3a:67:08:29:2d","RSSI":-62},{"SSID":"MeetInLeeds","BSSID":"5c:a6:2d:af:91:c2","RSSI":-62},{"SSID":"eduroam","BSSID":"5c:a6:2d:af:91:c1","RSSI":-62},{"SSID":"eduroam","BSSID":"ac:3a:67:08:29:2e","RSSI":-63},{"SSID":"MeetInLeeds","BSSID":"5c:a6:2d:af:8f:c2","RSSI":-65},{"SSID":"eduroam","BSSID":"5c:a6:2d:af:8f:c1","RSSI":-65},{"SSID":"MeetInLeeds","BSSID":"5c:a6:2d:ce:b4:c2","RSSI":-65},{"SSID":"MeetInLeeds","BSSID":"ac:3a:67:08:29:22","RSSI":-65},{"SSID":"eduroam","BSSID":"5c:a6:2d:ef:45:2e","RSSI":-66},{"SSID":"MeetInLeeds","BSSID":"5c:a6:2d:ef:45:2d","RSSI":-66},{"SSID":"MeetInLeeds","BSSID":"5c:a6:2d:b6:22:4d","RSSI":-66},{"SSID":"MeetInLeeds","BSSID":"5c:a6:2d:cf:c4:42","RSSI":-66},{"SSID":"MeetInLeeds","BSSID":"5c:a6:2d:cf:e3:42","RSSI":-66},{"SSID":"MeetInLeeds","BSSID":"5c:a6:2d:86:6d:22","RSSI":-66},{"SSID":"eduroam","BSSID":"5c:a6:2d:86:6d:21","RSSI":-66},{"SSID":"MeetInLeeds","BSSID":"5c:a6:2d:ce:b5:0d","RSSI":-67},{"SSID":"MeetInLeeds","BSSID":"5c:a6:2d:70:7b:4d","RSSI":-68},{"SSID":"MeetInLeeds","BSSID":"ac:3a:67:08:32:42","RSSI":-68},{"SSID":"eduroam","BSSID":"5c:a6:2d:ce:c1:e1","RSSI":-68},{"SSID":"MeetInLeeds","BSSID":"5c:a6:2d:ce:bf:02","RSSI":-68},{"SSID":"MeetInLeeds","BSSID":"5c:a6:2d:af:91:cd","RSSI":-68},{"SSID":"eduroam","BSSID":"5c:a6:2d:af:91:41","RSSI":-68},{"SSID":"eduroam","BSSID":"ac:3a:67:08:32:41","RSSI":-69},{"SSID":"MeetInLeeds","BSSID":"ac:3a:67:08:01:82","RSSI":-69},{"SSID":"MeetInLeeds","BSSID":"5c:a6:2d:af:91:42","RSSI":-69},{"SSID":"eduroam","BSSID":"ac:3a:67:08:01:81","RSSI":-70},{"SSID":"MeetInLeeds","BSSID":"5c:a6:2d:af:91:4d","RSSI":-70},{"SSID":"MeetInLeeds","BSSID":"5c:a6:2d:85:81:e2","RSSI":-71},{"SSID":"MeetInLeeds","BSSID":"5c:a6:2d:cf:c5:ed","RSSI":-71},{"SSID":"MeetInLeeds","BSSID":"5c:a6:2d:cf:c5:e2","RSSI":-71},{"SSID":"eduroam","BSSID":"5c:a6:2d:cf:c4:4e","RSSI":-71},{"SSID":"MeetInLeeds","BSSID":"5c:a6:2d:cf:c4:4d","RSSI":-71},{"SSID":"MeetInLeeds","BSSID":"ac:3a:67:08:32:4d","RSSI":-73},{"SSID":"eduroam","BSSID":"5c:a6:2d:ce:a1:c1","RSSI":-73},{"SSID":"MeetInLeeds","BSSID":"5c:a6:2d:ce:bf:0d","RSSI":-73},{"SSID":"MeetInLeeds","BSSID":"5c:a6:2d:86:69:22","RSSI":-73},{"SSID":"eduroam","BSSID":"5c:a6:2d:86:6d:2e","RSSI":-74},{"SSID":"MeetInLeeds","BSSID":"5c:a6:2d:ce:a1:cd","RSSI":-75},{"SSID":"AndroidAPbe18","BSSID":"ce:1e:63:b7:40:a2","RSSI":-75},{"SSID":"eduroam","BSSID":"5c:a6:2d:af:92:2e","RSSI":-75},{"SSID":"MeetInLeeds","BSSID":"5c:a6:2d:af:92:2d","RSSI":-75},{"SSID":"eduroam","BSSID":"5c:a6:2d:ce:b5:0e","RSSI":-75},{"SSID":"MeetInLeeds","BSSID":"ac:3a:67:08:04:02","RSSI":-77},{"SSID":"MeetInLeeds","BSSID":"5c:a6:2d:86:6d:2d","RSSI":-77},{"SSID":"MeetInLeeds","BSSID":"5c:a6:2d:af:91:8d","RSSI":-77},{"SSID":"MeetInLeeds","BSSID":"5c:a6:2d:af:94:ad","RSSI":-78},{"SSID":"MeetInLeeds","BSSID":"ac:3a:67:08:2a:0d","RSSI":-78},{"SSID":"eduroam","BSSID":"5c:a6:2d:ce:a1:ce","RSSI":-79},{"SSID":"MeetInLeeds","BSSID":"ac:3a:67:08:29:02","RSSI":-80},{"SSID":"MeetInLeeds","BSSID":"5c:a6:2d:85:81:ed","RSSI":-81},{"SSID":"MeetInLeeds","BSSID":"ac:3a:67:08:01:8d","RSSI":-81},{"SSID":"MeetInLeeds","BSSID":"ac:3a:67:08:25:cd","RSSI":-81},{"SSID":"eduroam","BSSID":"ac:3a:67:08:25:ce","RSSI":-82},{"SSID":"MeetInLeeds","BSSID":"5c:a6:2d:5d:2e:2d","RSSI":-83},{"SSID":"MeetInLeeds","BSSID":"5c:a6:2d:cf:ae:62","RSSI":-83},{"SSID":"eduroam","BSSID":"5c:a6:2d:ef:4a:ae","RSSI":-85},{"SSID":"MeetInLeeds","BSSID":"5c:a6:2d:cf:c3:2d","RSSI":-87},{"SSID":"MeetInLeeds","BSSID":"5c:a6:2d:cf:c1:8d","RSSI":-87},{"SSID":"MeetInLeeds","BSSID":"5c:a6:2d:cf:c4:ed","RSSI":-88}],[{"SSID":"MeetInLeeds","BSSID":"5c:a6:2d:b5:ca:e2","RSSI":-37},{"SSID":"MeetInLeeds","BSSID":"5c:a6:2d:ce:b2:0d","RSSI":-48},{"SSID":"eduroam","BSSID":"5c:a6:2d:ce:b2:0e","RSSI":-49},{"SSID":"MeetInLeeds","BSSID":"5c:a6:2d:b5:ca:ed","RSSI":-53},{"SSID":"MeetInLeeds","BSSID":"5c:a6:2d:ce:b2:02","RSSI":-54},{"SSID":"eduroam","BSSID":"5c:a6:2d:b5:ca:ee","RSSI":-54},{"SSID":"MeetInLeeds","BSSID":"5c:a6:2d:b6:22:42","RSSI":-56},{"SSID":"MeetInLeeds","BSSID":"5c:a6:2d:af:91:c2","RSSI":-61},{"SSID":"MeetInLeeds","BSSID":"ac:3a:67:08:29:2d","RSSI":-62},{"SSID":"MeetInLeeds","BSSID":"ac:3a:67:08:29:a2","RSSI":-62},{"SSID":"MeetInLeeds","BSSID":"5c:a6:2d:70:7b:42","RSSI":-63},{"SSID":"eduroam","BSSID":"5c:a6:2d:b6:22:4e","RSSI":-63},{"SSID":"eduroam","BSSID":"ac:3a:67:08:29:a1","RSSI":-64},{"SSID":"MeetInLeeds","BSSID":"5c:a6:2d:86:6d:22","RSSI":-64},{"SSID":"MeetInLeeds","BSSID":"5c:a6:2d:ce:c1:e2","RSSI":-65},{"SSID":"eduroam","BSSID":"5c:a6:2d:ef:45:2e","RSSI":-65},{"SSID":"eduroam","BSSID":"5c:a6:2d:ce:c1:e1","RSSI":-66},{"SSID":"MeetInLeeds","BSSID":"5c:a6:2d:ef:45:2d","RSSI":-66},{"SSID":"MeetInLeeds","BSSID":"5c:a6:2d:af:8f:c2","RSSI":-66},{"SSID":"MeetInLeeds","BSSID":"5c:a6:2d:b6:22:4d","RSSI":-66},{"SSID":"MeetInLeeds","BSSID":"5c:a6:2d:af:91:42","RSSI":-66},{"SSID":"eduroam","BSSID":"5c:a6:2d:af:91:41","RSSI":-66},{"SSID":"MeetInLeeds","BSSID":"5c:a6:2d:70:7b:4d","RSSI":-67},{"SSID":"MeetInLeeds","BSSID":"ac:3a:67:08:29:ad","RSSI":-67},{"SSID":"eduroam","BSSID":"ac:3a:67:08:29:ae","RSSI":-67},{"SSID":"eduroam","BSSID":"5c:a6:2d:70:7b:4e","RSSI":-68},{"SSID":"MeetInLeeds","BSSID":"5c:a6:2d:cf:c5:e2","RSSI":-68},{"SSID":"eduroam","BSSID":"5c:a6:2d:cf:c5:e1","RSSI":-68},{"SSID":"eduroam","BSSID":"5c:a6:2d:ce:bf:01","RSSI":-68},{"SSID":"eduroam","BSSID":"5c:a6:2d:5d:ab:6e","RSSI":-68},{"SSID":"eduroam","BSSID":"5c:a6:2d:ce:b5:0e","RSSI":-69},{"SSID":"eduroam","BSSID":"ac:3a:67:08:25:c1","RSSI":-69},{"SSID":"MeetInLeeds","BSSID":"5c:a6:2d:5d:ab:6d","RSSI":-69},{"SSID":"MeetInLeeds","BSSID":"5c:a6:2d:af:91:cd","RSSI":-69},{"SSID":"MeetInLeeds","BSSID":"5c:a6:2d:cf:c4:42","RSSI":-69},{"SSID":"MeetInLeeds","BSSID":"ac:3a:67:08:32:42","RSSI":-70},{"SSID":"eduroam","BSSID":"5c:a6:2d:cf:c5:ee","RSSI":-70},{"SSID":"MeetInLeeds","BSSID":"5c:a6:2d:cf:c5:ed","RSSI":-70},{"SSID":"eduroam","BSSID":"ac:3a:67:08:01:81","RSSI":-71},{"SSID":"MeetInLeeds","BSSID":"ac:3a:67:08:01:82","RSSI":-71},{"SSID":"MeetInLeeds","BSSID":"5c:a6:2d:af:92:2d","RSSI":-71},{"SSID":"eduroam","BSSID":"5c:a6:2d:af:92:21","RSSI":-71},{"SSID":"MeetInLeeds","BSSID":"5c:a6:2d:cf:c4:4d","RSSI":-71},{"SSID":"MeetInLeeds","BSSID":"5c:a6:2d:cf:c3:22","RSSI":-72},{"SSID":"MeetInLeeds","BSSID":"5c:a6:2d:ce:b5:0d","RSSI":-72},{"SSID":"eduroam","BSSID":"5c:a6:2d:cf:c4:4e","RSSI":-72},{"SSID":"MeetInLeeds","BSSID":"5c:a6:2d:af:8f:cd","RSSI":-72},{"SSID":"MeetInLeeds","BSSID":"5c:a6:2d:86:6d:2d","RSSI":-73},{"SSID":"eduroam","BSSID":"5c:a6:2d:86:6d:2e","RSSI":-73},{"SSID":"eduroam","BSSID":"5c:a6:2d:af:92:2e","RSSI":-73},{"SSID":"eduroam","BSSID":"5c:a6:2d:cf:b0:a1","RSSI":-73},{"SSID":"eduroam","BSSID":"5c:a6:2d:af:94:ae","RSSI":-74},{"SSID":"eduroam","BSSID":"ac:3a:67:08:32:4e","RSSI":-74},{"SSID":"MeetInLeeds","BSSID":"5c:a6:2d:ce:bf:0d","RSSI":-74},{"SSID":"MeetInLeeds","BSSID":"ac:3a:67:08:32:4d","RSSI":-75},{"SSID":"eduroam","BSSID":"5c:a6:2d:af:91:8e","RSSI":-75},{"SSID":"eduroam","BSSID":"5c:a6:2d:ce:bf:0e","RSSI":-75},{"SSID":"MeetInLeeds","BSSID":"5c:a6:2d:af:91:8d","RSSI":-76},{"SSID":"MeetInLeeds","BSSID":"5c:a6:2d:86:6b:6d","RSSI":-76},{"SSID":"eduroam","BSSID":"5c:a6:2d:86:6b:6e","RSSI":-76},{"SSID":"MeetInLeeds","BSSID":"5c:a6:2d:af:94:ad","RSSI":-77},{"SSID":"MeetInLeeds","BSSID":"ac:3a:67:08:2a:02","RSSI":-77},{"SSID":"MeetInLeeds","BSSID":"5c:a6:2d:ce:a1:cd","RSSI":-78},{"SSID":"MeetInLeeds","BSSID":"5c:a6:2d:ce:c1:ed","RSSI":-78},{"SSID":"MeetInLeeds","BSSID":"5c:a6:2d:5d:2e:2d","RSSI":-79},{"SSID":"eduroam","BSSID":"5c:a6:2d:ce:a1:ce","RSSI":-79},{"SSID":"eduroam","BSSID":"5c:a6:2d:ce:b9:2e","RSSI":-80},{"SSID":"MeetInLeeds","BSSID":"5c:a6:2d:85:81:ed","RSSI":-81},{"SSID":"MeetInLeeds","BSSID":"5c:a6:2d:ce:b9:2d","RSSI":-81},{"SSID":"eduroam","BSSID":"5c:a6:2d:86:6c:c1","RSSI":-82},{"SSID":"MeetInLeeds","BSSID":"5c:a6:2d:cf:b0:ad","RSSI":-84},{"SSID":"MeetInLeeds","BSSID":"5c:a6:2d:cf:c3:2d","RSSI":-84},{"SSID":"eduroam","BSSID":"5c:a6:2d:cf:c3:2e","RSSI":-84},{"SSID":"eduroam","BSSID":"5c:a6:2d:af:91:ee","RSSI":-84},{"SSID":"MeetInLeeds","BSSID":"ac:3a:67:08:25:cd","RSSI":-86},{"SSID":"MeetInLeeds","BSSID":"5c:a6:2d:ce:8e:ad","RSSI":-86},{"SSID":"eduroam","BSSID":"5c:a6:2d:cf:b0:ae","RSSI":-88}],[{"SSID":"MeetInLeeds","BSSID":"5c:a6:2d:b5:ca:e2","RSSI":-36},{"SSID":"eduroam","BSSID":"5c:a6:2d:b5:ca:e1","RSSI":-37},{"SSID":"MeetInLeeds","BSSID":"5c:a6:2d:ce:b2:0d","RSSI":-49},{"SSID":"MeetInLeeds","BSSID":"5c:a6:2d:b6:22:42","RSSI":-49},{"SSID":"eduroam","BSSID":"5c:a6:2d:b6:22:41","RSSI":-50},{"SSID":"eduroam","BSSID":"5c:a6:2d:ce:b2:0e","RSSI":-51},{"SSID":"MeetInLeeds","BSSID":"5c:a6:2d:ce:b2:02","RSSI":-53},{"SSID":"MeetInLeeds","BSSID":"5c:a6:2d:ce:b5:02","RSSI":-54},{"SSID":"eduroam","BSSID":"5c:a6:2d:ce:b5:01","RSSI":-54},{"SSID":"MeetInLeeds","BSSID":"5c:a6:2d:b5:ca:ed","RSSI":-57},{"SSID":"eduroam","BSSID":"5c:a6:2d:b5:ca:ee","RSSI":-57},{"SSID":"MeetInLeeds","BSSID":"5c:a6:2d:af:91:c2","RSSI":-58},{"SSID":"eduroam","BSSID":"5c:a6:2d:af:91:c1","RSSI":-58},{"SSID":"MeetInLeeds","BSSID":"5c:a6:2d:5d:ab:62","RSSI":-58},{"SSID":"MeetInLeeds","BSSID":"5c:a6:2d:ef:45:22","RSSI":-59},{"SSID":"eduroam","BSSID":"5c:a6:2d:ef:45:21","RSSI":-59},{"SSID":"AndroidAPbe18","BSSID":"ce:1e:63:b7:40:a2","RSSI":-61},{"SSID":"MeetInLeeds","BSSID":"ac:3a:67:08:29:a2","RSSI":-62},{"SSID":"MeetInLeeds","BSSID":"5c:a6:2d:af:8f:c2","RSSI":-62},{"SSID":"MeetInLeeds","BSSID":"ac:3a:67:08:29:2d","RSSI":-63},{"SSID":"eduroam","BSSID":"ac:3a:67:08:29:2e","RSSI":-63},{"SSID":"MeetInLeeds","BSSID":"5c:a6:2d:af:94:a2","RSSI":-63},{"SSID":"MeetInLeeds","BSSID":"5c:a6:2d:ce:bf:02","RSSI":-63},{"SSID":"MeetInLeeds","BSSID":"5c:a6:2d:86:6b:62","RSSI":-63},{"SSID":"eduroam","BSSID":"5c:a6:2d:af:8f:c1","RSSI":-63},{"SSID":"eduroam","BSSID":"5c:a6:2d:ce:bf:01","RSSI":-64},{"SSID":"eduroam","BSSID":"5c:a6:2d:b6:22:4e","RSSI":-64},{"SSID":"MeetInLeeds","BSSID":"5c:a6:2d:b6:22:4d","RSSI":-64},{"SSID":"eduroam","BSSID":"5c:a6:2d:ce:c1:e1","RSSI":-65},{"SSID":"MeetInLeeds","BSSID":"ac:3a:67:08:29:ad","RSSI":-65},{"SSID":"MeetInLeeds","BSSID":"5c:a6:2d:ce:c1:e2","RSSI":-66},{"SSID":"eduroam","BSSID":"5c:a6:2d:ce:b5:0e","RSSI":-66},{"SSID":"MeetInLeeds","BSSID":"5c:a6:2d:af:91:42","RSSI":-66},{"SSID":"eduroam","BSSID":"5c:a6:2d:af:91:41","RSSI":-66},{"SSID":"MeetInLeeds","BSSID":"5c:a6:2d:70:7b:4d","RSSI":-67},{"SSID":"MeetInLeeds","BSSID":"5c:a6:2d:af:92:22","RSSI":-67},{"SSID":"MeetInLeeds","BSSID":"5c:a6:2d:cf:e3:42","RSSI":-67},{"SSID":"MeetInLeeds","BSSID":"5c:a6:2d:5d:2b:42","RSSI":-68},{"SSID":"MeetInLeeds","BSSID":"5c:a6:2d:ce:b5:0d","RSSI":-68},{"SSID":"MeetInLeeds","BSSID":"5c:a6:2d:af:91:cd","RSSI":-68},{"SSID":"eduroam","BSSID":"5c:a6:2d:70:7b:4e","RSSI":-69},{"SSID":"eduroam","BSSID":"5c:a6:2d:af:91:ce","RSSI":-69},{"SSID":"MeetInLeeds","BSSID":"ac:3a:67:08:01:82","RSSI":-70},{"SSID":"MeetInLeeds","BSSID":"5c:a6:2d:ef:45:2d","RSSI":-70},{"SSID":"MeetInLeeds","BSSID":"5c:a6:2d:af:91:4d","RSSI":-70},{"SSID":"eduroam","BSSID":"5c:a6:2d:ce:b4:c1","RSSI":-70},{"SSID":"MeetInLeeds","BSSID":"ac:3a:67:08:32:42","RSSI":-71},{"SSID":"MeetInLeeds","BSSID":"5c:a6:2d:45:db:82","RSSI":-71},{"SSID":"MeetInLeeds","BSSID":"5c:a6:2d:cf:c5:ed","RSSI":-71},{"SSID":"MeetInLeeds","BSSID":"5c:a6:2d:5d:ab:6d","RSSI":-71},{"SSID":"eduroam","BSSID":"5c:a6:2d:cf:c5:ee","RSSI":-72},{"SSID":"eduroam","BSSID":"5c:a6:2d:cf:c3:21","RSSI":-72},{"SSID":"MeetInLeeds","BSSID":"5c:a6:2d:cf:c5:e2","RSSI":-72},{"SSID":"MeetInLeeds","BSSID":"5c:a6:2d:ce:bf:0d","RSSI":-72},{"SSID":"eduroam","BSSID":"ac:3a:67:08:32:41","RSSI":-73},{"SSID":"MeetInLeeds","BSSID":"ac:3a:67:08:32:4d","RSSI":-73},{"SSID":"eduroam","BSSID":"5c:a6:2d:af:92:2e","RSSI":-73},{"SSID":"MeetInLeeds","BSSID":"5c:a6:2d:af:92:2d","RSSI":-73},{"SSID":"eduroam","BSSID":"5c:a6:2d:af:8f:ce","RSSI":-73},{"SSID":"MeetInLeeds","BSSID":"5c:a6:2d:af:8f:cd","RSSI":-73},{"SSID":"MeetInLeeds","BSSID":"5c:a6:2d:45:db:8d","RSSI":-73},{"SSID":"eduroam","BSSID":"ac:3a:67:08:04:01","RSSI":-74},{"SSID":"MeetInLeeds","BSSID":"5c:a6:2d:86:6d:2d","RSSI":-74},{"SSID":"eduroam","BSSID":"5c:a6:2d:86:6d:2e","RSSI":-74},{"SSID":"eduroam","BSSID":"5c:a6:2d:45:db:8e","RSSI":-74},{"SSID":"eduroam","BSSID":"5c:a6:2d:ce:bf:0e","RSSI":-74},{"SSID":"MeetInLeeds","BSSID":"5c:a6:2d:86:6b:6d","RSSI":-75},{"SSID":"MeetInLeeds","BSSID":"5c:a6:2d:af:94:ad","RSSI":-76},{"SSID":"MeetInLeeds","BSSID":"5c:a6:2d:af:91:8d","RSSI":-76},{"SSID":"eduroam","BSSID":"5c:a6:2d:af:94:ae","RSSI":-77},{"SSID":"eduroam","BSSID":"5c:a6:2d:45:db:a1","RSSI":-77},{"SSID":"MeetInLeeds","BSSID":"5c:a6:2d:cf:b0:a2","RSSI":-77},{"SSID":"eduroam","BSSID":"5c:a6:2d:cf:b0:a1","RSSI":-77},{"SSID":"MeetInLeeds","BSSID":"5c:a6:2d:ce:a1:cd","RSSI":-78},{"SSID":"eduroam","BSSID":"5c:a6:2d:86:6b:6e","RSSI":-78},{"SSID":"eduroam","BSSID":"5c:a6:2d:ce:c1:ee","RSSI":-78},{"SSID":"MeetInLeeds","BSSID":"5c:a6:2d:ce:c1:ed","RSSI":-78},{"SSID":"My legs too long for train seats","BSSID":"86:da:33:a3:a5:9d","RSSI":-79},{"SSID":"eduroam","BSSID":"5c:a6:2d:ce:a1:ce","RSSI":-79},{"SSID":"MeetInLeeds","BSSID":"5c:a6:2d:cf:c3:2d","RSSI":-80},{"SSID":"eduroam","BSSID":"ac:3a:67:08:01:8e","RSSI":-80},{"SSID":"eduroam","BSSID":"5c:a6:2d:86:6b:21","RSSI":-80},{"SSID":"MeetInLeeds","BSSID":"5c:a6:2d:ce:a3:c2","RSSI":-80},{"SSID":"MeetInLeeds","BSSID":"5c:a6:2d:ce:b9:2d","RSSI":-81},{"SSID":"eduroam","BSSID":"5c:a6:2d:ce:b9:2e","RSSI":-81},{"SSID":"MeetInLeeds","BSSID":"5c:a6:2d:af:91:e2","RSSI":-81},{"SSID":"MeetInLeeds","BSSID":"5c:a6:2d:86:69:22","RSSI":-81},{"SSID":"eduroam","BSSID":"5c:a6:2d:ce:8e:ae","RSSI":-82},{"SSID":"MeetInLeeds","BSSID":"5c:a6:2d:ce:b4:cd","RSSI":-82},{"SSID":"eduroam","BSSID":"5c:a6:2d:ce:b4:ce","RSSI":-82},{"SSID":"MeetInLeeds","BSSID":"5c:a6:2d:85:81:ed","RSSI":-83},{"SSID":"eduroam","BSSID":"ac:3a:67:08:05:6e","RSSI":-84},{"SSID":"eduroam","BSSID":"5c:a6:2d:85:81:ee","RSSI":-85},{"SSID":"MeetInLeeds","BSSID":"5c:a6:2d:ce:8e:ad","RSSI":-85},{"SSID":"eduroam","BSSID":"5c:a6:2d:af:91:ee","RSSI":-86},{"SSID":"MeetInLeeds","BSSID":"ac:3a:67:08:25:cd","RSSI":-88}],[{"SSID":"MeetInLeeds","BSSID":"5c:a6:2d:b5:ca:e2","RSSI":-37},{"SSID":"MeetInLeeds","BSSID":"5c:a6:2d:ce:b2:0d","RSSI":-50},{"SSID":"eduroam","BSSID":"5c:a6:2d:ce:b2:0e","RSSI":-50},{"SSID":"MeetInLeeds","BSSID":"5c:a6:2d:b6:22:42","RSSI":-50},{"SSID":"MeetInLeeds","BSSID":"5c:a6:2d:ce:b2:02","RSSI":-51},{"SSID":"eduroam","BSSID":"5c:a6:2d:ce:b2:01","RSSI":-52},{"SSID":"MeetInLeeds","BSSID":"5c:a6:2d:b5:ca:ed","RSSI":-52},{"SSID":"eduroam","BSSID":"5c:a6:2d:b5:ca:ee","RSSI":-52},{"SSID":"MeetInLeeds","BSSID":"5c:a6:2d:af:91:c2","RSSI":-57},{"SSID":"eduroam","BSSID":"5c:a6:2d:af:91:c1","RSSI":-58},{"SSID":"MeetInLeeds","BSSID":"5c:a6:2d:5d:ab:62","RSSI":-59},{"SSID":"eduroam","BSSID":"5c:a6:2d:5d:ab:61","RSSI":-60},{"SSID":"MeetInLeeds","BSSID":"5c:a6:2d:ef:45:22","RSSI":-60},{"SSID":"MeetInLeeds","BSSID":"5c:a6:2d:ce:b5:02","RSSI":-60},{"SSID":"eduroam","BSSID":"5c:a6:2d:ef:45:21","RSSI":-61},{"SSID":"eduroam","BSSID":"5c:a6:2d:b6:22:4e","RSSI":-61},{"SSID":"MeetInLeeds","BSSID":"5c:a6:2d:b6:22:4d","RSSI":-61},{"SSID":"MeetInLeeds","BSSID":"ac:3a:67:08:29:a2","RSSI":-62},{"SSID":"MeetInLeeds","BSSID":"5c:a6:2d:70:7b:42","RSSI":-63},{"SSID":"eduroam","BSSID":"5c:a6:2d:70:7b:41","RSSI":-63},{"SSID":"eduroam","BSSID":"ac:3a:67:08:29:a1","RSSI":-63},{"SSID":"MeetInLeeds","BSSID":"5c:a6:2d:af:91:82","RSSI":-64},{"SSID":"MeetInLeeds","BSSID":"5c:a6:2d:af:8f:c2","RSSI":-64},{"SSID":"eduroam","BSSID":"5c:a6:2d:cf:c4:41","RSSI":-64},{"SSID":"MeetInLeeds","BSSID":"ac:3a:67:08:29:2d","RSSI":-65},{"SSID":"eduroam","BSSID":"5c:a6:2d:af:91:81","RSSI":-65},{"SSID":"eduroam","BSSID":"5c:a6:2d:af:8f:c1","RSSI":-65},{"SSID":"MeetInLeeds","BSSID":"5c:a6:2d:86:6d:22","RSSI":-65},{"SSID":"eduroam","BSSID":"5c:a6:2d:70:7b:4e","RSSI":-66},{"SSID":"MeetInLeeds","BSSID":"5c:a6:2d:70:7b:4d","RSSI":-66},{"SSID":"MeetInLeeds","BSSID":"5c:a6:2d:ce:b5:0d","RSSI":-66},{"SSID":"MeetInLeeds","BSSID":"5c:a6:2d:ef:45:2d","RSSI":-66},{"SSID":"eduroam","BSSID":"5c:a6:2d:ce:b5:0e","RSSI":-67},{"SSID":"eduroam","BSSID":"5c:a6:2d:86:6b:61","RSSI":-67},{"SSID":"MeetInLeeds","BSSID":"5c:a6:2d:86:6b:62","RSSI":-67},{"SSID":"eduroam","BSSID":"ac:3a:67:08:29:ae","RSSI":-67},{"SSID":"eduroam","BSSID":"5c:a6:2d:af:91:ce","RSSI":-67},{"SSID":"MeetInLeeds","BSSID":"5c:a6:2d:af:91:cd","RSSI":-67},{"SSID":"MeetInLeeds","BSSID":"5c:a6:2d:cf:c4:42","RSSI":-67},{"SSID":"eduroam","BSSID":"5c:a6:2d:af:92:21","RSSI":-68},{"SSID":"eduroam","BSSID":"5c:a6:2d:ef:45:2e","RSSI":-68},{"SSID":"eduroam","BSSID":"ac:3a:67:08:32:41","RSSI":-69},{"SSID":"MeetInLeeds","BSSID":"5c:a6:2d:ce:c1:e2","RSSI":-69},{"SSID":"eduroam","BSSID":"5c:a6:2d:ce:c1:e1","RSSI":-69},{"SSID":"eduroam","BSSID":"5c:a6:2d:cf:c5:e1","RSSI":-69},{"SSID":"MeetInLeeds","BSSID":"ac:3a:67:08:29:ad","RSSI":-69},{"SSID":"MeetInLeeds","BSSID":"ac:3a:67:08:32:42","RSSI":-70},{"SSID":"AndroidAPbe18","BSSID":"ce:1e:63:b7:40:a2","RSSI":-70},{"SSID":"MeetInLeeds","BSSID":"5c:a6:2d:cf:c5:e2","RSSI":-70},{"SSID":"eduroam","BSSID":"5c:a6:2d:5d:ab:6e","RSSI":-70},{"SSID":"MeetInLeeds","BSSID":"5c:a6:2d:5d:ab:6d","RSSI":-70},{"SSID":"MeetInLeeds","BSSID":"5c:a6:2d:ce:b4:c2","RSSI":-70},{"SSID":"MeetInLeeds","BSSID":"5c:a6:2d:af:92:2d","RSSI":-71},{"SSID":"MeetInLeeds","BSSID":"5c:a6:2d:af:92:22","RSSI":-71},{"SSID":"MeetInLeeds","BSSID":"5c:a6:2d:45:db:8d","RSSI":-71},{"SSID":"eduroam","BSSID":"5c:a6:2d:86:6d:2e","RSSI":-72},{"SSID":"eduroam","BSSID":"5c:a6:2d:cf:c4:4e","RSSI":-72},{"SSID":"MeetInLeeds","BSSID":"5c:a6:2d:cf:c4:4d","RSSI":-72},{"SSID":"eduroam","BSSID":"5c:a6:2d:af:92:2e","RSSI":-73},{"SSID":"eduroam","BSSID":"5c:a6:2d:af:8f:ce","RSSI":-73},{"SSID":"MeetInLeeds","BSSID":"5c:a6:2d:af:8f:cd","RSSI":-73},{"SSID":"MeetInLeeds","BSSID":"5c:a6:2d:cf:c3:22","RSSI":-74},{"SSID":"MeetInLeeds","BSSID":"5c:a6:2d:cf:b0:a2","RSSI":-74},{"SSID":"eduroam","BSSID":"5c:a6:2d:cf:b0:a1","RSSI":-74},{"SSID":"MeetInLeeds","BSSID":"5c:a6:2d:86:6d:2d","RSSI":-75},{"SSID":"MeetInLeeds","BSSID":"5c:a6:2d:af:91:8d","RSSI":-75},{"SSID":"eduroam","BSSID":"5c:a6:2d:ce:bf:0e","RSSI":-75},{"SSID":"eduroam","BSSID":"5c:a6:2d:af:8d:e1","RSSI":-76},{"SSID":"eduroam","BSSID":"5c:a6:2d:ce:a1:ce","RSSI":-77},{"SSID":"MeetInLeeds","BSSID":"5c:a6:2d:ce:a1:cd","RSSI":-77},{"SSID":"MeetInLeeds","BSSID":"5c:a6:2d:86:6b:6d","RSSI":-77},{"SSID":"eduroam","BSSID":"5c:a6:2d:af:92:41","RSSI":-78},{"SSID":"MeetInLeeds","BSSID":"5c:a6:2d:5d:2e:2d","RSSI":-79},{"SSID":"eduroam","BSSID":"5c:a6:2d:af:94:ae","RSSI":-79},{"SSID":"MeetInLeeds","BSSID":"ac:3a:67:08:2a:02","RSSI":-79},{"SSID":"eduroam","BSSID":"5c:a6:2d:b6:22:41","RSSI":-79},{"SSID":"MeetInLeeds","BSSID":"5c:a6:2d:85:81:ed","RSSI":-80},{"SSID":"MeetInLeeds","BSSID":"5c:a6:2d:af:94:ad","RSSI":-80},{"SSID":"MeetInLeeds","BSSID":"ac:3a:67:08:25:cd","RSSI":-81},{"SSID":"MeetInLeeds","BSSID":"ac:3a:67:08:05:62","RSSI":-82},{"SSID":"MeetInLeeds","BSSID":"5c:a6:2d:cf:c3:2d","RSSI":-82},{"SSID":"eduroam","BSSID":"5c:a6:2d:ce:8e:ae","RSSI":-82},{"SSID":"MeetInLeeds","BSSID":"5c:a6:2d:ce:b9:2d","RSSI":-82},{"SSID":"MeetInLeeds","BSSID":"5c:a6:2d:ce:b4:cd","RSSI":-83},{"SSID":"eduroam","BSSID":"5c:a6:2d:ce:b9:2e","RSSI":-83},{"SSID":"MeetInLeeds","BSSID":"5c:a6:2d:af:91:ed","RSSI":-84},{"SSID":"MeetInLeeds","BSSID":"5c:a6:2d:cf:c1:8d","RSSI":-85},{"SSID":"eduroam","BSSID":"5c:a6:2d:af:91:ee","RSSI":-85},{"SSID":"MeetInLeeds","BSSID":"5c:a6:2d:ce:8e:ad","RSSI":-85},{"SSID":"DESKTOP-73NVV7R 4141","BSSID":"f2:6e:0b:b7:46:4e","RSSI":-86}],[{"SSID":"eduroam","BSSID":"5c:a6:2d:b5:ca:e1","RSSI":-36},{"SSID":"MeetInLeeds","BSSID":"5c:a6:2d:ce:b2:0d","RSSI":-50},{"SSID":"eduroam","BSSID":"5c:a6:2d:ce:b2:0e","RSSI":-50},{"SSID":"MeetInLeeds","BSSID":"5c:a6:2d:b6:22:42","RSSI":-50},{"SSID":"eduroam","BSSID":"5c:a6:2d:b6:22:41","RSSI":-51},{"SSID":"MeetInLeeds","BSSID":"5c:a6:2d:ce:b2:02","RSSI":-53},{"SSID":"MeetInLeeds","BSSID":"5c:a6:2d:b5:ca:ed","RSSI":-53},{"SSID":"eduroam","BSSID":"5c:a6:2d:b5:ca:ee","RSSI":-53},{"SSID":"eduroam","BSSID":"5c:a6:2d:af:91:c1","RSSI":-57},{"SSID":"MeetInLeeds","BSSID":"5c:a6:2d:af:91:c2","RSSI":-58},{"SSID":"eduroam","BSSID":"5c:a6:2d:ef:45:21","RSSI":-59},{"SSID":"MeetInLeeds","BSSID":"5c:a6:2d:ef:45:22","RSSI":-60},{"SSID":"eduroam","BSSID":"5c:a6:2d:ce:b5:01","RSSI":-60},{"SSID":"MeetInLeeds","BSSID":"5c:a6:2d:ce:b5:02","RSSI":-61},{"SSID":"MeetInLeeds","BSSID":"5c:a6:2d:b6:22:4d","RSSI":-62},{"SSID":"MeetInLeeds","BSSID":"5c:a6:2d:af:91:42","RSSI":-62},{"SSID":"MeetInLeeds","BSSID":"ac:3a:67:08:29:ad","RSSI":-63},{"SSID":"eduroam","BSSID":"5c:a6:2d:b6:22:4e","RSSI":-63},{"SSID":"MeetInLeeds","BSSID":"ac:3a:67:08:29:2d","RSSI":-64},{"SSID":"MeetInLeeds","BSSID":"5c:a6:2d:ce:b5:0d","RSSI":-64},{"SSID":"MeetInLeeds","BSSID":"ac:3a:67:08:29:a2","RSSI":-64},{"SSID":"MeetInLeeds","BSSID":"5c:a6:2d:af:8f:c2","RSSI":-64},{"SSID":"eduroam","BSSID":"ac:3a:67:08:29:ae","RSSI":-64},{"SSID":"MeetInLeeds","BSSID":"5c:a6:2d:cf:c4:42","RSSI":-64},{"SSID":"MeetInLeeds","BSSID":"5c:a6:2d:ce:c1:e2","RSSI":-65},{"SSID":"eduroam","BSSID":"5c:a6:2d:ce:b5:0e","RSSI":-65},{"SSID":"eduroam","BSSID":"5c:a6:2d:70:7b:4e","RSSI":-66},{"SSID":"eduroam","BSSID":"5c:a6:2d:af:94:a1","RSSI":-66},{"SSID":"MeetInLeeds","BSSID":"5c:a6:2d:af:91:82","RSSI":-66},{"SSID":"MeetInLeeds","BSSID":"5c:a6:2d:ce:bf:02","RSSI":-66},{"SSID":"MeetInLeeds","BSSID":"5c:a6:2d:86:6d:22","RSSI":-66},{"SSID":"MeetInLeeds","BSSID":"5c:a6:2d:70:7b:4d","RSSI":-68},{"SSID":"eduroam","BSSID":"5c:a6:2d:ef:45:2e","RSSI":-68},{"SSID":"MeetInLeeds","BSSID":"5c:a6:2d:ef:45:2d","RSSI":-68},{"SSID":"MeetInLeeds","BSSID":"ac:3a:67:08:32:42","RSSI":-69},{"SSID":"eduroam","BSSID":"5c:a6:2d:af:92:2e","RSSI":-69},{"SSID":"MeetInLeeds","BSSID":"5c:a6:2d:ce:a1:c2","RSSI":-69},{"SSID":"eduroam","BSSID":"5c:a6:2d:cf:c4:4e","RSSI":-69},{"SSID":"MeetInLeeds","BSSID":"5c:a6:2d:cf:c4:4d","RSSI":-69},{"SSID":"eduroam","BSSID":"5c:a6:2d:af:91:ce","RSSI":-69},{"SSID":"MeetInLeeds","BSSID":"5c:a6:2d:af:91:cd","RSSI":-69},{"SSID":"eduroam","BSSID":"ac:3a:67:08:01:81","RSSI":-70},{"SSID":"MeetInLeeds","BSSID":"ac:3a:67:08:25:c2","RSSI":-70},{"SSID":"eduroam","BSSID":"5c:a6:2d:5d:ab:6e","RSSI":-70},{"SSID":"MeetInLeeds","BSSID":"5c:a6:2d:45:db:82","RSSI":-71},{"SSID":"eduroam","BSSID":"5c:a6:2d:af:92:21","RSSI":-71},{"SSID":"MeetInLeeds","BSSID":"5c:a6:2d:5d:ab:6d","RSSI":-71},{"SSID":"MeetInLeeds","BSSID":"ac:3a:67:08:32:4d","RSSI":-72},{"SSID":"eduroam","BSSID":"5c:a6:2d:cf:c5:e1","RSSI":-72},{"SSID":"eduroam","BSSID":"5c:a6:2d:5d:2e:21","RSSI":-72},{"SSID":"MeetInLeeds","BSSID":"5c:a6:2d:5d:2e:22","RSSI":-72},{"SSID":"MeetInLeeds","BSSID":"5c:a6:2d:cf:c5:ed","RSSI":-73},{"SSID":"MeetInLeeds","BSSID":"5c:a6:2d:ce:a1:cd","RSSI":-74},{"SSID":"MeetInLeeds","BSSID":"5c:a6:2d:af:92:2d","RSSI":-74},{"SSID":"MeetInLeeds","BSSID":"5c:a6:2d:cf:b0:a2","RSSI":-74},{"SSID":"eduroam","BSSID":"5c:a6:2d:ce:a1:ce","RSSI":-75},{"SSID":"MeetInLeeds","BSSID":"5c:a6:2d:86:6d:2d","RSSI":-75},{"SSID":"eduroam","BSSID":"5c:a6:2d:86:6d:2e","RSSI":-75},{"SSID":"eduroam","BSSID":"5c:a6:2d:ce:bf:0e","RSSI":-75},{"SSID":"MeetInLeeds","BSSID":"5c:a6:2d:86:6b:6d","RSSI":-75},{"SSID":"eduroam","BSSID":"5c:a6:2d:86:6b:6e","RSSI":-75},{"SSID":"eduroam","BSSID":"5c:a6:2d:cf:b0:01","RSSI":-76},{"SSID":"MeetInLeeds","BSSID":"5c:a6:2d:cf:c3:22","RSSI":-76},{"SSID":"MeetInLeeds","BSSID":"5c:a6:2d:af:94:ad","RSSI":-77},{"SSID":"eduroam","BSSID":"5c:a6:2d:af:91:8e","RSSI":-77},{"SSID":"MeetInLeeds","BSSID":"5c:a6:2d:af:91:8d","RSSI":-77},{"SSID":"MeetInLeeds","BSSID":"5c:a6:2d:af:91:e2","RSSI":-78},{"SSID":"eduroam","BSSID":"5c:a6:2d:af:94:ae","RSSI":-79},{"SSID":"MeetInLeeds","BSSID":"ac:3a:67:08:25:cd","RSSI":-79},{"SSID":"MeetInLeeds","BSSID":"5c:a6:2d:ce:c1:ed","RSSI":-79},{"SSID":"eduroam","BSSID":"ac:3a:67:08:01:8e","RSSI":-81},{"SSID":"eduroam","BSSID":"5c:a6:2d:ce:b9:2e","RSSI":-81},{"SSID":"eduroam","BSSID":"ac:3a:67:08:05:61","RSSI":-82},{"SSID":"MeetInLeeds","BSSID":"5c:a6:2d:5d:2e:2d","RSSI":-82},{"SSID":"MeetInLeeds","BSSID":"5c:a6:2d:cf:c3:2d","RSSI":-82},{"SSID":"eduroam","BSSID":"5c:a6:2d:cf:c3:2e","RSSI":-82},{"SSID":"MeetInLeeds","BSSID":"5c:a6:2d:ce:b4:cd","RSSI":-82},{"SSID":"eduroam","BSSID":"5c:a6:2d:85:81:ee","RSSI":-83},{"SSID":"MeetInLeeds","BSSID":"5c:a6:2d:85:81:ed","RSSI":-83},{"SSID":"eduroam","BSSID":"5c:a6:2d:5d:2e:2e","RSSI":-83},{"SSID":"DESKTOP-73NVV7R 4141","BSSID":"f2:6e:0b:b7:46:4e","RSSI":-83},{"SSID":"eduroam","BSSID":"5c:a6:2d:ce:8e:ae","RSSI":-83},{"SSID":"eduroam","BSSID":"5c:a6:2d:cf:c5:ee","RSSI":-84},{"SSID":"MeetInLeeds","BSSID":"5c:a6:2d:ef:4a:ad","RSSI":-84},{"SSID":"MeetInLeeds","BSSID":"5c:a6:2d:86:69:2d","RSSI":-84},{"SSID":"MeetInLeeds","BSSID":"5c:a6:2d:ce:8e:ad","RSSI":-85},{"SSID":"MeetInLeeds","BSSID":"5c:a6:2d:cf:e3:4d","RSSI":-87},{"SSID":"MeetInLeeds","BSSID":"5c:a6:2d:cf:b0:ad","RSSI":-87}],[{"SSID":"eduroam","BSSID":"5c:a6:2d:b5:ca:e1","RSSI":-36},{"SSID":"MeetInLeeds","BSSID":"5c:a6:2d:b5:ca:e2","RSSI":-36},{"SSID":"MeetInLeeds","BSSID":"5c:a6:2d:b6:22:42","RSSI":-48},{"SSID":"eduroam","BSSID":"5c:a6:2d:b5:ca:ee","RSSI":-49},{"SSID":"eduroam","BSSID":"5c:a6:2d:ce:b2:0e","RSSI":-50},{"SSID":"MeetInLeeds","BSSID":"5c:a6:2d:ce:b2:0d","RSSI":-51},{"SSID":"MeetInLeeds","BSSID":"5c:a6:2d:b5:ca:ed","RSSI":-53},{"SSID":"MeetInLeeds","BSSID":"5c:a6:2d:ce:b5:02","RSSI":-54},{"SSID":"eduroam","BSSID":"5c:a6:2d:ce:b5:01","RSSI":-54},{"SSID":"MeetInLeeds","BSSID":"5c:a6:2d:ce:b2:02","RSSI":-58},{"SSID":"MeetInLeeds","BSSID":"5c:a6:2d:af:91:c2","RSSI":-60},{"SSID":"MeetInLeeds","BSSID":"5c:a6:2d:5d:ab:62","RSSI":-60},{"SSID":"MeetInLeeds","BSSID":"5c:a6:2d:ef:45:22","RSSI":-60},{"SSID":"eduroam","BSSID":"5c:a6:2d:af:91:c1","RSSI":-61},{"SSID":"eduroam","BSSID":"ac:3a:67:08:29:2e","RSSI":-62},{"SSID":"MeetInLeeds","BSSID":"5c:a6:2d:af:8f:c2","RSSI":-62},{"SSID":"eduroam","BSSID":"5c:a6:2d:af:8f:c1","RSSI":-62},{"SSID":"eduroam","BSSID":"5c:a6:2d:70:7b:4e","RSSI":-63},{"SSID":"MeetInLeeds","BSSID":"5c:a6:2d:70:7b:4d","RSSI":-63},{"SSID":"MeetInLeeds","BSSID":"ac:3a:67:08:29:2d","RSSI":-63},{"SSID":"MeetInLeeds","BSSID":"5c:a6:2d:ce:bf:02","RSSI":-63},{"SSID":"eduroam","BSSID":"5c:a6:2d:86:6b:61","RSSI":-63},{"SSID":"eduroam","BSSID":"5c:a6:2d:b6:22:4e","RSSI":-63},{"SSID":"MeetInLeeds","BSSID":"5c:a6:2d:b6:22:4d","RSSI":-63},{"SSID":"MeetInLeeds","BSSID":"5c:a6:2d:70:7b:42","RSSI":-64},{"SSID":"eduroam","BSSID":"5c:a6:2d:ce:b5:0e","RSSI":-64},{"SSID":"eduroam","BSSID":"5c:a6:2d:ce:bf:01","RSSI":-64},{"SSID":"MeetInLeeds","BSSID":"ac:3a:67:08:29:a2","RSSI":-64},{"SSID":"eduroam","BSSID":"5c:a6:2d:cf:e3:41","RSSI":-64},{"SSID":"MeetInLeeds","BSSID":"5c:a6:2d:ce:b5:0d","RSSI":-65},{"SSID":"eduroam","BSSID":"5c:a6:2d:cf:c4:41","RSSI":-65},{"SSID":"MeetInLeeds","BSSID":"5c:a6:2d:cf:c4:42","RSSI":-65},{"SSID":"MeetInLeeds","BSSID":"5c:a6:2d:ce:c1:e2","RSSI":-66},{"SSID":"MeetInLeeds","BSSID":"5c:a6:2d:cf:e3:42","RSSI":-66},{"SSID":"MeetInLeeds","BSSID":"5c:a6:2d:af:92:22","RSSI":-68},{"SSID":"eduroam","BSSID":"5c:a6:2d:af:92:21","RSSI":-68},{"SSID":"MeetInLeeds","BSSID":"ac:3a:67:08:25:c2","RSSI":-68},{"SSID":"MeetInLeeds","BSSID":"5c:a6:2d:ef:45:2d","RSSI":-68},{"SSID":"eduroam","BSSID":"ac:3a:67:08:32:41","RSSI":-69},{"SSID":"eduroam","BSSID":"5c:a6:2d:5d:ab:6e","RSSI":-69},{"SSID":"MeetInLeeds","BSSID":"5c:a6:2d:ce:b4:c2","RSSI":-69},{"SSID":"MeetInLeeds","BSSID":"ac:3a:67:08:32:42","RSSI":-70},{"SSID":"MeetInLeeds","BSSID":"5c:a6:2d:cf:c5:ed","RSSI":-70},{"SSID":"MeetInLeeds","BSSID":"5c:a6:2d:af:92:2d","RSSI":-70},{"SSID":"MeetInLeeds","BSSID":"5c:a6:2d:5d:2e:22","RSSI":-70},{"SSID":"eduroam","BSSID":"5c:a6:2d:cf:c5:ee","RSSI":-71},{"SSID":"eduroam","BSSID":"5c:a6:2d:af:92:2e","RSSI":-71},{"SSID":"MeetInLeeds","BSSID":"5c:a6:2d:cf:c4:4d","RSSI":-71},{"SSID":"MeetInLeeds","BSSID":"5c:a6:2d:5d:ab:6d","RSSI":-71},{"SSID":"My legs too long for train seats","BSSID":"86:da:33:a3:a5:9d","RSSI":-72},{"SSID":"MeetInLeeds","BSSID":"5c:a6:2d:cf:c5:e2","RSSI":-72},{"SSID":"eduroam","BSSID":"ac:3a:67:08:25:c1","RSSI":-72},{"SSID":"MeetInLeeds","BSSID":"ac:3a:67:08:32:4d","RSSI":-73},{"SSID":"eduroam","BSSID":"5c:a6:2d:cf:c5:e1","RSSI":-73},{"SSID":"MeetInLeeds","BSSID":"5c:a6:2d:ce:bf:0d","RSSI":-74},{"SSID":"eduroam","BSSID":"5c:a6:2d:ce:a1:ce","RSSI":-75},{"SSID":"MeetInLeeds","BSSID":"5c:a6:2d:ce:a1:cd","RSSI":-75},{"SSID":"MeetInLeeds","BSSID":"5c:a6:2d:cf:c3:22","RSSI":-75},{"SSID":"MeetInLeeds","BSSID":"5c:a6:2d:86:6b:6d","RSSI":-75},{"SSID":"eduroam","BSSID":"5c:a6:2d:86:6b:6e","RSSI":-75},{"SSID":"MeetInLeeds","BSSID":"5c:a6:2d:85:81:e2","RSSI":-76},{"SSID":"eduroam","BSSID":"ac:3a:67:08:01:8e","RSSI":-76},{"SSID":"eduroam","BSSID":"5c:a6:2d:86:6b:21","RSSI":-78},{"SSID":"MeetInLeeds","BSSID":"5c:a6:2d:af:92:42","RSSI":-79},{"SSID":"eduroam","BSSID":"5c:a6:2d:af:94:ae","RSSI":-80},{"SSID":"MeetInLeeds","BSSID":"ac:3a:67:08:01:8d","RSSI":-80},{"SSID":"eduroam","BSSID":"5c:a6:2d:85:81:ee","RSSI":-81},{"SSID":"MeetInLeeds","BSSID":"5c:a6:2d:cf:c3:2d","RSSI":-81},{"SSID":"eduroam","BSSID":"5c:a6:2d:cf:c3:2e","RSSI":-81},{"SSID":"MeetInLeeds","BSSID":"5c:a6:2d:5d:2e:2d","RSSI":-83},{"SSID":"eduroam","BSSID":"ac:3a:67:08:29:01","RSSI":-83},{"SSID":"MeetInLeeds","BSSID":"5c:a6:2d:ce:b9:2d","RSSI":-83},{"SSID":"MeetInLeeds","BSSID":"ac:3a:67:08:29:02","RSSI":-84},{"SSID":"eduroam","BSSID":"5c:a6:2d:ce:b9:2e","RSSI":-84},{"SSID":"eduroam","BSSID":"5c:a6:2d:88:6b:61","RSSI":-84},{"SSID":"MeetInLeeds","BSSID":"5c:a6:2d:cf:c1:8d","RSSI":-85},{"SSID":"eduroam","BSSID":"5c:a6:2d:af:91:ee","RSSI":-85},{"SSID":"eduroam","BSSID":"5c:a6:2d:5d:2b:4e","RSSI":-86},{"SSID":"MeetInLeeds","BSSID":"ac:3a:67:08:29:0d","RSSI":-86}]]