[[{"SSID":"eduroam","BSSID":"5c:a6:2d:86:69:61","RSSI":-35},{"SSID":"WiFi Setup - University of Leeds","BSSID":"5c:a6:2d:86:69:63","RSSI":-35},{"SSID":"MeetInLeeds","BSSID":"5c:a6:2d:86:69:62","RSSI":-35},{"SSID":"eduroam","BSSID":"5c:a6:2d:86:69:6e","RSSI":-44},{"SSID":"WiFi Setup - University of Leeds","BSSID":"5c:a6:2d:86:69:6c","RSSI":-45},{"SSID":"MeetInLeeds","BSSID":"5c:a6:2d:86:69:6d","RSSI":-45},{"SSID":"MeetInLeeds","BSSID":"5c:a6:2d:cf:ab:a2","RSSI":-54},{"SSID":"WiFi Setup - University of Leeds","BSSID":"5c:a6:2d:cf:ab:a3","RSSI":-55},{"SSID":"MeetInLeeds","BSSID":"5c:a6:2d:cf:ab:ad","RSSI":-56},{"SSID":"eduroam","BSSID":"5c:a6:2d:cf:ab:ae","RSSI":-57},{"SSID":"WiFi Setup - University of Leeds","BSSID":"5c:a6:2d:cf:ab:ac","RSSI":-57},{"SSID":"WiFi Setup - University of Leeds","BSSID":"ac:3a:67:08:06:23","RSSI":-64},{"SSID":"MeetInLeeds","BSSID":"5c:a6:2d:ce:b1:a2","RSSI":-65},{"SSID":"MeetInLeeds","BSSID":"ac:3a:67:08:06:22","RSSI":-65},{"SSID":"WiFi Setup - University of Leeds","BSSID":"5c:a6:2d:cf:c4:a3","RSSI":-65},{"SSID":"MeetInLeeds","BSSID":"5c:a6:2d:ce:b1:ad","RSSI":-65},{"SSID":"WiFi Setup - University of Leeds","BSSID":"5c:a6:2d:ce:b1:ac","RSSI":-65},{"SSID":"eduroam","BSSID":"5c:a6:2d:ce:b1:ae","RSSI":-65},{"SSID":"WiFi Setup - University of Leeds","BSSID":"5c:a6:2d:ce:b1:a3","RSSI":-66},{"SSID":"MeetInLeeds","BSSID":"5c:a6:2d:cf:c4:a2","RSSI":-66},{"SSID":"MeetInLeeds","BSSID":"5c:a6:2d:cf:e0:62","RSSI":-70},{"SSID":"WiFi Setup - University of Leeds","BSSID":"ac:3a:67:08:26:2c","RSSI":-70},{"SSID":"MeetInLeeds","BSSID":"ac:3a:67:08:26:2d","RSSI":-70},{"SSID":"WiFi Setup - University of Leeds","BSSID":"5c:a6:2d:cf:e0:63","RSSI":-70},{"SSID":"eduroam","BSSID":"ac:3a:67:08:26:2e","RSSI":-71},{"SSID":"MeetInLeeds","BSSID":"5c:a6:2d:af:8d:e2","RSSI":-72},{"SSID":"WiFi Setup - University of Leeds","BSSID":"5c:a6:2d:af:8d:e3","RSSI":-72},{"SSID":"TP-Link_0F14","BSSID":"c0:c9:e3:b8:0f:14","RSSI":-73},{"SSID":"MeetInLeeds","BSSID":"ac:3a:67:07:fc:22","RSSI":-74},{"SSID":"WiFi Setup - University of Leeds","BSSID":"ac:3a:67:07:fc:23","RSSI":-74},{"SSID":"WiFi Setup - University of Leeds","BSSID":"5c:a6:2d:af:8d:ec","RSSI":-75},{"SSID":"WiFi Setup - University of Leeds","BSSID":"5c:a6:2d:cf:e0:6c","RSSI":-75},{"SSID":"MeetInLeeds","BSSID":"5c:a6:2d:cf:e6:a2","RSSI":-77},{"SSID":"eduroam","BSSID":"5c:a6:2d:af:8d:ee","RSSI":-78},{"SSID":"MeetInLeeds","BSSID":"5c:a6:2d:af:8d:ed","RSSI":-78},{"SSID":"eduroam","BSSID":"ac:3a:67:08:26:21","RSSI":-78},{"SSID":"MeetInLeeds","BSSID":"ac:3a:67:08:26:22","RSSI":-78},{"SSID":"WiFi Setup - University of Leeds","BSSID":"5c:a6:2d:cf:e6:a3","RSSI":-78},{"SSID":"WiFi Setup - University of Leeds","BSSID":"ac:3a:67:08:26:23","RSSI":-80},{"SSID":"WiFi Setup - University of Leeds","BSSID":"5c:a6:2d:cf:b5:a3","RSSI":-80},{"SSID":"MeetInLeeds","BSSID":"5c:a6:2d:ef:4c:42","RSSI":-80},{"SSID":"WiFi Setup - University of Leeds","BSSID":"5c:a6:2d:ef:4c:43","RSSI":-80},{"SSID":"WiFi Setup - University of Leeds","BSSID":"5c:a6:2d:cf:e0:23","RSSI":-82},{"SSID":"WiFi Setup - University of Leeds","BSSID":"5c:a6:2d:ef:4c:4c","RSSI":-82},{"SSID":"MeetInLeeds","BSSID":"5c:a6:2d:ef:4c:4d","RSSI":-82},{"SSID":"eduroam","BSSID":"5c:a6:2d:ef:4c:4e","RSSI":-83},{"SSID":"eduroam","BSSID":"5c:a6:2d:cf:e6:ae","RSSI":-84}],[{"SSID":"eduroam","BSSID":"5c:a6:2d:86:69:61","RSSI":-42},{"SSID":"WiFi Setup - University of Leeds","BSSID":"5c:a6:2d:86:69:63","RSSI":-42},{"SSID":"MeetInLeeds","BSSID":"5c:a6:2d:86:69:62","RSSI":-42},{"SSID":"eduroam","BSSID":"5c:a6:2d:cf:ab:ae","RSSI":-54},{"SSID":"WiFi Setup - University of Leeds","BSSID":"5c:a6:2d:cf:ab:ac","RSSI":-54},{"SSID":"MeetInLeeds","BSSID":"5c:a6:2d:cf:ab:ad","RSSI":-55},{"SSID":"MeetInLeeds","BSSID":"5c:a6:2d:cf:c4:a2","RSSI":-58},{"SSID":"eduroam","BSSID":"5c:a6:2d:cf:c4:a1","RSSI":-58},{"SSID":"MeetInLeeds","BSSID":"ac:3a:67:08:06:2d","RSSI":-59},{"SSID":"eduroam","BSSID":"ac:3a:67:08:06:2e","RSSI":-60},{"SSID":"WiFi Setup - University of Leeds","BSSID":"ac:3a:67:08:06:2c","RSSI":-60},{"SSID":"MeetInLeeds","BSSID":"5c:a6:2d:ce:b1:a2","RSSI":-61},{"SSID":"WiFi Setup - University of Leeds","BSSID":"ac:3a:67:08:06:23","RSSI":-62},{"SSID":"MeetInLeeds","BSSID":"ac:3a:67:08:06:22","RSSI":-63},{"SSID":"MeetInLeeds","BSSID":"5c:a6:2d:af:8d:e2","RSSI":-65},{"SSID":"WiFi Setup - University of Leeds","BSSID":"5c:a6:2d:af:8d:e3","RSSI":-65},{"SSID":"WiFi Setup - University of Leeds","BSSID":"5c:a6:2d:ce:b1:ac","RSSI":-65},{"SSID":"eduroam","BSSID":"5c:a6:2d:ce:b1:ae","RSSI":-65},{"SSID":"eduroam","BSSID":"5c:a6:2d:cf:c4:ae","RSSI":-67},{"SSID":"WiFi Setup - University of Leeds","BSSID":"ac:3a:67:08:26:2c","RSSI":-67},{"SSID":"MeetInLeeds","BSSID":"ac:3a:67:08:26:2d","RSSI":-67},{"SSID":"WiFi Setup - University of Leeds","BSSID":"5c:a6:2d:cf:c4:ac","RSSI":-67},{"SSID":"MeetInLeeds","BSSID":"5c:a6:2d:cf:c4:ad","RSSI":-68},{"SSID":"WiFi Setup - University of Leeds","BSSID":"5c:a6:2d:cf:e6:a3","RSSI":-71},{"SSID":"eduroam","BSSID":"5c:a6:2d:ce:b8:2e","RSSI":-73},{"SSID":"WiFi Setup - University of Leeds","BSSID":"ac:3a:67:08:26:23","RSSI":-73},{"SSID":"MeetInLeeds","BSSID":"ac:3a:67:08:26:22","RSSI":-73},{"SSID":"WiFi Setup - University of Leeds","BSSID":"5c:a6:2d:ce:b8:2c","RSSI":-74},{"SSID":"MeetInLeeds","BSSID":"5c:a6:2d:ce:b8:2d","RSSI":-74},{"SSID":"WiFi Setup - University of Leeds","BSSID":"5c:a6:2d:cf:e0:6c","RSSI":-74},{"SSID":"MeetInLeeds","BSSID":"5c:a6:2d:cf:e6:ad","RSSI":-78},{"SSID":"eduroam","BSSID":"ac:3a:67:07:fc:2e","RSSI":-80},{"SSID":"WiFi Setup - University of Leeds","BSSID":"5c:a6:2d:cf:b5:a3","RSSI":-81},{"SSID":"WiFi Setup - University of Leeds","BSSID":"5c:a6:2d:cf:b5:ac","RSSI":-82},{"SSID":"MeetInLeeds","BSSID":"5c:a6:2d:cf:b5:ad","RSSI":-82}],[{"SSID":"WiFi Setup - University of Leeds","BSSID":"5c:a6:2d:86:69:63","RSSI":-41},{"SSID":"MeetInLeeds","BSSID":"5c:a6:2d:86:69:62","RSSI":-41},{"SSID":"WiFi Setup - University of Leeds","BSSID":"5c:a6:2d:cf:ab:a3","RSSI":-47},{"SSID":"MeetInLeeds","BSSID":"5c:a6:2d:cf:ab:a2","RSSI":-48},{"SSID":"eduroam","BSSID":"5c:a6:2d:cf:ab:a1","RSSI":-48},{"SSID":"MeetInLeeds","BSSID":"5c:a6:2d:cf:ab:ad","RSSI":-55},{"SSID":"WiFi Setup - University of Leeds","BSSID":"5c:a6:2d:cf:ab:ac","RSSI":-55},{"SSID":"WiFi Setup - University of Leeds","BSSID":"5c:a6:2d:cf:c4:a3","RSSI":-57},{"SSID":"WiFi Setup - University of Leeds","BSSID":"ac:3a:67:08:06:2c","RSSI":-59},{"SSID":"eduroam","BSSID":"ac:3a:67:08:06:2e","RSSI":-60},{"SSID":"MeetInLeeds","BSSID":"ac:3a:67:08:06:2d","RSSI":-61},{"SSID":"WiFi Setup - University of Leeds","BSSID":"ac:3a:67:08:06:23","RSSI":-61},{"SSID":"WiFi Setup - University of Leeds","BSSID":"5c:a6:2d:ce:b1:a3","RSSI":-62},{"SSID":"MeetInLeeds","BSSID":"ac:3a:67:08:06:22","RSSI":-62},{"SSID":"MeetInLeeds","BSSID":"ac:3a:67:07:fc:22","RSSI":-62},{"SSID":"WiFi Setup - University of Leeds","BSSID":"ac:3a:67:07:fc:23","RSSI":-62},{"SSID":"MeetInLeeds","BSSID":"5c:a6:2d:cf:c4:ad","RSSI":-63},{"SSID":"eduroam","BSSID":"5c:a6:2d:cf:c4:ae","RSSI":-63},{"SSID":"WiFi Setup - University of Leeds","BSSID":"5c:a6:2d:cf:c4:ac","RSSI":-63},{"SSID":"MeetInLeeds","BSSID":"5c:a6:2d:ce:b1:a2","RSSI":-64},{"SSID":"MeetInLeeds","BSSID":"5c:a6:2d:ce:b1:ad","RSSI":-64},{"SSID":"WiFi Setup - University of Leeds","BSSID":"5c:a6:2d:ce:b1:ac","RSSI":-64},{"SSID":"eduroam","BSSID":"5c:a6:2d:ce:b1:ae","RSSI":-64},{"SSID":"WiFi Setup - University of Leeds","BSSID":"5c:a6:2d:cf:e0:6c","RSSI":-65},{"SSID":"eduroam","BSSID":"5c:a6:2d:cf:e0:6e","RSSI":-65},{"SSID":"WiFi Setup - University of Leeds","BSSID":"5c:a6:2d:ce:b8:23","RSSI":-65},{"SSID":"eduroam","BSSID":"5c:a6:2d:ce:b8:21","RSSI":-65},{"SSID":"MeetInLeeds","BSSID":"5c:a6:2d:ce:b8:22","RSSI":-65},{"SSID":"WiFi Setup - University of Leeds","BSSID":"5c:a6:2d:cf:e0:63","RSSI":-66},{"SSID":"MeetInLeeds","BSSID":"5c:a6:2d:cf:e0:6d","RSSI":-66},{"SSID":"eduroam","BSSID":"ac:3a:67:08:26:2e","RSSI":-69},{"SSID":"WiFi Setup - University of Leeds","BSSID":"ac:3a:67:08:26:2c","RSSI":-69},{"SSID":"MeetInLeeds","BSSID":"5c:a6:2d:ce:b8:2d","RSSI":-70},{"SSID":"eduroam","BSSID":"5c:a6:2d:ce:b8:2e","RSSI":-70},{"SSID":"WiFi Setup - University of Leeds","BSSID":"5c:a6:2d:ce:b8:2c","RSSI":-71},{"SSID":"MeetInLeeds","BSSID":"ac:3a:67:07:fc:2d","RSSI":-71},{"SSID":"WiFi Setup - University of Leeds","BSSID":"ac:3a:67:07:fc:2c","RSSI":-71},{"SSID":"WiFi Setup - University of Leeds","BSSID":"5c:a6:2d:ef:4c:43","RSSI":-72},{"SSID":"MeetInLeeds","BSSID":"ac:3a:67:08:26:22","RSSI":-73},{"SSID":"eduroam","BSSID":"5c:a6:2d:cf:e6:a1","RSSI":-76},{"SSID":"WiFi Setup - University of Leeds","BSSID":"5c:a6:2d:cf:e6:ac","RSSI":-76},{"SSID":"MeetInLeeds","BSSID":"5c:a6:2d:cf:b5:a2","RSSI":-78},{"SSID":"WiFi Setup - University of Leeds","BSSID":"5c:a6:2d:cf:e0:23","RSSI":-82},{"SSID":"MeetInLeeds","BSSID":"5c:a6:2d:cf:e0:22","RSSI":-83},{"SSID":"WiFi Setup - University of Leeds","BSSID":"ac:3a:67:08:32:4c","RSSI":-84}],[{"SSID":"WiFi Setup - University of Leeds","BSSID":"5c:a6:2d:86:69:63","RSSI":-36},{"SSID":"MeetInLeeds","BSSID":"5c:a6:2d:86:69:62","RSSI":-36},{"SSID":"WiFi Setup - University of Leeds","BSSID":"5c:a6:2d:86:69:6c","RSSI":-39},{"SSID":"eduroam","BSSID":"5c:a6:2d:86:69:6e","RSSI":-39},{"SSID":"MeetInLeeds","BSSID":"5c:a6:2d:86:69:6d","RSSI":-39},{"SSID":"WiFi Setup - University of Leeds","BSSID":"5c:a6:2d:cf:ab:a3","RSSI":-50},{"SSID":"MeetInLeeds","BSSID":"5c:a6:2d:cf:ab:a2","RSSI":-50},{"SSID":"eduroam","BSSID":"5c:a6:2d:cf:ab:a1","RSSI":-50},{"SSID":"MeetInLeeds","BSSID":"5c:a6:2d:cf:c4:a2","RSSI":-54},{"SSID":"WiFi Setup - University of Leeds","BSSID":"5c:a6:2d:cf:c4:a3","RSSI":-55},{"SSID":"MeetInLeeds","BSSID":"5c:a6:2d:cf:ab:ad","RSSI":-56},{"SSID":"WiFi Setup - University of Leeds","BSSID":"5c:a6:2d:cf:ab:ac","RSSI":-56},{"SSID":"eduroam","BSSID":"5c:a6:2d:cf:ab:ae","RSSI":-57},{"SSID":"WiFi Setup - University of Leeds","BSSID":"5c:a6:2d:ce:b1:ac","RSSI":-57},{"SSID":"eduroam","BSSID":"5c:a6:2d:ce:b1:ae","RSSI":-57},{"SSID":"MeetInLeeds","BSSID":"5c:a6:2d:ce:b1:ad","RSSI":-58},{"SSID":"WiFi Setup - University of Leeds","BSSID":"ac:3a:67:08:06:23","RSSI":-62},{"SSID":"MeetInLeeds","BSSID":"5c:a6:2d:cf:e0:62","RSSI":-67},{"SSID":"eduroam","BSSID":"ac:3a:67:08:26:2e","RSSI":-69},{"SSID":"WiFi Setup - University of Leeds","BSSID":"ac:3a:67:08:26:2c","RSSI":-69},{"SSID":"MeetInLeeds","BSSID":"ac:3a:67:08:26:2d","RSSI":-69},{"SSID":"eduroam","BSSID":"5c:a6:2d:cf:e6:a1","RSSI":-70},{"SSID":"WiFi Setup - University of Leeds","BSSID":"5c:a6:2d:ce:b8:23","RSSI":-72},{"SSID":"MeetInLeeds","BSSID":"5c:a6:2d:ce:b8:22","RSSI":-72},{"SSID":"eduroam","BSSID":"5c:a6:2d:af:8d:ee","RSSI":-73},{"SSID":"WiFi Setup - University of Leeds","BSSID":"5c:a6:2d:af:8d:ec","RSSI":-73},{"SSID":"MeetInLeeds","BSSID":"5c:a6:2d:af:8d:ed","RSSI":-73},{"SSID":"WiFi Setup - University of Leeds","BSSID":"ac:3a:67:07:fc:23","RSSI":-73},{"SSID":"MeetInLeeds","BSSID":"ac:3a:67:07:fc:22","RSSI":-74},{"SSID":"WiFi Setup - University of Leeds","BSSID":"ac:3a:67:08:32:43","RSSI":-76},{"SSID":"MeetInLeeds","BSSID":"ac:3a:67:08:32:42","RSSI":-77},{"SSID":"WiFi Setup - University of Leeds","BSSID":"5c:a6:2d:ef:4c:43","RSSI":-77},{"SSID":"eduroam","BSSID":"5c:a6:2d:cf:b5:a1","RSSI":-78},{"SSID":"WiFi Setup - University of Leeds","BSSID":"5c:a6:2d:cf:e0:23","RSSI":-78},{"SSID":"MeetInLeeds","BSSID":"5c:a6:2d:cf:b5:a2","RSSI":-79},{"SSID":"eduroam","BSSID":"5c:a6:2d:ef:4c:4e","RSSI":-87}],[{"SSID":"WiFi Setup - University of Leeds","BSSID":"5c:a6:2d:86:69:63","RSSI":-33},{"SSID":"MeetInLeeds","BSSID":"5c:a6:2d:86:69:62","RSSI":-34},{"SSID":"MeetInLeeds","BSSID":"5c:a6:2d:86:69:6d","RSSI":-37},{"SSID":"WiFi Setup - University of Leeds","BSSID":"5c:a6:2d:86:69:6c","RSSI":-38},{"SSID":"eduroam","BSSID":"5c:a6:2d:86:69:6e","RSSI":-38},{"SSID":"MeetInLeeds","BSSID":"5c:a6:2d:cf:ab:a2","RSSI":-52},{"SSID":"WiFi Setup - University of Leeds","BSSID":"5c:a6:2d:cf:ab:a3","RSSI":-53},{"SSID":"eduroam","BSSID":"5c:a6:2d:cf:ab:ae","RSSI":-54},{"SSID":"MeetInLeeds","BSSID":"5c:a6:2d:cf:ab:ad","RSSI":-54},{"SSID":"WiFi Setup - University of Leeds","BSSID":"5c:a6:2d:cf:ab:ac","RSSI":-55},{"SSID":"WiFi Setup - University of Leeds","BSSID":"5c:a6:2d:cf:c4:a3","RSSI":-56},{"SSID":"MeetInLeeds","BSSID":"5c:a6:2d:cf:c4:a2","RSSI":-57},{"SSID":"eduroam","BSSID":"5c:a6:2d:cf:c4:ae","RSSI":-60},{"SSID":"MeetInLeeds","BSSID":"5c:a6:2d:cf:c4:ad","RSSI":-61},{"SSID":"WiFi Setup - University of Leeds","BSSID":"5c:a6:2d:cf:c4:ac","RSSI":-61},{"SSID":"eduroam","BSSID":"ac:3a:67:08:06:2e","RSSI":-62},{"SSID":"MeetInLeeds","BSSID":"ac:3a:67:08:06:22","RSSI":-62},{"SSID":"WiFi Setup - University of Leeds","BSSID":"ac:3a:67:08:06:23","RSSI":-62},{"SSID":"MeetInLeeds","BSSID":"5c:a6:2d:ce:b1:ad","RSSI":-62},{"SSID":"WiFi Setup - University of Leeds","BSSID":"5c:a6:2d:ce:b1:ac","RSSI":-62},{"SSID":"eduroam","BSSID":"5c:a6:2d:ce:b1:ae","RSSI":-62},{"SSID":"WiFi Setup - University of Leeds","BSSID":"ac:3a:67:08:06:2c","RSSI":-63},{"SSID":"WiFi Setup - University of Leeds","BSSID":"ac:3a:67:07:fc:23","RSSI":-63},{"SSID":"WiFi Setup - University of Leeds","BSSID":"5c:a6:2d:ce:b1:a3","RSSI":-64},{"SSID":"MeetInLeeds","BSSID":"ac:3a:67:08:06:2d","RSSI":-65},{"SSID":"eduroam","BSSID":"5c:a6:2d:cf:e0:6e","RSSI":-68},{"SSID":"WiFi Setup - University of Leeds","BSSID":"5c:a6:2d:ce:b8:2c","RSSI":-69},{"SSID":"MeetInLeeds","BSSID":"5c:a6:2d:ce:b8:2d","RSSI":-69},{"SSID":"eduroam","BSSID":"5c:a6:2d:ce:b8:2e","RSSI":-69},{"SSID":"eduroam","BSSID":"ac:3a:67:08:26:2e","RSSI":-71},{"SSID":"WiFi Setup - University of Leeds","BSSID":"ac:3a:67:08:26:2c","RSSI":-71},{"SSID":"MeetInLeeds","BSSID":"ac:3a:67:08:26:2d","RSSI":-71},{"SSID":"eduroam","BSSID":"5c:a6:2d:ce:b8:21","RSSI":-71},{"SSID":"WiFi Setup - University of Leeds","BSSID":"ac:3a:67:08:26:23","RSSI":-72},{"SSID":"WiFi Setup - University of Leeds","BSSID":"5c:a6:2d:ce:b8:23","RSSI":-72},{"SSID":"MeetInLeeds","BSSID":"5c:a6:2d:ce:b8:22","RSSI":-72},{"SSID":"TP-Link_0F14","BSSID":"c0:c9:e3:b8:0f:14","RSSI":-73},{"SSID":"WiFi Setup - University of Leeds","BSSID":"5c:a6:2d:cf:e6:a3","RSSI":-73},{"SSID":"MeetInLeeds","BSSID":"5c:a6:2d:af:8d:ed","RSSI":-75},{"SSID":"eduroam","BSSID":"5c:a6:2d:af:8d:ee","RSSI":-76},{"SSID":"WiFi Setup - University of Leeds","BSSID":"5c:a6:2d:af:8d:ec","RSSI":-78},{"SSID":"WiFi Setup - University of Leeds","BSSID":"5c:a6:2d:cf:c3:c3","RSSI":-79},{"SSID":"eduroam","BSSID":"5c:a6:2d:ef:4c:4e","RSSI":-80},{"SSID":"WiFi Setup - University of Leeds","BSSID":"ac:3a:67:08:32:4c","RSSI":-83},{"SSID":"MeetInLeeds","BSSID":"ac:3a:67:08:32:4d","RSSI":-84},{"SSID":"eduroam","BSSID":"ac:3a:67:08:32:4e","RSSI":-85}],[{"SSID":"WiFi Setup - University of Leeds","BSSID":"5c:a6:2d:86:69:6c","RSSI":-36},{"SSID":"eduroam","BSSID":"5c:a6:2d:86:69:6e","RSSI":-36},{"SSID":"MeetInLeeds","BSSID":"5c:a6:2d:86:69:6d","RSSI":-36},{"SSID":"WiFi Setup - University of Leeds","BSSID":"5c:a6:2d:86:69:63","RSSI":-37},{"SSID":"MeetInLeeds","BSSID":"5c:a6:2d:86:69:62","RSSI":-37},{"SSID":"WiFi Setup - University of Leeds","BSSID":"5c:a6:2d:cf:ab:a3","RSSI":-48},{"SSID":"MeetInLeeds","BSSID":"5c:a6:2d:cf:ab:a2","RSSI":-48},{"SSID":"MeetInLeeds","BSSID":"5c:a6:2d:cf:c4:a2","RSSI":-58},{"SSID":"WiFi Setup - University of Leeds","BSSID":"5c:a6:2d:cf:c4:a3","RSSI":-58},{"SSID":"MeetInLeeds","BSSID":"ac:3a:67:08:06:22","RSSI":-60},{"SSID":"MeetInLeeds","BSSID":"5c:a6:2d:cf:c4:ad","RSSI":-61},{"SSID":"eduroam","BSSID":"5c:a6:2d:cf:c4:ae","RSSI":-61},{"SSID":"WiFi Setup - University of Leeds","BSSID":"5c:a6:2d:cf:c4:ac","RSSI":-61},{"SSID":"eduroam","BSSID":"ac:3a:67:08:06:2e","RSSI":-61},{"SSID":"WiFi Setup - University of Leeds","BSSID":"ac:3a:67:08:06:2c","RSSI":-61},{"SSID":"MeetInLeeds","BSSID":"ac:3a:67:08:06:2d","RSSI":-61},{"SSID":"WiFi Setup - University of Leeds","BSSID":"ac:3a:67:08:06:23","RSSI":-62},{"SSID":"MeetInLeeds","BSSID":"ac:3a:67:07:fc:22","RSSI":-64},{"SSID":"WiFi Setup - University of Leeds","BSSID":"ac:3a:67:07:fc:23","RSSI":-64},{"SSID":"MeetInLeeds","BSSID":"5c:a6:2d:ce:b1:a2","RSSI":-65},{"SSID":"eduroam","BSSID":"5c:a6:2d:ce:b1:a1","RSSI":-65},{"SSID":"WiFi Setup - University of Leeds","BSSID":"5c:a6:2d:ce:b1:a3","RSSI":-65},{"SSID":"eduroam","BSSID":"5c:a6:2d:af:8d:e1","RSSI":-65},{"SSID":"MeetInLeeds","BSSID":"5c:a6:2d:af:8d:e2","RSSI":-66},{"SSID":"MeetInLeeds","BSSID":"5c:a6:2d:cf:e0:62","RSSI":-67},{"SSID":"eduroam","BSSID":"5c:a6:2d:cf:e0:61","RSSI":-67},{"SSID":"WiFi Setup - University of Leeds","BSSID":"5c:a6:2d:cf:e0:63","RSSI":-67},{"SSID":"MeetInLeeds","BSSID":"5c:a6:2d:ce:b8:2d","RSSI":-68},{"SSID":"WiFi Setup - University of Leeds","BSSID":"5c:a6:2d:cf:e0:6c","RSSI":-68},{"SSID":"eduroam","BSSID":"5c:a6:2d:cf:e0:6e","RSSI":-68},{"SSID":"WiFi Setup - University of Leeds","BSSID":"5c:a6:2d:ce:b8:2c","RSSI":-69},{"SSID":"eduroam","BSSID":"5c:a6:2d:ce:b8:2e","RSSI":-69},{"SSID":"MeetInLeeds","BSSID":"5c:a6:2d:cf:e0:6d","RSSI":-69},{"SSID":"WiFi Setup - University of Leeds","BSSID":"5c:a6:2d:ce:b8:23","RSSI":-69},{"SSID":"MeetInLeeds","BSSID":"5c:a6:2d:cf:e6:ad","RSSI":-69},{"SSID":"WiFi Setup - University of Leeds","BSSID":"5c:a6:2d:cf:e6:ac","RSSI":-71},{"SSID":"MeetInLeeds","BSSID":"5c:a6:2d:cf:e6:a2","RSSI":-72},{"SSID":"WiFi Setup - University of Leeds","BSSID":"5c:a6:2d:cf:e6:a3","RSSI":-72},{"SSID":"WiFi Setup - University of Leeds","BSSID":"ac:3a:67:08:26:23","RSSI":-73},{"SSID":"MeetInLeeds","BSSID":"ac:3a:67:08:26:22","RSSI":-73},{"SSID":"WiFi Setup - University of Leeds","BSSID":"5c:a6:2d:af:8d:e3","RSSI":-73},{"SSID":"eduroam","BSSID":"5c:a6:2d:ef:4c:41","RSSI":-75},{"SSID":"MeetInLeeds","BSSID":"5c:a6:2d:ef:4c:42","RSSI":-75},{"SSID":"WiFi Setup - University of Leeds","BSSID":"5c:a6:2d:ef:4c:43","RSSI":-75},{"SSID":"eduroam","BSSID":"5c:a6:2d:af:8d:ee","RSSI":-79},{"SSID":"WiFi Setup - University of Leeds","BSSID":"5c:a6:2d:af:8d:ec","RSSI":-79},{"SSID":"WiFi Setup - University of Leeds","BSSID":"5c:a6:2d:cf:b5:a3","RSSI":-79},{"SSID":"MeetInLeeds","BSSID":"5c:a6:2d:af:8d:ed","RSSI":-80},{"SSID":"MeetInLeeds","BSSID":"5c:a6:2d:cf:b5:a2","RSSI":-80},{"SSID":"eduroam","BSSID":"5c:a6:2d:cf:b5:a1","RSSI":-81},{"SSID":"MeetInLeeds","BSSID":"5c:a6:2d:cf:b5:ad","RSSI":-82},{"SSID":"eduroam","BSSID":"5c:a6:2d:ef:4c:4e","RSSI":-82},{"SSID":"MeetInLeeds","BSSID":"5c:a6:2d:ef:4c:4d","RSSI":-84}],[{"SSID":"WiFi Setup - University of Leeds","BSSID":"5c:a6:2d:86:69:6c","RSSI":-35},{"SSID":"eduroam","BSSID":"5c:a6:2d:86:69:6e","RSSI":-35},{"SSID":"MeetInLeeds","BSSID":"5c:a6:2d:86:69:6d","RSSI":-35},{"SSID":"WiFi Setup - University of Leeds","BSSID":"5c:a6:2d:86:69:63","RSSI":-39},{"SSID":"eduroam","BSSID":"5c:a6:2d:86:69:61","RSSI":-40},{"SSID":"WiFi Setup - University of Leeds","BSSID":"5c:a6:2d:cf:ab:a3","RSSI":-52},{"SSID":"MeetInLeeds","BSSID":"5c:a6:2d:cf:ab:a2","RSSI":-52},{"SSID":"eduroam","BSSID":"5c:a6:2d:cf:ab:ae","RSSI":-53},{"SSID":"MeetInLeeds","BSSID":"5c:a6:2d:cf:ab:ad","RSSI":-53},{"SSID":"WiFi Setup - University of Leeds","BSSID":"5c:a6:2d:cf:ab:ac","RSSI":-53},{"SSID":"MeetInLeeds","BSSID":"5c:a6:2d:cf:c4:a2","RSSI":-55},{"SSID":"WiFi Setup - University of Leeds","BSSID":"5c:a6:2d:cf:c4:a3","RSSI":-55},{"SSID":"WiFi Setup - University of Leeds","BSSID":"ac:3a:67:08:06:23","RSSI":-59},{"SSID":"MeetInLeeds","BSSID":"ac:3a:67:08:06:22","RSSI":-61},{"SSID":"WiFi Setup - University of Leeds","BSSID":"5c:a6:2d:ce:b1:ac","RSSI":-61},{"SSID":"eduroam","BSSID":"5c:a6:2d:ce:b1:ae","RSSI":-61},{"SSID":"MeetInLeeds","BSSID":"5c:a6:2d:ce:b1:ad","RSSI":-62},{"SSID":"MeetInLeeds","BSSID":"ac:3a:67:07:fc:22","RSSI":-64},{"SSID":"WiFi Setup - University of Leeds","BSSID":"5c:a6:2d:af:8d:e3","RSSI":-68},{"SSID":"TP-Link_0F14","BSSID":"c0:c9:e3:b8:0f:14","RSSI":-69},{"SSID":"WiFi Setup - University of Leeds","BSSID":"5c:a6:2d:ce:b8:23","RSSI":-69},{"SSID":"MeetInLeeds","BSSID":"5c:a6:2d:cf:e0:62","RSSI":-70},{"SSID":"WiFi Setup - University of Leeds","BSSID":"5c:a6:2d:cf:e0:63","RSSI":-70},{"SSID":"MeetInLeeds","BSSID":"5c:a6:2d:86:69:62","RSSI":-70},{"SSID":"WiFi Setup - University of Leeds","BSSID":"ac:3a:67:08:26:23","RSSI":-71},{"SSID":"MeetInLeeds","BSSID":"ac:3a:67:08:26:22","RSSI":-71},{"SSID":"eduroam","BSSID":"ac:3a:67:08:26:2e","RSSI":-72},{"SSID":"WiFi Setup - University of Leeds","BSSID":"ac:3a:67:08:26:2c","RSSI":-72},{"SSID":"MeetInLeeds","BSSID":"ac:3a:67:08:26:2d","RSSI":-73},{"SSID":"eduroam","BSSID":"5c:a6:2d:af:8d:ee","RSSI":-76},{"SSID":"WiFi Setup - University of Leeds","BSSID":"5c:a6:2d:af:8d:ec","RSSI":-76},{"SSID":"MeetInLeeds","BSSID":"5c:a6:2d:af:8d:ed","RSSI":-76},{"SSID":"WiFi Setup - University of Leeds","BSSID":"5c:a6:2d:86:6c:6c","RSSI":-86},{"SSID":"MeetInLeeds","BSSID":"5c:a6:2d:86:6c:6d","RSSI":-86}],[{"SSID":"WiFi Setup - University of Leeds","BSSID":"5c:a6:2d:86:69:6c","RSSI":-35},{"SSID":"eduroam","BSSID":"5c:a6:2d:86:69:6e","RSSI":-35},{"SSID":"MeetInLeeds","BSSID":"5c:a6:2d:86:69:6d","RSSI":-35},{"SSID":"WiFi Setup - University of Leeds","BSSID":"5c:a6:2d:cf:ab:a3","RSSI":-51},{"SSID":"MeetInLeeds","BSSID":"5c:a6:2d:cf:ab:a2","RSSI":-52},{"SSID":"eduroam","BSSID":"5c:a6:2d:cf:ab:ae","RSSI":-54},{"SSID":"WiFi Setup - University of Leeds","BSSID":"5c:a6:2d:cf:c4:a3","RSSI":-54},{"SSID":"WiFi Setup - University of Leeds","BSSID":"5c:a6:2d:cf:ab:ac","RSSI":-55},{"SSID":"MeetInLeeds","BSSID":"5c:a6:2d:cf:c4:a2","RSSI":-55},{"SSID":"eduroam","BSSID":"5c:a6:2d:cf:c4:a1","RSSI":-55},{"SSID":"MeetInLeeds","BSSID":"ac:3a:67:08:06:22","RSSI":-58},{"SSID":"WiFi Setup - University of Leeds","BSSID":"ac:3a:67:08:06:23","RSSI":-58},{"SSID":"MeetInLeeds","BSSID":"5c:a6:2d:ce:b1:ad","RSSI":-64},{"SSID":"MeetInLeeds","BSSID":"5c:a6:2d:cf:e0:62","RSSI":-65},{"SSID":"WiFi Setup - University of Leeds","BSSID":"5c:a6:2d:ce:b8:23","RSSI":-65},{"SSID":"MeetInLeeds","BSSID":"5c:a6:2d:ce:b8:22","RSSI":-65},{"SSID":"WiFi Setup - University of Leeds","BSSID":"5c:a6:2d:cf:e0:63","RSSI":-66},{"SSID":"eduroam","BSSID":"ac:3a:67:08:26:2e","RSSI":-67},{"SSID":"eduroam","BSSID":"ac:3a:67:08:06:2e","RSSI":-67},{"SSID":"MeetInLeeds","BSSID":"ac:3a:67:08:06:2d","RSSI":-67},{"SSID":"WiFi Setup - University of Leeds","BSSID":"ac:3a:67:08:26:2c","RSSI":-68},{"SSID":"eduroam","BSSID":"5c:a6:2d:ce:b8:2e","RSSI":-72},{"SSID":"WiFi Setup - University of Leeds","BSSID":"5c:a6:2d:cf:e6:a3","RSSI":-72},{"SSID":"WiFi Setup - University of Leeds","BSSID":"5c:a6:2d:ef:4c:43","RSSI":-73},{"SSID":"WiFi Setup - University of Leeds","BSSID":"5c:a6:2d:ce:b8:2c","RSSI":-74},{"SSID":"eduroam","BSSID":"5c:a6:2d:ef:4c:41","RSSI":-74},{"SSID":"WiFi Setup - University of Leeds","BSSID":"5c:a6:2d:cf:b5:a3","RSSI":-75},{"SSID":"eduroam","BSSID":"5c:a6:2d:af:8d:ee","RSSI":-76},{"SSID":"WiFi Setup - University of Leeds","BSSID":"5c:a6:2d:af:8d:ec","RSSI":-77},{"SSID":"MeetInLeeds","BSSID":"5c:a6:2d:af:8d:ed","RSSI":-77},{"SSID":"WiFi Setup - University of Leeds","BSSID":"5c:a6:2d:cf:c3:c3","RSSI":-79},{"SSID":"WiFi Setup - University of Leeds","BSSID":"5c:a6:2d:a0:08:83","RSSI":-83},{"SSID":"MeetInLeeds","BSSID":"5c:a6:2d:ef:4c:4d","RSSI":-83}],[{"SSID":"WiFi Setup - University of Leeds","BSSID":"5c:a6:2d:86:69:6c","RSSI":-35},{"SSID":"eduroam","BSSID":"5c:a6:2d:86:69:6e","RSSI":-35},{"SSID":"MeetInLeeds","BSSID":"5c:a6:2d:86:69:6d","RSSI":-35},{"SSID":"WiFi Setup - University of Leeds","BSSID":"5c:a6:2d:86:69:63","RSSI":-35},{"SSID":"MeetInLeeds","BSSID":"5c:a6:2d:86:69:62","RSSI":-35},{"SSID":"eduroam","BSSID":"5c:a6:2d:86:69:61","RSSI":-36},{"SSID":"eduroam","BSSID":"5c:a6:2d:cf:ab:a1","RSSI":-52},{"SSID":"WiFi Setup - University of Leeds","BSSID":"5c:a6:2d:cf:ab:a3","RSSI":-53},{"SSID":"MeetInLeeds","BSSID":"5c:a6:2d:cf:ab:a2","RSSI":-53},{"SSID":"MeetInLeeds","BSSID":"5c:a6:2d:cf:c4:a2","RSSI":-55},{"SSID":"WiFi Setup - University of Leeds","BSSID":"5c:a6:2d:cf:c4:a3","RSSI":-56},{"SSID":"eduroam","BSSID":"ac:3a:67:08:06:2e","RSSI":-60},{"SSID":"WiFi Setup - University of Leeds","BSSID":"ac:3a:67:08:06:2c","RSSI":-60},{"SSID":"MeetInLeeds","BSSID":"ac:3a:67:08:06:2d","RSSI":-61},{"SSID":"eduroam","BSSID":"5c:a6:2d:cf:c4:ae","RSSI":-62},{"SSID":"WiFi Setup - University of Leeds","BSSID":"5c:a6:2d:cf:c4:ac","RSSI":-63},{"SSID":"MeetInLeeds","BSSID":"5c:a6:2d:cf:c4:ad","RSSI":-64},{"SSID":"WiFi Setup - University of Leeds","BSSID":"5c:a6:2d:af:8d:e3","RSSI":-65},{"SSID":"eduroam","BSSID":"5c:a6:2d:cf:c4:a1","RSSI":-65},{"SSID":"WiFi Setup - University of Leeds","BSSID":"5c:a6:2d:cf:e0:6c","RSSI":-69},{"SSID":"MeetInLeeds","BSSID":"5c:a6:2d:cf:e0:6d","RSSI":-70},{"SSID":"WiFi Setup - University of Leeds","BSSID":"ac:3a:67:08:26:23","RSSI":-71},{"SSID":"eduroam","BSSID":"ac:3a:67:08:26:21","RSSI":-71},{"SSID":"MeetInLeeds","BSSID":"ac:3a:67:08:26:22","RSSI":-71},{"SSID":"eduroam","BSSID":"5c:a6:2d:af:8d:ee","RSSI":-74},{"SSID":"eduroam","BSSID":"5c:a6:2d:ce:b8:2e","RSSI":-74},{"SSID":"MeetInLeeds","BSSID":"5c:a6:2d:af:8d:ed","RSSI":-74},{"SSID":"WiFi Setup - University of Leeds","BSSID":"5c:a6:2d:af:8d:ec","RSSI":-75},{"SSID":"eduroam","BSSID":"ac:3a:67:07:fc:2e","RSSI":-77},{"SSID":"MeetInLeeds","BSSID":"5c:a6:2d:cf:e6:ad","RSSI":-78},{"SSID":"WiFi Setup - University of Leeds","BSSID":"5c:a6:2d:cf:e6:ac","RSSI":-78},{"SSID":"WiFi Setup - University of Leeds","BSSID":"5c:a6:2d:a0:08:83","RSSI":-83},{"SSID":"eduroam","BSSID":"ac:3a:67:08:32:4e","RSSI":-84}],[{"SSID":"WiFi Setup - University of Leeds","BSSID":"5c:a6:2d:86:69:6c","RSSI":-36},{"SSID":"MeetInLeeds","BSSID":"5c:a6:2d:86:69:6d","RSSI":-36},{"SSID":"WiFi Setup - University of Leeds","BSSID":"5c:a6:2d:86:69:63","RSSI":-36},{"SSID":"eduroam","BSSID":"5c:a6:2d:86:69:6e","RSSI":-37},{"SSID":"eduroam","BSSID":"5c:a6:2d:86:69:61","RSSI":-37},{"SSID":"MeetInLeeds","BSSID":"5c:a6:2d:86:69:62","RSSI":-37},{"SSID":"MeetInLeeds","BSSID":"5c:a6:2d:cf:ab:a2","RSSI":-52},{"SSID":"WiFi Setup - University of Leeds","BSSID":"5c:a6:2d:cf:ab:a3","RSSI":-53},{"SSID":"MeetInLeeds","BSSID":"5c:a6:2d:cf:c4:a2","RSSI":-54},{"SSID":"WiFi Setup - University of Leeds","BSSID":"5c:a6:2d:cf:c4:a3","RSSI":-54},{"SSID":"eduroam","BSSID":"5c:a6:2d:cf:c4:a1","RSSI":-54},{"SSID":"MeetInLeeds","BSSID":"5c:a6:2d:cf:c4:ad","RSSI":-60},{"SSID":"eduroam","BSSID":"5c:a6:2d:cf:c4:ae","RSSI":-60},{"SSID":"WiFi Setup - University of Leeds","BSSID":"5c:a6:2d:cf:c4:ac","RSSI":-60},{"SSID":"eduroam","BSSID":"ac:3a:67:08:06:21","RSSI":-60},{"SSID":"MeetInLeeds","BSSID":"ac:3a:67:08:06:22","RSSI":-60},{"SSID":"WiFi Setup - University of Leeds","BSSID":"ac:3a:67:08:06:23","RSSI":-60},{"SSID":"eduroam","BSSID":"ac:3a:67:08:06:2e","RSSI":-62},{"SSID":"WiFi Setup - University of Leeds","BSSID":"ac:3a:67:08:06:2c","RSSI":-62},{"SSID":"MeetInLeeds","BSSID":"5c:a6:2d:ce:b1:a2","RSSI":-62},{"SSID":"MeetInLeeds","BSSID":"ac:3a:67:08:06:2d","RSSI":-63},{"SSID":"WiFi Setup - University of Leeds","BSSID":"5c:a6:2d:af:8d:e3","RSSI":-63},{"SSID":"MeetInLeeds","BSSID":"5c:a6:2d:cf:e0:62","RSSI":-64},{"SSID":"eduroam","BSSID":"5c:a6:2d:cf:e0:61","RSSI":-64},{"SSID":"WiFi Setup - University of Leeds","BSSID":"5c:a6:2d:cf:e0:63","RSSI":-64},{"SSID":"WiFi Setup - University of Leeds","BSSID":"ac:3a:67:07:fc:23","RSSI":-65},{"SSID":"MeetInLeeds","BSSID":"5c:a6:2d:ce:b8:22","RSSI":-66},{"SSID":"TP-Link_0F14","BSSID":"c0:c9:e3:b8:0f:14","RSSI":-69},{"SSID":"MeetInLeeds","BSSID":"5c:a6:2d:cf:e0:6d","RSSI":-70},{"SSID":"WiFi Setup - University of Leeds","BSSID":"5c:a6:2d:ce:b8:2c","RSSI":-71},{"SSID":"MeetInLeeds","BSSID":"5c:a6:2d:ce:b8:2d","RSSI":-71},{"SSID":"eduroam","BSSID":"5c:a6:2d:ce:b8:2e","RSSI":-71},{"SSID":"WiFi Setup - University of Leeds","BSSID":"ac:3a:67:08:26:23","RSSI":-71},{"SSID":"MeetInLeeds","BSSID":"ac:3a:67:08:26:22","RSSI":-71},{"SSID":"eduroam","BSSID":"5c:a6:2d:cf:e0:6e","RSSI":-72},{"SSID":"MeetInLeeds","BSSID":"5c:a6:2d:af:8d:ed","RSSI":-73},{"SSID":"MeetInLeeds","BSSID":"5c:a6:2d:ef:4c:42","RSSI":-73},{"SSID":"MeetInLeeds","BSSID":"5c:a6:2d:cf:e6:ad","RSSI":-73},{"SSID":"WiFi Setup - University of Leeds","BSSID":"5c:a6:2d:cf:e6:ac","RSSI":-73},{"SSID":"WiFi Setup - University of Leeds","BSSID":"5c:a6:2d:ef:4c:43","RSSI":-73},{"SSID":"eduroam","BSSID":"5c:a6:2d:af:8d:ee","RSSI":-74},{"SSID":"WiFi Setup - University of Leeds","BSSID":"5c:a6:2d:af:8d:ec","RSSI":-74},{"SSID":"eduroam","BSSID":"ac:3a:67:07:fc:2e","RSSI":-75},{"SSID":"MeetInLeeds","BSSID":"5c:a6:2d:cf:e6:a2","RSSI":-76},{"SSID":"WiFi Setup - University of Leeds","BSSID":"5c:a6:2d:cf:b5:a3","RSSI":-77},{"SSID":"WiFi Setup - University of Leeds","BSSID":"5c:a6:2d:cf:c3:c3","RSSI":-78},{"SSID":"MeetInLeeds","BSSID":"5c:a6:2d:cf:c3:c2","RSSI":-78},{"SSID":"MeetInLeeds","BSSID":"5c:a6:2d:cf:b5:ad","RSSI":-81},{"SSID":"MeetInLeeds","BSSID":"5c:a6:2d:ef:4c:4d","RSSI":-81},{"SSID":"WiFi Setup - University of Leeds","BSSID":"5c:a6:2d:a0:08:83","RSSI":-82},{"SSID":"MeetInLeeds","BSSID":"5c:a6:2d:a0:08:82","RSSI":-82},{"SSID":"WiFi Setup - University of Leeds","BSSID":"5c:a6:2d:ef:4c:4c","RSSI":-82},{"SSID":"eduroam","BSSID":"5c:a6:2d:ef:4c:4e","RSSI":-82},{"SSID":"WiFi Setup - University of Leeds","BSSID":"5c:a6:2d:cf:b5:ac","RSSI":-83},{"SSID":"eduroam","BSSID":"5c:a6:2d:cf:b5:ae","RSSI":-83},{"SSID":"MeetInLeeds","BSSID":"5c:a6:2d:cf:c3:cd","RSSI":-88}]]