[[{"SSID":"MeetInLeeds","BSSID":"5c:a6:2d:eb:9d:82","RSSI":-39},{"SSID":"WiFi Setup - University of Leeds","BSSID":"5c:a6:2d:85:81:c3","RSSI":-48},{"SSID":"MeetInLeeds","BSSID":"5c:a6:2d:85:81:c2","RSSI":-48},{"SSID":"MeetInLeeds","BSSID":"5c:a6:2d:86:6b:42","RSSI":-59},{"SSID":"WiFi Setup - University of Leeds","BSSID":"5c:a6:2d:86:6b:43","RSSI":-59},{"SSID":"eduroam","BSSID":"5c:a6:2d:86:6b:41","RSSI":-60},{"SSID":"MeetInLeeds","BSSID":"5c:a6:2d:cf:c3:22","RSSI":-69},{"SSID":"WiFi Setup - University of Leeds","BSSID":"5c:a6:2d:cf:c3:23","RSSI":-70},{"SSID":"eduroam","BSSID":"ac:3a:67:07:fc:41","RSSI":-74},{"SSID":"WiFi Setup - University of Leeds","BSSID":"ac:3a:67:07:fc:43","RSSI":-74},{"SSID":"MeetInLeeds","BSSID":"5c:a6:2d:af:91:e2","RSSI":-74},{"SSID":"WiFi Setup - University of Leeds","BSSID":"5c:a6:2d:ce:ac:83","RSSI":-76},{"SSID":"MeetInLeeds","BSSID":"5c:a6:2d:af:8e:02","RSSI":-80},{"SSID":"eduroam","BSSID":"5c:a6:2d:af:90:61","RSSI":-80},{"SSID":"WiFi Setup - University of Leeds","BSSID":"5c:a6:2d:af:8e:03","RSSI":-81},{"SSID":"eduroam","BSSID":"5c:a6:2d:cf:c4:41","RSSI":-81},{"SSID":"MeetInLeeds","BSSID":"5c:a6:2d:85:81:ed","RSSI":-85},{"SSID":"WiFi Setup - University of Leeds","BSSID":"5c:a6:2d:86:6d:ac","RSSI":-85},{"SSID":"WiFi Setup - University of Leeds","BSSID":"5c:a6:2d:85:81:ec","RSSI":-86}],[{"SSID":"eduroam","BSSID":"5c:a6:2d:eb:9d:81","RSSI":-37},{"SSID":"WiFi Setup - University of Leeds","BSSID":"5c:a6:2d:eb:9d:83","RSSI":-38},{"SSID":"MeetInLeeds","BSSID":"5c:a6:2d:eb:9d:82","RSSI":-39},{"SSID":"WiFi Setup - University of Leeds","BSSID":"5c:a6:2d:eb:9d:8c","RSSI":-43},{"SSID":"MeetInLeeds","BSSID":"5c:a6:2d:eb:9d:8d","RSSI":-43},{"SSID":"eduroam","BSSID":"5c:a6:2d:eb:9d:8e","RSSI":-44},{"SSID":"MeetInLeeds","BSSID":"5c:a6:2d:85:81:c2","RSSI":-51},{"SSID":"eduroam","BSSID":"5c:a6:2d:85:81:ce","RSSI":-57},{"SSID":"MeetInLeeds","BSSID":"5c:a6:2d:85:81:cd","RSSI":-58},{"SSID":"MeetInLeeds","BSSID":"5c:a6:2d:86:6b:42","RSSI":-64},{"SSID":"WiFi Setup - University of Leeds","BSSID":"5c:a6:2d:86:6b:43","RSSI":-65},{"SSID":"MeetInLeeds","BSSID":"5c:a6:2d:cf:c3:22","RSSI":-66},{"SSID":"WiFi Setup - University of Leeds","BSSID":"5c:a6:2d:cf:c3:23","RSSI":-67},{"SSID":"WiFi Setup - University of Leeds","BSSID":"5c:a6:2d:86:6b:4c","RSSI":-71},{"SSID":"eduroam","BSSID":"5c:a6:2d:86:6b:4e","RSSI":-72},{"SSID":"WiFi Setup - University of Leeds","BSSID":"5c:a6:2d:85:81:e3","RSSI":-73},{"SSID":"eduroam","BSSID":"5c:a6:2d:5d:2d:01","RSSI":-73},{"SSID":"WiFi Setup - University of Leeds","BSSID":"5c:a6:2d:5d:2d:03","RSSI":-74},{"SSID":"eduroam","BSSID":"5c:a6:2d:cf:c3:2e","RSSI":-76},{"SSID":"WiFi Setup - University of Leeds","BSSID":"5c:a6:2d:cf:c3:2c","RSSI":-76},{"SSID":"MeetInLeeds","BSSID":"5c:a6:2d:ce:ac:82","RSSI":-80},{"SSID":"eduroam","BSSID":"5c:a6:2d:cf:c4:41","RSSI":-80},{"SSID":"WiFi Setup - University of Leeds","BSSID":"5c:a6:2d:af:90:63","RSSI":-82},{"SSID":"MeetInLeeds","BSSID":"5c:a6:2d:af:90:62","RSSI":-83},{"SSID":"eduroam","BSSID":"5c:a6:2d:85:81:ee","RSSI":-84},{"SSID":"eduroam","BSSID":"5c:a6:2d:af:91:ee","RSSI":-86},{"SSID":"MeetInLeeds","BSSID":"5c:a6:2d:af:91:ed","RSSI":-87},{"SSID":"WiFi Setup - University of Leeds","BSSID":"5c:a6:2d:af:91:ec","RSSI":-88}],[{"SSID":"WiFi Setup - University of Leeds","BSSID":"5c:a6:2d:eb:9d:83","RSSI":-37},{"SSID":"MeetInLeeds","BSSID":"5c:a6:2d:eb:9d:82","RSSI":-38},{"SSID":"eduroam","BSSID":"5c:a6:2d:eb:9d:8e","RSSI":-39},{"SSID":"WiFi Setup - University of Leeds","BSSID":"5c:a6:2d:eb:9d:8c","RSSI":-39},{"SSID":"MeetInLeeds","BSSID":"5c:a6:2d:eb:9d:8d","RSSI":-39},{"SSID":"WiFi Setup - University of Leeds","BSSID":"5c:a6:2d:85:81:cc","RSSI":-47},{"SSID":"eduroam","BSSID":"5c:a6:2d:85:81:ce","RSSI":-47},{"SSID":"MeetInLeeds","BSSID":"5c:a6:2d:85:81:cd","RSSI":-47},{"SSID":"WiFi Setup - University of Leeds","BSSID":"5c:a6:2d:85:81:c3","RSSI":-52},{"SSID":"eduroam","BSSID":"5c:a6:2d:85:81:c1","RSSI":-52},{"SSID":"MeetInLeeds","BSSID":"5c:a6:2d:86:6b:42","RSSI":-60},{"SSID":"WiFi Setup - University of Leeds","BSSID":"5c:a6:2d:86:6b:43","RSSI":-60},{"SSID":"eduroam","BSSID":"5c:a6:2d:86:6b:4e","RSSI":-66},{"SSID":"MeetInLeeds","BSSID":"5c:a6:2d:85:81:c2","RSSI":-67},{"SSID":"WiFi Setup - University of Leeds","BSSID":"5c:a6:2d:5d:2d:03","RSSI":-68},{"SSID":"MeetInLeeds","BSSID":"5c:a6:2d:5d:2d:02","RSSI":-68},{"SSID":"WiFi Setup - University of Leeds","BSSID":"5c:a6:2d:86:6b:4c","RSSI":-68},{"SSID":"MeetInLeeds","BSSID":"5c:a6:2d:86:6b:4d","RSSI":-68},{"SSID":"MeetInLeeds","BSSID":"5c:a6:2d:85:81:e2","RSSI":-69},{"SSID":"WiFi Setup - University of Leeds","BSSID":"5c:a6:2d:af:91:e3","RSSI":-71},{"SSID":"WiFi Setup - University of Leeds","BSSID":"5c:a6:2d:cf:b0:03","RSSI":-74},{"SSID":"MeetInLeeds","BSSID":"ac:3a:67:07:fc:42","RSSI":-74},{"SSID":"eduroam","BSSID":"5c:a6:2d:85:81:ee","RSSI":-80},{"SSID":"MeetInLeeds","BSSID":"5c:a6:2d:85:81:ed","RSSI":-80},{"SSID":"WiFi Setup - University of Leeds","BSSID":"5c:a6:2d:85:81:ec","RSSI":-80},{"SSID":"MeetInLeeds","BSSID":"ac:3a:67:07:fc:4d","RSSI":-80},{"SSID":"WiFi Setup - University of Leeds","BSSID":"5c:a6:2d:86:6c:23","RSSI":-81},{"SSID":"MeetInLeeds","BSSID":"5c:a6:2d:af:91:ed","RSSI":-82},{"SSID":"WiFi Setup - University of Leeds","BSSID":"5c:a6:2d:af:91:ec","RSSI":-82},{"SSID":"eduroam","BSSID":"5c:a6:2d:af:91:ee","RSSI":-83},{"SSID":"WiFi Setup - University of Leeds","BSSID":"5c:a6:2d:ce:ac:8c","RSSI":-86},{"SSID":"eduroam","BSSID":"5c:a6:2d:86:6d:ae","RSSI":-87},{"SSID":"WiFi Setup - University of Leeds","BSSID":"5c:a6:2d:86:6d:ac","RSSI":-88},{"SSID":"MeetInLeeds","BSSID":"5c:a6:2d:af:90:6d","RSSI":-90}],[{"SSID":"eduroam","BSSID":"5c:a6:2d:eb:9d:8e","RSSI":-39},{"SSID":"MeetInLeeds","BSSID":"5c:a6:2d:eb:9d:8d","RSSI":-39},{"SSID":"WiFi Setup - University of Leeds","BSSID":"5c:a6:2d:eb:9d:8c","RSSI":-42},{"SSID":"WiFi Setup - University of Leeds","BSSID":"5c:a6:2d:85:81:c3","RSSI":-54},{"SSID":"MeetInLeeds","BSSID":"5c:a6:2d:85:81:c2","RSSI":-54},{"SSID":"WiFi Setup - University of Leeds","BSSID":"5c:a6:2d:85:81:cc","RSSI":-56},{"SSID":"MeetInLeeds","BSSID":"5c:a6:2d:85:81:cd","RSSI":-56},{"SSID":"eduroam","BSSID":"5c:a6:2d:85:81:ce","RSSI":-58},{"SSID":"MeetInLeeds","BSSID":"5c:a6:2d:86:6b:42","RSSI":-66},{"SSID":"WiFi Setup - University of Leeds","BSSID":"5c:a6:2d:86:6b:43","RSSI":-66},{"SSID":"WiFi Setup - University of Leeds","BSSID":"5c:a6:2d:5d:2d:03","RSSI":-69},{"SSID":"MeetInLeeds","BSSID":"5c:a6:2d:5d:2d:02","RSSI":-69},{"SSID":"MeetInLeeds","BSSID":"5c:a6:2d:cf:c3:22","RSSI":-70},{"SSID":"MeetInLeeds","BSSID":"5c:a6:2d:85:81:e2","RSSI":-73},{"SSID":"MeetInLeeds","BSSID":"ac:3a:67:07:fc:4d","RSSI":-73},{"SSID":"WiFi Setup - University of Leeds","BSSID":"ac:3a:67:07:fc:4c","RSSI":-74},{"SSID":"eduroam","BSSID":"ac:3a:67:07:fc:4e","RSSI":-75},{"SSID":"eduroam","BSSID":"5c:a6:2d:5d:2d:0e","RSSI":-76},{"SSID":"WiFi Setup - University of Leeds","BSSID":"5c:a6:2d:ce:ac:83","RSSI":-77},{"SSID":"eduroam","BSSID":"ac:3a:67:07:fc:41","RSSI":-77},{"SSID":"WiFi Setup - University of Leeds","BSSID":"ac:3a:67:07:fc:43","RSSI":-77},{"SSID":"WiFi Setup - University of Leeds","BSSID":"5c:a6:2d:af:91:e3","RSSI":-77},{"SSID":"MeetInLeeds","BSSID":"5c:a6:2d:af:91:e2","RSSI":-77},{"SSID":"eduroam","BSSID":"5c:a6:2d:af:91:e1","RSSI":-77},{"SSID":"WiFi Setup - University of Leeds","BSSID":"5c:a6:2d:5d:2d:0c","RSSI":-79},{"SSID":"MeetInLeeds","BSSID":"5c:a6:2d:5d:2d:0d","RSSI":-80},{"SSID":"MeetInLeeds","BSSID":"5c:a6:2d:86:6d:a2","RSSI":-80},{"SSID":"MeetInLeeds","BSSID":"5c:a6:2d:cf:c3:2d","RSSI":-81},{"SSID":"WiFi Setup - University of Leeds","BSSID":"5c:a6:2d:cf:c3:2c","RSSI":-81},{"SSID":"eduroam","BSSID":"5c:a6:2d:cf:c3:2e","RSSI":-82},{"SSID":"WiFi Setup - University of Leeds","BSSID":"5c:a6:2d:af:91:ec","RSSI":-83},{"SSID":"MeetInLeeds","BSSID":"5c:a6:2d:86:6c:22","RSSI":-83},{"SSID":"WiFi Setup - University of Leeds","BSSID":"5c:a6:2d:86:6d:2c","RSSI":-85},{"SSID":"MeetInLeeds","BSSID":"5c:a6:2d:af:91:ed","RSSI":-85},{"SSID":"MeetInLeeds","BSSID":"5c:a6:2d:86:6d:2d","RSSI":-86},{"SSID":"eduroam","BSSID":"5c:a6:2d:86:6d:2e","RSSI":-86},{"SSID":"eduroam","BSSID":"5c:a6:2d:af:91:ee","RSSI":-86},{"SSID":"first-wifi","BSSID":"04:f0:21:2e:27:f8","RSSI":-89}],[{"SSID":"eduroam","BSSID":"5c:a6:2d:eb:9d:8e","RSSI":-38},{"SSID":"WiFi Setup - University of Leeds","BSSID":"5c:a6:2d:eb:9d:8c","RSSI":-38},{"SSID":"MeetInLeeds","BSSID":"5c:a6:2d:eb:9d:8d","RSSI":-38},{"SSID":"WiFi Setup - University of Leeds","BSSID":"5c:a6:2d:eb:9d:83","RSSI":-39},{"SSID":"MeetInLeeds","BSSID":"5c:a6:2d:eb:9d:82","RSSI":-40},{"SSID":"WiFi Setup - University of Leeds","BSSID":"5c:a6:2d:85:81:cc","RSSI":-50},{"SSID":"eduroam","BSSID":"5c:a6:2d:85:81:ce","RSSI":-50},{"SSID":"MeetInLeeds","BSSID":"5c:a6:2d:85:81:cd","RSSI":-50},{"SSID":"MeetInLeeds","BSSID":"5c:a6:2d:85:81:c2","RSSI":-52},{"SSID":"WiFi Setup - University of Leeds","BSSID":"5c:a6:2d:85:81:c3","RSSI":-53},{"SSID":"MeetInLeeds","BSSID":"5c:a6:2d:86:6b:42","RSSI":-61},{"SSID":"WiFi Setup - University of Leeds","BSSID":"5c:a6:2d:86:6b:43","RSSI":-61},{"SSID":"WiFi Setup - University of Leeds","BSSID":"5c:a6:2d:85:81:e3","RSSI":-62},{"SSID":"MeetInLeeds","BSSID":"5c:a6:2d:85:81:e2","RSSI":-63},{"SSID":"WiFi Setup - University of Leeds","BSSID":"5c:a6:2d:5d:2d:03","RSSI":-68},{"SSID":"MeetInLeeds","BSSID":"5c:a6:2d:5d:2d:02","RSSI":-68},{"SSID":"MeetInLeeds","BSSID":"5c:a6:2d:cf:c3:22","RSSI":-73},{"SSID":"WiFi Setup - University of Leeds","BSSID":"5c:a6:2d:cf:c3:23","RSSI":-73},{"SSID":"WiFi Setup - University of Leeds","BSSID":"ac:3a:67:07:fc:43","RSSI":-73},{"SSID":"MeetInLeeds","BSSID":"5c:a6:2d:ce:ac:82","RSSI":-75},{"SSID":"WiFi Setup - University of Leeds","BSSID":"5c:a6:2d:cf:b0:03","RSSI":-75},{"SSID":"WiFi Setup - University of Leeds","BSSID":"5c:a6:2d:ce:ac:83","RSSI":-75},{"SSID":"MeetInLeeds","BSSID":"5c:a6:2d:cf:c3:2d","RSSI":-75},{"SSID":"WiFi Setup - University of Leeds","BSSID":"5c:a6:2d:cf:c3:2c","RSSI":-75},{"SSID":"WiFi Setup - University of Leeds","BSSID":"5c:a6:2d:86:6d:23","RSSI":-76},{"SSID":"eduroam","BSSID":"5c:a6:2d:cf:c3:2e","RSSI":-76},{"SSID":"MeetInLeeds","BSSID":"ac:3a:67:07:fc:4d","RSSI":-78},{"SSID":"WiFi Setup - University of Leeds","BSSID":"ac:3a:67:07:fc:4c","RSSI":-78},{"SSID":"eduroam","BSSID":"ac:3a:67:07:fc:4e","RSSI":-78},{"SSID":"WiFi Setup - University of Leeds","BSSID":"5c:a6:2d:af:91:e3","RSSI":-78},{"SSID":"WiFi Setup - University of Leeds","BSSID":"5c:a6:2d:cf:c4:43","RSSI":-81},{"SSID":"MeetInLeeds","BSSID":"5c:a6:2d:cf:c4:42","RSSI":-81},{"SSID":"WiFi Setup - University of Leeds","BSSID":"5c:a6:2d:af:91:ec","RSSI":-82},{"SSID":"WiFi Setup - University of Leeds","BSSID":"5c:a6:2d:86:6c:23","RSSI":-82},{"SSID":"MeetInLeeds","BSSID":"5c:a6:2d:af:91:ed","RSSI":-83}],[{"SSID":"MeetInLeeds","BSSID":"5c:a6:2d:eb:9d:82","RSSI":-37},{"SSID":"eduroam","BSSID":"5c:a6:2d:eb:9d:8e","RSSI":-38},{"SSID":"WiFi Setup - University of Leeds","BSSID":"5c:a6:2d:eb:9d:8c","RSSI":-38},{"SSID":"MeetInLeeds","BSSID":"5c:a6:2d:eb:9d:8d","RSSI":-38},{"SSID":"WiFi Setup - University of Leeds","BSSID":"5c:a6:2d:eb:9d:83","RSSI":-38},{"SSID":"WiFi Setup - University of Leeds","BSSID":"5c:a6:2d:85:81:cc","RSSI":-54},{"SSID":"eduroam","BSSID":"5c:a6:2d:85:81:ce","RSSI":-54},{"SSID":"MeetInLeeds","BSSID":"5c:a6:2d:85:81:cd","RSSI":-54},{"SSID":"WiFi Setup - University of Leeds","BSSID":"5c:a6:2d:85:81:c3","RSSI":-54},{"SSID":"MeetInLeeds","BSSID":"5c:a6:2d:85:81:c2","RSSI":-54},{"SSID":"MeetInLeeds","BSSID":"5c:a6:2d:86:6b:42","RSSI":-61},{"SSID":"MeetInLeeds","BSSID":"5c:a6:2d:5d:2d:02","RSSI":-67},{"SSID":"MeetInLeeds","BSSID":"5c:a6:2d:cf:c3:22","RSSI":-68},{"SSID":"WiFi Setup - University of Leeds","BSSID":"5c:a6:2d:cf:c3:23","RSSI":-69},{"SSID":"WiFi Setup - University of Leeds","BSSID":"5c:a6:2d:85:81:e3","RSSI":-70},{"SSID":"eduroam","BSSID":"5c:a6:2d:cf:c3:21","RSSI":-70},{"SSID":"MeetInLeeds","BSSID":"5c:a6:2d:85:81:e2","RSSI":-71},{"SSID":"MeetInLeeds","BSSID":"ac:3a:67:07:fc:42","RSSI":-72},{"SSID":"MeetInLeeds","BSSID":"5c:a6:2d:ce:ac:82","RSSI":-73},{"SSID":"WiFi Setup - University of Leeds","BSSID":"5c:a6:2d:ce:ac:83","RSSI":-73},{"SSID":"eduroam","BSSID":"5c:a6:2d:5d:2d:0e","RSSI":-73},{"SSID":"MeetInLeeds","BSSID":"5c:a6:2d:5d:2d:0d","RSSI":-74},{"SSID":"WiFi Setup - University of Leeds","BSSID":"ac:3a:67:07:fc:4c","RSSI":-75},{"SSID":"eduroam","BSSID":"ac:3a:67:07:fc:4e","RSSI":-75},{"SSID":"MeetInLeeds","BSSID":"ac:3a:67:07:fc:4d","RSSI":-76},{"SSID":"eduroam","BSSID":"5c:a6:2d:af:91:e1","RSSI":-76},{"SSID":"WiFi Setup - University of Leeds","BSSID":"5c:a6:2d:5d:2d:0c","RSSI":-77},{"SSID":"MeetInLeeds","BSSID":"5c:a6:2d:cf:c3:2d","RSSI":-82},{"SSID":"WiFi Setup - University of Leeds","BSSID":"5c:a6:2d:cf:c3:2c","RSSI":-83},{"SSID":"eduroam","BSSID":"5c:a6:2d:cf:c3:2e","RSSI":-84},{"SSID":"MeetInLeeds","BSSID":"5c:a6:2d:af:8e:02","RSSI":-84},{"SSID":"eduroam","BSSID":"5c:a6:2d:86:6d:2e","RSSI":-85},{"SSID":"WiFi Setup - University of Leeds","BSSID":"5c:a6:2d:af:91:ec","RSSI":-85},{"SSID":"MeetInLeeds","BSSID":"5c:a6:2d:af:91:ed","RSSI":-86},{"SSID":"eduroam","BSSID":"5c:a6:2d:af:91:ee","RSSI":-86},{"SSID":"MeetInLeeds","BSSID":"5c:a6:2d:af:90:6d","RSSI":-86},{"SSID":"WiFi Setup - University of Leeds","BSSID":"5c:a6:2d:af:90:6c","RSSI":-87}],[{"SSID":"WiFi Setup - University of Leeds","BSSID":"5c:a6:2d:eb:9d:83","RSSI":-35},{"SSID":"MeetInLeeds","BSSID":"5c:a6:2d:eb:9d:82","RSSI":-36},{"SSID":"eduroam","BSSID":"5c:a6:2d:eb:9d:8e","RSSI":-38},{"SSID":"WiFi Setup - University of Leeds","BSSID":"5c:a6:2d:eb:9d:8c","RSSI":-38},{"SSID":"MeetInLeeds","BSSID":"5c:a6:2d:eb:9d:8d","RSSI":-39},{"SSID":"WiFi Setup - University of Leeds","BSSID":"5c:a6:2d:85:81:cc","RSSI":-51},{"SSID":"eduroam","BSSID":"5c:a6:2d:85:81:ce","RSSI":-51},{"SSID":"MeetInLeeds","BSSID":"5c:a6:2d:85:81:cd","RSSI":-51},{"SSID":"WiFi Setup - University of Leeds","BSSID":"5c:a6:2d:85:81:c3","RSSI":-53},{"SSID":"MeetInLeeds","BSSID":"5c:a6:2d:85:81:c2","RSSI":-53},{"SSID":"MeetInLeeds","BSSID":"5c:a6:2d:5d:2d:02","RSSI":-66},{"SSID":"WiFi Setup - University of Leeds","BSSID":"5c:a6:2d:5d:2d:03","RSSI":-67},{"SSID":"MeetInLeeds","BSSID":"5c:a6:2d:cf:c3:22","RSSI":-69},{"SSID":"WiFi Setup - University of Leeds","BSSID":"5c:a6:2d:cf:c3:23","RSSI":-69},{"SSID":"WiFi Setup - University of Leeds","BSSID":"5c:a6:2d:cf:b0:03","RSSI":-74},{"SSID":"WiFi Setup - University of Leeds","BSSID":"5c:a6:2d:5d:2d:0c","RSSI":-76},{"SSID":"MeetInLeeds","BSSID":"5c:a6:2d:5d:2d:0d","RSSI":-76},{"SSID":"MeetInLeeds","BSSID":"5c:a6:2d:85:81:e2","RSSI":-77},{"SSID":"eduroam","BSSID":"5c:a6:2d:85:81:e1","RSSI":-77},{"SSID":"MeetInLeeds","BSSID":"5c:a6:2d:cf:c3:2d","RSSI":-78},{"SSID":"eduroam","BSSID":"5c:a6:2d:cf:c3:2e","RSSI":-78},{"SSID":"WiFi Setup - University of Leeds","BSSID":"5c:a6:2d:cf:c3:2c","RSSI":-78},{"SSID":"MeetInLeeds","BSSID":"ac:3a:67:07:fc:4d","RSSI":-78},{"SSID":"eduroam","BSSID":"5c:a6:2d:5d:2d:0e","RSSI":-79},{"SSID":"WiFi Setup - University of Leeds","BSSID":"5c:a6:2d:cf:c4:43","RSSI":-79},{"SSID":"WiFi Setup - University of Leeds","BSSID":"ac:3a:67:07:fc:4c","RSSI":-79},{"SSID":"MeetInLeeds","BSSID":"5c:a6:2d:cf:c4:42","RSSI":-79},{"SSID":"eduroam","BSSID":"ac:3a:67:07:fc:4e","RSSI":-79},{"SSID":"WiFi Setup - University of Leeds","BSSID":"5c:a6:2d:af:91:e3","RSSI":-79},{"SSID":"MeetInLeeds","BSSID":"5c:a6:2d:86:6c:22","RSSI":-80},{"SSID":"WiFi Setup - University of Leeds","BSSID":"5c:a6:2d:86:6c:23","RSSI":-80},{"SSID":"WiFi Setup - University of Leeds","BSSID":"5c:a6:2d:af:90:63","RSSI":-80},{"SSID":"MeetInLeeds","BSSID":"5c:a6:2d:af:90:62","RSSI":-80},{"SSID":"WiFi Setup - University of Leeds","BSSID":"5c:a6:2d:86:6d:03","RSSI":-82},{"SSID":"WiFi Setup - University of Leeds","BSSID":"5c:a6:2d:af:91:ec","RSSI":-83},{"SSID":"eduroam","BSSID":"5c:a6:2d:af:91:ee","RSSI":-84},{"SSID":"MeetInLeeds","BSSID":"5c:a6:2d:af:91:ed","RSSI":-85},{"SSID":"MeetInLeeds","BSSID":"5c:a6:2d:86:6d:2d","RSSI":-87},{"SSID":"WiFi Setup - University of Leeds","BSSID":"5c:a6:2d:86:6d:2c","RSSI":-87},{"SSID":"eduroam","BSSID":"5c:a6:2d:86:6d:2e","RSSI":-88}],[{"SSID":"WiFi Setup - University of Leeds","BSSID":"5c:a6:2d:eb:9d:83","RSSI":-34},{"SSID":"MeetInLeeds","BSSID":"5c:a6:2d:eb:9d:82","RSSI":-34},{"SSID":"eduroam","BSSID":"5c:a6:2d:eb:9d:8e","RSSI":-40},{"SSID":"WiFi Setup - University of Leeds","BSSID":"5c:a6:2d:eb:9d:8c","RSSI":-40},{"SSID":"MeetInLeeds","BSSID":"5c:a6:2d:eb:9d:8d","RSSI":-40},{"SSID":"MeetInLeeds","BSSID":"5c:a6:2d:85:81:cd","RSSI":-50},{"SSID":"WiFi Setup - University of Leeds","BSSID":"5c:a6:2d:85:81:cc","RSSI":-51},{"SSID":"eduroam","BSSID":"5c:a6:2d:85:81:ce","RSSI":-51},{"SSID":"eduroam","BSSID":"5c:a6:2d:85:81:c1","RSSI":-55},{"SSID":"WiFi Setup - University of Leeds","BSSID":"5c:a6:2d:85:81:c3","RSSI":-56},{"SSID":"MeetInLeeds","BSSID":"5c:a6:2d:85:81:c2","RSSI":-56},{"SSID":"MeetInLeeds","BSSID":"5c:a6:2d:86:6b:42","RSSI":-64},{"SSID":"WiFi Setup - University of Leeds","BSSID":"5c:a6:2d:86:6b:43","RSSI":-64},{"SSID":"WiFi Setup - University of Leeds","BSSID":"5c:a6:2d:cf:c3:23","RSSI":-67},{"SSID":"MeetInLeeds","BSSID":"5c:a6:2d:5d:2d:02","RSSI":-67},{"SSID":"MeetInLeeds","BSSID":"5c:a6:2d:cf:c3:22","RSSI":-68},{"SSID":"WiFi Setup - University of Leeds","BSSID":"5c:a6:2d:5d:2d:03","RSSI":-68},{"SSID":"WiFi Setup - University of Leeds","BSSID":"5c:a6:2d:85:81:e3","RSSI":-70},{"SSID":"MeetInLeeds","BSSID":"5c:a6:2d:85:81:e2","RSSI":-70},{"SSID":"WiFi Setup - University of Leeds","BSSID":"5c:a6:2d:af:90:63","RSSI":-75},{"SSID":"WiFi Setup - University of Leeds","BSSID":"5c:a6:2d:cf:b0:03","RSSI":-76},{"SSID":"MeetInLeeds","BSSID":"5c:a6:2d:af:90:62","RSSI":-76},{"SSID":"WiFi Setup - University of Leeds","BSSID":"5c:a6:2d:af:91:e3","RSSI":-76},{"SSID":"MeetInLeeds","BSSID":"5c:a6:2d:af:91:e2","RSSI":-76},{"SSID":"MeetInLeeds","BSSID":"5c:a6:2d:cf:b0:02","RSSI":-77},{"SSID":"MeetInLeeds","BSSID":"ac:3a:67:07:fc:42","RSSI":-77},{"SSID":"WiFi Setup - University of Leeds","BSSID":"5c:a6:2d:cf:c4:43","RSSI":-77},{"SSID":"MeetInLeeds","BSSID":"5c:a6:2d:86:6d:a2","RSSI":-78},{"SSID":"eduroam","BSSID":"5c:a6:2d:cf:c3:2e","RSSI":-81},{"SSID":"MeetInLeeds","BSSID":"5c:a6:2d:5d:2d:0d","RSSI":-81},{"SSID":"WiFi Setup - University of Leeds","BSSID":"5c:a6:2d:5d:2d:0c","RSSI":-82},{"SSID":"MeetInLeeds","BSSID":"5c:a6:2d:af:91:ed","RSSI":-84},{"SSID":"WiFi Setup - University of Leeds","BSSID":"5c:a6:2d:af:91:ec","RSSI":-84},{"SSID":"eduroam","BSSID":"5c:a6:2d:af:91:ee","RSSI":-84},{"SSID":"eduroam","BSSID":"5c:a6:2d:5d:2d:0e","RSSI":-85}],[{"SSID":"WiFi Setup - University of Leeds","BSSID":"5c:a6:2d:eb:9d:83","RSSI":-33},{"SSID":"eduroam","BSSID":"5c:a6:2d:85:81:ce","RSSI":-52},{"SSID":"MeetInLeeds","BSSID":"5c:a6:2d:85:81:cd","RSSI":-52},{"SSID":"WiFi Setup - University of Leeds","BSSID":"5c:a6:2d:85:81:cc","RSSI":-53},{"SSID":"WiFi Setup - University of Leeds","BSSID":"5c:a6:2d:85:81:c3","RSSI":-55},{"SSID":"MeetInLeeds","BSSID":"5c:a6:2d:85:81:c2","RSSI":-56},{"SSID":"eduroam","BSSID":"5c:a6:2d:85:81:c1","RSSI":-56},{"SSID":"MeetInLeeds","BSSID":"5c:a6:2d:86:6b:42","RSSI":-64},{"SSID":"WiFi Setup - University of Leeds","BSSID":"5c:a6:2d:86:6b:43","RSSI":-64},{"SSID":"WiFi Setup - University of Leeds","BSSID":"5c:a6:2d:5d:2d:03","RSSI":-66},{"SSID":"MeetInLeeds","BSSID":"5c:a6:2d:5d:2d:02","RSSI":-67},{"SSID":"MeetInLeeds","BSSID":"ac:3a:67:07:fc:42","RSSI":-72},{"SSID":"WiFi Setup - University of Leeds","BSSID":"5c:a6:2d:cf:b0:03","RSSI":-75},{"SSID":"MeetInLeeds","BSSID":"5c:a6:2d:cf:b0:02","RSSI":-75},{"SSID":"WiFi Setup - University of Leeds","BSSID":"5c:a6:2d:5d:2d:0c","RSSI":-78},{"SSID":"WiFi Setup - University of Leeds","BSSID":"5c:a6:2d:cf:c4:43","RSSI":-79},{"SSID":"eduroam","BSSID":"5c:a6:2d:5d:2d:0e","RSSI":-80},{"SSID":"MeetInLeeds","BSSID":"5c:a6:2d:5d:2d:0d","RSSI":-80},{"SSID":"MeetInLeeds","BSSID":"ac:3a:67:07:fc:4d","RSSI":-80},{"SSID":"eduroam","BSSID":"ac:3a:67:07:fc:4e","RSSI":-80},{"SSID":"WiFi Setup - University of Leeds","BSSID":"ac:3a:67:07:fc:4c","RSSI":-81}],[{"SSID":"MeetInLeeds","BSSID":"5c:a6:2d:eb:9d:82","RSSI":-33},{"SSID":"WiFi Setup - University of Leeds","BSSID":"5c:a6:2d:eb:9d:83","RSSI":-34},{"SSID":"eduroam","BSSID":"5c:a6:2d:eb:9d:8e","RSSI":-38},{"SSID":"WiFi Setup - University of Leeds","BSSID":"5c:a6:2d:eb:9d:8c","RSSI":-38},{"SSID":"MeetInLeeds","BSSID":"5c:a6:2d:eb:9d:8d","RSSI":-39},{"SSID":"WiFi Setup - University of Leeds","BSSID":"5c:a6:2d:85:81:cc","RSSI":-51},{"SSID":"eduroam","BSSID":"5c:a6:2d:85:81:ce","RSSI":-51},{"SSID":"WiFi Setup - University of Leeds","BSSID":"5c:a6:2d:85:81:c3","RSSI":-53},{"SSID":"MeetInLeeds","BSSID":"5c:a6:2d:85:81:c2","RSSI":-53},{"SSID":"eduroam","BSSID":"5c:a6:2d:86:6b:41","RSSI":-64},{"SSID":"MeetInLeeds","BSSID":"5c:a6:2d:86:6b:42","RSSI":-64},{"SSID":"WiFi Setup - University of Leeds","BSSID":"5c:a6:2d:86:6b:43","RSSI":-64},{"SSID":"MeetInLeeds","BSSID":"5c:a6:2d:5d:2d:02","RSSI":-66},{"SSID":"WiFi Setup - University of Leeds","BSSID":"5c:a6:2d:85:81:e3","RSSI":-67},{"SSID":"MeetInLeeds","BSSID":"5c:a6:2d:85:81:e2","RSSI":-67},{"SSID":"WiFi Setup - University of Leeds","BSSID":"5c:a6:2d:5d:2d:03","RSSI":-67},{"SSID":"MeetInLeeds","BSSID":"5c:a6:2d:86:6b:4d","RSSI":-68},{"SSID":"WiFi Setup - University of Leeds","BSSID":"5c:a6:2d:86:6b:4c","RSSI":-69},{"SSID":"eduroam","BSSID":"5c:a6:2d:86:6b:4e","RSSI":-69},{"SSID":"MeetInLeeds","BSSID":"5c:a6:2d:cf:c3:22","RSSI":-70},{"SSID":"eduroam","BSSID":"ac:3a:67:07:fc:4e","RSSI":-79},{"SSID":"MeetInLeeds","BSSID":"5c:a6:2d:86:6c:22","RSSI":-82},{"SSID":"eduroam","BSSID":"5c:a6:2d:85:81:ee","RSSI":-83},{"SSID":"MeetInLeeds","BSSID":"5c:a6:2d:85:81:ed","RSSI":-83},{"SSID":"WiFi Setup - University of Leeds","BSSID":"5c:a6:2d:85:81:ec","RSSI":-83},{"SSID":"WiFi Setup - University of Leeds","BSSID":"5c:a6:2d:86:6c:23","RSSI":-84},{"SSID":"WiFi Setup - University of Leeds","BSSID":"5c:a6:2d:86:6d:ac","RSSI":-85},{"SSID":"MeetInLeeds","BSSID":"5c:a6:2d:86:6d:ad","RSSI":-85},{"SSID":"MeetInLeeds","BSSID":"5c:a6:2d:af:91:ed","RSSI":-88}]]