[[{"SSID":"MeetInLeeds","BSSID":"5c:a6:2d:af:92:4d","RSSI":-33},{"SSID":"WiFi Setup - University of Leeds","BSSID":"5c:a6:2d:af:92:4c","RSSI":-33},{"SSID":"eduroam","BSSID":"5c:a6:2d:af:92:4e","RSSI":-33},{"SSID":"WiFi Setup - University of Leeds","BSSID":"5c:a6:2d:af:92:43","RSSI":-37},{"SSID":"MeetInLeeds","BSSID":"5c:a6:2d:af:92:42","RSSI":-37},{"SSID":"MeetInLeeds","BSSID":"5c:a6:2d:cf:ae:6d","RSSI":-54},{"SSID":"WiFi Setup - University of Leeds","BSSID":"5c:a6:2d:cf:ae:6c","RSSI":-55},{"SSID":"eduroam","BSSID":"5c:a6:2d:cf:ae:6e","RSSI":-55},{"SSID":"WiFi Setup - University of Leeds","BSSID":"5c:a6:2d:cf:ae:63","RSSI":-55},{"SSID":"MeetInLeeds","BSSID":"5c:a6:2d:cf:ae:62","RSSI":-55},{"SSID":"WiFi Setup - University of Leeds","BSSID":"5c:a6:2d:1e:09:4c","RSSI":-55},{"SSID":"MeetInLeeds","BSSID":"5c:a6:2d:1e:09:4d","RSSI":-55},{"SSID":"eduroam","BSSID":"5c:a6:2d:1e:09:4e","RSSI":-56},{"SSID":"MeetInLeeds","BSSID":"5c:a6:2d:af:92:22","RSSI":-57},{"SSID":"eduroam","BSSID":"5c:a6:2d:af:92:21","RSSI":-58},{"SSID":"WiFi Setup - University of Leeds","BSSID":"5c:a6:2d:af:92:23","RSSI":-58},{"SSID":"TP-Link_0F14","BSSID":"c0:c9:e3:b8:0f:14","RSSI":-59},{"SSID":"MeetInLeeds","BSSID":"5c:a6:2d:1e:09:42","RSSI":-59},{"SSID":"MeetInLeeds","BSSID":"5c:a6:2d:5d:2f:42","RSSI":-60},{"SSID":"MeetInLeeds","BSSID":"5c:a6:2d:ef:4c:42","RSSI":-62},{"SSID":"WiFi Setup - University of Leeds","BSSID":"5c:a6:2d:ef:4c:43","RSSI":-62},{"SSID":"WiFi Setup - University of Leeds","BSSID":"ac:3a:67:08:32:43","RSSI":-63},{"SSID":"eduroam","BSSID":"5c:a6:2d:ef:4c:41","RSSI":-63},{"SSID":"MeetInLeeds","BSSID":"ac:3a:67:08:32:42","RSSI":-64},{"SSID":"WiFi Setup - University of Leeds","BSSID":"ac:3a:67:08:05:8c","RSSI":-66},{"SSID":"MeetInLeeds","BSSID":"5c:a6:2d:af:8d:e2","RSSI":-68},{"SSID":"WiFi Setup - University of Leeds","BSSID":"5c:a6:2d:af:8d:e3","RSSI":-69},{"SSID":"eduroam","BSSID":"ac:3a:67:08:05:8e","RSSI":-69},{"SSID":"MeetInLeeds","BSSID":"5c:a6:2d:ef:4c:4d","RSSI":-69},{"SSID":"MeetInLeeds","BSSID":"5c:a6:2d:ce:ab:cd","RSSI":-70},{"SSID":"WiFi Setup - University of Leeds","BSSID":"5c:a6:2d:ce:ab:cc","RSSI":-70},{"SSID":"WiFi Setup - University of Leeds","BSSID":"5c:a6:2d:cf:c3:c3","RSSI":-70},{"SSID":"WiFi Setup - University of Leeds","BSSID":"5c:a6:2d:ef:4c:4c","RSSI":-70},{"SSID":"MeetInLeeds","BSSID":"5c:a6:2d:cf:c4:42","RSSI":-70},{"SSID":"eduroam","BSSID":"5c:a6:2d:ef:4c:4e","RSSI":-70},{"SSID":"MeetInLeeds","BSSID":"ac:3a:67:08:32:4d","RSSI":-71},{"SSID":"WiFi Setup - University of Leeds","BSSID":"ac:3a:67:08:32:4c","RSSI":-71},{"SSID":"eduroam","BSSID":"5c:a6:2d:af:8d:e1","RSSI":-71},{"SSID":"MeetInLeeds","BSSID":"5c:a6:2d:cf:c3:c2","RSSI":-71},{"SSID":"eduroam","BSSID":"ac:3a:67:08:32:4e","RSSI":-72},{"SSID":"WiFi Setup - University of Leeds","BSSID":"5c:a6:2d:eb:d7:43","RSSI":-73},{"SSID":"MeetInLeeds","BSSID":"5c:a6:2d:eb:d7:42","RSSI":-73},{"SSID":"eduroam","BSSID":"5c:a6:2d:eb:d7:41","RSSI":-73},{"SSID":"WiFi Setup - University of Leeds","BSSID":"5c:a6:2d:5d:2b:4c","RSSI":-76},{"SSID":"MeetInLeeds","BSSID":"5c:a6:2d:ef:45:2d","RSSI":-77},{"SSID":"WiFi Setup - University of Leeds","BSSID":"ac:3a:67:08:0c:43","RSSI":-78},{"SSID":"WiFi Setup - University of Leeds","BSSID":"5c:a6:2d:cf:c4:4c","RSSI":-78},{"SSID":"eduroam","BSSID":"5c:a6:2d:ef:45:2e","RSSI":-78},{"SSID":"MeetInLeeds","BSSID":"5c:a6:2d:cf:b5:e2","RSSI":-78},{"SSID":"WiFi Setup - University of Leeds","BSSID":"5c:a6:2d:ef:45:2c","RSSI":-79},{"SSID":"WiFi Setup - University of Leeds","BSSID":"5c:a6:2d:cf:b5:e3","RSSI":-79},{"SSID":"MeetInLeeds","BSSID":"5c:a6:2d:cf:b5:ed","RSSI":-79},{"SSID":"WiFi Setup - University of Leeds","BSSID":"ac:3a:67:08:01:8c","RSSI":-80},{"SSID":"MeetInLeeds","BSSID":"5c:a6:2d:cf:c3:cd","RSSI":-82},{"SSID":"WiFi Setup - University of Leeds","BSSID":"5c:a6:2d:cf:b0:03","RSSI":-83},{"SSID":"WiFi Setup - University of Leeds","BSSID":"5c:a6:2d:cf:c3:23","RSSI":-83},{"SSID":"WiFi Setup - University of Leeds","BSSID":"5c:a6:2d:af:8d:ec","RSSI":-84},{"SSID":"MeetInLeeds","BSSID":"5c:a6:2d:af:90:62","RSSI":-84},{"SSID":"WiFi Setup - University of Leeds","BSSID":"5c:a6:2d:cf:c3:cc","RSSI":-85},{"SSID":"WiFi Setup - University of Leeds","BSSID":"5c:a6:2d:86:6d:2c","RSSI":-85},{"SSID":"DESKTOP-73NVV7R 4141","BSSID":"f2:6e:0b:b7:46:4e","RSSI":-86}],[{"SSID":"eduroam","BSSID":"5c:a6:2d:af:92:41","RSSI":-34},{"SSID":"WiFi Setup - University of Leeds","BSSID":"5c:a6:2d:af:92:43","RSSI":-35},{"SSID":"MeetInLeeds","BSSID":"5c:a6:2d:af:92:42","RSSI":-35},{"SSID":"WiFi Setup - University of Leeds","BSSID":"5c:a6:2d:cf:ae:63","RSSI":-51},{"SSID":"MeetInLeeds","BSSID":"5c:a6:2d:cf:ae:62","RSSI":-51},{"SSID":"MeetInLeeds","BSSID":"5c:a6:2d:ef:4c:42","RSSI":-53},{"SSID":"WiFi Setup - University of Leeds","BSSID":"5c:a6:2d:ef:4c:43","RSSI":-54},{"SSID":"MeetInLeeds","BSSID":"5c:a6:2d:af:92:22","RSSI":-56},{"SSID":"WiFi Setup - University of Leeds","BSSID":"5c:a6:2d:af:92:23","RSSI":-57},{"SSID":"MeetInLeeds","BSSID":"5c:a6:2d:cf:ae:6d","RSSI":-59},{"SSID":"WiFi Setup - University of Leeds","BSSID":"5c:a6:2d:cf:ae:6c","RSSI":-60},{"SSID":"MeetInLeeds","BSSID":"5c:a6:2d:5d:2f:42","RSSI":-60},{"SSID":"WiFi Setup - University of Leeds","BSSID":"5c:a6:2d:1e:09:43","RSSI":-60},{"SSID":"MeetInLeeds","BSSID":"5c:a6:2d:1e:09:42","RSSI":-60},{"SSID":"eduroam","BSSID":"5c:a6:2d:cf:ae:6e","RSSI":-61},{"SSID":"WiFi Setup - University of Leeds","BSSID":"5c:a6:2d:5d:2f:43","RSSI":-61},{"SSID":"MeetInLeeds","BSSID":"5c:a6:2d:af:8d:e2","RSSI":-62},{"SSID":"WiFi Setup - University of Leeds","BSSID":"5c:a6:2d:af:8d:e3","RSSI":-63},{"SSID":"MeetInLeeds","BSSID":"5c:a6:2d:af:92:2d","RSSI":-63},{"SSID":"TP-Link_0F14","BSSID":"c0:c9:e3:b8:0f:14","RSSI":-64},{"SSID":"eduroam","BSSID":"5c:a6:2d:af:92:2e","RSSI":-64},{"SSID":"WiFi Setup - University of Leeds","BSSID":"ac:3a:67:08:05:83","RSSI":-67},{"SSID":"MeetInLeeds","BSSID":"ac:3a:67:08:05:82","RSSI":-68},{"SSID":"WiFi Setup - University of Leeds","BSSID":"5c:a6:2d:ce:ab:c3","RSSI":-69},{"SSID":"WiFi Setup - University of Leeds","BSSID":"5c:a6:2d:5d:2b:43","RSSI":-71},{"SSID":"WiFi Setup - University of Leeds","BSSID":"5c:a6:2d:cf:c3:c3","RSSI":-71},{"SSID":"MeetInLeeds","BSSID":"5c:a6:2d:cf:c3:c2","RSSI":-71},{"SSID":"WiFi Setup - University of Leeds","BSSID":"5c:a6:2d:cf:c4:43","RSSI":-71},{"SSID":"MeetInLeeds","BSSID":"5c:a6:2d:5d:2b:42","RSSI":-72},{"SSID":"WiFi Setup - University of Leeds","BSSID":"5c:a6:2d:ef:45:23","RSSI":-73},{"SSID":"eduroam","BSSID":"5c:a6:2d:ef:45:21","RSSI":-73},{"SSID":"MeetInLeeds","BSSID":"5c:a6:2d:5d:2b:4d","RSSI":-74},{"SSID":"MeetInLeeds","BSSID":"5c:a6:2d:ef:45:22","RSSI":-74},{"SSID":"WiFi Setup - University of Leeds","BSSID":"5c:a6:2d:eb:d7:43","RSSI":-74},{"SSID":"eduroam","BSSID":"5c:a6:2d:eb:d7:41","RSSI":-74},{"SSID":"WiFi Setup - University of Leeds","BSSID":"5c:a6:2d:5d:2b:4c","RSSI":-75},{"SSID":"eduroam","BSSID":"5c:a6:2d:cf:dd:c1","RSSI":-79},{"SSID":"MeetInLeeds","BSSID":"5c:a6:2d:cf:b0:a2","RSSI":-79},{"SSID":"WiFi Setup - University of Leeds","BSSID":"5c:a6:2d:86:6d:23","RSSI":-80},{"SSID":"WiFi Setup - University of Leeds","BSSID":"ac:3a:67:08:0c:43","RSSI":-80},{"SSID":"MeetInLeeds","BSSID":"5c:a6:2d:cf:b5:e2","RSSI":-80},{"SSID":"eduroam","BSSID":"5c:a6:2d:eb:d7:4e","RSSI":-81},{"SSID":"WiFi Setup - University of Leeds","BSSID":"5c:a6:2d:ef:47:8c","RSSI":-83},{"SSID":"MeetInLeeds","BSSID":"5c:a6:2d:ef:47:8d","RSSI":-85}],[{"SSID":"MeetInLeeds","BSSID":"5c:a6:2d:af:92:4d","RSSI":-31},{"SSID":"eduroam","BSSID":"5c:a6:2d:af:92:4e","RSSI":-32},{"SSID":"WiFi Setup - University of Leeds","BSSID":"5c:a6:2d:af:92:4c","RSSI":-33},{"SSID":"WiFi Setup - University of Leeds","BSSID":"5c:a6:2d:af:92:43","RSSI":-40},{"SSID":"MeetInLeeds","BSSID":"5c:a6:2d:af:92:42","RSSI":-41},{"SSID":"WiFi Setup - University of Leeds","BSSID":"5c:a6:2d:cf:ae:63","RSSI":-50},{"SSID":"MeetInLeeds","BSSID":"5c:a6:2d:cf:ae:62","RSSI":-50},{"SSID":"MeetInLeeds","BSSID":"5c:a6:2d:ef:4c:42","RSSI":-57},{"SSID":"WiFi Setup - University of Leeds","BSSID":"5c:a6:2d:ef:4c:43","RSSI":-58},{"SSID":"WiFi Setup - University of Leeds","BSSID":"5c:a6:2d:cf:ae:6c","RSSI":-59},{"SSID":"eduroam","BSSID":"5c:a6:2d:cf:ae:6e","RSSI":-59},{"SSID":"WiFi Setup - University of Leeds","BSSID":"5c:a6:2d:5d:2f:43","RSSI":-60},{"SSID":"WiFi Setup - University of Leeds","BSSID":"5c:a6:2d:1e:09:43","RSSI":-60},{"SSID":"MeetInLeeds","BSSID":"5c:a6:2d:5d:2f:42","RSSI":-61},{"SSID":"TP-Link_0F14","BSSID":"c0:c9:e3:b8:0f:14","RSSI":-63},{"SSID":"MeetInLeeds","BSSID":"5c:a6:2d:af:8d:e2","RSSI":-63},{"SSID":"WiFi Setup - University of Leeds","BSSID":"5c:a6:2d:af:8d:e3","RSSI":-63},{"SSID":"MeetInLeeds","BSSID":"5c:a6:2d:af:92:2d","RSSI":-63},{"SSID":"WiFi Setup - University of Leeds","BSSID":"5c:a6:2d:5d:2f:4c","RSSI":-63},{"SSID":"MeetInLeeds","BSSID":"5c:a6:2d:5d:2f:4d","RSSI":-63},{"SSID":"eduroam","BSSID":"5c:a6:2d:1e:09:4e","RSSI":-64},{"SSID":"MeetInLeeds","BSSID":"5c:a6:2d:1e:09:4d","RSSI":-64},{"SSID":"MeetInLeeds","BSSID":"5c:a6:2d:5d:2b:42","RSSI":-65},{"SSID":"WiFi Setup - University of Leeds","BSSID":"5c:a6:2d:5d:2b:43","RSSI":-65},{"SSID":"eduroam","BSSID":"5c:a6:2d:5d:2f:4e","RSSI":-65},{"SSID":"MeetInLeeds","BSSID":"ac:3a:67:08:05:82","RSSI":-65},{"SSID":"WiFi Setup - University of Leeds","BSSID":"ac:3a:67:08:05:83","RSSI":-66},{"SSID":"WiFi Setup - University of Leeds","BSSID":"5c:a6:2d:1e:09:4c","RSSI":-66},{"SSID":"WiFi Setup - University of Leeds","BSSID":"5c:a6:2d:ef:4c:4c","RSSI":-67},{"SSID":"MeetInLeeds","BSSID":"5c:a6:2d:ef:4c:4d","RSSI":-67},{"SSID":"eduroam","BSSID":"5c:a6:2d:ef:4c:4e","RSSI":-68},{"SSID":"eduroam","BSSID":"ac:3a:67:08:05:8e","RSSI":-69},{"SSID":"WiFi Setup - University of Leeds","BSSID":"ac:3a:67:08:05:8c","RSSI":-70},{"SSID":"MeetInLeeds","BSSID":"ac:3a:67:08:05:8d","RSSI":-71},{"SSID":"MeetInLeeds","BSSID":"5c:a6:2d:ce:ab:cd","RSSI":-72},{"SSID":"WiFi Setup - University of Leeds","BSSID":"5c:a6:2d:ce:ab:cc","RSSI":-72},{"SSID":"eduroam","BSSID":"5c:a6:2d:ce:ab:ce","RSSI":-72},{"SSID":"WiFi Setup - University of Leeds","BSSID":"5c:a6:2d:cf:c4:43","RSSI":-72},{"SSID":"WiFi Setup - University of Leeds","BSSID":"5c:a6:2d:cf:c3:c3","RSSI":-73},{"SSID":"MeetInLeeds","BSSID":"5c:a6:2d:cf:c3:c2","RSSI":-73},{"SSID":"eduroam","BSSID":"5c:a6:2d:eb:d7:41","RSSI":-74},{"SSID":"MeetInLeeds","BSSID":"ac:3a:67:08:32:4d","RSSI":-75},{"SSID":"WiFi Setup - University of Leeds","BSSID":"ac:3a:67:08:32:4c","RSSI":-75},{"SSID":"eduroam","BSSID":"5c:a6:2d:b5:ca:e1","RSSI":-75},{"SSID":"MeetInLeeds","BSSID":"ac:3a:67:08:01:8d","RSSI":-76},{"SSID":"eduroam","BSSID":"ac:3a:67:08:01:8e","RSSI":-77},{"SSID":"eduroam","BSSID":"5c:a6:2d:cf:b0:ae","RSSI":-77},{"SSID":"WiFi Setup - University of Leeds","BSSID":"5c:a6:2d:cf:c4:4c","RSSI":-77},{"SSID":"MeetInLeeds","BSSID":"5c:a6:2d:cf:b0:ad","RSSI":-78},{"SSID":"WiFi Setup - University of Leeds","BSSID":"5c:a6:2d:cf:b0:ac","RSSI":-78},{"SSID":"MeetInLeeds","BSSID":"5c:a6:2d:cf:b0:a2","RSSI":-78},{"SSID":"MeetInLeeds","BSSID":"5c:a6:2d:cf:c3:cd","RSSI":-79},{"SSID":"MeetInLeeds","BSSID":"5c:a6:2d:cf:c4:4d","RSSI":-79},{"SSID":"MeetInLeeds","BSSID":"5c:a6:2d:ef:45:2d","RSSI":-79},{"SSID":"WiFi Setup - University of Leeds","BSSID":"5c:a6:2d:ef:45:2c","RSSI":-79},{"SSID":"eduroam","BSSID":"5c:a6:2d:cf:c3:ce","RSSI":-80},{"SSID":"WiFi Setup - University of Leeds","BSSID":"5c:a6:2d:cf:c3:cc","RSSI":-80},{"SSID":"WiFi Setup - University of Leeds","BSSID":"5c:a6:2d:af:8d:ec","RSSI":-81},{"SSID":"MeetInLeeds","BSSID":"5c:a6:2d:af:8d:ed","RSSI":-81},{"SSID":"WiFi Setup - University of Leeds","BSSID":"5c:a6:2d:86:6b:63","RSSI":-81},{"SSID":"eduroam","BSSID":"5c:a6:2d:af:8d:ee","RSSI":-82},{"SSID":"MeetInLeeds","BSSID":"5c:a6:2d:cf:c1:8d","RSSI":-82},{"SSID":"WiFi Setup - University of Leeds","BSSID":"5c:a6:2d:ef:47:8c","RSSI":-83},{"SSID":"eduroam","BSSID":"5c:a6:2d:86:6d:2e","RSSI":-83},{"SSID":"WiFi Setup - University of Leeds","BSSID":"5c:a6:2d:cf:c5:ec","RSSI":-83},{"SSID":"MeetInLeeds","BSSID":"5c:a6:2d:86:6d:2d","RSSI":-84},{"SSID":"WiFi Setup - University of Leeds","BSSID":"5c:a6:2d:86:6d:2c","RSSI":-84}],[{"SSID":"WiFi Setup - University of Leeds","BSSID":"5c:a6:2d:af:92:43","RSSI":-36},{"SSID":"MeetInLeeds","BSSID":"5c:a6:2d:af:92:42","RSSI":-36},{"SSID":"WiFi Setup - University of Leeds","BSSID":"5c:a6:2d:cf:ae:63","RSSI":-52},{"SSID":"MeetInLeeds","BSSID":"5c:a6:2d:cf:ae:62","RSSI":-52},{"SSID":"WiFi Setup - University of Leeds","BSSID":"5c:a6:2d:af:92:23","RSSI":-52},{"SSID":"MeetInLeeds","BSSID":"5c:a6:2d:af:92:22","RSSI":-53},{"SSID":"WiFi Setup - University of Leeds","BSSID":"5c:a6:2d:cf:ae:6c","RSSI":-56},{"SSID":"eduroam","BSSID":"5c:a6:2d:cf:ae:6e","RSSI":-56},{"SSID":"MeetInLeeds","BSSID":"5c:a6:2d:cf:ae:6d","RSSI":-56},{"SSID":"WiFi Setup - University of Leeds","BSSID":"5c:a6:2d:1e:09:43","RSSI":-57},{"SSID":"MeetInLeeds","BSSID":"5c:a6:2d:1e:09:42","RSSI":-57},{"SSID":"WiFi Setup - University of Leeds","BSSID":"5c:a6:2d:ef:4c:43","RSSI":-57},{"SSID":"MeetInLeeds","BSSID":"5c:a6:2d:ef:4c:42","RSSI":-58},{"SSID":"eduroam","BSSID":"5c:a6:2d:5d:2f:41","RSSI":-60},{"SSID":"MeetInLeeds","BSSID":"5c:a6:2d:5d:2f:42","RSSI":-61},{"SSID":"WiFi Setup - University of Leeds","BSSID":"5c:a6:2d:1e:09:4c","RSSI":-61},{"SSID":"MeetInLeeds","BSSID":"ac:3a:67:08:32:42","RSSI":-62},{"SSID":"WiFi Setup - University of Leeds","BSSID":"ac:3a:67:08:32:43","RSSI":-62},{"SSID":"WiFi Setup - University of Leeds","BSSID":"5c:a6:2d:5d:2f:43","RSSI":-62},{"SSID":"WiFi Setup - University of Leeds","BSSID":"5c:a6:2d:af:8d:e3","RSSI":-64},{"SSID":"eduroam","BSSID":"5c:a6:2d:af:92:2e","RSSI":-65},{"SSID":"MeetInLeeds","BSSID":"5c:a6:2d:af:92:2d","RSSI":-65},{"SSID":"WiFi Setup - University of Leeds","BSSID":"5c:a6:2d:5d:2f:4c","RSSI":-67},{"SSID":"MeetInLeeds","BSSID":"5c:a6:2d:5d:2f:4d","RSSI":-67},{"SSID":"eduroam","BSSID":"5c:a6:2d:5d:2f:4e","RSSI":-67},{"SSID":"MeetInLeeds","BSSID":"5c:a6:2d:ce:ab:c2","RSSI":-69},{"SSID":"MeetInLeeds","BSSID":"5c:a6:2d:ce:ab:cd","RSSI":-70},{"SSID":"WiFi Setup - University of Leeds","BSSID":"5c:a6:2d:ce:ab:c3","RSSI":-70},{"SSID":"WiFi Setup - University of Leeds","BSSID":"5c:a6:2d:ef:4c:4c","RSSI":-70},{"SSID":"MeetInLeeds","BSSID":"5c:a6:2d:ef:4c:4d","RSSI":-70},{"SSID":"WiFi Setup - University of Leeds","BSSID":"5c:a6:2d:ce:ab:cc","RSSI":-71},{"SSID":"eduroam","BSSID":"5c:a6:2d:ce:ab:ce","RSSI":-71},{"SSID":"eduroam","BSSID":"5c:a6:2d:ef:4c:4e","RSSI":-71},{"SSID":"WiFi Setup - University of Leeds","BSSID":"5c:a6:2d:af:92:2c","RSSI":-72},{"SSID":"YankeeNet2021","BSSID":"92:b1:44:7a:2c:c5","RSSI":-74},{"SSID":"eduroam","BSSID":"5c:a6:2d:cf:c3:c1","RSSI":-74},{"SSID":"eduroam","BSSID":"5c:a6:2d:cf:c3:ce","RSSI":-75},{"SSID":"WiFi Setup - University of Leeds","BSSID":"5c:a6:2d:cf:c3:cc","RSSI":-75},{"SSID":"MeetInLeeds","BSSID":"5c:a6:2d:cf:c3:cd","RSSI":-75},{"SSID":"WiFi Setup - University of Leeds","BSSID":"5c:a6:2d:86:6b:63","RSSI":-76},{"SSID":"WiFi Setup - University of Leeds","BSSID":"5c:a6:2d:85:81:e3","RSSI":-78},{"SSID":"WiFi Setup - University of Leeds","BSSID":"5c:a6:2d:ef:47:83","RSSI":-78},{"SSID":"MeetInLeeds","BSSID":"ac:3a:67:08:0c:42","RSSI":-79},{"SSID":"WiFi Setup - University of Leeds","BSSID":"5c:a6:2d:ef:47:8c","RSSI":-80},{"SSID":"WiFi Setup - University of Leeds","BSSID":"5c:a6:2d:cf:b0:03","RSSI":-80},{"SSID":"MeetInLeeds","BSSID":"5c:a6:2d:cf:b0:ad","RSSI":-80},{"SSID":"WiFi Setup - University of Leeds","BSSID":"5c:a6:2d:cf:b0:ac","RSSI":-80},{"SSID":"WiFi Setup - University of Leeds","BSSID":"5c:a6:2d:cf:b0:43","RSSI":-80},{"SSID":"eduroam","BSSID":"5c:a6:2d:af:8d:ee","RSSI":-82},{"SSID":"MeetInLeeds","BSSID":"5c:a6:2d:cf:c1:8d","RSSI":-82},{"SSID":"MeetInLeeds","BSSID":"5c:a6:2d:af:8d:ed","RSSI":-84},{"SSID":"WiFi Setup - University of Leeds","BSSID":"ac:3a:67:08:29:a3","RSSI":-84},{"SSID":"eduroam","BSSID":"5c:a6:2d:cf:ab:ae","RSSI":-85}],[{"SSID":"MeetInLeeds","BSSID":"5c:a6:2d:af:92:4d","RSSI":-33},{"SSID":"eduroam","BSSID":"5c:a6:2d:af:92:4e","RSSI":-33},{"SSID":"WiFi Setup - University of Leeds","BSSID":"5c:a6:2d:af:92:4c","RSSI":-35},{"SSID":"WiFi Setup - University of Leeds","BSSID":"5c:a6:2d:af:92:43","RSSI":-36},{"SSID":"MeetInLeeds","BSSID":"5c:a6:2d:af:92:42","RSSI":-36},{"SSID":"WiFi Setup - University of Leeds","BSSID":"5c:a6:2d:1e:09:43","RSSI":-54},{"SSID":"MeetInLeeds","BSSID":"5c:a6:2d:1e:09:42","RSSI":-54},{"SSID":"WiFi Setup - University of Leeds","BSSID":"5c:a6:2d:cf:ae:6c","RSSI":-55},{"SSID":"eduroam","BSSID":"5c:a6:2d:cf:ae:6e","RSSI":-55},{"SSID":"MeetInLeeds","BSSID":"5c:a6:2d:cf:ae:6d","RSSI":-55},{"SSID":"eduroam","BSSID":"5c:a6:2d:1e:09:41","RSSI":-55},{"SSID":"WiFi Setup - University of Leeds","BSSID":"5c:a6:2d:cf:ae:63","RSSI":-57},{"SSID":"MeetInLeeds","BSSID":"5c:a6:2d:cf:ae:62","RSSI":-57},{"SSID":"WiFi Setup - University of Leeds","BSSID":"5c:a6:2d:ef:4c:43","RSSI":-57},{"SSID":"MeetInLeeds","BSSID":"5c:a6:2d:ef:4c:42","RSSI":-58},{"SSID":"WiFi Setup - University of Leeds","BSSID":"5c:a6:2d:5d:2f:43","RSSI":-62},{"SSID":"WiFi Setup - University of Leeds","BSSID":"5c:a6:2d:1e:09:4c","RSSI":-62},{"SSID":"MeetInLeeds","BSSID":"5c:a6:2d:1e:09:4d","RSSI":-62},{"SSID":"MeetInLeeds","BSSID":"5c:a6:2d:5d:2f:42","RSSI":-63},{"SSID":"eduroam","BSSID":"5c:a6:2d:af:92:2e","RSSI":-64},{"SSID":"WiFi Setup - University of Leeds","BSSID":"5c:a6:2d:af:92:2c","RSSI":-64},{"SSID":"WiFi Setup - University of Leeds","BSSID":"5c:a6:2d:ef:4c:4c","RSSI":-64},{"SSID":"eduroam","BSSID":"5c:a6:2d:1e:09:4e","RSSI":-64},{"SSID":"MeetInLeeds","BSSID":"5c:a6:2d:af:8d:e2","RSSI":-65},{"SSID":"WiFi Setup - University of Leeds","BSSID":"5c:a6:2d:af:8d:e3","RSSI":-65},{"SSID":"MeetInLeeds","BSSID":"5c:a6:2d:ef:4c:4d","RSSI":-65},{"SSID":"TP-Link_0F14","BSSID":"c0:c9:e3:b8:0f:14","RSSI":-66},{"SSID":"MeetInLeeds","BSSID":"5c:a6:2d:af:92:2d","RSSI":-66},{"SSID":"eduroam","BSSID":"5c:a6:2d:ce:ab:ce","RSSI":-67},{"SSID":"MeetInLeeds","BSSID":"5c:a6:2d:ce:ab:c2","RSSI":-67},{"SSID":"MeetInLeeds","BSSID":"5c:a6:2d:ce:ab:cd","RSSI":-68},{"SSID":"MeetInLeeds","BSSID":"5c:a6:2d:5d:2b:42","RSSI":-68},{"SSID":"WiFi Setup - University of Leeds","BSSID":"5c:a6:2d:5d:2f:4c","RSSI":-68},{"SSID":"MeetInLeeds","BSSID":"5c:a6:2d:5d:2f:4d","RSSI":-68},{"SSID":"MeetInLeeds","BSSID":"ac:3a:67:08:05:82","RSSI":-68},{"SSID":"eduroam","BSSID":"5c:a6:2d:ef:4c:4e","RSSI":-68},{"SSID":"WiFi Setup - University of Leeds","BSSID":"5c:a6:2d:ce:ab:cc","RSSI":-69},{"SSID":"MeetInLeeds","BSSID":"ac:3a:67:08:05:8d","RSSI":-69},{"SSID":"eduroam","BSSID":"ac:3a:67:08:05:8e","RSSI":-69},{"SSID":"MeetInLeeds","BSSID":"ac:3a:67:08:32:4d","RSSI":-73},{"SSID":"eduroam","BSSID":"ac:3a:67:08:32:4e","RSSI":-73},{"SSID":"WiFi Setup - University of Leeds","BSSID":"5c:a6:2d:5d:2b:4c","RSSI":-74},{"SSID":"WiFi Setup - University of Leeds","BSSID":"ac:3a:67:08:32:4c","RSSI":-75},{"SSID":"MeetInLeeds","BSSID":"5c:a6:2d:b5:ca:e2","RSSI":-75},{"SSID":"MeetInLeeds","BSSID":"5c:a6:2d:cf:c5:e2","RSSI":-76},{"SSID":"WiFi Setup - University of Leeds","BSSID":"5c:a6:2d:b5:ca:e3","RSSI":-76},{"SSID":"MeetInLeeds","BSSID":"5c:a6:2d:86:6b:62","RSSI":-76},{"SSID":"WiFi Setup - University of Leeds","BSSID":"5c:a6:2d:86:6b:63","RSSI":-76},{"SSID":"MeetInLeeds","BSSID":"5c:a6:2d:cf:c4:4d","RSSI":-77},{"SSID":"WiFi Setup - University of Leeds","BSSID":"5c:a6:2d:86:6a:6c","RSSI":-78},{"SSID":"eduroam","BSSID":"5c:a6:2d:86:6a:6e","RSSI":-78},{"SSID":"eduroam","BSSID":"5c:a6:2d:cf:c4:4e","RSSI":-78},{"SSID":"WiFi Setup - University of Leeds","BSSID":"5c:a6:2d:cf:c4:4c","RSSI":-78},{"SSID":"WiFi Setup - University of Leeds","BSSID":"ac:3a:67:08:05:8c","RSSI":-78},{"SSID":"MeetInLeeds","BSSID":"5c:a6:2d:cf:b0:ad","RSSI":-79},{"SSID":"WiFi Setup - University of Leeds","BSSID":"ac:3a:67:08:01:8c","RSSI":-79},{"SSID":"MeetInLeeds","BSSID":"5c:a6:2d:86:6a:6d","RSSI":-79},{"SSID":"eduroam","BSSID":"5c:a6:2d:cf:b5:e1","RSSI":-79},{"SSID":"WiFi Setup - University of Leeds","BSSID":"5c:a6:2d:cf:c3:cc","RSSI":-80},{"SSID":"WiFi Setup - University of Leeds","BSSID":"5c:a6:2d:cf:b0:ac","RSSI":-80},{"SSID":"eduroam","BSSID":"5c:a6:2d:cf:b0:ae","RSSI":-80},{"SSID":"MeetInLeeds","BSSID":"ac:3a:67:08:01:8d","RSSI":-81},{"SSID":"MeetInLeeds","BSSID":"5c:a6:2d:cf:dd:c2","RSSI":-81},{"SSID":"MeetInLeeds","BSSID":"5c:a6:2d:cf:ab:a2","RSSI":-82},{"SSID":"WiFi Setup - University of Leeds","BSSID":"5c:a6:2d:ef:45:2c","RSSI":-82},{"SSID":"eduroam","BSSID":"5c:a6:2d:ef:47:4e","RSSI":-86},{"SSID":"eduroam","BSSID":"5c:a6:2d:af:8d:ee","RSSI":-87}],[{"SSID":"WiFi Setup - University of Leeds","BSSID":"5c:a6:2d:af:92:43","RSSI":-37},{"SSID":"MeetInLeeds","BSSID":"5c:a6:2d:af:92:42","RSSI":-37},{"SSID":"WiFi Setup - University of Leeds","BSSID":"5c:a6:2d:cf:ae:63","RSSI":-53},{"SSID":"WiFi Setup - University of Leeds","BSSID":"5c:a6:2d:cf:ae:6c","RSSI":-54},{"SSID":"MeetInLeeds","BSSID":"5c:a6:2d:cf:ae:6d","RSSI":-54},{"SSID":"MeetInLeeds","BSSID":"5c:a6:2d:cf:ae:62","RSSI":-54},{"SSID":"WiFi Setup - University of Leeds","BSSID":"5c:a6:2d:af:92:23","RSSI":-54},{"SSID":"eduroam","BSSID":"5c:a6:2d:1e:09:41","RSSI":-54},{"SSID":"eduroam","BSSID":"5c:a6:2d:cf:ae:6e","RSSI":-55},{"SSID":"WiFi Setup - University of Leeds","BSSID":"5c:a6:2d:1e:09:43","RSSI":-55},{"SSID":"WiFi Setup - University of Leeds","BSSID":"5c:a6:2d:ef:4c:43","RSSI":-58},{"SSID":"MeetInLeeds","BSSID":"ac:3a:67:08:32:42","RSSI":-60},{"SSID":"MeetInLeeds","BSSID":"5c:a6:2d:af:8d:e2","RSSI":-61},{"SSID":"WiFi Setup - University of Leeds","BSSID":"5c:a6:2d:5d:2f:43","RSSI":-62},{"SSID":"WiFi Setup - University of Leeds","BSSID":"5c:a6:2d:ef:4c:4c","RSSI":-62},{"SSID":"MeetInLeeds","BSSID":"5c:a6:2d:ef:4c:4d","RSSI":-62},{"SSID":"WiFi Setup - University of Leeds","BSSID":"5c:a6:2d:1e:09:4c","RSSI":-62},{"SSID":"eduroam","BSSID":"5c:a6:2d:1e:09:4e","RSSI":-63},{"SSID":"MeetInLeeds","BSSID":"5c:a6:2d:1e:09:4d","RSSI":-63},{"SSID":"eduroam","BSSID":"5c:a6:2d:ef:4c:4e","RSSI":-64},{"SSID":"eduroam","BSSID":"5c:a6:2d:5d:2f:4e","RSSI":-66},{"SSID":"MeetInLeeds","BSSID":"5c:a6:2d:ce:ab:cd","RSSI":-67},{"SSID":"WiFi Setup - University of Leeds","BSSID":"5c:a6:2d:5d:2f:4c","RSSI":-67},{"SSID":"MeetInLeeds","BSSID":"5c:a6:2d:5d:2f:4d","RSSI":-67},{"SSID":"eduroam","BSSID":"ac:3a:67:08:05:8e","RSSI":-67},{"SSID":"WiFi Setup - University of Leeds","BSSID":"5c:a6:2d:ce:ab:cc","RSSI":-68},{"SSID":"eduroam","BSSID":"5c:a6:2d:ce:ab:ce","RSSI":-68},{"SSID":"MeetInLeeds","BSSID":"5c:a6:2d:af:92:2d","RSSI":-68},{"SSID":"WiFi Setup - University of Leeds","BSSID":"5c:a6:2d:af:92:2c","RSSI":-68},{"SSID":"MeetInLeeds","BSSID":"5c:a6:2d:ef:4c:42","RSSI":-68},{"SSID":"WiFi Setup - University of Leeds","BSSID":"ac:3a:67:08:05:83","RSSI":-68},{"SSID":"MeetInLeeds","BSSID":"5c:a6:2d:ce:ab:c2","RSSI":-69},{"SSID":"WiFi Setup - University of Leeds","BSSID":"ac:3a:67:08:05:8c","RSSI":-69},{"SSID":"MeetInLeeds","BSSID":"ac:3a:67:08:05:8d","RSSI":-69},{"SSID":"YankeeNet2021","BSSID":"92:b1:44:7a:2c:c5","RSSI":-70},{"SSID":"MeetInLeeds","BSSID":"5c:a6:2d:eb:d7:42","RSSI":-74},{"SSID":"WiFi Setup - University of Leeds","BSSID":"5c:a6:2d:cf:c3:cc","RSSI":-75},{"SSID":"MeetInLeeds","BSSID":"5c:a6:2d:cf:c3:cd","RSSI":-75},{"SSID":"eduroam","BSSID":"5c:a6:2d:cf:c3:ce","RSSI":-76},{"SSID":"eduroam","BSSID":"5c:a6:2d:af:8d:ee","RSSI":-78},{"SSID":"WiFi Setup - University of Leeds","BSSID":"5c:a6:2d:af:8d:ec","RSSI":-78},{"SSID":"MeetInLeeds","BSSID":"5c:a6:2d:af:8d:ed","RSSI":-78},{"SSID":"WiFi Setup - University of Leeds","BSSID":"5c:a6:2d:cf:c4:4c","RSSI":-78},{"SSID":"MeetInLeeds","BSSID":"5c:a6:2d:cf:c4:4d","RSSI":-78},{"SSID":"eduroam","BSSID":"5c:a6:2d:86:6b:61","RSSI":-78},{"SSID":"eduroam","BSSID":"5c:a6:2d:cf:c4:4e","RSSI":-79},{"SSID":"WiFi Setup - University of Leeds","BSSID":"5c:a6:2d:cf:b5:e3","RSSI":-79},{"SSID":"MeetInLeeds","BSSID":"5c:a6:2d:eb:d7:4d","RSSI":-80},{"SSID":"MeetInLeeds","BSSID":"5c:a6:2d:cf:b0:ad","RSSI":-82},{"SSID":"WiFi Setup - University of Leeds","BSSID":"5c:a6:2d:cf:b0:ac","RSSI":-82},{"SSID":"eduroam","BSSID":"5c:a6:2d:cf:b0:ae","RSSI":-82},{"SSID":"WiFi Setup - University of Leeds","BSSID":"5c:a6:2d:cf:c5:ec","RSSI":-82},{"SSID":"eduroam","BSSID":"5c:a6:2d:cf:bf:ce","RSSI":-82},{"SSID":"WiFi Setup - University of Leeds","BSSID":"5c:a6:2d:cf:bf:cc","RSSI":-83},{"SSID":"WiFi Setup - University of Leeds","BSSID":"5c:a6:2d:86:6b:6c","RSSI":-83},{"SSID":"MeetInLeeds","BSSID":"5c:a6:2d:cf:c3:2d","RSSI":-84},{"SSID":"WiFi Setup - University of Leeds","BSSID":"5c:a6:2d:ce:b5:0c","RSSI":-87}],[{"SSID":"WiFi Setup - University of Leeds","BSSID":"5c:a6:2d:af:92:43","RSSI":-34},{"SSID":"MeetInLeeds","BSSID":"5c:a6:2d:af:92:42","RSSI":-35},{"SSID":"MeetInLeeds","BSSID":"5c:a6:2d:af:92:4d","RSSI":-37},{"SSID":"WiFi Setup - University of Leeds","BSSID":"5c:a6:2d:af:92:4c","RSSI":-37},{"SSID":"eduroam","BSSID":"5c:a6:2d:af:92:4e","RSSI":-37},{"SSID":"WiFi Setup - University of Leeds","BSSID":"5c:a6:2d:cf:ae:63","RSSI":-49},{"SSID":"MeetInLeeds","BSSID":"5c:a6:2d:cf:ae:62","RSSI":-49},{"SSID":"MeetInLeeds","BSSID":"5c:a6:2d:af:92:22","RSSI":-53},{"SSID":"WiFi Setup - University of Leeds","BSSID":"5c:a6:2d:af:92:23","RSSI":-54},{"SSID":"WiFi Setup - University of Leeds","BSSID":"5c:a6:2d:cf:ae:6c","RSSI":-55},{"SSID":"MeetInLeeds","BSSID":"5c:a6:2d:cf:ae:6d","RSSI":-56},{"SSID":"WiFi Setup - University of Leeds","BSSID":"5c:a6:2d:1e:09:43","RSSI":-57},{"SSID":"MeetInLeeds","BSSID":"5c:a6:2d:1e:09:42","RSSI":-58},{"SSID":"eduroam","BSSID":"5c:a6:2d:cf:ae:6e","RSSI":-59},{"SSID":"MeetInLeeds","BSSID":"5c:a6:2d:ef:4c:42","RSSI":-59},{"SSID":"WiFi Setup - University of Leeds","BSSID":"5c:a6:2d:ef:4c:43","RSSI":-59},{"SSID":"WiFi Setup - University of Leeds","BSSID":"5c:a6:2d:af:8d:e3","RSSI":-61},{"SSID":"MeetInLeeds","BSSID":"5c:a6:2d:5d:2f:42","RSSI":-61},{"SSID":"MeetInLeeds","BSSID":"5c:a6:2d:1e:09:4d","RSSI":-61},{"SSID":"MeetInLeeds","BSSID":"5c:a6:2d:af:8d:e2","RSSI":-62},{"SSID":"WiFi Setup - University of Leeds","BSSID":"5c:a6:2d:5d:2f:43","RSSI":-62},{"SSID":"eduroam","BSSID":"5c:a6:2d:5d:2f:41","RSSI":-62},{"SSID":"WiFi Setup - University of Leeds","BSSID":"5c:a6:2d:1e:09:4c","RSSI":-62},{"SSID":"eduroam","BSSID":"5c:a6:2d:1e:09:4e","RSSI":-62},{"SSID":"MeetInLeeds","BSSID":"ac:3a:67:08:05:82","RSSI":-63},{"SSID":"WiFi Setup - University of Leeds","BSSID":"ac:3a:67:08:05:83","RSSI":-64},{"SSID":"WiFi Setup - University of Leeds","BSSID":"5c:a6:2d:ef:4c:4c","RSSI":-64},{"SSID":"MeetInLeeds","BSSID":"5c:a6:2d:ef:4c:4d","RSSI":-64},{"SSID":"eduroam","BSSID":"5c:a6:2d:ef:4c:4e","RSSI":-64},{"SSID":"MeetInLeeds","BSSID":"5c:a6:2d:af:92:2d","RSSI":-65},{"SSID":"WiFi Setup - University of Leeds","BSSID":"ac:3a:67:08:32:43","RSSI":-66},{"SSID":"WiFi Setup - University of Leeds","BSSID":"5c:a6:2d:af:92:2c","RSSI":-66},{"SSID":"MeetInLeeds","BSSID":"ac:3a:67:08:32:42","RSSI":-67},{"SSID":"WiFi Setup - University of Leeds","BSSID":"5c:a6:2d:ce:ab:cc","RSSI":-67},{"SSID":"TP-Link_0F14","BSSID":"c0:c9:e3:b8:0f:14","RSSI":-67},{"SSID":"WiFi Setup - University of Leeds","BSSID":"5c:a6:2d:ce:ab:c3","RSSI":-67},{"SSID":"MeetInLeeds","BSSID":"5c:a6:2d:ce:ab:c2","RSSI":-67},{"SSID":"eduroam","BSSID":"5c:a6:2d:af:92:2e","RSSI":-67},{"SSID":"WiFi Setup - University of Leeds","BSSID":"5c:a6:2d:5d:2f:4c","RSSI":-67},{"SSID":"MeetInLeeds","BSSID":"5c:a6:2d:ce:ab:cd","RSSI":-68},{"SSID":"WiFi Setup - University of Leeds","BSSID":"5c:a6:2d:5d:2b:43","RSSI":-68},{"SSID":"eduroam","BSSID":"5c:a6:2d:ce:ab:ce","RSSI":-68},{"SSID":"MeetInLeeds","BSSID":"5c:a6:2d:5d:2f:4d","RSSI":-68},{"SSID":"WiFi Setup - University of Leeds","BSSID":"ac:3a:67:08:05:8c","RSSI":-70},{"SSID":"MeetInLeeds","BSSID":"ac:3a:67:08:05:8d","RSSI":-70},{"SSID":"eduroam","BSSID":"ac:3a:67:08:05:8e","RSSI":-70},{"SSID":"WiFi Setup - University of Leeds","BSSID":"5c:a6:2d:cf:c1:83","RSSI":-73},{"SSID":"WiFi Setup - University of Leeds","BSSID":"5c:a6:2d:eb:d7:43","RSSI":-73},{"SSID":"MeetInLeeds","BSSID":"5c:a6:2d:eb:d7:42","RSSI":-73},{"SSID":"WiFi Setup - University of Leeds","BSSID":"5c:a6:2d:5d:2b:4c","RSSI":-74},{"SSID":"MeetInLeeds","BSSID":"5c:a6:2d:b5:ca:e2","RSSI":-74},{"SSID":"WiFi Setup - University of Leeds","BSSID":"5c:a6:2d:b5:ca:e3","RSSI":-74},{"SSID":"MeetInLeeds","BSSID":"ac:3a:67:08:32:4d","RSSI":-75},{"SSID":"eduroam","BSSID":"ac:3a:67:08:32:4e","RSSI":-75},{"SSID":"WiFi Setup - University of Leeds","BSSID":"ac:3a:67:08:32:4c","RSSI":-75},{"SSID":"WiFi Setup - University of Leeds","BSSID":"5c:a6:2d:86:6d:23","RSSI":-76},{"SSID":"eduroam","BSSID":"5c:a6:2d:af:8d:ee","RSSI":-76},{"SSID":"MeetInLeeds","BSSID":"5c:a6:2d:af:8d:ed","RSSI":-76},{"SSID":"WiFi Setup - University of Leeds","BSSID":"5c:a6:2d:eb:d7:4c","RSSI":-76},{"SSID":"eduroam","BSSID":"5c:a6:2d:cf:c3:ce","RSSI":-77},{"SSID":"WiFi Setup - University of Leeds","BSSID":"5c:a6:2d:cf:c3:cc","RSSI":-77},{"SSID":"MeetInLeeds","BSSID":"5c:a6:2d:cf:c3:cd","RSSI":-77},{"SSID":"MeetInLeeds","BSSID":"5c:a6:2d:86:6b:62","RSSI":-77},{"SSID":"MeetInLeeds","BSSID":"5c:a6:2d:86:6d:22","RSSI":-77},{"SSID":"eduroam","BSSID":"5c:a6:2d:ef:45:2e","RSSI":-78},{"SSID":"MeetInLeeds","BSSID":"5c:a6:2d:ef:45:2d","RSSI":-78},{"SSID":"WiFi Setup - University of Leeds","BSSID":"5c:a6:2d:ef:45:2c","RSSI":-78},{"SSID":"WiFi Setup - University of Leeds","BSSID":"5c:a6:2d:af:8d:ec","RSSI":-80},{"SSID":"MeetInLeeds","BSSID":"5c:a6:2d:cf:bf:cd","RSSI":-81},{"SSID":"WiFi Setup - University of Leeds","BSSID":"5c:a6:2d:cf:bf:cc","RSSI":-81},{"SSID":"eduroam","BSSID":"5c:a6:2d:cf:bf:ce","RSSI":-81},{"SSID":"WiFi Setup - University of Leeds","BSSID":"5c:a6:2d:cf:b0:ac","RSSI":-83},{"SSID":"MeetInLeeds","BSSID":"5c:a6:2d:cf:c1:8d","RSSI":-83},{"SSID":"MeetInLeeds","BSSID":"5c:a6:2d:cf:b0:ad","RSSI":-84},{"SSID":"WiFi Setup - University of Leeds","BSSID":"5c:a6:2d:cf:b5:ec","RSSI":-85},{"SSID":"eduroam","BSSID":"5c:a6:2d:5d:2f:4e","RSSI":-91}],[{"SSID":"MeetInLeeds","BSSID":"5c:a6:2d:af:92:4d","RSSI":-30},{"SSID":"WiFi Setup - University of Leeds","BSSID":"5c:a6:2d:af:92:4c","RSSI":-31},{"SSID":"eduroam","BSSID":"5c:a6:2d:af:92:4e","RSSI":-31},{"SSID":"WiFi Setup - University of Leeds","BSSID":"5c:a6:2d:af:92:43","RSSI":-33},{"SSID":"MeetInLeeds","BSSID":"5c:a6:2d:af:92:42","RSSI":-33},{"SSID":"MeetInLeeds","BSSID":"5c:a6:2d:cf:ae:62","RSSI":-47},{"SSID":"WiFi Setup - University of Leeds","BSSID":"5c:a6:2d:cf:ae:63","RSSI":-48},{"SSID":"MeetInLeeds","BSSID":"5c:a6:2d:af:92:22","RSSI":-50},{"SSID":"WiFi Setup - University of Leeds","BSSID":"5c:a6:2d:af:92:23","RSSI":-50},{"SSID":"WiFi Setup - University of Leeds","BSSID":"5c:a6:2d:cf:ae:6c","RSSI":-55},{"SSID":"eduroam","BSSID":"5c:a6:2d:cf:ae:6e","RSSI":-55},{"SSID":"MeetInLeeds","BSSID":"5c:a6:2d:cf:ae:6d","RSSI":-55},{"SSID":"MeetInLeeds","BSSID":"5c:a6:2d:1e:09:42","RSSI":-57},{"SSID":"eduroam","BSSID":"5c:a6:2d:af:92:2e","RSSI":-58},{"SSID":"MeetInLeeds","BSSID":"5c:a6:2d:af:92:2d","RSSI":-58},{"SSID":"WiFi Setup - University of Leeds","BSSID":"5c:a6:2d:af:92:2c","RSSI":-58},{"SSID":"WiFi Setup - University of Leeds","BSSID":"5c:a6:2d:1e:09:43","RSSI":-58},{"SSID":"MeetInLeeds","BSSID":"5c:a6:2d:ef:4c:42","RSSI":-59},{"SSID":"WiFi Setup - University of Leeds","BSSID":"5c:a6:2d:ef:4c:43","RSSI":-59},{"SSID":"eduroam","BSSID":"ac:3a:67:08:32:41","RSSI":-61},{"SSID":"MeetInLeeds","BSSID":"ac:3a:67:08:32:42","RSSI":-61},{"SSID":"WiFi Setup - University of Leeds","BSSID":"ac:3a:67:08:32:43","RSSI":-61},{"SSID":"eduroam","BSSID":"5c:a6:2d:af:8d:e1","RSSI":-62},{"SSID":"MeetInLeeds","BSSID":"5c:a6:2d:5d:2f:42","RSSI":-63},{"SSID":"WiFi Setup - University of Leeds","BSSID":"5c:a6:2d:5d:2f:43","RSSI":-63},{"SSID":"MeetInLeeds","BSSID":"ac:3a:67:08:05:82","RSSI":-63},{"SSID":"WiFi Setup - University of Leeds","BSSID":"ac:3a:67:08:05:83","RSSI":-64},{"SSID":"WiFi Setup - University of Leeds","BSSID":"5c:a6:2d:ef:4c:4c","RSSI":-64},{"SSID":"MeetInLeeds","BSSID":"5c:a6:2d:ef:4c:4d","RSSI":-64},{"SSID":"WiFi Setup - University of Leeds","BSSID":"5c:a6:2d:ce:ab:cc","RSSI":-66},{"SSID":"eduroam","BSSID":"5c:a6:2d:ef:4c:4e","RSSI":-66},{"SSID":"MeetInLeeds","BSSID":"5c:a6:2d:ce:ab:cd","RSSI":-67},{"SSID":"eduroam","BSSID":"5c:a6:2d:ce:ab:ce","RSSI":-67},{"SSID":"WiFi Setup - University of Leeds","BSSID":"5c:a6:2d:5d:2b:43","RSSI":-69},{"SSID":"MeetInLeeds","BSSID":"5c:a6:2d:5d:2b:42","RSSI":-70},{"SSID":"WiFi Setup - University of Leeds","BSSID":"ac:3a:67:08:05:8c","RSSI":-70},{"SSID":"WiFi Setup - University of Leeds","BSSID":"5c:a6:2d:ce:ab:c3","RSSI":-71},{"SSID":"MeetInLeeds","BSSID":"ac:3a:67:08:05:8d","RSSI":-71},{"SSID":"WiFi Setup - University of Leeds","BSSID":"5c:a6:2d:5d:2b:4c","RSSI":-73},{"SSID":"eduroam","BSSID":"ac:3a:67:08:05:8e","RSSI":-73},{"SSID":"YankeeNet2021","BSSID":"92:b1:44:7a:2c:c5","RSSI":-74},{"SSID":"eduroam","BSSID":"ac:3a:67:08:32:4e","RSSI":-74},{"SSID":"WiFi Setup - University of Leeds","BSSID":"5c:a6:2d:eb:d7:43","RSSI":-74},{"SSID":"WiFi Setup - University of Leeds","BSSID":"5c:a6:2d:af:8d:ec","RSSI":-75},{"SSID":"MeetInLeeds","BSSID":"ac:3a:67:08:32:4d","RSSI":-75},{"SSID":"WiFi Setup - University of Leeds","BSSID":"ac:3a:67:08:32:4c","RSSI":-75},{"SSID":"eduroam","BSSID":"5c:a6:2d:af:8d:ee","RSSI":-76},{"SSID":"MeetInLeeds","BSSID":"5c:a6:2d:af:8d:ed","RSSI":-76},{"SSID":"MeetInLeeds","BSSID":"5c:a6:2d:eb:d7:42","RSSI":-76},{"SSID":"WiFi Setup - University of Leeds","BSSID":"5c:a6:2d:cf:c3:cc","RSSI":-77},{"SSID":"WiFi Setup - University of Leeds","BSSID":"5c:a6:2d:cf:b0:ac","RSSI":-77},{"SSID":"WiFi Setup - University of Leeds","BSSID":"ac:3a:67:08:01:8c","RSSI":-77},{"SSID":"WiFi Setup - University of Leeds","BSSID":"5c:a6:2d:cf:c3:c3","RSSI":-77},{"SSID":"MeetInLeeds","BSSID":"5c:a6:2d:ef:45:22","RSSI":-77},{"SSID":"eduroam","BSSID":"5c:a6:2d:cf:c3:ce","RSSI":-78},{"SSID":"MeetInLeeds","BSSID":"5c:a6:2d:cf:c3:cd","RSSI":-78},{"SSID":"WiFi Setup - University of Leeds","BSSID":"5c:a6:2d:86:6a:63","RSSI":-78},{"SSID":"MeetInLeeds","BSSID":"ac:3a:67:08:01:8d","RSSI":-79},{"SSID":"eduroam","BSSID":"ac:3a:67:08:01:8e","RSSI":-79},{"SSID":"WiFi Setup - University of Leeds","BSSID":"5c:a6:2d:af:91:c3","RSSI":-79},{"SSID":"MeetInLeeds","BSSID":"5c:a6:2d:af:91:c2","RSSI":-80},{"SSID":"eduroam","BSSID":"5c:a6:2d:af:8f:c1","RSSI":-80},{"SSID":"WiFi Setup - University of Leeds","BSSID":"5c:a6:2d:cf:b5:ec","RSSI":-80},{"SSID":"MeetInLeeds","BSSID":"5c:a6:2d:cf:b5:ed","RSSI":-80},{"SSID":"WiFi Setup - University of Leeds","BSSID":"5c:a6:2d:ce:b2:03","RSSI":-81},{"SSID":"WiFi Setup - University of Leeds","BSSID":"ac:3a:67:07:f9:23","RSSI":-82},{"SSID":"WiFi Setup - University of Leeds","BSSID":"5c:a6:2d:cf:c4:4c","RSSI":-82},{"SSID":"MeetInLeeds","BSSID":"5c:a6:2d:cf:c4:4d","RSSI":-82},{"SSID":"WiFi Setup - University of Leeds","BSSID":"5c:a6:2d:ef:45:2c","RSSI":-82},{"SSID":"MeetInLeeds","BSSID":"5c:a6:2d:cf:c5:ed","RSSI":-83},{"SSID":"MeetInLeeds","BSSID":"5c:a6:2d:86:6d:2d","RSSI":-85},{"SSID":"WiFi Setup - University of Leeds","BSSID":"5c:a6:2d:86:6d:2c","RSSI":-85},{"SSID":"MeetInLeeds","BSSID":"5c:a6:2d:cf:c3:2d","RSSI":-86},{"SSID":"DESKTOP-73NVV7R 4141","BSSID":"f2:6e:0b:b7:46:4e","RSSI":-86}],[{"SSID":"WiFi Setup - University of Leeds","BSSID":"5c:a6:2d:af:92:4c","RSSI":-32},{"SSID":"MeetInLeeds","BSSID":"5c:a6:2d:af:92:4d","RSSI":-33},{"SSID":"eduroam","BSSID":"5c:a6:2d:af:92:4e","RSSI":-33},{"SSID":"WiFi Setup - University of Leeds","BSSID":"5c:a6:2d:af:92:43","RSSI":-35},{"SSID":"MeetInLeeds","BSSID":"5c:a6:2d:af:92:42","RSSI":-35},{"SSID":"WiFi Setup - University of Leeds","BSSID":"5c:a6:2d:cf:ae:63","RSSI":-46},{"SSID":"MeetInLeeds","BSSID":"5c:a6:2d:cf:ae:62","RSSI":-46},{"SSID":"MeetInLeeds","BSSID":"5c:a6:2d:af:92:22","RSSI":-52},{"SSID":"WiFi Setup - University of Leeds","BSSID":"5c:a6:2d:af:92:23","RSSI":-52},{"SSID":"WiFi Setup - University of Leeds","BSSID":"5c:a6:2d:1e:09:43","RSSI":-57},{"SSID":"MeetInLeeds","BSSID":"5c:a6:2d:1e:09:42","RSSI":-57},{"SSID":"MeetInLeeds","BSSID":"5c:a6:2d:ef:4c:42","RSSI":-60},{"SSID":"WiFi Setup - University of Leeds","BSSID":"5c:a6:2d:ef:4c:43","RSSI":-60},{"SSID":"WiFi Setup - University of Leeds","BSSID":"5c:a6:2d:1e:09:4c","RSSI":-60},{"SSID":"eduroam","BSSID":"5c:a6:2d:1e:09:4e","RSSI":-60},{"SSID":"MeetInLeeds","BSSID":"5c:a6:2d:af:8d:e2","RSSI":-61},{"SSID":"MeetInLeeds","BSSID":"5c:a6:2d:ef:4c:4d","RSSI":-61},{"SSID":"MeetInLeeds","BSSID":"5c:a6:2d:1e:09:4d","RSSI":-61},{"SSID":"WiFi Setup - University of Leeds","BSSID":"5c:a6:2d:af:8d:e3","RSSI":-62},{"SSID":"WiFi Setup - University of Leeds","BSSID":"5c:a6:2d:ef:4c:4c","RSSI":-62},{"SSID":"eduroam","BSSID":"5c:a6:2d:ef:4c:4e","RSSI":-62},{"SSID":"MeetInLeeds","BSSID":"5c:a6:2d:5d:2f:42","RSSI":-63},{"SSID":"WiFi Setup - University of Leeds","BSSID":"5c:a6:2d:5d:2f:43","RSSI":-63},{"SSID":"MeetInLeeds","BSSID":"ac:3a:67:08:05:82","RSSI":-63},{"SSID":"WiFi Setup - University of Leeds","BSSID":"ac:3a:67:08:05:83","RSSI":-64},{"SSID":"WiFi Setup - University of Leeds","BSSID":"ac:3a:67:08:32:43","RSSI":-66},{"SSID":"MeetInLeeds","BSSID":"ac:3a:67:08:32:42","RSSI":-67},{"SSID":"MeetInLeeds","BSSID":"5c:a6:2d:5d:2b:42","RSSI":-67},{"SSID":"MeetInLeeds","BSSID":"5c:a6:2d:ce:ab:c2","RSSI":-69},{"SSID":"WiFi Setup - University of Leeds","BSSID":"5c:a6:2d:5d:2f:4c","RSSI":-69},{"SSID":"MeetInLeeds","BSSID":"5c:a6:2d:5d:2f:4d","RSSI":-69},{"SSID":"MeetInLeeds","BSSID":"ac:3a:67:08:05:8d","RSSI":-69},{"SSID":"eduroam","BSSID":"ac:3a:67:08:05:8e","RSSI":-69},{"SSID":"WiFi Setup - University of Leeds","BSSID":"5c:a6:2d:ce:ab:c3","RSSI":-70},{"SSID":"eduroam","BSSID":"5c:a6:2d:5d:2f:4e","RSSI":-70},{"SSID":"MeetInLeeds","BSSID":"5c:a6:2d:ce:ab:cd","RSSI":-71},{"SSID":"WiFi Setup - University of Leeds","BSSID":"5c:a6:2d:ce:ab:cc","RSSI":-71},{"SSID":"eduroam","BSSID":"5c:a6:2d:ce:ab:ce","RSSI":-71},{"SSID":"WiFi Setup - University of Leeds","BSSID":"ac:3a:67:08:05:8c","RSSI":-71},{"SSID":"WiFi Setup - University of Leeds","BSSID":"5c:a6:2d:ef:45:23","RSSI":-72},{"SSID":"eduroam","BSSID":"5c:a6:2d:ef:45:21","RSSI":-72},{"SSID":"YankeeNet2021","BSSID":"92:b1:44:7a:2c:c5","RSSI":-73},{"SSID":"eduroam","BSSID":"ac:3a:67:08:32:4e","RSSI":-74},{"SSID":"WiFi Setup - University of Leeds","BSSID":"ac:3a:67:08:32:4c","RSSI":-74},{"SSID":"WiFi Setup - University of Leeds","BSSID":"5c:a6:2d:eb:d7:43","RSSI":-74},{"SSID":"MeetInLeeds","BSSID":"5c:a6:2d:eb:d7:42","RSSI":-74},{"SSID":"eduroam","BSSID":"5c:a6:2d:86:6b:61","RSSI":-77},{"SSID":"MeetInLeeds","BSSID":"5c:a6:2d:cf:c3:cd","RSSI":-78},{"SSID":"eduroam","BSSID":"5c:a6:2d:af:8d:ee","RSSI":-79},{"SSID":"WiFi Setup - University of Leeds","BSSID":"5c:a6:2d:af:8d:ec","RSSI":-79},{"SSID":"MeetInLeeds","BSSID":"5c:a6:2d:af:8d:ed","RSSI":-79},{"SSID":"eduroam","BSSID":"5c:a6:2d:cf:c3:ce","RSSI":-79},{"SSID":"WiFi Setup - University of Leeds","BSSID":"5c:a6:2d:cf:c3:cc","RSSI":-79},{"SSID":"WiFi Setup - University of Leeds","BSSID":"ac:3a:67:08:01:8c","RSSI":-79},{"SSID":"MeetInLeeds","BSSID":"ac:3a:67:08:01:8d","RSSI":-79},{"SSID":"WiFi Setup - University of Leeds","BSSID":"ac:3a:67:08:0c:43","RSSI":-79},{"SSID":"MeetInLeeds","BSSID":"5c:a6:2d:cf:c3:22","RSSI":-80},{"SSID":"WiFi Setup - University of Leeds","BSSID":"5c:a6:2d:af:91:83","RSSI":-80},{"SSID":"WiFi Setup - University of Leeds","BSSID":"5c:a6:2d:cf:c4:4c","RSSI":-82},{"SSID":"WiFi Setup - University of Leeds","BSSID":"5c:a6:2d:cf:b5:e3","RSSI":-82},{"SSID":"WiFi Setup - University of Leeds","BSSID":"5c:a6:2d:86:6b:6c","RSSI":-83},{"SSID":"WiFi Setup - University of Leeds","BSSID":"5c:a6:2d:86:6d:2c","RSSI":-84},{"SSID":"WiFi Setup - University of Leeds","BSSID":"ac:3a:67:07:fc:23","RSSI":-84},{"SSID":"eduroam","BSSID":"5c:a6:2d:ef:45:2e","RSSI":-84},{"SSID":"WiFi Setup - University of Leeds","BSSID":"5c:a6:2d:ef:45:2c","RSSI":-84},{"SSID":"MeetInLeeds","BSSID":"5c:a6:2d:cf:b0:ad","RSSI":-85}],[{"SSID":"MeetInLeeds","BSSID":"5c:a6:2d:af:92:4d","RSSI":-33},{"SSID":"WiFi Setup - University of Leeds","BSSID":"5c:a6:2d:af:92:4c","RSSI":-33},{"SSID":"eduroam","BSSID":"5c:a6:2d:af:92:4e","RSSI":-33},{"SSID":"MeetInLeeds","BSSID":"5c:a6:2d:af:92:42","RSSI":-35},{"SSID":"MeetInLeeds","BSSID":"5c:a6:2d:cf:ae:62","RSSI":-46},{"SSID":"WiFi Setup - University of Leeds","BSSID":"5c:a6:2d:cf:ae:63","RSSI":-47},{"SSID":"eduroam","BSSID":"5c:a6:2d:1e:09:41","RSSI":-56},{"SSID":"WiFi Setup - University of Leeds","BSSID":"5c:a6:2d:1e:09:43","RSSI":-57},{"SSID":"MeetInLeeds","BSSID":"5c:a6:2d:ef:4c:42","RSSI":-58},{"SSID":"WiFi Setup - University of Leeds","BSSID":"5c:a6:2d:ef:4c:43","RSSI":-59},{"SSID":"MeetInLeeds","BSSID":"5c:a6:2d:af:8d:e2","RSSI":-60},{"SSID":"WiFi Setup - University of Leeds","BSSID":"5c:a6:2d:1e:09:4c","RSSI":-60},{"SSID":"eduroam","BSSID":"5c:a6:2d:1e:09:4e","RSSI":-60},{"SSID":"MeetInLeeds","BSSID":"5c:a6:2d:1e:09:4d","RSSI":-61},{"SSID":"WiFi Setup - University of Leeds","BSSID":"5c:a6:2d:af:8d:e3","RSSI":-62},{"SSID":"MeetInLeeds","BSSID":"5c:a6:2d:5d:2f:42","RSSI":-62},{"SSID":"eduroam","BSSID":"5c:a6:2d:5d:2f:41","RSSI":-62},{"SSID":"WiFi Setup - University of Leeds","BSSID":"5c:a6:2d:5d:2f:43","RSSI":-63},{"SSID":"MeetInLeeds","BSSID":"5c:a6:2d:af:92:22","RSSI":-63},{"SSID":"WiFi Setup - University of Leeds","BSSID":"ac:3a:67:08:05:83","RSSI":-63},{"SSID":"MeetInLeeds","BSSID":"ac:3a:67:08:32:42","RSSI":-65},{"SSID":"WiFi Setup - University of Leeds","BSSID":"ac:3a:67:08:32:43","RSSI":-65},{"SSID":"MeetInLeeds","BSSID":"5c:a6:2d:ef:4c:4d","RSSI":-65},{"SSID":"eduroam","BSSID":"5c:a6:2d:ef:4c:4e","RSSI":-65},{"SSID":"eduroam","BSSID":"ac:3a:67:08:05:8e","RSSI":-68},{"SSID":"MeetInLeeds","BSSID":"ac:3a:67:08:05:8d","RSSI":-69},{"SSID":"WiFi Setup - University of Leeds","BSSID":"5c:a6:2d:ce:ab:cc","RSSI":-70},{"SSID":"eduroam","BSSID":"5c:a6:2d:ce:ab:ce","RSSI":-70},{"SSID":"WiFi Setup - University of Leeds","BSSID":"5c:a6:2d:ce:ab:c3","RSSI":-70},{"SSID":"WiFi Setup - University of Leeds","BSSID":"5c:a6:2d:5d:2f:4c","RSSI":-71},{"SSID":"YankeeNet2021","BSSID":"92:b1:44:7a:2c:c5","RSSI":-72},{"SSID":"MeetInLeeds","BSSID":"ac:3a:67:08:32:4d","RSSI":-72},{"SSID":"WiFi Setup - University of Leeds","BSSID":"ac:3a:67:08:32:4c","RSSI":-72},{"SSID":"WiFi Setup - University of Leeds","BSSID":"ac:3a:67:08:05:8c","RSSI":-72},{"SSID":"eduroam","BSSID":"5c:a6:2d:5d:2f:4e","RSSI":-72},{"SSID":"MeetInLeeds","BSSID":"5c:a6:2d:5d:2f:4d","RSSI":-73},{"SSID":"WiFi Setup - University of Leeds","BSSID":"5c:a6:2d:ef:45:23","RSSI":-74},{"SSID":"eduroam","BSSID":"5c:a6:2d:cf:c1:81","RSSI":-74},{"SSID":"WiFi Setup - University of Leeds","BSSID":"5c:a6:2d:b5:ca:e3","RSSI":-75},{"SSID":"WiFi Setup - University of Leeds","BSSID":"5c:a6:2d:86:6a:63","RSSI":-76},{"SSID":"MeetInLeeds","BSSID":"ac:3a:67:08:01:8d","RSSI":-77},{"SSID":"eduroam","BSSID":"5c:a6:2d:af:8d:ee","RSSI":-78},{"SSID":"WiFi Setup - University of Leeds","BSSID":"5c:a6:2d:af:8d:ec","RSSI":-78},{"SSID":"WiFi Setup - University of Leeds","BSSID":"5c:a6:2d:cf:b5:ec","RSSI":-78},{"SSID":"MeetInLeeds","BSSID":"5c:a6:2d:cf:b5:ed","RSSI":-78},{"SSID":"MeetInLeeds","BSSID":"5c:a6:2d:cf:b0:ad","RSSI":-79},{"SSID":"MeetInLeeds","BSSID":"ac:3a:67:08:0c:42","RSSI":-79},{"SSID":"MeetInLeeds","BSSID":"5c:a6:2d:ef:45:2d","RSSI":-79},{"SSID":"WiFi Setup - University of Leeds","BSSID":"5c:a6:2d:85:81:e3","RSSI":-80},{"SSID":"WiFi Setup - University of Leeds","BSSID":"5c:a6:2d:cf:b0:ac","RSSI":-80},{"SSID":"eduroam","BSSID":"5c:a6:2d:cf:b0:ae","RSSI":-80},{"SSID":"WiFi Setup - University of Leeds","BSSID":"5c:a6:2d:ef:45:2c","RSSI":-80},{"SSID":"WiFi Setup - University of Leeds","BSSID":"5c:a6:2d:cf:bf:cc","RSSI":-80},{"SSID":"eduroam","BSSID":"5c:a6:2d:cf:b5:e1","RSSI":-80},{"SSID":"MeetInLeeds","BSSID":"5c:a6:2d:86:6a:6d","RSSI":-82},{"SSID":"eduroam","BSSID":"5c:a6:2d:cf:c3:ce","RSSI":-84},{"SSID":"MeetInLeeds","BSSID":"5c:a6:2d:cf:c4:4d","RSSI":-84},{"SSID":"MeetInLeeds","BSSID":"5c:a6:2d:af:8d:ed","RSSI":-85},{"SSID":"MeetInLeeds","BSSID":"5c:a6:2d:86:6d:2d","RSSI":-85},{"SSID":"eduroam","BSSID":"5c:a6:2d:86:6d:2e","RSSI":-85},{"SSID":"eduroam","BSSID":"5c:a6:2d:86:6b:6e","RSSI":-86},{"SSID":"MeetInLeeds","BSSID":"5c:a6:2d:86:6b:6d","RSSI":-87}]]