[[{"SSID":"MeetInLeeds","BSSID":"5c:a6:2d:5d:2b:42","RSSI":-35},{"SSID":"eduroam","BSSID":"5c:a6:2d:5d:2b:41","RSSI":-35},{"SSID":"MeetInLeeds","BSSID":"5c:a6:2d:5d:2b:4d","RSSI":-45},{"SSID":"eduroam","BSSID":"5c:a6:2d:5d:2b:4e","RSSI":-46},{"SSID":"MeetInLeeds","BSSID":"5c:a6:2d:cf:b0:a2","RSSI":-48},{"SSID":"eduroam","BSSID":"5c:a6:2d:cf:b0:a1","RSSI":-48},{"SSID":"MeetInLeeds","BSSID":"ac:3a:67:08:01:82","RSSI":-54},{"SSID":"eduroam","BSSID":"ac:3a:67:08:01:81","RSSI":-55},{"SSID":"MeetInLeeds","BSSID":"5c:a6:2d:cf:b0:ad","RSSI":-56},{"SSID":"eduroam","BSSID":"5c:a6:2d:cf:b0:ae","RSSI":-57},{"SSID":"MeetInLeeds","BSSID":"5c:a6:2d:b6:22:42","RSSI":-58},{"SSID":"eduroam","BSSID":"5c:a6:2d:b6:22:41","RSSI":-58},{"SSID":"MeetInLeeds","BSSID":"5c:a6:2d:cf:c5:e2","RSSI":-59},{"SSID":"eduroam","BSSID":"5c:a6:2d:45:dc:c1","RSSI":-63},{"SSID":"MeetInLeeds","BSSID":"5c:a6:2d:ce:ab:c2","RSSI":-64},{"SSID":"eduroam","BSSID":"5c:a6:2d:45:dc:ce","RSSI":-66},{"SSID":"MeetInLeeds","BSSID":"5c:a6:2d:45:dc:cd","RSSI":-66},{"SSID":"MeetInLeeds","BSSID":"5c:a6:2d:45:dc:c2","RSSI":-66},{"SSID":"MeetInLeeds","BSSID":"5c:a6:2d:cf:c1:82","RSSI":-67},{"SSID":"MeetInLeeds","BSSID":"5c:a6:2d:cf:89:6d","RSSI":-68},{"SSID":"eduroam","BSSID":"5c:a6:2d:cf:89:6e","RSSI":-68},{"SSID":"eduroam","BSSID":"5c:a6:2d:cf:c1:81","RSSI":-68},{"SSID":"MeetInLeeds","BSSID":"5c:a6:2d:cf:e0:22","RSSI":-68},{"SSID":"MeetInLeeds","BSSID":"5c:a6:2d:cf:c5:ed","RSSI":-70},{"SSID":"eduroam","BSSID":"5c:a6:2d:cf:c5:ee","RSSI":-71},{"SSID":"eduroam","BSSID":"5c:a6:2d:cf:c1:8e","RSSI":-71},{"SSID":"MeetInLeeds","BSSID":"5c:a6:2d:cf:c1:8d","RSSI":-71},{"SSID":"eduroam","BSSID":"5c:a6:2d:86:6a:61","RSSI":-71},{"SSID":"MeetInLeeds","BSSID":"5c:a6:2d:ce:ab:cd","RSSI":-72},{"SSID":"eduroam","BSSID":"5c:a6:2d:ce:ab:ce","RSSI":-72},{"SSID":"MeetInLeeds","BSSID":"ac:3a:67:08:01:8d","RSSI":-72},{"SSID":"eduroam","BSSID":"ac:3a:67:08:01:8e","RSSI":-72},{"SSID":"MeetInLeeds","BSSID":"5c:a6:2d:86:6a:62","RSSI":-72},{"SSID":"MeetInLeeds","BSSID":"5c:a6:2d:ce:b2:02","RSSI":-72},{"SSID":"MeetInLeeds","BSSID":"5c:a6:2d:cf:89:62","RSSI":-73},{"SSID":"MeetInLeeds","BSSID":"ac:3a:67:07:f9:22","RSSI":-73},{"SSID":"eduroam","BSSID":"5c:a6:2d:ce:b2:01","RSSI":-73},{"SSID":"eduroam","BSSID":"5c:a6:2d:b6:22:4e","RSSI":-73},{"SSID":"MeetInLeeds","BSSID":"5c:a6:2d:b6:22:4d","RSSI":-73},{"SSID":"MeetInLeeds","BSSID":"5c:a6:2d:cf:e0:2d","RSSI":-75},{"SSID":"eduroam","BSSID":"5c:a6:2d:45:db:2e","RSSI":-75},{"SSID":"MeetInLeeds","BSSID":"5c:a6:2d:45:db:2d","RSSI":-75},{"SSID":"MeetInLeeds","BSSID":"5c:a6:2d:45:db:22","RSSI":-76},{"SSID":"MeetInLeeds","BSSID":"5c:a6:2d:86:6a:6d","RSSI":-76},{"SSID":"eduroam","BSSID":"5c:a6:2d:86:6a:6e","RSSI":-77},{"SSID":"MeetInLeeds","BSSID":"5c:a6:2d:5d:2f:42","RSSI":-78},{"SSID":"MeetInLeeds","BSSID":"5c:a6:2d:ce:b2:82","RSSI":-78},{"SSID":"MeetInLeeds","BSSID":"5c:a6:2d:cf:c4:c2","RSSI":-79},{"SSID":"eduroam","BSSID":"5c:a6:2d:af:91:8e","RSSI":-79},{"SSID":"MeetInLeeds","BSSID":"5c:a6:2d:af:91:8d","RSSI":-79},{"SSID":"eduroam","BSSID":"5c:a6:2d:5d:2f:41","RSSI":-80},{"SSID":"eduroam","BSSID":"5c:a6:2d:5d:2e:2e","RSSI":-84},{"SSID":"DESKTOP-73NVV7R 4141","BSSID":"f2:6e:0b:b7:46:4e","RSSI":-84},{"SSID":"MeetInLeeds","BSSID":"5c:a6:2d:5d:2e:2d","RSSI":-85},{"SSID":"MeetInLeeds","BSSID":"5c:a6:2d:ce:b2:0d","RSSI":-85},{"SSID":"eduroam","BSSID":"5c:a6:2d:ce:b2:0e","RSSI":-85},{"SSID":"MeetInLeeds","BSSID":"5c:a6:2d:ef:45:2d","RSSI":-86},{"SSID":"MeetInLeeds","BSSID":"5c:a6:2d:ce:b2:8d","RSSI":-87}],[{"SSID":"eduroam","BSSID":"5c:a6:2d:5d:2b:4e","RSSI":-42},{"SSID":"MeetInLeeds","BSSID":"5c:a6:2d:5d:2b:4d","RSSI":-43},{"SSID":"MeetInLeeds","BSSID":"5c:a6:2d:cf:b0:ad","RSSI":-46},{"SSID":"eduroam","BSSID":"ac:3a:67:08:01:81","RSSI":-47},{"SSID":"eduroam","BSSID":"ac:3a:67:08:01:8e","RSSI":-48},{"SSID":"MeetInLeeds","BSSID":"ac:3a:67:08:01:82","RSSI":-48},{"SSID":"MeetInLeeds","BSSID":"ac:3a:67:08:01:8d","RSSI":-51},{"SSID":"eduroam","BSSID":"5c:a6:2d:b6:22:41","RSSI":-53},{"SSID":"MeetInLeeds","BSSID":"5c:a6:2d:cf:b0:a2","RSSI":-54},{"SSID":"eduroam","BSSID":"5c:a6:2d:cf:b0:a1","RSSI":-54},{"SSID":"MeetInLeeds","BSSID":"5c:a6:2d:b6:22:42","RSSI":-54},{"SSID":"eduroam","BSSID":"5c:a6:2d:45:dc:c1","RSSI":-58},{"SSID":"eduroam","BSSID":"5c:a6:2d:cf:c5:ee","RSSI":-61},{"SSID":"MeetInLeeds","BSSID":"5c:a6:2d:cf:c5:ed","RSSI":-61},{"SSID":"MeetInLeeds","BSSID":"5c:a6:2d:86:6a:62","RSSI":-62},{"SSID":"eduroam","BSSID":"5c:a6:2d:86:6a:61","RSSI":-62},{"SSID":"MeetInLeeds","BSSID":"5c:a6:2d:cf:c5:e2","RSSI":-62},{"SSID":"MeetInLeeds","BSSID":"5c:a6:2d:cf:89:6d","RSSI":-63},{"SSID":"eduroam","BSSID":"5c:a6:2d:cf:89:6e","RSSI":-63},{"SSID":"MeetInLeeds","BSSID":"5c:a6:2d:ce:ab:c2","RSSI":-65},{"SSID":"MeetInLeeds","BSSID":"5c:a6:2d:cf:c1:82","RSSI":-65},{"SSID":"eduroam","BSSID":"5c:a6:2d:b6:22:4e","RSSI":-65},{"SSID":"MeetInLeeds","BSSID":"5c:a6:2d:b6:22:4d","RSSI":-65},{"SSID":"eduroam","BSSID":"5c:a6:2d:cf:c1:81","RSSI":-67},{"SSID":"eduroam","BSSID":"5c:a6:2d:45:dc:ce","RSSI":-68},{"SSID":"MeetInLeeds","BSSID":"5c:a6:2d:45:dc:cd","RSSI":-68},{"SSID":"MeetInLeeds","BSSID":"5c:a6:2d:cf:e0:22","RSSI":-68},{"SSID":"MeetInLeeds","BSSID":"5c:a6:2d:ce:b2:02","RSSI":-68},{"SSID":"MeetInLeeds","BSSID":"5c:a6:2d:cf:e0:2d","RSSI":-68},{"SSID":"MeetInLeeds","BSSID":"5c:a6:2d:cf:89:62","RSSI":-69},{"SSID":"eduroam","BSSID":"5c:a6:2d:cf:b0:ae","RSSI":-69},{"SSID":"eduroam","BSSID":"5c:a6:2d:ef:45:2e","RSSI":-69},{"SSID":"MeetInLeeds","BSSID":"5c:a6:2d:86:6a:6d","RSSI":-70},{"SSID":"MeetInLeeds","BSSID":"5c:a6:2d:af:91:c2","RSSI":-71},{"SSID":"MeetInLeeds","BSSID":"5c:a6:2d:45:db:22","RSSI":-71},{"SSID":"MeetInLeeds","BSSID":"5c:a6:2d:ef:45:2d","RSSI":-71},{"SSID":"MeetInLeeds","BSSID":"5c:a6:2d:ce:ab:cd","RSSI":-72},{"SSID":"eduroam","BSSID":"5c:a6:2d:86:6a:6e","RSSI":-72},{"SSID":"eduroam","BSSID":"5c:a6:2d:ce:ab:ce","RSSI":-73},{"SSID":"MeetInLeeds","BSSID":"5c:a6:2d:cf:c1:8d","RSSI":-75},{"SSID":"MeetInLeeds","BSSID":"5c:a6:2d:af:91:82","RSSI":-75},{"SSID":"MeetInLeeds","BSSID":"5c:a6:2d:ef:45:22","RSSI":-75},{"SSID":"MeetInLeeds","BSSID":"5c:a6:2d:ef:47:42","RSSI":-75},{"SSID":"eduroam","BSSID":"5c:a6:2d:cf:bf:c1","RSSI":-76},{"SSID":"eduroam","BSSID":"5c:a6:2d:cf:c1:8e","RSSI":-76},{"SSID":"eduroam","BSSID":"5c:a6:2d:ef:47:41","RSSI":-76},{"SSID":"eduroam","BSSID":"5c:a6:2d:ce:b2:81","RSSI":-76},{"SSID":"MeetInLeeds","BSSID":"5c:a6:2d:86:6c:6d","RSSI":-77},{"SSID":"eduroam","BSSID":"5c:a6:2d:86:6c:6e","RSSI":-77},{"SSID":"MeetInLeeds","BSSID":"5c:a6:2d:ce:b2:0d","RSSI":-77},{"SSID":"MeetInLeeds","BSSID":"ac:3a:67:08:29:a2","RSSI":-77},{"SSID":"MeetInLeeds","BSSID":"5c:a6:2d:cf:bf:c2","RSSI":-78},{"SSID":"eduroam","BSSID":"ac:3a:67:08:29:a1","RSSI":-78},{"SSID":"MeetInLeeds","BSSID":"5c:a6:2d:45:db:2d","RSSI":-78},{"SSID":"eduroam","BSSID":"5c:a6:2d:86:69:c1","RSSI":-79},{"SSID":"eduroam","BSSID":"5c:a6:2d:45:db:2e","RSSI":-79},{"SSID":"eduroam","BSSID":"5c:a6:2d:af:8f:c1","RSSI":-79},{"SSID":"MeetInLeeds","BSSID":"5c:a6:2d:af:91:cd","RSSI":-79},{"SSID":"eduroam","BSSID":"5c:a6:2d:5d:2e:21","RSSI":-79},{"SSID":"MeetInLeeds","BSSID":"5c:a6:2d:86:6d:22","RSSI":-79},{"SSID":"MeetInLeeds","BSSID":"5c:a6:2d:ce:c1:e2","RSSI":-80},{"SSID":"MeetInLeeds","BSSID":"5c:a6:2d:af:8f:cd","RSSI":-80},{"SSID":"eduroam","BSSID":"5c:a6:2d:af:91:ce","RSSI":-80},{"SSID":"MeetInLeeds","BSSID":"5c:a6:2d:86:6d:2d","RSSI":-81},{"SSID":"eduroam","BSSID":"5c:a6:2d:86:6d:2e","RSSI":-81},{"SSID":"MeetInLeeds","BSSID":"5c:a6:2d:cf:c4:cd","RSSI":-81},{"SSID":"eduroam","BSSID":"ac:3a:67:08:29:ae","RSSI":-81},{"SSID":"eduroam","BSSID":"5c:a6:2d:70:7b:4e","RSSI":-82},{"SSID":"MeetInLeeds","BSSID":"5c:a6:2d:cf:bf:cd","RSSI":-82},{"SSID":"eduroam","BSSID":"5c:a6:2d:cf:c4:ce","RSSI":-82},{"SSID":"MeetInLeeds","BSSID":"5c:a6:2d:ce:b2:8d","RSSI":-83},{"SSID":"MeetInLeeds","BSSID":"5c:a6:2d:ef:4c:4d","RSSI":-84},{"SSID":"MeetInLeeds","BSSID":"5c:a6:2d:b5:ca:ed","RSSI":-85},{"SSID":"MeetInLeeds","BSSID":"ac:3a:67:08:05:6d","RSSI":-89}],[{"SSID":"MeetInLeeds","BSSID":"5c:a6:2d:5d:2b:42","RSSI":-34},{"SSID":"MeetInLeeds","BSSID":"5c:a6:2d:5d:2b:4d","RSSI":-45},{"SSID":"eduroam","BSSID":"5c:a6:2d:5d:2b:4e","RSSI":-45},{"SSID":"eduroam","BSSID":"ac:3a:67:08:01:8e","RSSI":-46},{"SSID":"MeetInLeeds","BSSID":"ac:3a:67:08:01:8d","RSSI":-47},{"SSID":"MeetInLeeds","BSSID":"5c:a6:2d:cf:b0:ad","RSSI":-49},{"SSID":"MeetInLeeds","BSSID":"ac:3a:67:08:01:82","RSSI":-49},{"SSID":"MeetInLeeds","BSSID":"5c:a6:2d:cf:b0:a2","RSSI":-49},{"SSID":"eduroam","BSSID":"ac:3a:67:08:01:81","RSSI":-50},{"SSID":"eduroam","BSSID":"5c:a6:2d:cf:b0:a1","RSSI":-50},{"SSID":"eduroam","BSSID":"5c:a6:2d:cf:b0:ae","RSSI":-51},{"SSID":"MeetInLeeds","BSSID":"5c:a6:2d:45:dc:c2","RSSI":-54},{"SSID":"MeetInLeeds","BSSID":"5c:a6:2d:b6:22:42","RSSI":-55},{"SSID":"eduroam","BSSID":"5c:a6:2d:b6:22:41","RSSI":-55},{"SSID":"MeetInLeeds","BSSID":"5c:a6:2d:ce:ab:c2","RSSI":-58},{"SSID":"eduroam","BSSID":"5c:a6:2d:ce:ab:c1","RSSI":-58},{"SSID":"eduroam","BSSID":"5c:a6:2d:cf:c5:ee","RSSI":-59},{"SSID":"MeetInLeeds","BSSID":"5c:a6:2d:cf:c5:ed","RSSI":-59},{"SSID":"MeetInLeeds","BSSID":"5c:a6:2d:cf:89:6d","RSSI":-61},{"SSID":"eduroam","BSSID":"5c:a6:2d:cf:c1:81","RSSI":-62},{"SSID":"eduroam","BSSID":"5c:a6:2d:af:91:8e","RSSI":-64},{"SSID":"MeetInLeeds","BSSID":"5c:a6:2d:af:91:8d","RSSI":-64},{"SSID":"MeetInLeeds","BSSID":"5c:a6:2d:cf:c5:e2","RSSI":-64},{"SSID":"MeetInLeeds","BSSID":"5c:a6:2d:cf:c1:82","RSSI":-64},{"SSID":"MeetInLeeds","BSSID":"5c:a6:2d:86:6a:62","RSSI":-65},{"SSID":"MeetInLeeds","BSSID":"5c:a6:2d:cf:e0:2d","RSSI":-65},{"SSID":"eduroam","BSSID":"5c:a6:2d:cf:e0:2e","RSSI":-65},{"SSID":"eduroam","BSSID":"5c:a6:2d:45:dc:ce","RSSI":-66},{"SSID":"MeetInLeeds","BSSID":"5c:a6:2d:45:dc:cd","RSSI":-66},{"SSID":"MeetInLeeds","BSSID":"5c:a6:2d:cf:89:62","RSSI":-67},{"SSID":"eduroam","BSSID":"5c:a6:2d:b6:22:4e","RSSI":-67},{"SSID":"MeetInLeeds","BSSID":"5c:a6:2d:ce:ab:cd","RSSI":-68},{"SSID":"eduroam","BSSID":"5c:a6:2d:ce:ab:ce","RSSI":-68},{"SSID":"MeetInLeeds","BSSID":"5c:a6:2d:b6:22:4d","RSSI":-68},{"SSID":"eduroam","BSSID":"ac:3a:67:07:f9:21","RSSI":-69},{"SSID":"MeetInLeeds","BSSID":"5c:a6:2d:af:91:82","RSSI":-69},{"SSID":"MeetInLeeds","BSSID":"5c:a6:2d:cf:e0:22","RSSI":-69},{"SSID":"eduroam","BSSID":"5c:a6:2d:ef:45:2e","RSSI":-69},{"SSID":"MeetInLeeds","BSSID":"5c:a6:2d:ef:45:2d","RSSI":-69},{"SSID":"eduroam","BSSID":"5c:a6:2d:af:91:81","RSSI":-70},{"SSID":"eduroam","BSSID":"5c:a6:2d:cf:e0:21","RSSI":-70},{"SSID":"eduroam","BSSID":"5c:a6:2d:45:db:21","RSSI":-70},{"SSID":"eduroam","BSSID":"5c:a6:2d:cf:c1:8e","RSSI":-71},{"SSID":"MeetInLeeds","BSSID":"5c:a6:2d:cf:c1:8d","RSSI":-71},{"SSID":"MeetInLeeds","BSSID":"5c:a6:2d:86:6a:6d","RSSI":-71},{"SSID":"MeetInLeeds","BSSID":"5c:a6:2d:45:db:2d","RSSI":-71},{"SSID":"MeetInLeeds","BSSID":"5c:a6:2d:cf:c4:c2","RSSI":-72},{"SSID":"MeetInLeeds","BSSID":"5c:a6:2d:af:92:42","RSSI":-72},{"SSID":"eduroam","BSSID":"5c:a6:2d:86:6a:6e","RSSI":-72},{"SSID":"MeetInLeeds","BSSID":"5c:a6:2d:45:db:22","RSSI":-73},{"SSID":"eduroam","BSSID":"5c:a6:2d:ce:b2:01","RSSI":-73},{"SSID":"eduroam","BSSID":"5c:a6:2d:af:91:ce","RSSI":-73},{"SSID":"eduroam","BSSID":"5c:a6:2d:5d:ab:6e","RSSI":-74},{"SSID":"MeetInLeeds","BSSID":"5c:a6:2d:5d:ab:6d","RSSI":-74},{"SSID":"MeetInLeeds","BSSID":"5c:a6:2d:cf:bf:c2","RSSI":-75},{"SSID":"MeetInLeeds","BSSID":"5c:a6:2d:af:91:cd","RSSI":-75},{"SSID":"MeetInLeeds","BSSID":"5c:a6:2d:ef:45:22","RSSI":-76},{"SSID":"MeetInLeeds","BSSID":"5c:a6:2d:b5:ca:e2","RSSI":-76},{"SSID":"MeetInLeeds","BSSID":"ac:3a:67:08:29:ad","RSSI":-76},{"SSID":"eduroam","BSSID":"5c:a6:2d:ce:b2:81","RSSI":-76},{"SSID":"MeetInLeeds","BSSID":"5c:a6:2d:af:92:4d","RSSI":-77},{"SSID":"eduroam","BSSID":"5c:a6:2d:af:92:4e","RSSI":-77},{"SSID":"MeetInLeeds","BSSID":"5c:a6:2d:ef:47:42","RSSI":-77},{"SSID":"eduroam","BSSID":"5c:a6:2d:ce:b2:0e","RSSI":-77},{"SSID":"MeetInLeeds","BSSID":"5c:a6:2d:ce:b2:82","RSSI":-78},{"SSID":"eduroam","BSSID":"5c:a6:2d:5d:2e:21","RSSI":-78},{"SSID":"MeetInLeeds","BSSID":"5c:a6:2d:5d:2e:22","RSSI":-78},{"SSID":"eduroam","BSSID":"5c:a6:2d:cf:bf:ce","RSSI":-79},{"SSID":"eduroam","BSSID":"5c:a6:2d:86:6d:21","RSSI":-79},{"SSID":"MeetInLeeds","BSSID":"5c:a6:2d:86:6c:6d","RSSI":-80},{"SSID":"eduroam","BSSID":"5c:a6:2d:86:6c:6e","RSSI":-80},{"SSID":"MeetInLeeds","BSSID":"5c:a6:2d:cf:ae:62","RSSI":-80},{"SSID":"MeetInLeeds","BSSID":"5c:a6:2d:cf:bf:cd","RSSI":-80},{"SSID":"MeetInLeeds","BSSID":"ac:3a:67:08:29:a2","RSSI":-81},{"SSID":"MeetInLeeds","BSSID":"5c:a6:2d:cf:c4:4d","RSSI":-81},{"SSID":"MeetInLeeds","BSSID":"5c:a6:2d:ef:4c:4d","RSSI":-81},{"SSID":"eduroam","BSSID":"5c:a6:2d:ef:4c:4e","RSSI":-81},{"SSID":"eduroam","BSSID":"5c:a6:2d:86:69:c1","RSSI":-82},{"SSID":"MeetInLeeds","BSSID":"5c:a6:2d:86:6d:2d","RSSI":-82},{"SSID":"eduroam","BSSID":"5c:a6:2d:cf:c4:4e","RSSI":-82},{"SSID":"MeetInLeeds","BSSID":"5c:a6:2d:af:94:ad","RSSI":-83},{"SSID":"MeetInLeeds","BSSID":"5c:a6:2d:b5:ca:ed","RSSI":-83},{"SSID":"eduroam","BSSID":"5c:a6:2d:ce:a1:ce","RSSI":-84},{"SSID":"eduroam","BSSID":"5c:a6:2d:86:6d:2e","RSSI":-84},{"SSID":"MeetInLeeds","BSSID":"5c:a6:2d:cf:c4:cd","RSSI":-84},{"SSID":"DESKTOP-73NVV7R 4141","BSSID":"f2:6e:0b:b7:46:4e","RSSI":-85},{"SSID":"eduroam","BSSID":"5c:a6:2d:ce:b2:8e","RSSI":-86},{"SSID":"MeetInLeeds","BSSID":"5c:a6:2d:ce:a1:cd","RSSI":-87},{"SSID":"MeetInLeeds","BSSID":"5c:a6:2d:ce:8e:ad","RSSI":-87},{"SSID":"MeetInLeeds","BSSID":"5c:a6:2d:5d:2f:4d","RSSI":-87},{"SSID":"eduroam","BSSID":"ac:3a:67:08:04:2e","RSSI":-87},{"SSID":"eduroam","BSSID":"5c:a6:2d:ce:c1:ee","RSSI":-87}],[{"SSID":"MeetInLeeds","BSSID":"5c:a6:2d:5d:2b:42","RSSI":-34},{"SSID":"eduroam","BSSID":"5c:a6:2d:5d:2b:41","RSSI":-34},{"SSID":"eduroam","BSSID":"5c:a6:2d:5d:2b:4e","RSSI":-44},{"SSID":"eduroam","BSSID":"5c:a6:2d:cf:b0:ae","RSSI":-44},{"SSID":"MeetInLeeds","BSSID":"5c:a6:2d:cf:b0:ad","RSSI":-45},{"SSID":"MeetInLeeds","BSSID":"ac:3a:67:08:01:8d","RSSI":-46},{"SSID":"MeetInLeeds","BSSID":"5c:a6:2d:5d:2b:4d","RSSI":-46},{"SSID":"eduroam","BSSID":"ac:3a:67:08:01:8e","RSSI":-47},{"SSID":"MeetInLeeds","BSSID":"5c:a6:2d:cf:b0:a2","RSSI":-49},{"SSID":"MeetInLeeds","BSSID":"ac:3a:67:08:01:82","RSSI":-50},{"SSID":"eduroam","BSSID":"5c:a6:2d:cf:b0:a1","RSSI":-50},{"SSID":"MeetInLeeds","BSSID":"5c:a6:2d:45:dc:c2","RSSI":-55},{"SSID":"eduroam","BSSID":"5c:a6:2d:cf:c5:ee","RSSI":-56},{"SSID":"MeetInLeeds","BSSID":"5c:a6:2d:cf:c5:ed","RSSI":-57},{"SSID":"MeetInLeeds","BSSID":"5c:a6:2d:ce:ab:c2","RSSI":-58},{"SSID":"eduroam","BSSID":"5c:a6:2d:ce:ab:c1","RSSI":-58},{"SSID":"eduroam","BSSID":"5c:a6:2d:b6:22:41","RSSI":-60},{"SSID":"MeetInLeeds","BSSID":"5c:a6:2d:b6:22:42","RSSI":-61},{"SSID":"MeetInLeeds","BSSID":"5c:a6:2d:cf:c5:e2","RSSI":-62},{"SSID":"eduroam","BSSID":"5c:a6:2d:cf:c5:e1","RSSI":-62},{"SSID":"eduroam","BSSID":"5c:a6:2d:86:6a:61","RSSI":-65},{"SSID":"MeetInLeeds","BSSID":"5c:a6:2d:cf:e0:2d","RSSI":-65},{"SSID":"eduroam","BSSID":"5c:a6:2d:cf:e0:2e","RSSI":-66},{"SSID":"MeetInLeeds","BSSID":"ac:3a:67:07:f9:22","RSSI":-67},{"SSID":"MeetInLeeds","BSSID":"5c:a6:2d:af:91:8d","RSSI":-67},{"SSID":"eduroam","BSSID":"5c:a6:2d:af:91:8e","RSSI":-68},{"SSID":"MeetInLeeds","BSSID":"5c:a6:2d:ef:45:2d","RSSI":-68},{"SSID":"eduroam","BSSID":"5c:a6:2d:b6:22:4e","RSSI":-68},{"SSID":"MeetInLeeds","BSSID":"5c:a6:2d:b6:22:4d","RSSI":-68},{"SSID":"eduroam","BSSID":"5c:a6:2d:cf:89:61","RSSI":-69},{"SSID":"eduroam","BSSID":"5c:a6:2d:cf:c1:8e","RSSI":-69},{"SSID":"MeetInLeeds","BSSID":"5c:a6:2d:cf:c1:8d","RSSI":-69},{"SSID":"MeetInLeeds","BSSID":"5c:a6:2d:cf:89:6d","RSSI":-69},{"SSID":"eduroam","BSSID":"5c:a6:2d:cf:c4:c1","RSSI":-70},{"SSID":"MeetInLeeds","BSSID":"5c:a6:2d:cf:c4:c2","RSSI":-70},{"SSID":"MeetInLeeds","BSSID":"5c:a6:2d:af:91:82","RSSI":-70},{"SSID":"eduroam","BSSID":"5c:a6:2d:ce:ab:ce","RSSI":-71},{"SSID":"eduroam","BSSID":"5c:a6:2d:af:92:41","RSSI":-71},{"SSID":"MeetInLeeds","BSSID":"5c:a6:2d:86:6a:6d","RSSI":-71},{"SSID":"MeetInLeeds","BSSID":"5c:a6:2d:ce:ab:cd","RSSI":-72},{"SSID":"MeetInLeeds","BSSID":"5c:a6:2d:45:dc:cd","RSSI":-72},{"SSID":"MeetInLeeds","BSSID":"5c:a6:2d:af:92:42","RSSI":-72},{"SSID":"eduroam","BSSID":"5c:a6:2d:ce:b2:01","RSSI":-73},{"SSID":"MeetInLeeds","BSSID":"5c:a6:2d:5d:2f:42","RSSI":-74},{"SSID":"MeetInLeeds","BSSID":"5c:a6:2d:45:db:2d","RSSI":-74},{"SSID":"eduroam","BSSID":"5c:a6:2d:af:91:ce","RSSI":-74},{"SSID":"MeetInLeeds","BSSID":"5c:a6:2d:af:91:cd","RSSI":-75},{"SSID":"MeetInLeeds","BSSID":"5c:a6:2d:ef:47:42","RSSI":-76},{"SSID":"eduroam","BSSID":"5c:a6:2d:5d:2e:21","RSSI":-76},{"SSID":"MeetInLeeds","BSSID":"5c:a6:2d:5d:2e:22","RSSI":-76},{"SSID":"eduroam","BSSID":"5c:a6:2d:cf:e0:21","RSSI":-77},{"SSID":"MeetInLeeds","BSSID":"5c:a6:2d:ef:45:22","RSSI":-78},{"SSID":"MeetInLeeds","BSSID":"5c:a6:2d:cf:e0:22","RSSI":-78},{"SSID":"MeetInLeeds","BSSID":"5c:a6:2d:5d:ab:6d","RSSI":-78},{"SSID":"MeetInLeeds","BSSID":"ac:3a:67:08:29:ad","RSSI":-78},{"SSID":"eduroam","BSSID":"ac:3a:67:08:05:6e","RSSI":-78},{"SSID":"MeetInLeeds","BSSID":"5c:a6:2d:86:6c:6d","RSSI":-79},{"SSID":"eduroam","BSSID":"ac:3a:67:08:29:ae","RSSI":-79},{"SSID":"MeetInLeeds","BSSID":"5c:a6:2d:cf:ae:62","RSSI":-80},{"SSID":"eduroam","BSSID":"5c:a6:2d:cf:bf:ce","RSSI":-80},{"SSID":"MeetInLeeds","BSSID":"ac:3a:67:08:05:6d","RSSI":-80},{"SSID":"eduroam","BSSID":"ac:3a:67:07:fa:61","RSSI":-81},{"SSID":"MeetInLeeds","BSSID":"ac:3a:67:07:fa:62","RSSI":-81},{"SSID":"MeetInLeeds","BSSID":"5c:a6:2d:cf:c4:cd","RSSI":-81},{"SSID":"eduroam","BSSID":"5c:a6:2d:cf:c4:4e","RSSI":-82},{"SSID":"MeetInLeeds","BSSID":"5c:a6:2d:ef:4c:4d","RSSI":-82},{"SSID":"eduroam","BSSID":"5c:a6:2d:ef:4c:4e","RSSI":-82},{"SSID":"MeetInLeeds","BSSID":"5c:a6:2d:cf:c4:4d","RSSI":-83},{"SSID":"MeetInLeeds","BSSID":"5c:a6:2d:af:8f:cd","RSSI":-83},{"SSID":"MeetInLeeds","BSSID":"5c:a6:2d:86:6d:2d","RSSI":-84},{"SSID":"eduroam","BSSID":"5c:a6:2d:af:8f:ce","RSSI":-84},{"SSID":"eduroam","BSSID":"5c:a6:2d:cf:c4:ce","RSSI":-84},{"SSID":"eduroam","BSSID":"5c:a6:2d:ef:47:4e","RSSI":-85},{"SSID":"eduroam","BSSID":"5c:a6:2d:45:dc:ce","RSSI":-86},{"SSID":"MeetInLeeds","BSSID":"5c:a6:2d:af:94:ad","RSSI":-87},{"SSID":"eduroam","BSSID":"5c:a6:2d:af:91:4e","RSSI":-87}],[{"SSID":"MeetInLeeds","BSSID":"5c:a6:2d:5d:2b:42","RSSI":-36},{"SSID":"eduroam","BSSID":"5c:a6:2d:5d:2b:41","RSSI":-37},{"SSID":"MeetInLeeds","BSSID":"5c:a6:2d:5d:2b:4d","RSSI":-41},{"SSID":"eduroam","BSSID":"5c:a6:2d:5d:2b:4e","RSSI":-41},{"SSID":"eduroam","BSSID":"5c:a6:2d:cf:b0:ae","RSSI":-48},{"SSID":"MeetInLeeds","BSSID":"5c:a6:2d:cf:b0:a2","RSSI":-48},{"SSID":"MeetInLeeds","BSSID":"5c:a6:2d:cf:b0:ad","RSSI":-49},{"SSID":"MeetInLeeds","BSSID":"ac:3a:67:08:01:8d","RSSI":-50},{"SSID":"MeetInLeeds","BSSID":"ac:3a:67:08:01:82","RSSI":-50},{"SSID":"eduroam","BSSID":"ac:3a:67:08:01:8e","RSSI":-53},{"SSID":"MeetInLeeds","BSSID":"5c:a6:2d:ce:ab:c2","RSSI":-56},{"SSID":"eduroam","BSSID":"5c:a6:2d:ce:ab:c1","RSSI":-56},{"SSID":"MeetInLeeds","BSSID":"5c:a6:2d:cf:c5:ed","RSSI":-59},{"SSID":"eduroam","BSSID":"5c:a6:2d:cf:c5:ee","RSSI":-60},{"SSID":"MeetInLeeds","BSSID":"5c:a6:2d:cf:c5:e2","RSSI":-60},{"SSID":"eduroam","BSSID":"5c:a6:2d:cf:c5:e1","RSSI":-60},{"SSID":"MeetInLeeds","BSSID":"5c:a6:2d:b6:22:42","RSSI":-60},{"SSID":"eduroam","BSSID":"5c:a6:2d:b6:22:41","RSSI":-61},{"SSID":"MeetInLeeds","BSSID":"5c:a6:2d:86:6a:62","RSSI":-62},{"SSID":"MeetInLeeds","BSSID":"5c:a6:2d:45:dc:c2","RSSI":-64},{"SSID":"eduroam","BSSID":"5c:a6:2d:86:6a:61","RSSI":-65},{"SSID":"eduroam","BSSID":"5c:a6:2d:cf:89:61","RSSI":-67},{"SSID":"eduroam","BSSID":"5c:a6:2d:af:91:8e","RSSI":-67},{"SSID":"MeetInLeeds","BSSID":"5c:a6:2d:af:91:8d","RSSI":-67},{"SSID":"MeetInLeeds","BSSID":"5c:a6:2d:ef:45:2d","RSSI":-68},{"SSID":"MeetInLeeds","BSSID":"5c:a6:2d:ce:ab:cd","RSSI":-69},{"SSID":"MeetInLeeds","BSSID":"5c:a6:2d:cf:e0:2d","RSSI":-69},{"SSID":"eduroam","BSSID":"5c:a6:2d:af:91:ce","RSSI":-69},{"SSID":"eduroam","BSSID":"5c:a6:2d:ce:ab:ce","RSSI":-70},{"SSID":"MeetInLeeds","BSSID":"ac:3a:67:07:f9:22","RSSI":-70},{"SSID":"MeetInLeeds","BSSID":"5c:a6:2d:ce:b2:02","RSSI":-70},{"SSID":"MeetInLeeds","BSSID":"5c:a6:2d:af:91:cd","RSSI":-70},{"SSID":"eduroam","BSSID":"5c:a6:2d:ef:45:2e","RSSI":-71},{"SSID":"eduroam","BSSID":"5c:a6:2d:cf:e0:2e","RSSI":-71},{"SSID":"eduroam","BSSID":"5c:a6:2d:cf:c4:c1","RSSI":-72},{"SSID":"MeetInLeeds","BSSID":"5c:a6:2d:af:92:42","RSSI":-72},{"SSID":"MeetInLeeds","BSSID":"5c:a6:2d:cf:c4:c2","RSSI":-73},{"SSID":"MeetInLeeds","BSSID":"5c:a6:2d:cf:bf:cd","RSSI":-73},{"SSID":"eduroam","BSSID":"5c:a6:2d:cf:c1:8e","RSSI":-74},{"SSID":"MeetInLeeds","BSSID":"5c:a6:2d:cf:c1:8d","RSSI":-74},{"SSID":"MeetInLeeds","BSSID":"5c:a6:2d:af:91:82","RSSI":-74},{"SSID":"MeetInLeeds","BSSID":"5c:a6:2d:af:92:4d","RSSI":-75},{"SSID":"MeetInLeeds","BSSID":"5c:a6:2d:af:91:c2","RSSI":-75},{"SSID":"MeetInLeeds","BSSID":"5c:a6:2d:cf:e0:22","RSSI":-75},{"SSID":"MeetInLeeds","BSSID":"5c:a6:2d:45:db:2d","RSSI":-75},{"SSID":"eduroam","BSSID":"5c:a6:2d:cf:bf:ce","RSSI":-75},{"SSID":"MeetInLeeds","BSSID":"ac:3a:67:08:29:a2","RSSI":-76},{"SSID":"eduroam","BSSID":"5c:a6:2d:cf:c4:41","RSSI":-76},{"SSID":"eduroam","BSSID":"5c:a6:2d:af:92:4e","RSSI":-77},{"SSID":"MeetInLeeds","BSSID":"5c:a6:2d:86:69:c2","RSSI":-78},{"SSID":"MeetInLeeds","BSSID":"5c:a6:2d:b5:ca:e2","RSSI":-78},{"SSID":"MeetInLeeds","BSSID":"5c:a6:2d:cf:c4:42","RSSI":-78},{"SSID":"eduroam","BSSID":"5c:a6:2d:cf:c4:4e","RSSI":-79},{"SSID":"MeetInLeeds","BSSID":"5c:a6:2d:cf:c4:4d","RSSI":-79},{"SSID":"MeetInLeeds","BSSID":"ac:3a:67:08:05:6d","RSSI":-79},{"SSID":"MeetInLeeds","BSSID":"5c:a6:2d:86:6d:22","RSSI":-79},{"SSID":"MeetInLeeds","BSSID":"5c:a6:2d:85:81:e2","RSSI":-80},{"SSID":"eduroam","BSSID":"5c:a6:2d:86:6d:2e","RSSI":-80},{"SSID":"MeetInLeeds","BSSID":"5c:a6:2d:ce:b5:0d","RSSI":-80},{"SSID":"MeetInLeeds","BSSID":"ac:3a:67:07:f9:2d","RSSI":-80},{"SSID":"MeetInLeeds","BSSID":"5c:a6:2d:ef:47:4d","RSSI":-81},{"SSID":"eduroam","BSSID":"5c:a6:2d:ce:b5:01","RSSI":-81},{"SSID":"eduroam","BSSID":"5c:a6:2d:af:8f:ce","RSSI":-82},{"SSID":"MeetInLeeds","BSSID":"5c:a6:2d:af:8f:cd","RSSI":-82},{"SSID":"MeetInLeeds","BSSID":"5c:a6:2d:5d:2f:4d","RSSI":-82},{"SSID":"MeetInLeeds","BSSID":"5c:a6:2d:af:94:ad","RSSI":-83},{"SSID":"MeetInLeeds","BSSID":"5c:a6:2d:86:6d:2d","RSSI":-83},{"SSID":"MeetInLeeds","BSSID":"ac:3a:67:08:32:4d","RSSI":-83},{"SSID":"MeetInLeeds","BSSID":"5c:a6:2d:ce:b2:8d","RSSI":-83},{"SSID":"eduroam","BSSID":"5c:a6:2d:86:69:ce","RSSI":-84},{"SSID":"MeetInLeeds","BSSID":"5c:a6:2d:ce:a1:cd","RSSI":-86},{"SSID":"MeetInLeeds","BSSID":"5c:a6:2d:af:91:ed","RSSI":-86},{"SSID":"MeetInLeeds","BSSID":"5c:a6:2d:85:81:ed","RSSI":-87}],[{"SSID":"eduroam","BSSID":"5c:a6:2d:5d:2b:41","RSSI":-36},{"SSID":"MeetInLeeds","BSSID":"5c:a6:2d:5d:2b:4d","RSSI":-45},{"SSID":"eduroam","BSSID":"5c:a6:2d:5d:2b:4e","RSSI":-46},{"SSID":"MeetInLeeds","BSSID":"5c:a6:2d:cf:b0:ad","RSSI":-48},{"SSID":"eduroam","BSSID":"5c:a6:2d:cf:b0:ae","RSSI":-48},{"SSID":"MeetInLeeds","BSSID":"ac:3a:67:08:01:82","RSSI":-49},{"SSID":"MeetInLeeds","BSSID":"5c:a6:2d:cf:b0:a2","RSSI":-49},{"SSID":"MeetInLeeds","BSSID":"ac:3a:67:08:01:8d","RSSI":-52},{"SSID":"eduroam","BSSID":"ac:3a:67:08:01:8e","RSSI":-54},{"SSID":"eduroam","BSSID":"5c:a6:2d:cf:c5:ee","RSSI":-57},{"SSID":"MeetInLeeds","BSSID":"5c:a6:2d:cf:c5:ed","RSSI":-57},{"SSID":"MeetInLeeds","BSSID":"5c:a6:2d:b6:22:42","RSSI":-57},{"SSID":"MeetInLeeds","BSSID":"5c:a6:2d:ce:ab:c2","RSSI":-58},{"SSID":"eduroam","BSSID":"5c:a6:2d:ce:ab:c1","RSSI":-58},{"SSID":"MeetInLeeds","BSSID":"5c:a6:2d:cf:c5:e2","RSSI":-60},{"SSID":"eduroam","BSSID":"5c:a6:2d:cf:c5:e1","RSSI":-60},{"SSID":"eduroam","BSSID":"5c:a6:2d:86:6a:61","RSSI":-64},{"SSID":"MeetInLeeds","BSSID":"5c:a6:2d:cf:89:6d","RSSI":-65},{"SSID":"MeetInLeeds","BSSID":"5c:a6:2d:86:6a:62","RSSI":-65},{"SSID":"eduroam","BSSID":"5c:a6:2d:cf:89:6e","RSSI":-65},{"SSID":"MeetInLeeds","BSSID":"5c:a6:2d:cf:c1:82","RSSI":-65},{"SSID":"MeetInLeeds","BSSID":"5c:a6:2d:cf:89:62","RSSI":-66},{"SSID":"eduroam","BSSID":"5c:a6:2d:af:91:8e","RSSI":-66},{"SSID":"eduroam","BSSID":"5c:a6:2d:45:dc:ce","RSSI":-67},{"SSID":"MeetInLeeds","BSSID":"5c:a6:2d:ce:ab:cd","RSSI":-68},{"SSID":"eduroam","BSSID":"5c:a6:2d:ce:ab:ce","RSSI":-68},{"SSID":"MeetInLeeds","BSSID":"5c:a6:2d:45:dc:cd","RSSI":-68},{"SSID":"MeetInLeeds","BSSID":"5c:a6:2d:cf:e0:2d","RSSI":-69},{"SSID":"eduroam","BSSID":"5c:a6:2d:cf:e0:2e","RSSI":-69},{"SSID":"MeetInLeeds","BSSID":"5c:a6:2d:af:92:42","RSSI":-70},{"SSID":"eduroam","BSSID":"5c:a6:2d:af:92:41","RSSI":-71},{"SSID":"eduroam","BSSID":"5c:a6:2d:cf:e0:21","RSSI":-71},{"SSID":"MeetInLeeds","BSSID":"5c:a6:2d:ef:45:2d","RSSI":-71},{"SSID":"eduroam","BSSID":"5c:a6:2d:b6:22:4e","RSSI":-71},{"SSID":"MeetInLeeds","BSSID":"5c:a6:2d:b6:22:4d","RSSI":-71},{"SSID":"eduroam","BSSID":"5c:a6:2d:5d:2e:21","RSSI":-71},{"SSID":"eduroam","BSSID":"5c:a6:2d:cf:c1:8e","RSSI":-72},{"SSID":"MeetInLeeds","BSSID":"5c:a6:2d:af:91:82","RSSI":-72},{"SSID":"MeetInLeeds","BSSID":"5c:a6:2d:cf:e0:22","RSSI":-72},{"SSID":"eduroam","BSSID":"5c:a6:2d:ce:b2:01","RSSI":-72},{"SSID":"eduroam","BSSID":"5c:a6:2d:af:91:ce","RSSI":-72},{"SSID":"MeetInLeeds","BSSID":"5c:a6:2d:af:91:cd","RSSI":-72},{"SSID":"MeetInLeeds","BSSID":"5c:a6:2d:5d:2e:22","RSSI":-72},{"SSID":"eduroam","BSSID":"5c:a6:2d:86:6a:6e","RSSI":-74},{"SSID":"MeetInLeeds","BSSID":"5c:a6:2d:86:6a:6d","RSSI":-74},{"SSID":"MeetInLeeds","BSSID":"5c:a6:2d:45:db:2d","RSSI":-74},{"SSID":"MeetInLeeds","BSSID":"5c:a6:2d:cf:c1:8d","RSSI":-75},{"SSID":"eduroam","BSSID":"5c:a6:2d:ef:45:21","RSSI":-75},{"SSID":"eduroam","BSSID":"5c:a6:2d:ef:4c:41","RSSI":-75},{"SSID":"eduroam","BSSID":"5c:a6:2d:cf:bf:ce","RSSI":-75},{"SSID":"MeetInLeeds","BSSID":"5c:a6:2d:ce:b2:0d","RSSI":-76},{"SSID":"eduroam","BSSID":"5c:a6:2d:ce:b2:0e","RSSI":-77},{"SSID":"MeetInLeeds","BSSID":"5c:a6:2d:cf:c4:4d","RSSI":-77},{"SSID":"eduroam","BSSID":"5c:a6:2d:5d:2e:2e","RSSI":-78},{"SSID":"MeetInLeeds","BSSID":"5c:a6:2d:ef:47:42","RSSI":-78},{"SSID":"MeetInLeeds","BSSID":"5c:a6:2d:5d:2e:2d","RSSI":-79},{"SSID":"MeetInLeeds","BSSID":"5c:a6:2d:86:6d:2d","RSSI":-80},{"SSID":"MeetInLeeds","BSSID":"ac:3a:67:08:29:a2","RSSI":-80},{"SSID":"MeetInLeeds","BSSID":"ac:3a:67:08:05:6d","RSSI":-80},{"SSID":"eduroam","BSSID":"5c:a6:2d:b5:ca:ee","RSSI":-81},{"SSID":"eduroam","BSSID":"5c:a6:2d:70:7b:4e","RSSI":-82},{"SSID":"MeetInLeeds","BSSID":"5c:a6:2d:70:7b:4d","RSSI":-82},{"SSID":"eduroam","BSSID":"5c:a6:2d:cf:c3:2e","RSSI":-82},{"SSID":"MeetInLeeds","BSSID":"ac:3a:67:08:32:4d","RSSI":-83},{"SSID":"eduroam","BSSID":"5c:a6:2d:af:8f:ce","RSSI":-83},{"SSID":"MeetInLeeds","BSSID":"5c:a6:2d:cf:c4:cd","RSSI":-83},{"SSID":"MeetInLeeds","BSSID":"5c:a6:2d:cf:c3:2d","RSSI":-84},{"SSID":"eduroam","BSSID":"5c:a6:2d:cf:ae:6e","RSSI":-84},{"SSID":"MeetInLeeds","BSSID":"5c:a6:2d:af:8f:cd","RSSI":-84},{"SSID":"eduroam","BSSID":"5c:a6:2d:cf:c4:ce","RSSI":-84},{"SSID":"MeetInLeeds","BSSID":"5c:a6:2d:cf:ae:6d","RSSI":-85},{"SSID":"MeetInLeeds","BSSID":"5c:a6:2d:af:91:ed","RSSI":-86},{"SSID":"MeetInLeeds","BSSID":"5c:a6:2d:86:6b:6d","RSSI":-86},{"SSID":"MeetInLeeds","BSSID":"5c:a6:2d:ef:4c:4d","RSSI":-87},{"SSID":"MeetInLeeds","BSSID":"ac:3a:67:08:29:2d","RSSI":-88}],[{"SSID":"MeetInLeeds","BSSID":"5c:a6:2d:5d:2b:42","RSSI":-35},{"SSID":"eduroam","BSSID":"5c:a6:2d:5d:2b:4e","RSSI":-41},{"SSID":"MeetInLeeds","BSSID":"5c:a6:2d:5d:2b:4d","RSSI":-42},{"SSID":"MeetInLeeds","BSSID":"5c:a6:2d:cf:b0:ad","RSSI":-48},{"SSID":"eduroam","BSSID":"5c:a6:2d:cf:b0:ae","RSSI":-49},{"SSID":"MeetInLeeds","BSSID":"ac:3a:67:08:01:82","RSSI":-49},{"SSID":"MeetInLeeds","BSSID":"ac:3a:67:08:01:8d","RSSI":-50},{"SSID":"eduroam","BSSID":"ac:3a:67:08:01:8e","RSSI":-50},{"SSID":"MeetInLeeds","BSSID":"5c:a6:2d:cf:b0:a2","RSSI":-52},{"SSID":"eduroam","BSSID":"5c:a6:2d:b6:22:41","RSSI":-52},{"SSID":"eduroam","BSSID":"5c:a6:2d:cf:c5:ee","RSSI":-56},{"SSID":"MeetInLeeds","BSSID":"5c:a6:2d:ce:ab:c2","RSSI":-56},{"SSID":"MeetInLeeds","BSSID":"5c:a6:2d:cf:c5:ed","RSSI":-56},{"SSID":"eduroam","BSSID":"5c:a6:2d:ce:ab:c1","RSSI":-57},{"SSID":"eduroam","BSSID":"5c:a6:2d:cf:89:6e","RSSI":-59},{"SSID":"MeetInLeeds","BSSID":"5c:a6:2d:cf:89:6d","RSSI":-60},{"SSID":"MeetInLeeds","BSSID":"5c:a6:2d:45:dc:c2","RSSI":-62},{"SSID":"eduroam","BSSID":"5c:a6:2d:af:91:8e","RSSI":-62},{"SSID":"MeetInLeeds","BSSID":"5c:a6:2d:cf:c5:e2","RSSI":-62},{"SSID":"eduroam","BSSID":"5c:a6:2d:cf:c5:e1","RSSI":-62},{"SSID":"MeetInLeeds","BSSID":"5c:a6:2d:cf:c1:82","RSSI":-63},{"SSID":"eduroam","BSSID":"5c:a6:2d:45:dc:ce","RSSI":-65},{"SSID":"MeetInLeeds","BSSID":"5c:a6:2d:cf:89:62","RSSI":-65},{"SSID":"MeetInLeeds","BSSID":"5c:a6:2d:af:91:8d","RSSI":-65},{"SSID":"eduroam","BSSID":"5c:a6:2d:b6:22:4e","RSSI":-65},{"SSID":"MeetInLeeds","BSSID":"5c:a6:2d:b6:22:4d","RSSI":-65},{"SSID":"MeetInLeeds","BSSID":"5c:a6:2d:45:dc:cd","RSSI":-66},{"SSID":"eduroam","BSSID":"5c:a6:2d:cf:89:61","RSSI":-66},{"SSID":"MeetInLeeds","BSSID":"5c:a6:2d:b6:22:42","RSSI":-66},{"SSID":"MeetInLeeds","BSSID":"5c:a6:2d:86:6a:62","RSSI":-67},{"SSID":"MeetInLeeds","BSSID":"5c:a6:2d:cf:e0:2d","RSSI":-67},{"SSID":"MeetInLeeds","BSSID":"5c:a6:2d:ef:45:2d","RSSI":-68},{"SSID":"eduroam","BSSID":"5c:a6:2d:ce:ab:ce","RSSI":-69},{"SSID":"MeetInLeeds","BSSID":"5c:a6:2d:cf:e0:22","RSSI":-69},{"SSID":"MeetInLeeds","BSSID":"ac:3a:67:07:f9:22","RSSI":-70},{"SSID":"eduroam","BSSID":"5c:a6:2d:cf:c1:8e","RSSI":-70},{"SSID":"MeetInLeeds","BSSID":"5c:a6:2d:cf:c1:8d","RSSI":-70},{"SSID":"MeetInLeeds","BSSID":"5c:a6:2d:af:92:42","RSSI":-70},{"SSID":"eduroam","BSSID":"5c:a6:2d:cf:c4:c1","RSSI":-71},{"SSID":"MeetInLeeds","BSSID":"5c:a6:2d:cf:c4:c2","RSSI":-72},{"SSID":"MeetInLeeds","BSSID":"5c:a6:2d:af:91:82","RSSI":-72},{"SSID":"eduroam","BSSID":"5c:a6:2d:af:91:ce","RSSI":-72},{"SSID":"MeetInLeeds","BSSID":"5c:a6:2d:5d:2e:22","RSSI":-73},{"SSID":"eduroam","BSSID":"5c:a6:2d:ef:4c:41","RSSI":-74},{"SSID":"MeetInLeeds","BSSID":"5c:a6:2d:ce:b2:82","RSSI":-74},{"SSID":"MeetInLeeds","BSSID":"5c:a6:2d:ef:4c:42","RSSI":-75},{"SSID":"MeetInLeeds","BSSID":"5c:a6:2d:5d:ab:6d","RSSI":-75},{"SSID":"MeetInLeeds","BSSID":"5c:a6:2d:af:91:cd","RSSI":-76},{"SSID":"MeetInLeeds","BSSID":"5c:a6:2d:af:91:c2","RSSI":-77},{"SSID":"eduroam","BSSID":"5c:a6:2d:af:91:c1","RSSI":-77},{"SSID":"MeetInLeeds","BSSID":"5c:a6:2d:86:6c:6d","RSSI":-78},{"SSID":"MeetInLeeds","BSSID":"5c:a6:2d:5d:ab:62","RSSI":-78},{"SSID":"MeetInLeeds","BSSID":"5c:a6:2d:cf:c4:4d","RSSI":-78},{"SSID":"eduroam","BSSID":"5c:a6:2d:86:6d:2e","RSSI":-79},{"SSID":"MeetInLeeds","BSSID":"5c:a6:2d:86:6d:2d","RSSI":-80},{"SSID":"eduroam","BSSID":"5c:a6:2d:ce:b5:0e","RSSI":-80},{"SSID":"MeetInLeeds","BSSID":"5c:a6:2d:ce:b5:0d","RSSI":-80},{"SSID":"MeetInLeeds","BSSID":"ac:3a:67:07:f9:2d","RSSI":-80},{"SSID":"eduroam","BSSID":"5c:a6:2d:af:8f:ce","RSSI":-81},{"SSID":"MeetInLeeds","BSSID":"5c:a6:2d:af:8f:cd","RSSI":-81},{"SSID":"MeetInLeeds","BSSID":"5c:a6:2d:70:7b:42","RSSI":-82},{"SSID":"MeetInLeeds","BSSID":"5c:a6:2d:ce:b5:02","RSSI":-82},{"SSID":"MeetInLeeds","BSSID":"5c:a6:2d:86:69:c2","RSSI":-83},{"SSID":"MeetInLeeds","BSSID":"5c:a6:2d:cf:c4:cd","RSSI":-83},{"SSID":"eduroam","BSSID":"5c:a6:2d:cf:c4:ce","RSSI":-83},{"SSID":"MeetInLeeds","BSSID":"ac:3a:67:08:05:6d","RSSI":-83},{"SSID":"MeetInLeeds","BSSID":"5c:a6:2d:af:94:ad","RSSI":-84},{"SSID":"eduroam","BSSID":"5c:a6:2d:70:7b:41","RSSI":-84},{"SSID":"MeetInLeeds","BSSID":"5c:a6:2d:b5:ca:ed","RSSI":-84},{"SSID":"MeetInLeeds","BSSID":"5c:a6:2d:ef:4c:4d","RSSI":-84},{"SSID":"MeetInLeeds","BSSID":"ac:3a:67:08:32:4d","RSSI":-85},{"SSID":"DESKTOP-73NVV7R 4141","BSSID":"f2:6e:0b:b7:46:4e","RSSI":-85}],[{"SSID":"MeetInLeeds","BSSID":"5c:a6:2d:5d:2b:42","RSSI":-39},{"SSID":"eduroam","BSSID":"5c:a6:2d:cf:b0:a1","RSSI":-47},{"SSID":"MeetInLeeds","BSSID":"5c:a6:2d:cf:b0:a2","RSSI":-49},{"SSID":"MeetInLeeds","BSSID":"5c:a6:2d:5d:2b:4d","RSSI":-50},{"SSID":"eduroam","BSSID":"5c:a6:2d:5d:2b:4e","RSSI":-50},{"SSID":"MeetInLeeds","BSSID":"5c:a6:2d:cf:b0:ad","RSSI":-52},{"SSID":"eduroam","BSSID":"5c:a6:2d:cf:b0:ae","RSSI":-52},{"SSID":"eduroam","BSSID":"ac:3a:67:08:01:81","RSSI":-52},{"SSID":"MeetInLeeds","BSSID":"ac:3a:67:08:01:82","RSSI":-52},{"SSID":"MeetInLeeds","BSSID":"5c:a6:2d:b6:22:42","RSSI":-55},{"SSID":"MeetInLeeds","BSSID":"5c:a6:2d:45:dc:c2","RSSI":-57},{"SSID":"eduroam","BSSID":"5c:a6:2d:45:dc:c1","RSSI":-58},{"SSID":"MeetInLeeds","BSSID":"5c:a6:2d:cf:89:62","RSSI":-60},{"SSID":"eduroam","BSSID":"5c:a6:2d:cf:89:61","RSSI":-60},{"SSID":"MeetInLeeds","BSSID":"5c:a6:2d:cf:c5:e2","RSSI":-60},{"SSID":"eduroam","BSSID":"5c:a6:2d:cf:c5:e1","RSSI":-60},{"SSID":"MeetInLeeds","BSSID":"ac:3a:67:08:01:8d","RSSI":-61},{"SSID":"eduroam","BSSID":"ac:3a:67:08:01:8e","RSSI":-61},{"SSID":"MeetInLeeds","BSSID":"5c:a6:2d:ce:ab:c2","RSSI":-63},{"SSID":"MeetInLeeds","BSSID":"5c:a6:2d:86:6a:62","RSSI":-64},{"SSID":"eduroam","BSSID":"5c:a6:2d:86:6a:61","RSSI":-65},{"SSID":"eduroam","BSSID":"5c:a6:2d:cf:c1:81","RSSI":-70},{"SSID":"MeetInLeeds","BSSID":"5c:a6:2d:cf:c1:82","RSSI":-70},{"SSID":"MeetInLeeds","BSSID":"5c:a6:2d:cf:e0:2d","RSSI":-70},{"SSID":"eduroam","BSSID":"5c:a6:2d:cf:e0:2e","RSSI":-71},{"SSID":"MeetInLeeds","BSSID":"5c:a6:2d:cf:c4:c2","RSSI":-73},{"SSID":"MeetInLeeds","BSSID":"5c:a6:2d:af:91:c2","RSSI":-73},{"SSID":"MeetInLeeds","BSSID":"5c:a6:2d:cf:e0:22","RSSI":-73},{"SSID":"MeetInLeeds","BSSID":"5c:a6:2d:45:db:22","RSSI":-73},{"SSID":"eduroam","BSSID":"5c:a6:2d:b6:22:4e","RSSI":-73},{"SSID":"MeetInLeeds","BSSID":"5c:a6:2d:b6:22:4d","RSSI":-73},{"SSID":"MeetInLeeds","BSSID":"5c:a6:2d:ce:ab:cd","RSSI":-74},{"SSID":"eduroam","BSSID":"5c:a6:2d:ce:ab:ce","RSSI":-74},{"SSID":"MeetInLeeds","BSSID":"5c:a6:2d:af:91:8d","RSSI":-74},{"SSID":"MeetInLeeds","BSSID":"5c:a6:2d:cf:89:6d","RSSI":-74},{"SSID":"MeetInLeeds","BSSID":"5c:a6:2d:af:91:82","RSSI":-74},{"SSID":"eduroam","BSSID":"5c:a6:2d:ce:b2:01","RSSI":-74},{"SSID":"MeetInLeeds","BSSID":"5c:a6:2d:cf:c5:ed","RSSI":-75},{"SSID":"eduroam","BSSID":"5c:a6:2d:af:91:81","RSSI":-75},{"SSID":"eduroam","BSSID":"5c:a6:2d:5d:2f:41","RSSI":-75},{"SSID":"eduroam","BSSID":"5c:a6:2d:45:dc:ce","RSSI":-77},{"SSID":"MeetInLeeds","BSSID":"5c:a6:2d:cf:bf:c2","RSSI":-77},{"SSID":"MeetInLeeds","BSSID":"5c:a6:2d:45:dc:cd","RSSI":-77},{"SSID":"MeetInLeeds","BSSID":"5c:a6:2d:ef:47:42","RSSI":-77},{"SSID":"MeetInLeeds","BSSID":"5c:a6:2d:5d:2f:42","RSSI":-77},{"SSID":"MeetInLeeds","BSSID":"5c:a6:2d:86:6d:a2","RSSI":-78},{"SSID":"eduroam","BSSID":"5c:a6:2d:45:db:2e","RSSI":-78},{"SSID":"MeetInLeeds","BSSID":"5c:a6:2d:45:db:2d","RSSI":-78},{"SSID":"eduroam","BSSID":"5c:a6:2d:cf:c1:8e","RSSI":-79},{"SSID":"MeetInLeeds","BSSID":"5c:a6:2d:cf:c1:8d","RSSI":-79},{"SSID":"eduroam","BSSID":"5c:a6:2d:ef:45:21","RSSI":-79},{"SSID":"eduroam","BSSID":"5c:a6:2d:86:6d:21","RSSI":-79},{"SSID":"MeetInLeeds","BSSID":"5c:a6:2d:ce:c1:e2","RSSI":-80},{"SSID":"MeetInLeeds","BSSID":"5c:a6:2d:86:6d:22","RSSI":-80},{"SSID":"MeetInLeeds","BSSID":"5c:a6:2d:86:6c:62","RSSI":-83},{"SSID":"MeetInLeeds","BSSID":"5c:a6:2d:af:91:cd","RSSI":-83},{"SSID":"eduroam","BSSID":"5c:a6:2d:af:91:ce","RSSI":-85},{"SSID":"MeetInLeeds","BSSID":"5c:a6:2d:86:6a:6d","RSSI":-86},{"SSID":"MeetInLeeds","BSSID":"5c:a6:2d:af:8f:cd","RSSI":-86},{"SSID":"MeetInLeeds","BSSID":"5c:a6:2d:cf:c4:cd","RSSI":-87},{"SSID":"eduroam","BSSID":"5c:a6:2d:cf:89:6e","RSSI":-88},{"SSID":"MeetInLeeds","BSSID":"ac:3a:67:07:f9:2d","RSSI":-88}],[{"SSID":"eduroam","BSSID":"5c:a6:2d:5d:2b:41","RSSI":-36},{"SSID":"MeetInLeeds","BSSID":"5c:a6:2d:5d:2b:42","RSSI":-37},{"SSID":"MeetInLeeds","BSSID":"5c:a6:2d:cf:b0:ad","RSSI":-46},{"SSID":"MeetInLeeds","BSSID":"5c:a6:2d:5d:2b:4d","RSSI":-46},{"SSID":"eduroam","BSSID":"5c:a6:2d:5d:2b:4e","RSSI":-46},{"SSID":"eduroam","BSSID":"5c:a6:2d:cf:b0:ae","RSSI":-46},{"SSID":"eduroam","BSSID":"ac:3a:67:08:01:8e","RSSI":-49},{"SSID":"eduroam","BSSID":"ac:3a:67:08:01:81","RSSI":-51},{"SSID":"MeetInLeeds","BSSID":"ac:3a:67:08:01:82","RSSI":-51},{"SSID":"MeetInLeeds","BSSID":"5c:a6:2d:cf:b0:a2","RSSI":-51},{"SSID":"MeetInLeeds","BSSID":"ac:3a:67:08:01:8d","RSSI":-52},{"SSID":"eduroam","BSSID":"5c:a6:2d:b6:22:41","RSSI":-52},{"SSID":"eduroam","BSSID":"5c:a6:2d:cf:c5:ee","RSSI":-54},{"SSID":"MeetInLeeds","BSSID":"5c:a6:2d:cf:c5:ed","RSSI":-54},{"SSID":"MeetInLeeds","BSSID":"5c:a6:2d:b6:22:42","RSSI":-54},{"SSID":"MeetInLeeds","BSSID":"5c:a6:2d:45:dc:c2","RSSI":-56},{"SSID":"MeetInLeeds","BSSID":"5c:a6:2d:ce:ab:c2","RSSI":-60},{"SSID":"eduroam","BSSID":"5c:a6:2d:ce:ab:c1","RSSI":-60},{"SSID":"MeetInLeeds","BSSID":"5c:a6:2d:cf:c1:82","RSSI":-60},{"SSID":"MeetInLeeds","BSSID":"5c:a6:2d:cf:89:62","RSSI":-61},{"SSID":"eduroam","BSSID":"5c:a6:2d:af:91:8e","RSSI":-61},{"SSID":"eduroam","BSSID":"5c:a6:2d:cf:c1:81","RSSI":-61},{"SSID":"MeetInLeeds","BSSID":"5c:a6:2d:af:91:8d","RSSI":-62},{"SSID":"MeetInLeeds","BSSID":"5c:a6:2d:86:6a:62","RSSI":-63},{"SSID":"eduroam","BSSID":"5c:a6:2d:b6:22:4e","RSSI":-63},{"SSID":"MeetInLeeds","BSSID":"5c:a6:2d:b6:22:4d","RSSI":-63},{"SSID":"MeetInLeeds","BSSID":"5c:a6:2d:cf:c5:e2","RSSI":-64},{"SSID":"eduroam","BSSID":"5c:a6:2d:cf:89:6e","RSSI":-65},{"SSID":"MeetInLeeds","BSSID":"5c:a6:2d:cf:89:6d","RSSI":-66},{"SSID":"MeetInLeeds","BSSID":"5c:a6:2d:45:dc:cd","RSSI":-67},{"SSID":"eduroam","BSSID":"5c:a6:2d:45:dc:ce","RSSI":-68},{"SSID":"eduroam","BSSID":"5c:a6:2d:cf:e0:2e","RSSI":-68},{"SSID":"MeetInLeeds","BSSID":"5c:a6:2d:ce:ab:cd","RSSI":-69},{"SSID":"MeetInLeeds","BSSID":"5c:a6:2d:af:91:82","RSSI":-69},{"SSID":"eduroam","BSSID":"5c:a6:2d:ce:ab:ce","RSSI":-70},{"SSID":"MeetInLeeds","BSSID":"5c:a6:2d:ef:45:22","RSSI":-71},{"SSID":"eduroam","BSSID":"5c:a6:2d:ef:45:21","RSSI":-71},{"SSID":"MeetInLeeds","BSSID":"5c:a6:2d:cf:e0:22","RSSI":-71},{"SSID":"eduroam","BSSID":"5c:a6:2d:ce:b2:01","RSSI":-71},{"SSID":"MeetInLeeds","BSSID":"5c:a6:2d:cf:e0:2d","RSSI":-71},{"SSID":"eduroam","BSSID":"5c:a6:2d:af:91:ce","RSSI":-71},{"SSID":"MeetInLeeds","BSSID":"5c:a6:2d:45:db:22","RSSI":-72},{"SSID":"eduroam","BSSID":"5c:a6:2d:ce:b2:81","RSSI":-72},{"SSID":"eduroam","BSSID":"5c:a6:2d:cf:c4:c1","RSSI":-73},{"SSID":"eduroam","BSSID":"5c:a6:2d:86:6a:6e","RSSI":-73},{"SSID":"MeetInLeeds","BSSID":"5c:a6:2d:86:6a:6d","RSSI":-73},{"SSID":"MeetInLeeds","BSSID":"5c:a6:2d:af:91:cd","RSSI":-73},{"SSID":"MeetInLeeds","BSSID":"5c:a6:2d:cf:c4:c2","RSSI":-74},{"SSID":"MeetInLeeds","BSSID":"5c:a6:2d:cf:bf:c2","RSSI":-75},{"SSID":"MeetInLeeds","BSSID":"5c:a6:2d:cf:c1:8d","RSSI":-75},{"SSID":"MeetInLeeds","BSSID":"ac:3a:67:08:04:22","RSSI":-75},{"SSID":"eduroam","BSSID":"5c:a6:2d:cf:c1:8e","RSSI":-76},{"SSID":"MeetInLeeds","BSSID":"5c:a6:2d:86:6c:6d","RSSI":-77},{"SSID":"MeetInLeeds","BSSID":"5c:a6:2d:5d:2f:42","RSSI":-77},{"SSID":"MeetInLeeds","BSSID":"ac:3a:67:08:29:a2","RSSI":-77},{"SSID":"eduroam","BSSID":"ac:3a:67:08:04:21","RSSI":-77},{"SSID":"eduroam","BSSID":"5c:a6:2d:86:6c:6e","RSSI":-78},{"SSID":"MeetInLeeds","BSSID":"5c:a6:2d:5d:ab:62","RSSI":-78},{"SSID":"eduroam","BSSID":"5c:a6:2d:5d:ab:61","RSSI":-78},{"SSID":"eduroam","BSSID":"5c:a6:2d:5d:ab:6e","RSSI":-78},{"SSID":"MeetInLeeds","BSSID":"5c:a6:2d:5d:ab:6d","RSSI":-78},{"SSID":"MeetInLeeds","BSSID":"5c:a6:2d:b5:ca:e2","RSSI":-79},{"SSID":"MeetInLeeds","BSSID":"5c:a6:2d:86:6d:22","RSSI":-79},{"SSID":"MeetInLeeds","BSSID":"ac:3a:67:07:f9:2d","RSSI":-79},{"SSID":"MeetInLeeds","BSSID":"5c:a6:2d:5d:2e:2d","RSSI":-80},{"SSID":"MeetInLeeds","BSSID":"5c:a6:2d:ce:b5:0d","RSSI":-80},{"SSID":"MeetInLeeds","BSSID":"5c:a6:2d:ce:b2:0d","RSSI":-80},{"SSID":"MeetInLeeds","BSSID":"5c:a6:2d:cf:bf:cd","RSSI":-80},{"SSID":"eduroam","BSSID":"5c:a6:2d:cf:bf:ce","RSSI":-80},{"SSID":"eduroam","BSSID":"5c:a6:2d:af:91:4e","RSSI":-81},{"SSID":"MeetInLeeds","BSSID":"5c:a6:2d:cf:c4:cd","RSSI":-81},{"SSID":"eduroam","BSSID":"ac:3a:67:08:29:ae","RSSI":-81},{"SSID":"MeetInLeeds","BSSID":"5c:a6:2d:b5:ca:ed","RSSI":-81},{"SSID":"MeetInLeeds","BSSID":"5c:a6:2d:ef:4c:4d","RSSI":-81},{"SSID":"MeetInLeeds","BSSID":"5c:a6:2d:86:6d:a2","RSSI":-82},{"SSID":"MeetInLeeds","BSSID":"5c:a6:2d:af:8f:cd","RSSI":-83},{"SSID":"eduroam","BSSID":"5c:a6:2d:af:8f:ce","RSSI":-84},{"SSID":"MeetInLeeds","BSSID":"ac:3a:67:08:29:2d","RSSI":-86}],[{"SSID":"MeetInLeeds","BSSID":"5c:a6:2d:5d:2b:42","RSSI":-40},{"SSID":"eduroam","BSSID":"5c:a6:2d:5d:2b:41","RSSI":-40},{"SSID":"MeetInLeeds","BSSID":"5c:a6:2d:5d:2b:4d","RSSI":-44},{"SSID":"eduroam","BSSID":"5c:a6:2d:5d:2b:4e","RSSI":-44},{"SSID":"eduroam","BSSID":"5c:a6:2d:cf:b0:ae","RSSI":-48},{"SSID":"MeetInLeeds","BSSID":"5c:a6:2d:cf:b0:ad","RSSI":-49},{"SSID":"eduroam","BSSID":"ac:3a:67:08:01:8e","RSSI":-49},{"SSID":"MeetInLeeds","BSSID":"ac:3a:67:08:01:8d","RSSI":-50},{"SSID":"MeetInLeeds","BSSID":"5c:a6:2d:b6:22:42","RSSI":-52},{"SSID":"eduroam","BSSID":"5c:a6:2d:b6:22:41","RSSI":-52},{"SSID":"eduroam","BSSID":"ac:3a:67:08:01:81","RSSI":-53},{"SSID":"eduroam","BSSID":"5c:a6:2d:cf:c5:ee","RSSI":-54},{"SSID":"MeetInLeeds","BSSID":"ac:3a:67:08:01:82","RSSI":-54},{"SSID":"MeetInLeeds","BSSID":"5c:a6:2d:cf:c5:ed","RSSI":-55},{"SSID":"MeetInLeeds","BSSID":"5c:a6:2d:45:dc:c2","RSSI":-56},{"SSID":"MeetInLeeds","BSSID":"5c:a6:2d:ce:ab:c2","RSSI":-59},{"SSID":"MeetInLeeds","BSSID":"5c:a6:2d:cf:c5:e2","RSSI":-61},{"SSID":"eduroam","BSSID":"5c:a6:2d:cf:c5:e1","RSSI":-61},{"SSID":"MeetInLeeds","BSSID":"5c:a6:2d:af:91:8d","RSSI":-64},{"SSID":"MeetInLeeds","BSSID":"5c:a6:2d:86:6a:62","RSSI":-64},{"SSID":"eduroam","BSSID":"5c:a6:2d:af:91:8e","RSSI":-65},{"SSID":"MeetInLeeds","BSSID":"5c:a6:2d:cf:c1:82","RSSI":-65},{"SSID":"eduroam","BSSID":"5c:a6:2d:b6:22:4e","RSSI":-65},{"SSID":"MeetInLeeds","BSSID":"5c:a6:2d:cf:e0:22","RSSI":-66},{"SSID":"MeetInLeeds","BSSID":"5c:a6:2d:b6:22:4d","RSSI":-66},{"SSID":"eduroam","BSSID":"5c:a6:2d:cf:e0:21","RSSI":-67},{"SSID":"MeetInLeeds","BSSID":"5c:a6:2d:ef:45:2d","RSSI":-68},{"SSID":"MeetInLeeds","BSSID":"5c:a6:2d:cf:e0:2d","RSSI":-68},{"SSID":"eduroam","BSSID":"5c:a6:2d:cf:e0:2e","RSSI":-68},{"SSID":"eduroam","BSSID":"5c:a6:2d:ef:45:2e","RSSI":-69},{"SSID":"MeetInLeeds","BSSID":"5c:a6:2d:cf:89:62","RSSI":-70},{"SSID":"MeetInLeeds","BSSID":"ac:3a:67:07:f9:22","RSSI":-70},{"SSID":"MeetInLeeds","BSSID":"5c:a6:2d:cf:89:6d","RSSI":-70},{"SSID":"eduroam","BSSID":"5c:a6:2d:45:dc:ce","RSSI":-71},{"SSID":"MeetInLeeds","BSSID":"5c:a6:2d:45:dc:cd","RSSI":-71},{"SSID":"eduroam","BSSID":"5c:a6:2d:cf:89:61","RSSI":-71},{"SSID":"eduroam","BSSID":"ac:3a:67:07:f9:21","RSSI":-71},{"SSID":"eduroam","BSSID":"5c:a6:2d:cf:c1:8e","RSSI":-71},{"SSID":"MeetInLeeds","BSSID":"5c:a6:2d:cf:c1:8d","RSSI":-71},{"SSID":"MeetInLeeds","BSSID":"5c:a6:2d:ce:ab:cd","RSSI":-72},{"SSID":"eduroam","BSSID":"5c:a6:2d:ce:ab:ce","RSSI":-72},{"SSID":"MeetInLeeds","BSSID":"5c:a6:2d:cf:c4:c2","RSSI":-72},{"SSID":"MeetInLeeds","BSSID":"5c:a6:2d:5d:2f:42","RSSI":-72},{"SSID":"eduroam","BSSID":"5c:a6:2d:5d:2f:41","RSSI":-73},{"SSID":"MeetInLeeds","BSSID":"5c:a6:2d:45:db:22","RSSI":-73},{"SSID":"MeetInLeeds","BSSID":"5c:a6:2d:af:91:c2","RSSI":-74},{"SSID":"MeetInLeeds","BSSID":"5c:a6:2d:af:91:82","RSSI":-74},{"SSID":"MeetInLeeds","BSSID":"5c:a6:2d:ef:47:42","RSSI":-74},{"SSID":"MeetInLeeds","BSSID":"5c:a6:2d:af:92:4d","RSSI":-75},{"SSID":"MeetInLeeds","BSSID":"5c:a6:2d:ce:b5:0d","RSSI":-75},{"SSID":"MeetInLeeds","BSSID":"5c:a6:2d:af:8f:c2","RSSI":-75},{"SSID":"MeetInLeeds","BSSID":"5c:a6:2d:5d:2e:22","RSSI":-75},{"SSID":"MeetInLeeds","BSSID":"5c:a6:2d:b5:ca:e2","RSSI":-76},{"SSID":"eduroam","BSSID":"5c:a6:2d:45:db:2e","RSSI":-76},{"SSID":"eduroam","BSSID":"5c:a6:2d:ce:b2:81","RSSI":-76},{"SSID":"MeetInLeeds","BSSID":"5c:a6:2d:cf:bf:c2","RSSI":-77},{"SSID":"MeetInLeeds","BSSID":"5c:a6:2d:86:6c:6d","RSSI":-77},{"SSID":"eduroam","BSSID":"5c:a6:2d:af:8f:c1","RSSI":-77},{"SSID":"eduroam","BSSID":"5c:a6:2d:ce:b5:0e","RSSI":-78},{"SSID":"MeetInLeeds","BSSID":"5c:a6:2d:cf:c4:cd","RSSI":-78},{"SSID":"MeetInLeeds","BSSID":"ac:3a:67:08:29:ad","RSSI":-78},{"SSID":"MeetInLeeds","BSSID":"ac:3a:67:08:29:a2","RSSI":-79},{"SSID":"MeetInLeeds","BSSID":"5c:a6:2d:cf:bf:cd","RSSI":-79},{"SSID":"MeetInLeeds","BSSID":"ac:3a:67:08:04:22","RSSI":-79},{"SSID":"eduroam","BSSID":"5c:a6:2d:ef:4a:a1","RSSI":-81},{"SSID":"MeetInLeeds","BSSID":"5c:a6:2d:86:69:c2","RSSI":-82},{"SSID":"MeetInLeeds","BSSID":"5c:a6:2d:cf:c3:2d","RSSI":-82},{"SSID":"eduroam","BSSID":"5c:a6:2d:86:6d:2e","RSSI":-82},{"SSID":"MeetInLeeds","BSSID":"5c:a6:2d:af:94:42","RSSI":-82},{"SSID":"eduroam","BSSID":"5c:a6:2d:cf:c4:ce","RSSI":-82},{"SSID":"MeetInLeeds","BSSID":"5c:a6:2d:ef:4c:4d","RSSI":-82},{"SSID":"MeetInLeeds","BSSID":"5c:a6:2d:86:6d:2d","RSSI":-83},{"SSID":"MeetInLeeds","BSSID":"5c:a6:2d:ce:b4:c2","RSSI":-83},{"SSID":"MeetInLeeds","BSSID":"5c:a6:2d:86:6b:6d","RSSI":-83},{"SSID":"eduroam","BSSID":"5c:a6:2d:86:6b:6e","RSSI":-83},{"SSID":"MeetInLeeds","BSSID":"5c:a6:2d:70:7b:4d","RSSI":-84},{"SSID":"MeetInLeeds","BSSID":"5c:a6:2d:5d:2e:2d","RSSI":-84},{"SSID":"MeetInLeeds","BSSID":"5c:a6:2d:af:94:ad","RSSI":-84},{"SSID":"MeetInLeeds","BSSID":"ac:3a:67:08:32:4d","RSSI":-84},{"SSID":"MeetInLeeds","BSSID":"5c:a6:2d:ce:bf:0d","RSSI":-84},{"SSID":"eduroam","BSSID":"5c:a6:2d:5d:2e:2e","RSSI":-85},{"SSID":"MeetInLeeds","BSSID":"5c:a6:2d:ef:47:4d","RSSI":-85}]]