[[{"SSID":"MeetInLeeds","BSSID":"5c:a6:2d:b6:45:62","RSSI":-47},{"SSID":"WiFi Setup - University of Leeds","BSSID":"5c:a6:2d:b6:45:63","RSSI":-47},{"SSID":"MeetInLeeds","BSSID":"ac:3a:67:07:fa:62","RSSI":-49},{"SSID":"WiFi Setup - University of Leeds","BSSID":"ac:3a:67:07:fa:63","RSSI":-49},{"SSID":"WiFi Setup - University of Leeds","BSSID":"ac:3a:67:07:fa:6c","RSSI":-49},{"SSID":"eduroam","BSSID":"ac:3a:67:07:fa:61","RSSI":-50},{"SSID":"MeetInLeeds","BSSID":"ac:3a:67:07:fa:6d","RSSI":-52},{"SSID":"eduroam","BSSID":"ac:3a:67:07:fa:6e","RSSI":-52},{"SSID":"WiFi Setup - University of Leeds","BSSID":"5c:a6:2d:b6:45:6c","RSSI":-54},{"SSID":"MeetInLeeds","BSSID":"5c:a6:2d:b6:45:6d","RSSI":-54},{"SSID":"eduroam","BSSID":"5c:a6:2d:b6:45:6e","RSSI":-54},{"SSID":"WiFi Setup - University of Leeds","BSSID":"5c:a6:2d:86:6a:63","RSSI":-59},{"SSID":"MeetInLeeds","BSSID":"5c:a6:2d:86:6a:62","RSSI":-59},{"SSID":"eduroam","BSSID":"5c:a6:2d:ce:c9:6e","RSSI":-64},{"SSID":"MeetInLeeds","BSSID":"5c:a6:2d:ce:c9:6d","RSSI":-64},{"SSID":"WiFi Setup - University of Leeds","BSSID":"5c:a6:2d:ce:c9:6c","RSSI":-64},{"SSID":"WiFi Setup - University of Leeds","BSSID":"5c:a6:2d:ce:c9:63","RSSI":-67},{"SSID":"eduroam","BSSID":"5c:a6:2d:ce:c9:61","RSSI":-68},{"SSID":"MeetInLeeds","BSSID":"5c:a6:2d:ce:c9:62","RSSI":-69},{"SSID":"MeetInLeeds","BSSID":"5c:a6:2d:ce:b2:82","RSSI":-70},{"SSID":"WiFi Setup - University of Leeds","BSSID":"5c:a6:2d:ce:b2:83","RSSI":-70},{"SSID":"MeetInLeeds","BSSID":"5c:a6:2d:ce:b2:8d","RSSI":-71},{"SSID":"WiFi Setup - University of Leeds","BSSID":"5c:a6:2d:ce:b2:8c","RSSI":-71},{"SSID":"eduroam","BSSID":"5c:a6:2d:ce:b2:8e","RSSI":-71},{"SSID":"MeetInLeeds","BSSID":"5c:a6:2d:5d:2b:42","RSSI":-77},{"SSID":"WiFi Setup - University of Leeds","BSSID":"5c:a6:2d:5d:2b:43","RSSI":-77},{"SSID":"WiFi Setup - University of Leeds","BSSID":"5c:a6:2d:45:dc:c3","RSSI":-78},{"SSID":"MeetInLeeds","BSSID":"5c:a6:2d:45:dc:c2","RSSI":-78},{"SSID":"MeetInLeeds","BSSID":"00:2c:c8:86:bf:a2","RSSI":-78},{"SSID":"MeetInLeeds","BSSID":"5c:a6:2d:cf:89:62","RSSI":-79},{"SSID":"eduroam","BSSID":"5c:a6:2d:5d:2b:41","RSSI":-80},{"SSID":"MeetInLeeds","BSSID":"5c:a6:2d:45:db:2d","RSSI":-80},{"SSID":"eduroam","BSSID":"5c:a6:2d:45:dc:ce","RSSI":-81},{"SSID":"MeetInLeeds","BSSID":"5c:a6:2d:45:dc:cd","RSSI":-81},{"SSID":"WiFi Setup - University of Leeds","BSSID":"5c:a6:2d:cf:89:6c","RSSI":-81},{"SSID":"eduroam","BSSID":"5c:a6:2d:cf:89:6e","RSSI":-81},{"SSID":"WiFi Setup - University of Leeds","BSSID":"5c:a6:2d:45:db:2c","RSSI":-81},{"SSID":"MeetInLeeds","BSSID":"5c:a6:2d:cf:89:6d","RSSI":-82},{"SSID":"WiFi Setup - University of Leeds","BSSID":"5c:a6:2d:45:dc:cc","RSSI":-86}],[{"SSID":"WiFi Setup - University of Leeds","BSSID":"5c:a6:2d:b6:45:6c","RSSI":-45},{"SSID":"MeetInLeeds","BSSID":"5c:a6:2d:b6:45:6d","RSSI":-45},{"SSID":"eduroam","BSSID":"5c:a6:2d:b6:45:6e","RSSI":-45},{"SSID":"WiFi Setup - University of Leeds","BSSID":"5c:a6:2d:b6:45:63","RSSI":-45},{"SSID":"MeetInLeeds","BSSID":"5c:a6:2d:b6:45:62","RSSI":-46},{"SSID":"WiFi Setup - University of Leeds","BSSID":"ac:3a:67:07:fa:6c","RSSI":-48},{"SSID":"MeetInLeeds","BSSID":"ac:3a:67:07:fa:6d","RSSI":-48},{"SSID":"eduroam","BSSID":"ac:3a:67:07:fa:6e","RSSI":-52},{"SSID":"MeetInLeeds","BSSID":"ac:3a:67:07:fa:62","RSSI":-53},{"SSID":"WiFi Setup - University of Leeds","BSSID":"ac:3a:67:07:fa:63","RSSI":-54},{"SSID":"eduroam","BSSID":"5c:a6:2d:ce:c9:6e","RSSI":-65},{"SSID":"MeetInLeeds","BSSID":"5c:a6:2d:ce:c9:6d","RSSI":-65},{"SSID":"WiFi Setup - University of Leeds","BSSID":"5c:a6:2d:86:6a:63","RSSI":-65},{"SSID":"MeetInLeeds","BSSID":"5c:a6:2d:86:6a:62","RSSI":-65},{"SSID":"WiFi Setup - University of Leeds","BSSID":"5c:a6:2d:ce:c9:6c","RSSI":-66},{"SSID":"MeetInLeeds","BSSID":"5c:a6:2d:45:dc:c2","RSSI":-74},{"SSID":"WiFi Setup - University of Leeds","BSSID":"5c:a6:2d:45:db:2c","RSSI":-74},{"SSID":"eduroam","BSSID":"5c:a6:2d:45:db:2e","RSSI":-74},{"SSID":"MeetInLeeds","BSSID":"5c:a6:2d:45:db:2d","RSSI":-74},{"SSID":"WiFi Setup - University of Leeds","BSSID":"5c:a6:2d:45:dc:c3","RSSI":-75},{"SSID":"eduroam","BSSID":"5c:a6:2d:5d:2b:41","RSSI":-79},{"SSID":"WiFi Setup - University of Leeds","BSSID":"5c:a6:2d:45:dc:cc","RSSI":-80},{"SSID":"WiFi Setup - University of Leeds","BSSID":"5c:a6:2d:45:db:23","RSSI":-81},{"SSID":"eduroam","BSSID":"5c:a6:2d:45:dc:ce","RSSI":-82},{"SSID":"MeetInLeeds","BSSID":"5c:a6:2d:45:dc:cd","RSSI":-82},{"SSID":"eduroam","BSSID":"5c:a6:2d:cf:89:6e","RSSI":-83},{"SSID":"MeetInLeeds","BSSID":"5c:a6:2d:cf:89:6d","RSSI":-84},{"SSID":"WiFi Setup - University of Leeds","BSSID":"5c:a6:2d:cf:89:6c","RSSI":-84}],[{"SSID":"MeetInLeeds","BSSID":"ac:3a:67:07:fa:62","RSSI":-50},{"SSID":"WiFi Setup - University of Leeds","BSSID":"ac:3a:67:07:fa:63","RSSI":-50},{"SSID":"WiFi Setup - University of Leeds","BSSID":"5c:a6:2d:b6:45:6c","RSSI":-51},{"SSID":"MeetInLeeds","BSSID":"5c:a6:2d:b6:45:6d","RSSI":-51},{"SSID":"eduroam","BSSID":"5c:a6:2d:b6:45:6e","RSSI":-51},{"SSID":"WiFi Setup - University of Leeds","BSSID":"5c:a6:2d:b6:45:63","RSSI":-51},{"SSID":"MeetInLeeds","BSSID":"5c:a6:2d:b6:45:62","RSSI":-52},{"SSID":"WiFi Setup - University of Leeds","BSSID":"5c:a6:2d:86:6a:63","RSSI":-62},{"SSID":"MeetInLeeds","BSSID":"5c:a6:2d:86:6a:62","RSSI":-62},{"SSID":"WiFi Setup - University of Leeds","BSSID":"5c:a6:2d:ce:b2:83","RSSI":-63},{"SSID":"MeetInLeeds","BSSID":"5c:a6:2d:ce:b2:82","RSSI":-64},{"SSID":"WiFi Setup - University of Leeds","BSSID":"5c:a6:2d:86:6a:6c","RSSI":-66},{"SSID":"eduroam","BSSID":"5c:a6:2d:86:6a:6e","RSSI":-69},{"SSID":"MeetInLeeds","BSSID":"5c:a6:2d:86:6a:6d","RSSI":-69},{"SSID":"MeetInLeeds","BSSID":"5c:a6:2d:45:db:2d","RSSI":-75},{"SSID":"WiFi Setup - University of Leeds","BSSID":"5c:a6:2d:45:db:23","RSSI":-76},{"SSID":"MeetInLeeds","BSSID":"5c:a6:2d:45:db:22","RSSI":-76},{"SSID":"MeetInLeeds","BSSID":"5c:a6:2d:ce:b2:8d","RSSI":-76},{"SSID":"WiFi Setup - University of Leeds","BSSID":"5c:a6:2d:ce:b2:8c","RSSI":-76},{"SSID":"eduroam","BSSID":"5c:a6:2d:ce:b2:8e","RSSI":-76},{"SSID":"WiFi Setup - University of Leeds","BSSID":"5c:a6:2d:45:db:2c","RSSI":-76},{"SSID":"eduroam","BSSID":"5c:a6:2d:45:db:2e","RSSI":-76},{"SSID":"WiFi Setup - University of Leeds","BSSID":"5c:a6:2d:5d:2b:43","RSSI":-77},{"SSID":"WiFi Setup - University of Leeds","BSSID":"5c:a6:2d:45:dc:c3","RSSI":-77},{"SSID":"MeetInLeeds","BSSID":"5c:a6:2d:45:dc:c2","RSSI":-77},{"SSID":"eduroam","BSSID":"5c:a6:2d:5d:2b:41","RSSI":-78},{"SSID":"eduroam","BSSID":"00:2c:c8:86:bf:a1","RSSI":-78},{"SSID":"WiFi Setup - University of Leeds","BSSID":"5c:a6:2d:cf:89:63","RSSI":-79},{"SSID":"MeetInLeeds","BSSID":"5c:a6:2d:cf:89:62","RSSI":-80},{"SSID":"WiFi Setup - University of Leeds","BSSID":"5c:a6:2d:45:dc:cc","RSSI":-82},{"SSID":"eduroam","BSSID":"5c:a6:2d:45:dc:ce","RSSI":-82},{"SSID":"MeetInLeeds","BSSID":"5c:a6:2d:45:dc:cd","RSSI":-82}],[{"SSID":"WiFi Setup - University of Leeds","BSSID":"ac:3a:67:07:fa:6c","RSSI":-45},{"SSID":"MeetInLeeds","BSSID":"ac:3a:67:07:fa:6d","RSSI":-45},{"SSID":"eduroam","BSSID":"ac:3a:67:07:fa:6e","RSSI":-45},{"SSID":"MeetInLeeds","BSSID":"5c:a6:2d:b6:45:6d","RSSI":-47},{"SSID":"WiFi Setup - University of Leeds","BSSID":"5c:a6:2d:b6:45:6c","RSSI":-48},{"SSID":"MeetInLeeds","BSSID":"5c:a6:2d:b6:45:62","RSSI":-49},{"SSID":"WiFi Setup - University of Leeds","BSSID":"5c:a6:2d:b6:45:63","RSSI":-49},{"SSID":"eduroam","BSSID":"5c:a6:2d:b6:45:6e","RSSI":-50},{"SSID":"MeetInLeeds","BSSID":"ac:3a:67:07:fa:62","RSSI":-51},{"SSID":"WiFi Setup - University of Leeds","BSSID":"ac:3a:67:07:fa:63","RSSI":-51},{"SSID":"WiFi Setup - University of Leeds","BSSID":"5c:a6:2d:86:6a:63","RSSI":-60},{"SSID":"MeetInLeeds","BSSID":"5c:a6:2d:86:6a:62","RSSI":-60},{"SSID":"MeetInLeeds","BSSID":"5c:a6:2d:ce:c9:62","RSSI":-66},{"SSID":"WiFi Setup - University of Leeds","BSSID":"5c:a6:2d:ce:c9:63","RSSI":-66},{"SSID":"eduroam","BSSID":"5c:a6:2d:ce:c9:61","RSSI":-67},{"SSID":"MeetInLeeds","BSSID":"5c:a6:2d:ce:b2:82","RSSI":-67},{"SSID":"WiFi Setup - University of Leeds","BSSID":"5c:a6:2d:ce:b2:83","RSSI":-67},{"SSID":"MeetInLeeds","BSSID":"5c:a6:2d:ce:b2:8d","RSSI":-77},{"SSID":"eduroam","BSSID":"5c:a6:2d:ce:b2:8e","RSSI":-77},{"SSID":"WiFi Setup - University of Leeds","BSSID":"5c:a6:2d:45:dc:c3","RSSI":-79},{"SSID":"MeetInLeeds","BSSID":"5c:a6:2d:45:dc:c2","RSSI":-79},{"SSID":"MeetInLeeds","BSSID":"00:2c:c8:86:bf:a2","RSSI":-80},{"SSID":"WiFi Setup - University of Leeds","BSSID":"5c:a6:2d:cf:89:6c","RSSI":-81},{"SSID":"eduroam","BSSID":"5c:a6:2d:cf:89:6e","RSSI":-81},{"SSID":"MeetInLeeds","BSSID":"5c:a6:2d:45:dc:cd","RSSI":-82},{"SSID":"MeetInLeeds","BSSID":"5c:a6:2d:cf:89:6d","RSSI":-82},{"SSID":"WiFi Setup - University of Leeds","BSSID":"5c:a6:2d:45:dc:cc","RSSI":-83},{"SSID":"eduroam","BSSID":"5c:a6:2d:45:dc:ce","RSSI":-83},{"SSID":"AndroidAPbe18","BSSID":"ce:1e:63:b7:40:a2","RSSI":-84}],[{"SSID":"WiFi Setup - University of Leeds","BSSID":"ac:3a:67:07:fa:6c","RSSI":-45},{"SSID":"MeetInLeeds","BSSID":"5c:a6:2d:b6:45:6d","RSSI":-48},{"SSID":"eduroam","BSSID":"ac:3a:67:07:fa:6e","RSSI":-48},{"SSID":"WiFi Setup - University of Leeds","BSSID":"ac:3a:67:07:fa:63","RSSI":-49},{"SSID":"MeetInLeeds","BSSID":"ac:3a:67:07:fa:6d","RSSI":-49},{"SSID":"MeetInLeeds","BSSID":"ac:3a:67:07:fa:62","RSSI":-50},{"SSID":"MeetInLeeds","BSSID":"5c:a6:2d:b6:45:62","RSSI":-50},{"SSID":"WiFi Setup - University of Leeds","BSSID":"5c:a6:2d:b6:45:63","RSSI":-50},{"SSID":"WiFi Setup - University of Leeds","BSSID":"5c:a6:2d:86:6a:63","RSSI":-59},{"SSID":"MeetInLeeds","BSSID":"5c:a6:2d:86:6a:62","RSSI":-60},{"SSID":"eduroam","BSSID":"5c:a6:2d:ce:c9:6e","RSSI":-64},{"SSID":"WiFi Setup - University of Leeds","BSSID":"5c:a6:2d:ce:c9:6c","RSSI":-64},{"SSID":"MeetInLeeds","BSSID":"5c:a6:2d:ce:c9:6d","RSSI":-65},{"SSID":"MeetInLeeds","BSSID":"5c:a6:2d:ce:c9:62","RSSI":-66},{"SSID":"WiFi Setup - University of Leeds","BSSID":"5c:a6:2d:ce:c9:63","RSSI":-66},{"SSID":"eduroam","BSSID":"5c:a6:2d:ce:b2:81","RSSI":-66},{"SSID":"MeetInLeeds","BSSID":"5c:a6:2d:5d:2b:42","RSSI":-75},{"SSID":"eduroam","BSSID":"5c:a6:2d:45:db:21","RSSI":-75},{"SSID":"WiFi Setup - University of Leeds","BSSID":"5c:a6:2d:5d:2b:43","RSSI":-76},{"SSID":"MeetInLeeds","BSSID":"5c:a6:2d:45:db:2d","RSSI":-76},{"SSID":"WiFi Setup - University of Leeds","BSSID":"5c:a6:2d:45:db:2c","RSSI":-77},{"SSID":"eduroam","BSSID":"5c:a6:2d:45:db:2e","RSSI":-77},{"SSID":"WiFi Setup - University of Leeds","BSSID":"5c:a6:2d:45:dc:c3","RSSI":-78},{"SSID":"MeetInLeeds","BSSID":"5c:a6:2d:45:dc:c2","RSSI":-78},{"SSID":"MeetInLeeds","BSSID":"5c:a6:2d:cf:b0:a2","RSSI":-82},{"SSID":"WiFi Setup - University of Leeds","BSSID":"5c:a6:2d:cf:b0:a3","RSSI":-83},{"SSID":"WiFi Setup - University of Leeds","BSSID":"5c:a6:2d:45:dc:cc","RSSI":-84}],[{"SSID":"WiFi Setup - University of Leeds","BSSID":"5c:a6:2d:b6:45:63","RSSI":-44},{"SSID":"MeetInLeeds","BSSID":"5c:a6:2d:b6:45:62","RSSI":-45},{"SSID":"eduroam","BSSID":"ac:3a:67:07:fa:61","RSSI":-46},{"SSID":"MeetInLeeds","BSSID":"ac:3a:67:07:fa:62","RSSI":-47},{"SSID":"WiFi Setup - University of Leeds","BSSID":"ac:3a:67:07:fa:63","RSSI":-47},{"SSID":"WiFi Setup - University of Leeds","BSSID":"ac:3a:67:07:fa:6c","RSSI":-49},{"SSID":"MeetInLeeds","BSSID":"ac:3a:67:07:fa:6d","RSSI":-49},{"SSID":"eduroam","BSSID":"ac:3a:67:07:fa:6e","RSSI":-49},{"SSID":"WiFi Setup - University of Leeds","BSSID":"5c:a6:2d:86:6a:63","RSSI":-57},{"SSID":"MeetInLeeds","BSSID":"5c:a6:2d:86:6a:62","RSSI":-57},{"SSID":"MeetInLeeds","BSSID":"5c:a6:2d:ce:c9:62","RSSI":-62},{"SSID":"eduroam","BSSID":"5c:a6:2d:ce:c9:6e","RSSI":-64},{"SSID":"MeetInLeeds","BSSID":"5c:a6:2d:ce:c9:6d","RSSI":-64},{"SSID":"WiFi Setup - University of Leeds","BSSID":"5c:a6:2d:ce:c9:6c","RSSI":-64},{"SSID":"MeetInLeeds","BSSID":"5c:a6:2d:ce:b2:82","RSSI":-64},{"SSID":"WiFi Setup - University of Leeds","BSSID":"5c:a6:2d:ce:b2:83","RSSI":-64},{"SSID":"eduroam","BSSID":"5c:a6:2d:86:6a:6e","RSSI":-67},{"SSID":"WiFi Setup - University of Leeds","BSSID":"5c:a6:2d:86:6a:6c","RSSI":-68},{"SSID":"MeetInLeeds","BSSID":"5c:a6:2d:45:db:22","RSSI":-70},{"SSID":"MeetInLeeds","BSSID":"5c:a6:2d:86:6a:6d","RSSI":-70},{"SSID":"WiFi Setup - University of Leeds","BSSID":"5c:a6:2d:45:db:23","RSSI":-71},{"SSID":"MeetInLeeds","BSSID":"5c:a6:2d:5d:2b:42","RSSI":-73},{"SSID":"WiFi Setup - University of Leeds","BSSID":"5c:a6:2d:5d:2b:43","RSSI":-73},{"SSID":"eduroam","BSSID":"5c:a6:2d:5d:2b:41","RSSI":-73},{"SSID":"WiFi Setup - University of Leeds","BSSID":"5c:a6:2d:45:dc:c3","RSSI":-75},{"SSID":"MeetInLeeds","BSSID":"5c:a6:2d:45:dc:c2","RSSI":-75},{"SSID":"MeetInLeeds","BSSID":"5c:a6:2d:cf:89:62","RSSI":-78},{"SSID":"eduroam","BSSID":"5c:a6:2d:45:db:2e","RSSI":-79},{"SSID":"MeetInLeeds","BSSID":"5c:a6:2d:45:db:2d","RSSI":-79},{"SSID":"WiFi Setup - University of Leeds","BSSID":"5c:a6:2d:45:db:2c","RSSI":-80},{"SSID":"eduroam","BSSID":"5c:a6:2d:45:dc:ce","RSSI":-84},{"SSID":"WiFi Setup - University of Leeds","BSSID":"5c:a6:2d:cf:89:6c","RSSI":-84},{"SSID":"eduroam","BSSID":"5c:a6:2d:cf:89:6e","RSSI":-84},{"SSID":"MeetInLeeds","BSSID":"5c:a6:2d:cf:89:6d","RSSI":-88}],[{"SSID":"MeetInLeeds","BSSID":"5c:a6:2d:b6:45:62","RSSI":-44},{"SSID":"WiFi Setup - University of Leeds","BSSID":"5c:a6:2d:b6:45:63","RSSI":-45},{"SSID":"WiFi Setup - University of Leeds","BSSID":"ac:3a:67:07:fa:63","RSSI":-46},{"SSID":"MeetInLeeds","BSSID":"ac:3a:67:07:fa:62","RSSI":-47},{"SSID":"WiFi Setup - University of Leeds","BSSID":"5c:a6:2d:86:6a:63","RSSI":-56},{"SSID":"MeetInLeeds","BSSID":"5c:a6:2d:86:6a:62","RSSI":-56},{"SSID":"MeetInLeeds","BSSID":"5c:a6:2d:ce:c9:62","RSSI":-60},{"SSID":"WiFi Setup - University of Leeds","BSSID":"5c:a6:2d:ce:c9:63","RSSI":-61},{"SSID":"MeetInLeeds","BSSID":"5c:a6:2d:ce:b2:82","RSSI":-64},{"SSID":"eduroam","BSSID":"5c:a6:2d:ce:c9:6e","RSSI":-65},{"SSID":"WiFi Setup - University of Leeds","BSSID":"5c:a6:2d:ce:c9:6c","RSSI":-65},{"SSID":"MeetInLeeds","BSSID":"5c:a6:2d:ce:c9:6d","RSSI":-66},{"SSID":"WiFi Setup - University of Leeds","BSSID":"5c:a6:2d:86:6a:6c","RSSI":-67},{"SSID":"eduroam","BSSID":"5c:a6:2d:86:6a:6e","RSSI":-67},{"SSID":"MeetInLeeds","BSSID":"5c:a6:2d:86:6a:6d","RSSI":-69},{"SSID":"MeetInLeeds","BSSID":"5c:a6:2d:45:db:22","RSSI":-70},{"SSID":"WiFi Setup - University of Leeds","BSSID":"5c:a6:2d:45:db:23","RSSI":-71},{"SSID":"MeetInLeeds","BSSID":"5c:a6:2d:5d:2b:42","RSSI":-72},{"SSID":"WiFi Setup - University of Leeds","BSSID":"5c:a6:2d:5d:2b:43","RSSI":-72},{"SSID":"WiFi Setup - University of Leeds","BSSID":"5c:a6:2d:45:dc:c3","RSSI":-75},{"SSID":"MeetInLeeds","BSSID":"5c:a6:2d:45:dc:c2","RSSI":-75},{"SSID":"eduroam","BSSID":"5c:a6:2d:45:dc:c1","RSSI":-75},{"SSID":"MeetInLeeds","BSSID":"5c:a6:2d:cf:89:62","RSSI":-78},{"SSID":"WiFi Setup - University of Leeds","BSSID":"5c:a6:2d:45:db:2c","RSSI":-82},{"SSID":"eduroam","BSSID":"5c:a6:2d:45:db:2e","RSSI":-82},{"SSID":"MeetInLeeds","BSSID":"5c:a6:2d:45:db:2d","RSSI":-82},{"SSID":"MeetInLeeds","BSSID":"5c:a6:2d:ce:ab:cd","RSSI":-84},{"SSID":"eduroam","BSSID":"5c:a6:2d:ce:ab:ce","RSSI":-85},{"SSID":"WiFi Setup - University of Leeds","BSSID":"5c:a6:2d:ce:ab:cc","RSSI":-86}],[{"SSID":"WiFi Setup - University of Leeds","BSSID":"5c:a6:2d:b6:45:63","RSSI":-42},{"SSID":"MeetInLeeds","BSSID":"5c:a6:2d:b6:45:62","RSSI":-43},{"SSID":"eduroam","BSSID":"ac:3a:67:07:fa:61","RSSI":-47},{"SSID":"MeetInLeeds","BSSID":"ac:3a:67:07:fa:62","RSSI":-48},{"SSID":"WiFi Setup - University of Leeds","BSSID":"ac:3a:67:07:fa:63","RSSI":-48},{"SSID":"WiFi Setup - University of Leeds","BSSID":"ac:3a:67:07:fa:6c","RSSI":-51},{"SSID":"MeetInLeeds","BSSID":"ac:3a:67:07:fa:6d","RSSI":-51},{"SSID":"eduroam","BSSID":"ac:3a:67:07:fa:6e","RSSI":-51},{"SSID":"WiFi Setup - University of Leeds","BSSID":"5c:a6:2d:86:6a:63","RSSI":-56},{"SSID":"MeetInLeeds","BSSID":"5c:a6:2d:86:6a:62","RSSI":-57},{"SSID":"MeetInLeeds","BSSID":"5c:a6:2d:ce:c9:62","RSSI":-62},{"SSID":"WiFi Setup - University of Leeds","BSSID":"5c:a6:2d:ce:c9:63","RSSI":-62},{"SSID":"WiFi Setup - University of Leeds","BSSID":"5c:a6:2d:ce:b2:83","RSSI":-62},{"SSID":"MeetInLeeds","BSSID":"5c:a6:2d:ce:b2:82","RSSI":-63},{"SSID":"WiFi Setup - University of Leeds","BSSID":"5c:a6:2d:ce:c9:6c","RSSI":-66},{"SSID":"eduroam","BSSID":"5c:a6:2d:ce:c9:6e","RSSI":-67},{"SSID":"MeetInLeeds","BSSID":"5c:a6:2d:ce:c9:6d","RSSI":-67},{"SSID":"MeetInLeeds","BSSID":"5c:a6:2d:5d:2b:42","RSSI":-73},{"SSID":"WiFi Setup - University of Leeds","BSSID":"5c:a6:2d:5d:2b:43","RSSI":-74},{"SSID":"eduroam","BSSID":"5c:a6:2d:5d:2b:41","RSSI":-74},{"SSID":"WiFi Setup - University of Leeds","BSSID":"5c:a6:2d:45:dc:c3","RSSI":-76},{"SSID":"eduroam","BSSID":"5c:a6:2d:45:dc:c1","RSSI":-76},{"SSID":"MeetInLeeds","BSSID":"5c:a6:2d:45:dc:c2","RSSI":-77},{"SSID":"WiFi Setup - University of Leeds","BSSID":"5c:a6:2d:cf:89:63","RSSI":-79},{"SSID":"WiFi Setup - University of Leeds","BSSID":"00:2c:c8:86:bf:a0","RSSI":-79},{"SSID":"MeetInLeeds","BSSID":"00:2c:c8:86:bf:a2","RSSI":-79},{"SSID":"WiFi Setup - University of Leeds","BSSID":"5c:a6:2d:45:db:2c","RSSI":-80},{"SSID":"WiFi Setup - University of Leeds","BSSID":"5c:a6:2d:cf:89:6c","RSSI":-81},{"SSID":"MeetInLeeds","BSSID":"5c:a6:2d:45:db:2d","RSSI":-81},{"SSID":"MeetInLeeds","BSSID":"5c:a6:2d:cf:89:62","RSSI":-82},{"SSID":"eduroam","BSSID":"5c:a6:2d:45:db:2e","RSSI":-82}],[{"SSID":"WiFi Setup - University of Leeds","BSSID":"5c:a6:2d:b6:45:63","RSSI":-41},{"SSID":"MeetInLeeds","BSSID":"5c:a6:2d:b6:45:62","RSSI":-42},{"SSID":"eduroam","BSSID":"ac:3a:67:07:fa:61","RSSI":-49},{"SSID":"MeetInLeeds","BSSID":"ac:3a:67:07:fa:62","RSSI":-49},{"SSID":"WiFi Setup - University of Leeds","BSSID":"ac:3a:67:07:fa:63","RSSI":-49},{"SSID":"WiFi Setup - University of Leeds","BSSID":"ac:3a:67:07:fa:6c","RSSI":-52},{"SSID":"MeetInLeeds","BSSID":"ac:3a:67:07:fa:6d","RSSI":-52},{"SSID":"eduroam","BSSID":"ac:3a:67:07:fa:6e","RSSI":-52},{"SSID":"MeetInLeeds","BSSID":"5c:a6:2d:ce:c9:62","RSSI":-61},{"SSID":"eduroam","BSSID":"5c:a6:2d:ce:c9:61","RSSI":-61},{"SSID":"WiFi Setup - University of Leeds","BSSID":"5c:a6:2d:ce:c9:63","RSSI":-61},{"SSID":"WiFi Setup - University of Leeds","BSSID":"5c:a6:2d:ce:c9:6c","RSSI":-66},{"SSID":"eduroam","BSSID":"5c:a6:2d:ce:c9:6e","RSSI":-67},{"SSID":"MeetInLeeds","BSSID":"5c:a6:2d:ce:c9:6d","RSSI":-67},{"SSID":"MeetInLeeds","BSSID":"5c:a6:2d:45:db:22","RSSI":-72},{"SSID":"WiFi Setup - University of Leeds","BSSID":"5c:a6:2d:45:db:23","RSSI":-73},{"SSID":"MeetInLeeds","BSSID":"5c:a6:2d:5d:2b:42","RSSI":-76},{"SSID":"WiFi Setup - University of Leeds","BSSID":"5c:a6:2d:45:dc:c3","RSSI":-76},{"SSID":"MeetInLeeds","BSSID":"5c:a6:2d:45:dc:c2","RSSI":-76},{"SSID":"eduroam","BSSID":"5c:a6:2d:45:db:2e","RSSI":-79},{"SSID":"WiFi Setup - University of Leeds","BSSID":"5c:a6:2d:45:db:2c","RSSI":-80},{"SSID":"MeetInLeeds","BSSID":"5c:a6:2d:45:db:2d","RSSI":-80},{"SSID":"MeetInLeeds","BSSID":"00:2c:c8:86:bf:a2","RSSI":-80},{"SSID":"WiFi Setup - University of Leeds","BSSID":"5c:a6:2d:ce:ab:cc","RSSI":-84},{"SSID":"MeetInLeeds","BSSID":"5c:a6:2d:ce:ab:cd","RSSI":-85},{"SSID":"eduroam","BSSID":"5c:a6:2d:ce:ab:ce","RSSI":-85}],[{"SSID":"MeetInLeeds","BSSID":"5c:a6:2d:b6:45:62","RSSI":-39},{"SSID":"eduroam","BSSID":"5c:a6:2d:b6:45:61","RSSI":-40},{"SSID":"WiFi Setup - University of Leeds","BSSID":"5c:a6:2d:b6:45:63","RSSI":-40},{"SSID":"WiFi Setup - University of Leeds","BSSID":"5c:a6:2d:b6:45:6c","RSSI":-46},{"SSID":"MeetInLeeds","BSSID":"5c:a6:2d:b6:45:6d","RSSI":-46},{"SSID":"eduroam","BSSID":"5c:a6:2d:b6:45:6e","RSSI":-46},{"SSID":"MeetInLeeds","BSSID":"ac:3a:67:07:fa:62","RSSI":-47},{"SSID":"WiFi Setup - University of Leeds","BSSID":"ac:3a:67:07:fa:63","RSSI":-48},{"SSID":"WiFi Setup - University of Leeds","BSSID":"5c:a6:2d:86:6a:63","RSSI":-58},{"SSID":"MeetInLeeds","BSSID":"5c:a6:2d:86:6a:62","RSSI":-58},{"SSID":"MeetInLeeds","BSSID":"5c:a6:2d:ce:c9:62","RSSI":-61},{"SSID":"WiFi Setup - University of Leeds","BSSID":"5c:a6:2d:ce:c9:63","RSSI":-61},{"SSID":"MeetInLeeds","BSSID":"5c:a6:2d:ce:c9:6d","RSSI":-66},{"SSID":"WiFi Setup - University of Leeds","BSSID":"5c:a6:2d:ce:c9:6c","RSSI":-66},{"SSID":"eduroam","BSSID":"5c:a6:2d:ce:c9:6e","RSSI":-67},{"SSID":"WiFi Setup - University of Leeds","BSSID":"5c:a6:2d:45:db:23","RSSI":-74},{"SSID":"WiFi Setup - University of Leeds","BSSID":"5c:a6:2d:45:dc:c3","RSSI":-75},{"SSID":"MeetInLeeds","BSSID":"5c:a6:2d:45:dc:c2","RSSI":-75},{"SSID":"MeetInLeeds","BSSID":"5c:a6:2d:45:db:22","RSSI":-75},{"SSID":"WiFi Setup - University of Leeds","BSSID":"5c:a6:2d:5d:2b:43","RSSI":-76},{"SSID":"eduroam","BSSID":"5c:a6:2d:5d:2b:41","RSSI":-76},{"SSID":"MeetInLeeds","BSSID":"5c:a6:2d:5d:2b:42","RSSI":-77},{"SSID":"WiFi Setup - University of Leeds","BSSID":"5c:a6:2d:cf:b0:a3","RSSI":-81},{"SSID":"MeetInLeeds","BSSID":"5c:a6:2d:cf:b0:a2","RSSI":-82},{"SSID":"WiFi Setup - University of Leeds","BSSID":"5c:a6:2d:45:db:2c","RSSI":-82},{"SSID":"MeetInLeeds","BSSID":"5c:a6:2d:45:db:2d","RSSI":-82},{"SSID":"eduroam","BSSID":"08:ec:f5:fa:91:21","RSSI":-83},{"SSID":"eduroam","BSSID":"5c:a6:2d:45:db:2e","RSSI":-83},{"SSID":"MeetInLeeds","BSSID":"5c:a6:2d:ce:ab:cd","RSSI":-84},{"SSID":"eduroam","BSSID":"5c:a6:2d:ce:ab:ce","RSSI":-84},{"SSID":"WiFi Setup - University of Leeds","BSSID":"5c:a6:2d:ce:ab:cc","RSSI":-85}]]