[[{"SSID":"eduroam","BSSID":"ac:3a:67:08:32:4e","RSSI":-40},{"SSID":"MeetInLeeds","BSSID":"ac:3a:67:08:32:4d","RSSI":-41},{"SSID":"WiFi Setup - University of Leeds","BSSID":"ac:3a:67:08:32:4c","RSSI":-43},{"SSID":"eduroam","BSSID":"5c:a6:2d:af:8d:e1","RSSI":-44},{"SSID":"MeetInLeeds","BSSID":"5c:a6:2d:af:8d:e2","RSSI":-44},{"SSID":"WiFi Setup - University of Leeds","BSSID":"5c:a6:2d:af:8d:e3","RSSI":-44},{"SSID":"WiFi Setup - University of Leeds","BSSID":"5c:a6:2d:86:6b:63","RSSI":-54},{"SSID":"MeetInLeeds","BSSID":"5c:a6:2d:86:6b:62","RSSI":-55},{"SSID":"eduroam","BSSID":"5c:a6:2d:af:91:ce","RSSI":-56},{"SSID":"WiFi Setup - University of Leeds","BSSID":"5c:a6:2d:af:91:cc","RSSI":-56},{"SSID":"eduroam","BSSID":"5c:a6:2d:ef:45:2e","RSSI":-57},{"SSID":"WiFi Setup - University of Leeds","BSSID":"5c:a6:2d:ef:45:2c","RSSI":-57},{"SSID":"MeetInLeeds","BSSID":"5c:a6:2d:af:91:cd","RSSI":-57},{"SSID":"eduroam","BSSID":"5c:a6:2d:86:6d:2e","RSSI":-58},{"SSID":"MeetInLeeds","BSSID":"5c:a6:2d:86:6d:2d","RSSI":-59},{"SSID":"WiFi Setup - University of Leeds","BSSID":"5c:a6:2d:86:6d:2c","RSSI":-59},{"SSID":"WiFi Setup - University of Leeds","BSSID":"5c:a6:2d:af:90:6c","RSSI":-61},{"SSID":"MeetInLeeds","BSSID":"5c:a6:2d:af:90:6d","RSSI":-61},{"SSID":"WiFi Setup - University of Leeds","BSSID":"5c:a6:2d:86:6d:23","RSSI":-62},{"SSID":"eduroam","BSSID":"5c:a6:2d:af:92:2e","RSSI":-62},{"SSID":"WiFi Setup - University of Leeds","BSSID":"5c:a6:2d:ef:45:23","RSSI":-62},{"SSID":"eduroam","BSSID":"5c:a6:2d:af:8f:ce","RSSI":-62},{"SSID":"MeetInLeeds","BSSID":"5c:a6:2d:af:8f:cd","RSSI":-62},{"SSID":"WiFi Setup - University of Leeds","BSSID":"5c:a6:2d:af:8f:cc","RSSI":-62},{"SSID":"eduroam","BSSID":"5c:a6:2d:85:81:e1","RSSI":-62},{"SSID":"MeetInLeeds","BSSID":"5c:a6:2d:af:92:2d","RSSI":-63},{"SSID":"WiFi Setup - University of Leeds","BSSID":"5c:a6:2d:af:92:2c","RSSI":-63},{"SSID":"MeetInLeeds","BSSID":"5c:a6:2d:ef:45:2d","RSSI":-63},{"SSID":"MeetInLeeds","BSSID":"5c:a6:2d:ce:c1:ed","RSSI":-65},{"SSID":"WiFi Setup - University of Leeds","BSSID":"ac:3a:67:08:01:83","RSSI":-67},{"SSID":"MeetInLeeds","BSSID":"5c:a6:2d:ce:b2:0d","RSSI":-67},{"SSID":"WiFi Setup - University of Leeds","BSSID":"5c:a6:2d:ce:b2:0c","RSSI":-67},{"SSID":"eduroam","BSSID":"5c:a6:2d:af:91:41","RSSI":-67},{"SSID":"eduroam","BSSID":"5c:a6:2d:85:81:ee","RSSI":-68},{"SSID":"MeetInLeeds","BSSID":"5c:a6:2d:85:81:ed","RSSI":-68},{"SSID":"WiFi Setup - University of Leeds","BSSID":"5c:a6:2d:85:81:ec","RSSI":-68},{"SSID":"WiFi Setup - University of Leeds","BSSID":"5c:a6:2d:b5:ca:e3","RSSI":-68},{"SSID":"WiFi Setup - University of Leeds","BSSID":"5c:a6:2d:af:91:43","RSSI":-68},{"SSID":"MeetInLeeds","BSSID":"5c:a6:2d:af:91:42","RSSI":-68},{"SSID":"WiFi Setup - University of Leeds","BSSID":"5c:a6:2d:af:91:8c","RSSI":-69},{"SSID":"WiFi Setup - University of Leeds","BSSID":"5c:a6:2d:cf:c4:4c","RSSI":-70},{"SSID":"WiFi Setup - University of Leeds","BSSID":"5c:a6:2d:ce:a1:cc","RSSI":-71},{"SSID":"WiFi Setup - University of Leeds","BSSID":"5c:a6:2d:ce:b5:0c","RSSI":-72},{"SSID":"eduroam","BSSID":"ac:3a:67:07:fc:21","RSSI":-72},{"SSID":"eduroam","BSSID":"5c:a6:2d:b5:ca:ee","RSSI":-72},{"SSID":"MeetInLeeds","BSSID":"5c:a6:2d:ce:b5:02","RSSI":-73},{"SSID":"WiFi Setup - University of Leeds","BSSID":"5c:a6:2d:ce:bf:0c","RSSI":-73},{"SSID":"eduroam","BSSID":"5c:a6:2d:ce:bf:01","RSSI":-74},{"SSID":"MeetInLeeds","BSSID":"5c:a6:2d:af:91:e2","RSSI":-75},{"SSID":"WiFi Setup - University of Leeds","BSSID":"5c:a6:2d:b5:ca:ec","RSSI":-76},{"SSID":"eduroam","BSSID":"ac:3a:67:08:29:21","RSSI":-76},{"SSID":"WiFi Setup - University of Leeds","BSSID":"5c:a6:2d:ce:b4:cc","RSSI":-77},{"SSID":"MeetInLeeds","BSSID":"5c:a6:2d:ce:b4:cd","RSSI":-79},{"SSID":"WiFi Setup - University of Leeds","BSSID":"ac:3a:67:08:2a:0c","RSSI":-81},{"SSID":"eduroam","BSSID":"ac:3a:67:08:2a:0e","RSSI":-83},{"SSID":"MeetInLeeds","BSSID":"5c:a6:2d:b5:ca:ed","RSSI":-83}],[{"SSID":"MeetInLeeds","BSSID":"ac:3a:67:08:32:42","RSSI":-32},{"SSID":"WiFi Setup - University of Leeds","BSSID":"ac:3a:67:08:32:43","RSSI":-33},{"SSID":"eduroam","BSSID":"ac:3a:67:08:32:4e","RSSI":-37},{"SSID":"MeetInLeeds","BSSID":"ac:3a:67:08:32:4d","RSSI":-38},{"SSID":"WiFi Setup - University of Leeds","BSSID":"ac:3a:67:08:32:4c","RSSI":-38},{"SSID":"MeetInLeeds","BSSID":"5c:a6:2d:af:8d:e2","RSSI":-45},{"SSID":"WiFi Setup - University of Leeds","BSSID":"5c:a6:2d:af:8d:e3","RSSI":-45},{"SSID":"WiFi Setup - University of Leeds","BSSID":"5c:a6:2d:86:6b:6c","RSSI":-49},{"SSID":"WiFi Setup - University of Leeds","BSSID":"5c:a6:2d:cf:ab:a3","RSSI":-51},{"SSID":"MeetInLeeds","BSSID":"5c:a6:2d:86:6b:6d","RSSI":-51},{"SSID":"eduroam","BSSID":"5c:a6:2d:86:6b:6e","RSSI":-51},{"SSID":"MeetInLeeds","BSSID":"5c:a6:2d:cf:ab:a2","RSSI":-52},{"SSID":"eduroam","BSSID":"5c:a6:2d:af:8d:ee","RSSI":-53},{"SSID":"WiFi Setup - University of Leeds","BSSID":"5c:a6:2d:af:8d:ec","RSSI":-53},{"SSID":"MeetInLeeds","BSSID":"5c:a6:2d:af:8d:ed","RSSI":-53},{"SSID":"WiFi Setup - University of Leeds","BSSID":"5c:a6:2d:ef:45:2c","RSSI":-53},{"SSID":"eduroam","BSSID":"5c:a6:2d:ef:45:2e","RSSI":-54},{"SSID":"MeetInLeeds","BSSID":"5c:a6:2d:ef:45:2d","RSSI":-54},{"SSID":"eduroam","BSSID":"5c:a6:2d:af:91:ce","RSSI":-54},{"SSID":"WiFi Setup - University of Leeds","BSSID":"5c:a6:2d:af:91:cc","RSSI":-54},{"SSID":"MeetInLeeds","BSSID":"5c:a6:2d:af:92:22","RSSI":-55},{"SSID":"WiFi Setup - University of Leeds","BSSID":"5c:a6:2d:af:92:23","RSSI":-55},{"SSID":"MeetInLeeds","BSSID":"5c:a6:2d:af:91:cd","RSSI":-55},{"SSID":"MeetInLeeds","BSSID":"5c:a6:2d:86:6d:22","RSSI":-55},{"SSID":"WiFi Setup - University of Leeds","BSSID":"5c:a6:2d:cf:ab:ac","RSSI":-56},{"SSID":"eduroam","BSSID":"5c:a6:2d:86:6d:2e","RSSI":-56},{"SSID":"eduroam","BSSID":"5c:a6:2d:cf:ab:ae","RSSI":-58},{"SSID":"WiFi Setup - University of Leeds","BSSID":"5c:a6:2d:86:6d:23","RSSI":-59},{"SSID":"WiFi Setup - University of Leeds","BSSID":"5c:a6:2d:af:91:c3","RSSI":-59},{"SSID":"MeetInLeeds","BSSID":"5c:a6:2d:af:92:2d","RSSI":-59},{"SSID":"MeetInLeeds","BSSID":"5c:a6:2d:af:91:c2","RSSI":-60},{"SSID":"MeetInLeeds","BSSID":"5c:a6:2d:ce:b2:02","RSSI":-60},{"SSID":"eduroam","BSSID":"5c:a6:2d:86:6d:21","RSSI":-60},{"SSID":"WiFi Setup - University of Leeds","BSSID":"5c:a6:2d:ef:45:23","RSSI":-61},{"SSID":"MeetInLeeds","BSSID":"5c:a6:2d:ef:45:22","RSSI":-61},{"SSID":"WiFi Setup - University of Leeds","BSSID":"5c:a6:2d:af:92:2c","RSSI":-62},{"SSID":"eduroam","BSSID":"5c:a6:2d:ef:45:21","RSSI":-62},{"SSID":"WiFi Setup - University of Leeds","BSSID":"5c:a6:2d:ce:b2:03","RSSI":-63},{"SSID":"MeetInLeeds","BSSID":"5c:a6:2d:85:81:e2","RSSI":-64},{"SSID":"WiFi Setup - University of Leeds","BSSID":"5c:a6:2d:cf:c3:2c","RSSI":-64},{"SSID":"MeetInLeeds","BSSID":"5c:a6:2d:af:8f:cd","RSSI":-64},{"SSID":"WiFi Setup - University of Leeds","BSSID":"5c:a6:2d:af:90:6c","RSSI":-65},{"SSID":"MeetInLeeds","BSSID":"5c:a6:2d:af:90:6d","RSSI":-65},{"SSID":"eduroam","BSSID":"5c:a6:2d:85:81:e1","RSSI":-65},{"SSID":"MeetInLeeds","BSSID":"5c:a6:2d:cf:e3:42","RSSI":-65},{"SSID":"MeetInLeeds","BSSID":"5c:a6:2d:85:81:ed","RSSI":-66},{"SSID":"WiFi Setup - University of Leeds","BSSID":"5c:a6:2d:85:81:ec","RSSI":-66},{"SSID":"WiFi Setup - University of Leeds","BSSID":"5c:a6:2d:af:91:83","RSSI":-66},{"SSID":"WiFi Setup - University of Leeds","BSSID":"5c:a6:2d:b5:ca:e3","RSSI":-66},{"SSID":"eduroam","BSSID":"5c:a6:2d:5d:ab:6e","RSSI":-66},{"SSID":"WiFi Setup - University of Leeds","BSSID":"5c:a6:2d:cf:e3:43","RSSI":-66},{"SSID":"WiFi Setup - University of Leeds","BSSID":"5c:a6:2d:cf:c4:43","RSSI":-67},{"SSID":"WiFi Setup - University of Leeds","BSSID":"5c:a6:2d:af:91:8c","RSSI":-69},{"SSID":"MeetInLeeds","BSSID":"5c:a6:2d:cf:c4:4d","RSSI":-69},{"SSID":"eduroam","BSSID":"5c:a6:2d:af:91:41","RSSI":-69},{"SSID":"MeetInLeeds","BSSID":"5c:a6:2d:cf:b0:02","RSSI":-70},{"SSID":"MeetInLeeds","BSSID":"ac:3a:67:08:01:82","RSSI":-70},{"SSID":"eduroam","BSSID":"ac:3a:67:07:fc:21","RSSI":-70},{"SSID":"MeetInLeeds","BSSID":"5c:a6:2d:af:90:62","RSSI":-70},{"SSID":"MeetInLeeds","BSSID":"ac:3a:67:07:fc:22","RSSI":-71},{"SSID":"eduroam","BSSID":"5c:a6:2d:af:90:61","RSSI":-71},{"SSID":"eduroam","BSSID":"ac:3a:67:08:01:81","RSSI":-72},{"SSID":"WiFi Setup - University of Leeds","BSSID":"5c:a6:2d:af:91:e3","RSSI":-74},{"SSID":"MeetInLeeds","BSSID":"5c:a6:2d:b5:ca:ed","RSSI":-75},{"SSID":"eduroam","BSSID":"5c:a6:2d:b5:ca:ee","RSSI":-75},{"SSID":"WiFi Setup - University of Leeds","BSSID":"5c:a6:2d:af:94:ac","RSSI":-78},{"SSID":"MeetInLeeds","BSSID":"5c:a6:2d:ce:bf:0d","RSSI":-78},{"SSID":"WiFi Setup - University of Leeds","BSSID":"5c:a6:2d:ef:4c:4c","RSSI":-78},{"SSID":"MeetInLeeds","BSSID":"5c:a6:2d:ef:4c:4d","RSSI":-78},{"SSID":"MeetInLeeds","BSSID":"5c:a6:2d:86:69:6d","RSSI":-79},{"SSID":"MeetInLeeds","BSSID":"5c:a6:2d:ce:b4:cd","RSSI":-79},{"SSID":"WiFi Setup - University of Leeds","BSSID":"5c:a6:2d:ce:bf:0c","RSSI":-79},{"SSID":"WiFi Setup - University of Leeds","BSSID":"5c:a6:2d:ce:b4:cc","RSSI":-80},{"SSID":"WiFi Setup - University of Leeds","BSSID":"5c:a6:2d:86:69:6c","RSSI":-81},{"SSID":"eduroam","BSSID":"5c:a6:2d:86:69:6e","RSSI":-81},{"SSID":"eduroam","BSSID":"5c:a6:2d:cf:c1:81","RSSI":-82},{"SSID":"WiFi Setup - University of Leeds","BSSID":"5c:a6:2d:cf:c1:83","RSSI":-82},{"SSID":"MeetInLeeds","BSSID":"5c:a6:2d:45:db:8d","RSSI":-82},{"SSID":"eduroam","BSSID":"5c:a6:2d:ce:b4:ce","RSSI":-83},{"SSID":"MeetInLeeds","BSSID":"ac:3a:67:08:2a:0d","RSSI":-84}],[{"SSID":"WiFi Setup - University of Leeds","BSSID":"ac:3a:67:08:32:43","RSSI":-33},{"SSID":"MeetInLeeds","BSSID":"ac:3a:67:08:32:42","RSSI":-34},{"SSID":"MeetInLeeds","BSSID":"ac:3a:67:08:32:4d","RSSI":-35},{"SSID":"WiFi Setup - University of Leeds","BSSID":"ac:3a:67:08:32:4c","RSSI":-35},{"SSID":"eduroam","BSSID":"ac:3a:67:08:32:4e","RSSI":-36},{"SSID":"TP-Link_0F14","BSSID":"c0:c9:e3:b8:0f:14","RSSI":-41},{"SSID":"MeetInLeeds","BSSID":"5c:a6:2d:af:8d:e2","RSSI":-47},{"SSID":"WiFi Setup - University of Leeds","BSSID":"5c:a6:2d:af:8d:e3","RSSI":-47},{"SSID":"WiFi Setup - University of Leeds","BSSID":"5c:a6:2d:86:6b:6c","RSSI":-51},{"SSID":"eduroam","BSSID":"5c:a6:2d:af:8d:ee","RSSI":-52},{"SSID":"WiFi Setup - University of Leeds","BSSID":"5c:a6:2d:af:8d:ec","RSSI":-52},{"SSID":"eduroam","BSSID":"5c:a6:2d:cf:ab:a1","RSSI":-52},{"SSID":"WiFi Setup - University of Leeds","BSSID":"5c:a6:2d:cf:ab:a3","RSSI":-53},{"SSID":"MeetInLeeds","BSSID":"5c:a6:2d:86:6b:6d","RSSI":-53},{"SSID":"MeetInLeeds","BSSID":"5c:a6:2d:af:8d:ed","RSSI":-55},{"SSID":"MeetInLeeds","BSSID":"5c:a6:2d:af:92:22","RSSI":-55},{"SSID":"WiFi Setup - University of Leeds","BSSID":"5c:a6:2d:af:92:23","RSSI":-55},{"SSID":"WiFi Setup - University of Leeds","BSSID":"5c:a6:2d:af:91:cc","RSSI":-55},{"SSID":"WiFi Setup - University of Leeds","BSSID":"5c:a6:2d:86:6d:2c","RSSI":-56},{"SSID":"eduroam","BSSID":"5c:a6:2d:af:91:ce","RSSI":-56},{"SSID":"MeetInLeeds","BSSID":"5c:a6:2d:af:91:cd","RSSI":-56},{"SSID":"MeetInLeeds","BSSID":"5c:a6:2d:86:6d:2d","RSSI":-57},{"SSID":"eduroam","BSSID":"5c:a6:2d:86:6d:2e","RSSI":-57},{"SSID":"eduroam","BSSID":"5c:a6:2d:ef:45:2e","RSSI":-57},{"SSID":"WiFi Setup - University of Leeds","BSSID":"5c:a6:2d:ef:45:2c","RSSI":-57},{"SSID":"WiFi Setup - University of Leeds","BSSID":"5c:a6:2d:af:91:c3","RSSI":-58},{"SSID":"MeetInLeeds","BSSID":"5c:a6:2d:ef:45:2d","RSSI":-58},{"SSID":"WiFi Setup - University of Leeds","BSSID":"5c:a6:2d:86:6d:23","RSSI":-59},{"SSID":"MeetInLeeds","BSSID":"5c:a6:2d:af:91:c2","RSSI":-59},{"SSID":"MeetInLeeds","BSSID":"5c:a6:2d:ef:45:22","RSSI":-59},{"SSID":"WiFi Setup - University of Leeds","BSSID":"5c:a6:2d:cf:ab:ac","RSSI":-60},{"SSID":"WiFi Setup - University of Leeds","BSSID":"5c:a6:2d:ef:45:23","RSSI":-60},{"SSID":"MeetInLeeds","BSSID":"5c:a6:2d:85:81:e2","RSSI":-61},{"SSID":"WiFi Setup - University of Leeds","BSSID":"5c:a6:2d:af:91:8c","RSSI":-64},{"SSID":"MeetInLeeds","BSSID":"5c:a6:2d:af:90:6d","RSSI":-64},{"SSID":"WiFi Setup - University of Leeds","BSSID":"5c:a6:2d:85:81:ec","RSSI":-65},{"SSID":"eduroam","BSSID":"5c:a6:2d:af:92:2e","RSSI":-65},{"SSID":"eduroam","BSSID":"5c:a6:2d:af:8f:ce","RSSI":-65},{"SSID":"WiFi Setup - University of Leeds","BSSID":"5c:a6:2d:cf:e3:43","RSSI":-65},{"SSID":"MeetInLeeds","BSSID":"5c:a6:2d:85:81:ed","RSSI":-66},{"SSID":"WiFi Setup - University of Leeds","BSSID":"5c:a6:2d:cf:c3:2c","RSSI":-66},{"SSID":"eduroam","BSSID":"5c:a6:2d:af:91:8e","RSSI":-66},{"SSID":"MeetInLeeds","BSSID":"5c:a6:2d:af:91:8d","RSSI":-66},{"SSID":"WiFi Setup - University of Leeds","BSSID":"ac:3a:67:07:fc:23","RSSI":-66},{"SSID":"MeetInLeeds","BSSID":"5c:a6:2d:b5:ca:e2","RSSI":-66},{"SSID":"WiFi Setup - University of Leeds","BSSID":"5c:a6:2d:af:8f:cc","RSSI":-66},{"SSID":"MeetInLeeds","BSSID":"5c:a6:2d:cf:c3:22","RSSI":-68},{"SSID":"MeetInLeeds","BSSID":"ac:3a:67:07:fc:22","RSSI":-68},{"SSID":"MeetInLeeds","BSSID":"5c:a6:2d:ce:b2:0d","RSSI":-68},{"SSID":"WiFi Setup - University of Leeds","BSSID":"5c:a6:2d:ce:b2:0c","RSSI":-68},{"SSID":"MeetInLeeds","BSSID":"5c:a6:2d:af:8f:cd","RSSI":-68},{"SSID":"MeetInLeeds","BSSID":"5c:a6:2d:cf:c5:ed","RSSI":-69},{"SSID":"WiFi Setup - University of Leeds","BSSID":"5c:a6:2d:af:92:2c","RSSI":-69},{"SSID":"WiFi Setup - University of Leeds","BSSID":"5c:a6:2d:af:91:83","RSSI":-69},{"SSID":"MeetInLeeds","BSSID":"5c:a6:2d:af:91:82","RSSI":-69},{"SSID":"MeetInLeeds","BSSID":"5c:a6:2d:cf:c5:e2","RSSI":-70},{"SSID":"WiFi Setup - University of Leeds","BSSID":"5c:a6:2d:cf:c4:4c","RSSI":-70},{"SSID":"WiFi Setup - University of Leeds","BSSID":"ac:3a:67:08:29:ac","RSSI":-70},{"SSID":"WiFi Setup - University of Leeds","BSSID":"5c:a6:2d:cf:b0:0c","RSSI":-71},{"SSID":"WiFi Setup - University of Leeds","BSSID":"ac:3a:67:08:29:a3","RSSI":-71},{"SSID":"eduroam","BSSID":"5c:a6:2d:ce:b5:01","RSSI":-71},{"SSID":"MeetInLeeds","BSSID":"5c:a6:2d:ef:4c:42","RSSI":-74},{"SSID":"WiFi Setup - University of Leeds","BSSID":"5c:a6:2d:ef:4c:43","RSSI":-74},{"SSID":"WiFi Setup - University of Leeds","BSSID":"5c:a6:2d:af:91:e3","RSSI":-76},{"SSID":"MeetInLeeds","BSSID":"5c:a6:2d:ef:4c:4d","RSSI":-77},{"SSID":"MeetInLeeds","BSSID":"ac:3a:67:08:29:2d","RSSI":-78},{"SSID":"WiFi Setup - University of Leeds","BSSID":"ac:3a:67:08:29:2c","RSSI":-79},{"SSID":"MeetInLeeds","BSSID":"ac:3a:67:08:2a:0d","RSSI":-79},{"SSID":"WiFi Setup - University of Leeds","BSSID":"5c:a6:2d:86:69:6c","RSSI":-80},{"SSID":"MeetInLeeds","BSSID":"5c:a6:2d:86:69:6d","RSSI":-80},{"SSID":"eduroam","BSSID":"5c:a6:2d:86:69:6e","RSSI":-81},{"SSID":"WiFi Setup - University of Leeds","BSSID":"5c:a6:2d:cf:d9:03","RSSI":-83},{"SSID":"MeetInLeeds","BSSID":"ac:3a:67:07:fb:0d","RSSI":-84}],[{"SSID":"MeetInLeeds","BSSID":"ac:3a:67:08:32:42","RSSI":-31},{"SSID":"WiFi Setup - University of Leeds","BSSID":"ac:3a:67:08:32:43","RSSI":-32},{"SSID":"eduroam","BSSID":"ac:3a:67:08:32:4e","RSSI":-36},{"SSID":"WiFi Setup - University of Leeds","BSSID":"ac:3a:67:08:32:4c","RSSI":-36},{"SSID":"MeetInLeeds","BSSID":"ac:3a:67:08:32:4d","RSSI":-37},{"SSID":"TP-Link_0F14","BSSID":"c0:c9:e3:b8:0f:14","RSSI":-40},{"SSID":"MeetInLeeds","BSSID":"5c:a6:2d:af:8d:e2","RSSI":-45},{"SSID":"WiFi Setup - University of Leeds","BSSID":"5c:a6:2d:af:8d:e3","RSSI":-46},{"SSID":"WiFi Setup - University of Leeds","BSSID":"5c:a6:2d:86:6b:6c","RSSI":-49},{"SSID":"MeetInLeeds","BSSID":"5c:a6:2d:86:6b:6d","RSSI":-50},{"SSID":"eduroam","BSSID":"5c:a6:2d:ef:45:2e","RSSI":-54},{"SSID":"eduroam","BSSID":"5c:a6:2d:af:91:ce","RSSI":-54},{"SSID":"MeetInLeeds","BSSID":"5c:a6:2d:af:91:cd","RSSI":-54},{"SSID":"MeetInLeeds","BSSID":"5c:a6:2d:af:92:22","RSSI":-55},{"SSID":"WiFi Setup - University of Leeds","BSSID":"5c:a6:2d:af:92:23","RSSI":-55},{"SSID":"WiFi Setup - University of Leeds","BSSID":"5c:a6:2d:af:91:cc","RSSI":-55},{"SSID":"WiFi Setup - University of Leeds","BSSID":"5c:a6:2d:cf:ab:a3","RSSI":-57},{"SSID":"MeetInLeeds","BSSID":"5c:a6:2d:cf:ab:a2","RSSI":-57},{"SSID":"MeetInLeeds","BSSID":"5c:a6:2d:ef:45:2d","RSSI":-57},{"SSID":"MeetInLeeds","BSSID":"5c:a6:2d:86:6b:62","RSSI":-57},{"SSID":"WiFi Setup - University of Leeds","BSSID":"5c:a6:2d:86:6b:63","RSSI":-57},{"SSID":"WiFi Setup - University of Leeds","BSSID":"5c:a6:2d:af:8d:ec","RSSI":-58},{"SSID":"MeetInLeeds","BSSID":"5c:a6:2d:af:8d:ed","RSSI":-58},{"SSID":"WiFi Setup - University of Leeds","BSSID":"5c:a6:2d:ef:45:2c","RSSI":-58},{"SSID":"eduroam","BSSID":"5c:a6:2d:af:92:2e","RSSI":-59},{"SSID":"WiFi Setup - University of Leeds","BSSID":"5c:a6:2d:af:92:2c","RSSI":-59},{"SSID":"WiFi Setup - University of Leeds","BSSID":"5c:a6:2d:cf:ab:ac","RSSI":-60},{"SSID":"MeetInLeeds","BSSID":"5c:a6:2d:af:92:2d","RSSI":-60},{"SSID":"MeetInLeeds","BSSID":"5c:a6:2d:cf:ab:ad","RSSI":-61},{"SSID":"WiFi Setup - University of Leeds","BSSID":"5c:a6:2d:ef:45:23","RSSI":-61},{"SSID":"MeetInLeeds","BSSID":"5c:a6:2d:ef:45:22","RSSI":-61},{"SSID":"eduroam","BSSID":"5c:a6:2d:cf:ab:ae","RSSI":-62},{"SSID":"MeetInLeeds","BSSID":"5c:a6:2d:86:6d:2d","RSSI":-63},{"SSID":"eduroam","BSSID":"5c:a6:2d:86:6d:2e","RSSI":-63},{"SSID":"MeetInLeeds","BSSID":"5c:a6:2d:85:81:e2","RSSI":-64},{"SSID":"WiFi Setup - University of Leeds","BSSID":"5c:a6:2d:86:6d:2c","RSSI":-64},{"SSID":"MeetInLeeds","BSSID":"5c:a6:2d:af:90:6d","RSSI":-64},{"SSID":"MeetInLeeds","BSSID":"5c:a6:2d:cf:c3:2d","RSSI":-66},{"SSID":"WiFi Setup - University of Leeds","BSSID":"5c:a6:2d:cf:c3:2c","RSSI":-66},{"SSID":"MeetInLeeds","BSSID":"5c:a6:2d:cf:c4:42","RSSI":-66},{"SSID":"eduroam","BSSID":"5c:a6:2d:cf:c3:2e","RSSI":-67},{"SSID":"MeetInLeeds","BSSID":"5c:a6:2d:af:8f:cd","RSSI":-67},{"SSID":"WiFi Setup - University of Leeds","BSSID":"5c:a6:2d:af:8f:cc","RSSI":-67},{"SSID":"MeetInLeeds","BSSID":"5c:a6:2d:af:91:4d","RSSI":-67},{"SSID":"eduroam","BSSID":"5c:a6:2d:86:6b:6e","RSSI":-67},{"SSID":"WiFi Setup - University of Leeds","BSSID":"5c:a6:2d:cf:c5:e3","RSSI":-68},{"SSID":"eduroam","BSSID":"5c:a6:2d:af:8f:ce","RSSI":-68},{"SSID":"WiFi Setup - University of Leeds","BSSID":"5c:a6:2d:af:91:4c","RSSI":-68},{"SSID":"WiFi Setup - University of Leeds","BSSID":"5c:a6:2d:af:91:83","RSSI":-69},{"SSID":"MeetInLeeds","BSSID":"5c:a6:2d:af:91:82","RSSI":-69},{"SSID":"WiFi Setup - University of Leeds","BSSID":"ac:3a:67:07:fc:23","RSSI":-69},{"SSID":"WiFi Setup - University of Leeds","BSSID":"5c:a6:2d:ce:b2:0c","RSSI":-69},{"SSID":"MeetInLeeds","BSSID":"5c:a6:2d:85:81:ed","RSSI":-70},{"SSID":"WiFi Setup - University of Leeds","BSSID":"5c:a6:2d:85:81:ec","RSSI":-70},{"SSID":"MeetInLeeds","BSSID":"ac:3a:67:07:fc:22","RSSI":-70},{"SSID":"WiFi Setup - University of Leeds","BSSID":"5c:a6:2d:cf:c4:4c","RSSI":-70},{"SSID":"eduroam","BSSID":"5c:a6:2d:70:7b:4e","RSSI":-71},{"SSID":"WiFi Setup - University of Leeds","BSSID":"5c:a6:2d:70:7b:4c","RSSI":-71},{"SSID":"MeetInLeeds","BSSID":"5c:a6:2d:cf:b0:02","RSSI":-71},{"SSID":"MeetInLeeds","BSSID":"5c:a6:2d:70:7b:4d","RSSI":-72},{"SSID":"MeetInLeeds","BSSID":"5c:a6:2d:af:91:e2","RSSI":-72},{"SSID":"eduroam","BSSID":"5c:a6:2d:cf:b0:01","RSSI":-73},{"SSID":"MeetInLeeds","BSSID":"5c:a6:2d:af:94:ad","RSSI":-74},{"SSID":"WiFi Setup - University of Leeds","BSSID":"5c:a6:2d:cf:c5:ec","RSSI":-74},{"SSID":"MeetInLeeds","BSSID":"5c:a6:2d:ce:b5:0d","RSSI":-74},{"SSID":"WiFi Setup - University of Leeds","BSSID":"5c:a6:2d:ce:a1:cc","RSSI":-77},{"SSID":"WiFi Setup - University of Leeds","BSSID":"5c:a6:2d:ef:4c:4c","RSSI":-77},{"SSID":"eduroam","BSSID":"5c:a6:2d:af:8d:ee","RSSI":-79},{"SSID":"WiFi Setup - University of Leeds","BSSID":"5c:a6:2d:af:91:ec","RSSI":-79},{"SSID":"MeetInLeeds","BSSID":"5c:a6:2d:ce:bf:0d","RSSI":-79},{"SSID":"eduroam","BSSID":"5c:a6:2d:b5:ca:ee","RSSI":-79},{"SSID":"WiFi Setup - University of Leeds","BSSID":"5c:a6:2d:b5:ca:ec","RSSI":-80},{"SSID":"MeetInLeeds","BSSID":"5c:a6:2d:b5:ca:ed","RSSI":-80},{"SSID":"WiFi Setup - University of Leeds","BSSID":"5c:a6:2d:cf:c1:8c","RSSI":-81},{"SSID":"WiFi Setup - University of Leeds","BSSID":"5c:a6:2d:86:6b:2c","RSSI":-81},{"SSID":"WiFi Setup - University of Leeds","BSSID":"5c:a6:2d:ce:b9:2c","RSSI":-81},{"SSID":"WiFi Setup - University of Leeds","BSSID":"5c:a6:2d:5d:2e:2c","RSSI":-84},{"SSID":"eduroam","BSSID":"5c:a6:2d:cf:b0:ae","RSSI":-86}],[{"SSID":"MeetInLeeds","BSSID":"ac:3a:67:08:32:42","RSSI":-30},{"SSID":"WiFi Setup - University of Leeds","BSSID":"ac:3a:67:08:32:43","RSSI":-30},{"SSID":"MeetInLeeds","BSSID":"ac:3a:67:08:32:4d","RSSI":-38},{"SSID":"eduroam","BSSID":"ac:3a:67:08:32:4e","RSSI":-39},{"SSID":"WiFi Setup - University of Leeds","BSSID":"ac:3a:67:08:32:4c","RSSI":-39},{"SSID":"TP-Link_0F14","BSSID":"c0:c9:e3:b8:0f:14","RSSI":-40},{"SSID":"MeetInLeeds","BSSID":"5c:a6:2d:af:8d:e2","RSSI":-46},{"SSID":"WiFi Setup - University of Leeds","BSSID":"5c:a6:2d:af:8d:e3","RSSI":-46},{"SSID":"WiFi Setup - University of Leeds","BSSID":"5c:a6:2d:86:6b:6c","RSSI":-50},{"SSID":"MeetInLeeds","BSSID":"5c:a6:2d:86:6b:6d","RSSI":-50},{"SSID":"eduroam","BSSID":"5c:a6:2d:86:6b:6e","RSSI":-50},{"SSID":"MeetInLeeds","BSSID":"5c:a6:2d:cf:ab:a2","RSSI":-51},{"SSID":"WiFi Setup - University of Leeds","BSSID":"5c:a6:2d:cf:ab:a3","RSSI":-52},{"SSID":"eduroam","BSSID":"5c:a6:2d:ef:45:2e","RSSI":-54},{"SSID":"MeetInLeeds","BSSID":"5c:a6:2d:ef:45:2d","RSSI":-54},{"SSID":"WiFi Setup - University of Leeds","BSSID":"5c:a6:2d:ef:45:2c","RSSI":-54},{"SSID":"eduroam","BSSID":"5c:a6:2d:af:91:ce","RSSI":-55},{"SSID":"eduroam","BSSID":"5c:a6:2d:af:8d:ee","RSSI":-56},{"SSID":"WiFi Setup - University of Leeds","BSSID":"5c:a6:2d:af:8d:ec","RSSI":-56},{"SSID":"MeetInLeeds","BSSID":"5c:a6:2d:af:8d:ed","RSSI":-56},{"SSID":"WiFi Setup - University of Leeds","BSSID":"5c:a6:2d:86:6b:63","RSSI":-56},{"SSID":"WiFi Setup - University of Leeds","BSSID":"5c:a6:2d:af:91:c3","RSSI":-57},{"SSID":"MeetInLeeds","BSSID":"5c:a6:2d:86:6b:62","RSSI":-57},{"SSID":"WiFi Setup - University of Leeds","BSSID":"5c:a6:2d:cf:ab:ac","RSSI":-61},{"SSID":"eduroam","BSSID":"5c:a6:2d:86:6d:2e","RSSI":-61},{"SSID":"WiFi Setup - University of Leeds","BSSID":"5c:a6:2d:af:91:8c","RSSI":-63},{"SSID":"MeetInLeeds","BSSID":"5c:a6:2d:af:91:8d","RSSI":-63},{"SSID":"MeetInLeeds","BSSID":"5c:a6:2d:af:92:2d","RSSI":-63},{"SSID":"WiFi Setup - University of Leeds","BSSID":"5c:a6:2d:af:92:2c","RSSI":-63},{"SSID":"MeetInLeeds","BSSID":"5c:a6:2d:ef:45:22","RSSI":-63},{"SSID":"MeetInLeeds","BSSID":"5c:a6:2d:af:90:6d","RSSI":-63},{"SSID":"eduroam","BSSID":"5c:a6:2d:af:91:8e","RSSI":-64},{"SSID":"eduroam","BSSID":"5c:a6:2d:af:92:2e","RSSI":-64},{"SSID":"eduroam","BSSID":"5c:a6:2d:af:92:21","RSSI":-65},{"SSID":"eduroam","BSSID":"5c:a6:2d:af:8f:ce","RSSI":-66},{"SSID":"MeetInLeeds","BSSID":"5c:a6:2d:af:8f:cd","RSSI":-66},{"SSID":"WiFi Setup - University of Leeds","BSSID":"5c:a6:2d:af:8f:cc","RSSI":-66},{"SSID":"eduroam","BSSID":"5c:a6:2d:5d:ab:6e","RSSI":-66},{"SSID":"MeetInLeeds","BSSID":"5c:a6:2d:5d:ab:6d","RSSI":-66},{"SSID":"MeetInLeeds","BSSID":"5c:a6:2d:cf:c4:42","RSSI":-66},{"SSID":"MeetInLeeds","BSSID":"5c:a6:2d:cf:c3:2d","RSSI":-67},{"SSID":"WiFi Setup - University of Leeds","BSSID":"ac:3a:67:07:fc:23","RSSI":-67},{"SSID":"WiFi Setup - University of Leeds","BSSID":"5c:a6:2d:cf:c4:43","RSSI":-67},{"SSID":"WiFi Setup - University of Leeds","BSSID":"5c:a6:2d:ce:c1:ec","RSSI":-67},{"SSID":"WiFi Setup - University of Leeds","BSSID":"5c:a6:2d:cf:c3:2c","RSSI":-68},{"SSID":"MeetInLeeds","BSSID":"5c:a6:2d:cf:c5:ed","RSSI":-68},{"SSID":"WiFi Setup - University of Leeds","BSSID":"5c:a6:2d:ce:b2:0c","RSSI":-68},{"SSID":"eduroam","BSSID":"5c:a6:2d:5d:ab:61","RSSI":-69},{"SSID":"WiFi Setup - University of Leeds","BSSID":"5c:a6:2d:ce:b5:0c","RSSI":-71},{"SSID":"WiFi Setup - University of Leeds","BSSID":"5c:a6:2d:cf:c4:4c","RSSI":-71},{"SSID":"WiFi Setup - University of Leeds","BSSID":"5c:a6:2d:ce:a1:cc","RSSI":-72},{"SSID":"eduroam","BSSID":"5c:a6:2d:af:91:ee","RSSI":-73},{"SSID":"WiFi Setup - University of Leeds","BSSID":"5c:a6:2d:70:7b:43","RSSI":-74},{"SSID":"eduroam","BSSID":"5c:a6:2d:ef:4c:41","RSSI":-74},{"SSID":"WiFi Setup - University of Leeds","BSSID":"5c:a6:2d:af:91:ec","RSSI":-75},{"SSID":"MeetInLeeds","BSSID":"5c:a6:2d:cf:c4:4d","RSSI":-75},{"SSID":"WiFi Setup - University of Leeds","BSSID":"5c:a6:2d:b5:ca:ec","RSSI":-75},{"SSID":"MeetInLeeds","BSSID":"5c:a6:2d:af:94:ad","RSSI":-76},{"SSID":"MeetInLeeds","BSSID":"5c:a6:2d:b5:ca:ed","RSSI":-76},{"SSID":"WiFi Setup - University of Leeds","BSSID":"5c:a6:2d:ef:4c:4c","RSSI":-79},{"SSID":"eduroam","BSSID":"5c:a6:2d:ef:4c:4e","RSSI":-79},{"SSID":"MeetInLeeds","BSSID":"5c:a6:2d:ef:4c:4d","RSSI":-80},{"SSID":"WiFi Setup - University of Leeds","BSSID":"5c:a6:2d:45:db:8c","RSSI":-83},{"SSID":"WiFi Setup - University of Leeds","BSSID":"5c:a6:2d:ce:b9:2c","RSSI":-83},{"SSID":"eduroam","BSSID":"ac:3a:67:08:2a:0e","RSSI":-84},{"SSID":"WiFi Setup - University of Leeds","BSSID":"ac:3a:67:07:fb:0c","RSSI":-86},{"SSID":"eduroam","BSSID":"5c:a6:2d:ce:8e:ae","RSSI":-86}],[{"SSID":"WiFi Setup - University of Leeds","BSSID":"ac:3a:67:08:32:43","RSSI":-31},{"SSID":"MeetInLeeds","BSSID":"ac:3a:67:08:32:42","RSSI":-32},{"SSID":"TP-Link_0F14","BSSID":"c0:c9:e3:b8:0f:14","RSSI":-36},{"SSID":"MeetInLeeds","BSSID":"ac:3a:67:08:32:4d","RSSI":-36},{"SSID":"eduroam","BSSID":"ac:3a:67:08:32:4e","RSSI":-36},{"SSID":"WiFi Setup - University of Leeds","BSSID":"ac:3a:67:08:32:4c","RSSI":-38},{"SSID":"eduroam","BSSID":"5c:a6:2d:af:8d:e1","RSSI":-47},{"SSID":"MeetInLeeds","BSSID":"5c:a6:2d:af:8d:e2","RSSI":-47},{"SSID":"WiFi Setup - University of Leeds","BSSID":"5c:a6:2d:af:8d:e3","RSSI":-47},{"SSID":"eduroam","BSSID":"5c:a6:2d:af:8d:ee","RSSI":-53},{"SSID":"MeetInLeeds","BSSID":"5c:a6:2d:af:8d:ed","RSSI":-53},{"SSID":"WiFi Setup - University of Leeds","BSSID":"5c:a6:2d:cf:ab:a3","RSSI":-53},{"SSID":"MeetInLeeds","BSSID":"5c:a6:2d:cf:ab:a2","RSSI":-53},{"SSID":"WiFi Setup - University of Leeds","BSSID":"5c:a6:2d:af:92:23","RSSI":-55},{"SSID":"MeetInLeeds","BSSID":"5c:a6:2d:af:91:cd","RSSI":-55},{"SSID":"WiFi Setup - University of Leeds","BSSID":"5c:a6:2d:af:91:cc","RSSI":-55},{"SSID":"WiFi Setup - University of Leeds","BSSID":"5c:a6:2d:86:6b:6c","RSSI":-55},{"SSID":"WiFi Setup - University of Leeds","BSSID":"5c:a6:2d:ef:45:2c","RSSI":-56},{"SSID":"eduroam","BSSID":"5c:a6:2d:af:91:ce","RSSI":-56},{"SSID":"MeetInLeeds","BSSID":"5c:a6:2d:86:6b:6d","RSSI":-56},{"SSID":"eduroam","BSSID":"5c:a6:2d:86:6b:6e","RSSI":-56},{"SSID":"WiFi Setup - University of Leeds","BSSID":"5c:a6:2d:cf:ab:ac","RSSI":-57},{"SSID":"MeetInLeeds","BSSID":"5c:a6:2d:af:92:22","RSSI":-57},{"SSID":"MeetInLeeds","BSSID":"5c:a6:2d:ef:45:2d","RSSI":-57},{"SSID":"MeetInLeeds","BSSID":"5c:a6:2d:86:6b:62","RSSI":-57},{"SSID":"MeetInLeeds","BSSID":"5c:a6:2d:86:6d:2d","RSSI":-58},{"SSID":"WiFi Setup - University of Leeds","BSSID":"5c:a6:2d:86:6d:2c","RSSI":-58},{"SSID":"eduroam","BSSID":"5c:a6:2d:86:6d:2e","RSSI":-59},{"SSID":"WiFi Setup - University of Leeds","BSSID":"5c:a6:2d:ef:45:23","RSSI":-59},{"SSID":"MeetInLeeds","BSSID":"5c:a6:2d:ef:45:22","RSSI":-59},{"SSID":"MeetInLeeds","BSSID":"5c:a6:2d:85:81:ed","RSSI":-62},{"SSID":"WiFi Setup - University of Leeds","BSSID":"5c:a6:2d:85:81:ec","RSSI":-62},{"SSID":"WiFi Setup - University of Leeds","BSSID":"5c:a6:2d:af:90:6c","RSSI":-62},{"SSID":"eduroam","BSSID":"5c:a6:2d:85:81:ee","RSSI":-63},{"SSID":"eduroam","BSSID":"5c:a6:2d:af:90:6e","RSSI":-64},{"SSID":"MeetInLeeds","BSSID":"5c:a6:2d:af:91:4d","RSSI":-64},{"SSID":"MeetInLeeds","BSSID":"ac:3a:67:08:29:ad","RSSI":-64},{"SSID":"MeetInLeeds","BSSID":"5c:a6:2d:af:91:c2","RSSI":-65},{"SSID":"WiFi Setup - University of Leeds","BSSID":"5c:a6:2d:af:91:c3","RSSI":-65},{"SSID":"WiFi Setup - University of Leeds","BSSID":"5c:a6:2d:af:92:2c","RSSI":-65},{"SSID":"eduroam","BSSID":"5c:a6:2d:af:92:2e","RSSI":-66},{"SSID":"WiFi Setup - University of Leeds","BSSID":"5c:a6:2d:cf:b0:0c","RSSI":-67},{"SSID":"WiFi Setup - University of Leeds","BSSID":"5c:a6:2d:85:81:e3","RSSI":-67},{"SSID":"MeetInLeeds","BSSID":"5c:a6:2d:cf:b0:0d","RSSI":-67},{"SSID":"MeetInLeeds","BSSID":"5c:a6:2d:ce:c1:ed","RSSI":-67},{"SSID":"WiFi Setup - University of Leeds","BSSID":"5c:a6:2d:ce:c1:ec","RSSI":-67},{"SSID":"MeetInLeeds","BSSID":"5c:a6:2d:70:7b:4d","RSSI":-68},{"SSID":"eduroam","BSSID":"5c:a6:2d:70:7b:4e","RSSI":-69},{"SSID":"MeetInLeeds","BSSID":"5c:a6:2d:af:8f:c2","RSSI":-69},{"SSID":"WiFi Setup - University of Leeds","BSSID":"5c:a6:2d:af:90:63","RSSI":-69},{"SSID":"WiFi Setup - University of Leeds","BSSID":"5c:a6:2d:af:8f:c3","RSSI":-69},{"SSID":"WiFi Setup - University of Leeds","BSSID":"5c:a6:2d:ce:c1:e3","RSSI":-70},{"SSID":"WiFi Setup - University of Leeds","BSSID":"5c:a6:2d:cf:c4:4c","RSSI":-70},{"SSID":"eduroam","BSSID":"5c:a6:2d:af:94:ae","RSSI":-71},{"SSID":"WiFi Setup - University of Leeds","BSSID":"5c:a6:2d:cf:c3:2c","RSSI":-71},{"SSID":"MeetInLeeds","BSSID":"ac:3a:67:07:fc:22","RSSI":-71},{"SSID":"eduroam","BSSID":"5c:a6:2d:cf:c3:2e","RSSI":-73},{"SSID":"WiFi Setup - University of Leeds","BSSID":"5c:a6:2d:cf:c5:ec","RSSI":-73},{"SSID":"MeetInLeeds","BSSID":"5c:a6:2d:af:91:82","RSSI":-73},{"SSID":"eduroam","BSSID":"5c:a6:2d:cf:c5:ee","RSSI":-74},{"SSID":"eduroam","BSSID":"5c:a6:2d:ce:b5:0e","RSSI":-74},{"SSID":"MeetInLeeds","BSSID":"5c:a6:2d:ce:b5:0d","RSSI":-74},{"SSID":"WiFi Setup - University of Leeds","BSSID":"5c:a6:2d:b5:ca:ec","RSSI":-74},{"SSID":"eduroam","BSSID":"5c:a6:2d:b5:ca:ee","RSSI":-74},{"SSID":"MeetInLeeds","BSSID":"5c:a6:2d:b5:ca:ed","RSSI":-75},{"SSID":"WiFi Setup - University of Leeds","BSSID":"5c:a6:2d:ce:a1:cc","RSSI":-76},{"SSID":"MeetInLeeds","BSSID":"5c:a6:2d:ce:bf:0d","RSSI":-76},{"SSID":"WiFi Setup - University of Leeds","BSSID":"5c:a6:2d:ce:bf:0c","RSSI":-76},{"SSID":"eduroam","BSSID":"5c:a6:2d:af:91:ee","RSSI":-79},{"SSID":"MeetInLeeds","BSSID":"ac:3a:67:08:2a:0d","RSSI":-79},{"SSID":"eduroam","BSSID":"ac:3a:67:08:2a:0e","RSSI":-79},{"SSID":"WiFi Setup - University of Leeds","BSSID":"ac:3a:67:08:2a:0c","RSSI":-79},{"SSID":"WiFi Setup - University of Leeds","BSSID":"ac:3a:67:08:26:2c","RSSI":-81},{"SSID":"MeetInLeeds","BSSID":"ac:3a:67:08:26:2d","RSSI":-81},{"SSID":"WiFi Setup - University of Leeds","BSSID":"ac:3a:67:07:fb:0c","RSSI":-81},{"SSID":"WiFi Setup - University of Leeds","BSSID":"5c:a6:2d:5d:2e:2c","RSSI":-83},{"SSID":"WiFi Setup - University of Leeds","BSSID":"5c:a6:2d:5d:2b:4c","RSSI":-85},{"SSID":"MeetInLeeds","BSSID":"5c:a6:2d:86:6d:ad","RSSI":-85},{"SSID":"MeetInLeeds","BSSID":"5c:a6:2d:af:92:2d","RSSI":-87},{"SSID":"WiFi Setup - University of Leeds","BSSID":"5c:a6:2d:86:6d:ac","RSSI":-87}],[{"SSID":"TP-Link_0F14","BSSID":"c0:c9:e3:b8:0f:14","RSSI":-39},{"SSID":"WiFi Setup - University of Leeds","BSSID":"ac:3a:67:08:32:4c","RSSI":-42},{"SSID":"eduroam","BSSID":"ac:3a:67:08:32:4e","RSSI":-43},{"SSID":"MeetInLeeds","BSSID":"ac:3a:67:08:32:4d","RSSI":-44},{"SSID":"eduroam","BSSID":"5c:a6:2d:af:8d:e1","RSSI":-48},{"SSID":"MeetInLeeds","BSSID":"5c:a6:2d:af:8d:e2","RSSI":-48},{"SSID":"WiFi Setup - University of Leeds","BSSID":"5c:a6:2d:af:8d:e3","RSSI":-48},{"SSID":"MeetInLeeds","BSSID":"5c:a6:2d:af:92:2d","RSSI":-51},{"SSID":"WiFi Setup - University of Leeds","BSSID":"5c:a6:2d:af:92:2c","RSSI":-51},{"SSID":"MeetInLeeds","BSSID":"5c:a6:2d:af:92:22","RSSI":-52},{"SSID":"eduroam","BSSID":"5c:a6:2d:af:92:2e","RSSI":-53},{"SSID":"eduroam","BSSID":"5c:a6:2d:af:92:21","RSSI":-54},{"SSID":"WiFi Setup - University of Leeds","BSSID":"5c:a6:2d:cf:ab:ac","RSSI":-57},{"SSID":"MeetInLeeds","BSSID":"5c:a6:2d:86:6b:62","RSSI":-57},{"SSID":"WiFi Setup - University of Leeds","BSSID":"5c:a6:2d:86:6b:63","RSSI":-57},{"SSID":"WiFi Setup - University of Leeds","BSSID":"5c:a6:2d:ef:45:2c","RSSI":-59},{"SSID":"eduroam","BSSID":"5c:a6:2d:86:6d:2e","RSSI":-63},{"SSID":"MeetInLeeds","BSSID":"5c:a6:2d:85:81:e2","RSSI":-64},{"SSID":"MeetInLeeds","BSSID":"5c:a6:2d:cf:c5:e2","RSSI":-65},{"SSID":"WiFi Setup - University of Leeds","BSSID":"5c:a6:2d:85:81:e3","RSSI":-66},{"SSID":"MeetInLeeds","BSSID":"ac:3a:67:07:fc:22","RSSI":-66},{"SSID":"WiFi Setup - University of Leeds","BSSID":"5c:a6:2d:af:91:83","RSSI":-67},{"SSID":"MeetInLeeds","BSSID":"5c:a6:2d:af:91:82","RSSI":-67},{"SSID":"eduroam","BSSID":"5c:a6:2d:af:92:4e","RSSI":-69},{"SSID":"MeetInLeeds","BSSID":"5c:a6:2d:5d:ab:62","RSSI":-69},{"SSID":"eduroam","BSSID":"5c:a6:2d:5d:ab:6e","RSSI":-69},{"SSID":"MeetInLeeds","BSSID":"5c:a6:2d:af:91:4d","RSSI":-69},{"SSID":"MeetInLeeds","BSSID":"5c:a6:2d:af:8f:c2","RSSI":-69},{"SSID":"MeetInLeeds","BSSID":"5c:a6:2d:cf:c3:22","RSSI":-70},{"SSID":"WiFi Setup - University of Leeds","BSSID":"5c:a6:2d:af:8f:c3","RSSI":-70},{"SSID":"WiFi Setup - University of Leeds","BSSID":"5c:a6:2d:cf:c3:23","RSSI":-71},{"SSID":"eduroam","BSSID":"5c:a6:2d:cf:c3:21","RSSI":-71},{"SSID":"eduroam","BSSID":"5c:a6:2d:af:92:41","RSSI":-72},{"SSID":"WiFi Setup - University of Leeds","BSSID":"5c:a6:2d:ce:b5:0c","RSSI":-72},{"SSID":"WiFi Setup - University of Leeds","BSSID":"5c:a6:2d:86:69:63","RSSI":-72},{"SSID":"MeetInLeeds","BSSID":"5c:a6:2d:86:69:62","RSSI":-73},{"SSID":"WiFi Setup - University of Leeds","BSSID":"5c:a6:2d:cf:e0:63","RSSI":-74},{"SSID":"WiFi Setup - University of Leeds","BSSID":"5c:a6:2d:70:7b:4c","RSSI":-74},{"SSID":"WiFi Setup - University of Leeds","BSSID":"5c:a6:2d:ce:a1:cc","RSSI":-75},{"SSID":"MeetInLeeds","BSSID":"5c:a6:2d:ce:b5:0d","RSSI":-75},{"SSID":"eduroam","BSSID":"5c:a6:2d:ce:b2:0e","RSSI":-75},{"SSID":"MeetInLeeds","BSSID":"5c:a6:2d:ce:b5:02","RSSI":-75},{"SSID":"MeetInLeeds","BSSID":"5c:a6:2d:ce:bf:0d","RSSI":-76},{"SSID":"WiFi Setup - University of Leeds","BSSID":"5c:a6:2d:ef:4c:43","RSSI":-76},{"SSID":"WiFi Setup - University of Leeds","BSSID":"5c:a6:2d:ce:bf:0c","RSSI":-77},{"SSID":"MeetInLeeds","BSSID":"ac:3a:67:08:29:2d","RSSI":-79},{"SSID":"MeetInLeeds","BSSID":"5c:a6:2d:86:6b:22","RSSI":-81},{"SSID":"WiFi Setup - University of Leeds","BSSID":"ac:3a:67:08:01:8c","RSSI":-83}],[{"SSID":"MeetInLeeds","BSSID":"ac:3a:67:08:32:42","RSSI":-37},{"SSID":"WiFi Setup - University of Leeds","BSSID":"ac:3a:67:08:32:43","RSSI":-37},{"SSID":"MeetInLeeds","BSSID":"ac:3a:67:08:32:4d","RSSI":-38},{"SSID":"TP-Link_0F14","BSSID":"c0:c9:e3:b8:0f:14","RSSI":-40},{"SSID":"eduroam","BSSID":"ac:3a:67:08:32:4e","RSSI":-40},{"SSID":"WiFi Setup - University of Leeds","BSSID":"ac:3a:67:08:32:4c","RSSI":-42},{"SSID":"eduroam","BSSID":"5c:a6:2d:af:8d:e1","RSSI":-46},{"SSID":"MeetInLeeds","BSSID":"5c:a6:2d:af:8d:e2","RSSI":-46},{"SSID":"MeetInLeeds","BSSID":"5c:a6:2d:cf:ab:a2","RSSI":-47},{"SSID":"WiFi Setup - University of Leeds","BSSID":"5c:a6:2d:af:8d:e3","RSSI":-47},{"SSID":"WiFi Setup - University of Leeds","BSSID":"5c:a6:2d:cf:ab:a3","RSSI":-48},{"SSID":"WiFi Setup - University of Leeds","BSSID":"5c:a6:2d:86:6b:6c","RSSI":-52},{"SSID":"MeetInLeeds","BSSID":"5c:a6:2d:86:6b:6d","RSSI":-52},{"SSID":"eduroam","BSSID":"5c:a6:2d:86:6b:6e","RSSI":-53},{"SSID":"MeetInLeeds","BSSID":"5c:a6:2d:ef:45:2d","RSSI":-55},{"SSID":"eduroam","BSSID":"5c:a6:2d:af:91:ce","RSSI":-55},{"SSID":"WiFi Setup - University of Leeds","BSSID":"5c:a6:2d:af:91:cc","RSSI":-55},{"SSID":"eduroam","BSSID":"5c:a6:2d:cf:ab:ae","RSSI":-58},{"SSID":"WiFi Setup - University of Leeds","BSSID":"5c:a6:2d:cf:ab:ac","RSSI":-58},{"SSID":"MeetInLeeds","BSSID":"5c:a6:2d:af:91:cd","RSSI":-58},{"SSID":"MeetInLeeds","BSSID":"5c:a6:2d:cf:ab:ad","RSSI":-60},{"SSID":"MeetInLeeds","BSSID":"5c:a6:2d:af:91:c2","RSSI":-61},{"SSID":"WiFi Setup - University of Leeds","BSSID":"5c:a6:2d:af:91:c3","RSSI":-61},{"SSID":"MeetInLeeds","BSSID":"5c:a6:2d:86:6d:2d","RSSI":-62},{"SSID":"WiFi Setup - University of Leeds","BSSID":"5c:a6:2d:86:6d:2c","RSSI":-62},{"SSID":"eduroam","BSSID":"5c:a6:2d:cf:c4:41","RSSI":-62},{"SSID":"MeetInLeeds","BSSID":"5c:a6:2d:cf:c4:42","RSSI":-63},{"SSID":"WiFi Setup - University of Leeds","BSSID":"5c:a6:2d:af:92:2c","RSSI":-64},{"SSID":"MeetInLeeds","BSSID":"5c:a6:2d:86:6d:22","RSSI":-64},{"SSID":"eduroam","BSSID":"5c:a6:2d:ce:c1:ee","RSSI":-64},{"SSID":"WiFi Setup - University of Leeds","BSSID":"5c:a6:2d:86:6d:23","RSSI":-65},{"SSID":"eduroam","BSSID":"5c:a6:2d:af:92:2e","RSSI":-65},{"SSID":"MeetInLeeds","BSSID":"5c:a6:2d:af:92:2d","RSSI":-65},{"SSID":"MeetInLeeds","BSSID":"ac:3a:67:08:29:ad","RSSI":-65},{"SSID":"WiFi Setup - University of Leeds","BSSID":"5c:a6:2d:85:81:e3","RSSI":-66},{"SSID":"MeetInLeeds","BSSID":"5c:a6:2d:85:81:e2","RSSI":-66},{"SSID":"eduroam","BSSID":"5c:a6:2d:cf:c3:2e","RSSI":-67},{"SSID":"WiFi Setup - University of Leeds","BSSID":"5c:a6:2d:ef:45:23","RSSI":-67},{"SSID":"MeetInLeeds","BSSID":"5c:a6:2d:b5:ca:e2","RSSI":-67},{"SSID":"WiFi Setup - University of Leeds","BSSID":"ac:3a:67:08:29:23","RSSI":-67},{"SSID":"MeetInLeeds","BSSID":"5c:a6:2d:af:90:6d","RSSI":-68},{"SSID":"eduroam","BSSID":"5c:a6:2d:af:90:6e","RSSI":-68},{"SSID":"WiFi Setup - University of Leeds","BSSID":"5c:a6:2d:85:81:ec","RSSI":-69},{"SSID":"WiFi Setup - University of Leeds","BSSID":"ac:3a:67:08:01:8c","RSSI":-69},{"SSID":"WiFi Setup - University of Leeds","BSSID":"5c:a6:2d:af:91:83","RSSI":-69},{"SSID":"MeetInLeeds","BSSID":"5c:a6:2d:af:91:82","RSSI":-69},{"SSID":"WiFi Setup - University of Leeds","BSSID":"5c:a6:2d:af:91:4c","RSSI":-69},{"SSID":"MeetInLeeds","BSSID":"5c:a6:2d:85:81:ed","RSSI":-70},{"SSID":"WiFi Setup - University of Leeds","BSSID":"5c:a6:2d:cf:b0:0c","RSSI":-70},{"SSID":"MeetInLeeds","BSSID":"5c:a6:2d:cf:c3:22","RSSI":-70},{"SSID":"MeetInLeeds","BSSID":"ac:3a:67:08:29:a2","RSSI":-70},{"SSID":"WiFi Setup - University of Leeds","BSSID":"ac:3a:67:08:29:a3","RSSI":-70},{"SSID":"WiFi Setup - University of Leeds","BSSID":"5c:a6:2d:5d:ab:6c","RSSI":-70},{"SSID":"eduroam","BSSID":"5c:a6:2d:af:91:4e","RSSI":-70},{"SSID":"MeetInLeeds","BSSID":"5c:a6:2d:70:7b:4d","RSSI":-71},{"SSID":"WiFi Setup - University of Leeds","BSSID":"5c:a6:2d:cf:c3:23","RSSI":-71},{"SSID":"WiFi Setup - University of Leeds","BSSID":"5c:a6:2d:70:7b:4c","RSSI":-72},{"SSID":"MeetInLeeds","BSSID":"5c:a6:2d:b5:ca:ed","RSSI":-72},{"SSID":"MeetInLeeds","BSSID":"5c:a6:2d:ce:b5:0d","RSSI":-74},{"SSID":"WiFi Setup - University of Leeds","BSSID":"5c:a6:2d:ce:b5:0c","RSSI":-74},{"SSID":"WiFi Setup - University of Leeds","BSSID":"5c:a6:2d:cf:b0:03","RSSI":-75},{"SSID":"eduroam","BSSID":"5c:a6:2d:af:91:ee","RSSI":-75},{"SSID":"MeetInLeeds","BSSID":"5c:a6:2d:ce:bf:0d","RSSI":-76},{"SSID":"WiFi Setup - University of Leeds","BSSID":"5c:a6:2d:ce:bf:0c","RSSI":-76},{"SSID":"WiFi Setup - University of Leeds","BSSID":"5c:a6:2d:b5:ca:ec","RSSI":-76},{"SSID":"eduroam","BSSID":"5c:a6:2d:af:94:ae","RSSI":-77},{"SSID":"eduroam","BSSID":"5c:a6:2d:b5:ca:ee","RSSI":-77},{"SSID":"MeetInLeeds","BSSID":"ac:3a:67:08:2a:0d","RSSI":-79},{"SSID":"eduroam","BSSID":"5c:a6:2d:ce:bf:0e","RSSI":-79},{"SSID":"WiFi Setup - University of Leeds","BSSID":"ac:3a:67:07:fb:0c","RSSI":-80},{"SSID":"eduroam","BSSID":"5c:a6:2d:5d:2e:2e","RSSI":-82},{"SSID":"eduroam","BSSID":"5c:a6:2d:ce:a1:ce","RSSI":-82},{"SSID":"WiFi Setup - University of Leeds","BSSID":"5c:a6:2d:cf:b0:ac","RSSI":-82},{"SSID":"eduroam","BSSID":"ac:3a:67:08:2a:0e","RSSI":-82},{"SSID":"WiFi Setup - University of Leeds","BSSID":"ac:3a:67:08:2a:0c","RSSI":-83},{"SSID":"WiFi Setup - University of Leeds","BSSID":"5c:a6:2d:cf:e0:6c","RSSI":-84},{"SSID":"MeetInLeeds","BSSID":"5c:a6:2d:5d:2b:4d","RSSI":-84},{"SSID":"WiFi Setup - University of Leeds","BSSID":"5c:a6:2d:5d:2b:4c","RSSI":-84},{"SSID":"WiFi Setup - University of Leeds","BSSID":"ac:3a:67:08:28:2c","RSSI":-87}],[{"SSID":"MeetInLeeds","BSSID":"ac:3a:67:08:32:42","RSSI":-32},{"SSID":"WiFi Setup - University of Leeds","BSSID":"ac:3a:67:08:32:43","RSSI":-32},{"SSID":"TP-Link_0F14","BSSID":"c0:c9:e3:b8:0f:14","RSSI":-41},{"SSID":"eduroam","BSSID":"ac:3a:67:08:32:4e","RSSI":-44},{"SSID":"MeetInLeeds","BSSID":"5c:a6:2d:af:8d:e2","RSSI":-44},{"SSID":"WiFi Setup - University of Leeds","BSSID":"5c:a6:2d:af:8d:e3","RSSI":-44},{"SSID":"MeetInLeeds","BSSID":"ac:3a:67:08:32:4d","RSSI":-45},{"SSID":"WiFi Setup - University of Leeds","BSSID":"ac:3a:67:08:32:4c","RSSI":-45},{"SSID":"WiFi Setup - University of Leeds","BSSID":"5c:a6:2d:cf:ab:a3","RSSI":-50},{"SSID":"MeetInLeeds","BSSID":"5c:a6:2d:cf:ab:a2","RSSI":-50},{"SSID":"MeetInLeeds","BSSID":"5c:a6:2d:af:92:22","RSSI":-51},{"SSID":"WiFi Setup - University of Leeds","BSSID":"5c:a6:2d:af:92:23","RSSI":-51},{"SSID":"MeetInLeeds","BSSID":"5c:a6:2d:af:91:cd","RSSI":-52},{"SSID":"WiFi Setup - University of Leeds","BSSID":"5c:a6:2d:86:6b:6c","RSSI":-52},{"SSID":"eduroam","BSSID":"5c:a6:2d:af:91:ce","RSSI":-53},{"SSID":"WiFi Setup - University of Leeds","BSSID":"5c:a6:2d:af:91:cc","RSSI":-53},{"SSID":"MeetInLeeds","BSSID":"5c:a6:2d:86:6b:6d","RSSI":-53},{"SSID":"eduroam","BSSID":"5c:a6:2d:af:8d:ee","RSSI":-54},{"SSID":"WiFi Setup - University of Leeds","BSSID":"5c:a6:2d:af:8d:ec","RSSI":-54},{"SSID":"MeetInLeeds","BSSID":"5c:a6:2d:af:8d:ed","RSSI":-54},{"SSID":"MeetInLeeds","BSSID":"5c:a6:2d:cf:ab:ad","RSSI":-54},{"SSID":"WiFi Setup - University of Leeds","BSSID":"5c:a6:2d:cf:ab:ac","RSSI":-54},{"SSID":"WiFi Setup - University of Leeds","BSSID":"5c:a6:2d:af:91:c3","RSSI":-55},{"SSID":"MeetInLeeds","BSSID":"5c:a6:2d:ef:45:2d","RSSI":-55},{"SSID":"MeetInLeeds","BSSID":"5c:a6:2d:af:91:c2","RSSI":-56},{"SSID":"WiFi Setup - University of Leeds","BSSID":"5c:a6:2d:ef:45:2c","RSSI":-56},{"SSID":"eduroam","BSSID":"5c:a6:2d:ef:45:2e","RSSI":-57},{"SSID":"WiFi Setup - University of Leeds","BSSID":"5c:a6:2d:86:6b:63","RSSI":-59},{"SSID":"MeetInLeeds","BSSID":"5c:a6:2d:86:6b:62","RSSI":-60},{"SSID":"eduroam","BSSID":"5c:a6:2d:af:92:2e","RSSI":-61},{"SSID":"WiFi Setup - University of Leeds","BSSID":"5c:a6:2d:af:92:2c","RSSI":-61},{"SSID":"MeetInLeeds","BSSID":"5c:a6:2d:cf:c4:42","RSSI":-61},{"SSID":"MeetInLeeds","BSSID":"5c:a6:2d:86:6d:2d","RSSI":-62},{"SSID":"WiFi Setup - University of Leeds","BSSID":"5c:a6:2d:86:6d:2c","RSSI":-62},{"SSID":"WiFi Setup - University of Leeds","BSSID":"5c:a6:2d:5d:ab:6c","RSSI":-62},{"SSID":"MeetInLeeds","BSSID":"5c:a6:2d:5d:ab:6d","RSSI":-63},{"SSID":"MeetInLeeds","BSSID":"5c:a6:2d:af:92:2d","RSSI":-64},{"SSID":"eduroam","BSSID":"ac:3a:67:08:29:ae","RSSI":-64},{"SSID":"eduroam","BSSID":"5c:a6:2d:86:6d:21","RSSI":-66},{"SSID":"eduroam","BSSID":"5c:a6:2d:85:81:ee","RSSI":-67},{"SSID":"MeetInLeeds","BSSID":"5c:a6:2d:af:8f:c2","RSSI":-67},{"SSID":"WiFi Setup - University of Leeds","BSSID":"ac:3a:67:07:fc:23","RSSI":-68},{"SSID":"WiFi Setup - University of Leeds","BSSID":"5c:a6:2d:af:8f:c3","RSSI":-68},{"SSID":"WiFi Setup - University of Leeds","BSSID":"5c:a6:2d:cf:c5:ec","RSSI":-69},{"SSID":"WiFi Setup - University of Leeds","BSSID":"5c:a6:2d:cf:e3:43","RSSI":-70},{"SSID":"eduroam","BSSID":"5c:a6:2d:cf:e3:41","RSSI":-70},{"SSID":"MeetInLeeds","BSSID":"5c:a6:2d:70:7b:4d","RSSI":-71},{"SSID":"WiFi Setup - University of Leeds","BSSID":"5c:a6:2d:70:7b:4c","RSSI":-71},{"SSID":"MeetInLeeds","BSSID":"5c:a6:2d:cf:e3:42","RSSI":-71},{"SSID":"WiFi Setup - University of Leeds","BSSID":"5c:a6:2d:cf:c4:4c","RSSI":-72},{"SSID":"WiFi Setup - University of Leeds","BSSID":"5c:a6:2d:af:91:4c","RSSI":-72},{"SSID":"WiFi Setup - University of Leeds","BSSID":"5c:a6:2d:ce:c1:e3","RSSI":-73},{"SSID":"WiFi Setup - University of Leeds","BSSID":"5c:a6:2d:ce:b2:0c","RSSI":-74},{"SSID":"eduroam","BSSID":"5c:a6:2d:ce:bf:0e","RSSI":-74},{"SSID":"MeetInLeeds","BSSID":"5c:a6:2d:ce:bf:0d","RSSI":-75},{"SSID":"WiFi Setup - University of Leeds","BSSID":"5c:a6:2d:ce:bf:0c","RSSI":-75},{"SSID":"MeetInLeeds","BSSID":"5c:a6:2d:af:94:ad","RSSI":-77},{"SSID":"eduroam","BSSID":"5c:a6:2d:ef:4c:4e","RSSI":-78},{"SSID":"MeetInLeeds","BSSID":"5c:a6:2d:b5:ca:e2","RSSI":-79},{"SSID":"WiFi Setup - University of Leeds","BSSID":"5c:a6:2d:ce:8e:ac","RSSI":-79},{"SSID":"WiFi Setup - University of Leeds","BSSID":"5c:a6:2d:b5:ca:ec","RSSI":-79},{"SSID":"WiFi Setup - University of Leeds","BSSID":"5c:a6:2d:ef:4c:4c","RSSI":-79},{"SSID":"WiFi Setup - University of Leeds","BSSID":"ac:3a:67:08:26:2c","RSSI":-80},{"SSID":"eduroam","BSSID":"5c:a6:2d:45:db:8e","RSSI":-80},{"SSID":"MeetInLeeds","BSSID":"5c:a6:2d:ef:4c:4d","RSSI":-80},{"SSID":"eduroam","BSSID":"ac:3a:67:08:2a:0e","RSSI":-82},{"SSID":"WiFi Setup - University of Leeds","BSSID":"5c:a6:2d:cf:c1:8c","RSSI":-86}],[{"SSID":"WiFi Setup - University of Leeds","BSSID":"ac:3a:67:08:32:43","RSSI":-33},{"SSID":"MeetInLeeds","BSSID":"ac:3a:67:08:32:42","RSSI":-34},{"SSID":"TP-Link_0F14","BSSID":"c0:c9:e3:b8:0f:14","RSSI":-39},{"SSID":"eduroam","BSSID":"ac:3a:67:08:32:4e","RSSI":-39},{"SSID":"WiFi Setup - University of Leeds","BSSID":"ac:3a:67:08:32:4c","RSSI":-40},{"SSID":"MeetInLeeds","BSSID":"ac:3a:67:08:32:4d","RSSI":-41},{"SSID":"WiFi Setup - University of Leeds","BSSID":"5c:a6:2d:af:8d:e3","RSSI":-46},{"SSID":"MeetInLeeds","BSSID":"5c:a6:2d:af:8d:e2","RSSI":-47},{"SSID":"MeetInLeeds","BSSID":"5c:a6:2d:cf:ab:a2","RSSI":-52},{"SSID":"WiFi Setup - University of Leeds","BSSID":"5c:a6:2d:af:92:23","RSSI":-52},{"SSID":"WiFi Setup - University of Leeds","BSSID":"5c:a6:2d:af:91:cc","RSSI":-53},{"SSID":"MeetInLeeds","BSSID":"5c:a6:2d:af:92:22","RSSI":-54},{"SSID":"MeetInLeeds","BSSID":"5c:a6:2d:af:91:cd","RSSI":-54},{"SSID":"eduroam","BSSID":"5c:a6:2d:ef:45:2e","RSSI":-55},{"SSID":"MeetInLeeds","BSSID":"5c:a6:2d:ef:45:2d","RSSI":-55},{"SSID":"WiFi Setup - University of Leeds","BSSID":"5c:a6:2d:ef:45:2c","RSSI":-55},{"SSID":"eduroam","BSSID":"5c:a6:2d:af:91:ce","RSSI":-56},{"SSID":"MeetInLeeds","BSSID":"5c:a6:2d:86:6b:62","RSSI":-57},{"SSID":"WiFi Setup - University of Leeds","BSSID":"5c:a6:2d:86:6b:63","RSSI":-57},{"SSID":"MeetInLeeds","BSSID":"5c:a6:2d:af:92:2d","RSSI":-59},{"SSID":"WiFi Setup - University of Leeds","BSSID":"5c:a6:2d:af:92:2c","RSSI":-59},{"SSID":"WiFi Setup - University of Leeds","BSSID":"5c:a6:2d:af:91:c3","RSSI":-60},{"SSID":"WiFi Setup - University of Leeds","BSSID":"5c:a6:2d:ef:45:23","RSSI":-60},{"SSID":"WiFi Setup - University of Leeds","BSSID":"5c:a6:2d:86:6d:2c","RSSI":-61},{"SSID":"eduroam","BSSID":"5c:a6:2d:86:6d:2e","RSSI":-61},{"SSID":"MeetInLeeds","BSSID":"5c:a6:2d:af:91:c2","RSSI":-61},{"SSID":"eduroam","BSSID":"5c:a6:2d:af:92:2e","RSSI":-62},{"SSID":"MeetInLeeds","BSSID":"5c:a6:2d:cf:c4:42","RSSI":-62},{"SSID":"WiFi Setup - University of Leeds","BSSID":"5c:a6:2d:cf:c4:43","RSSI":-63},{"SSID":"eduroam","BSSID":"5c:a6:2d:cf:c4:41","RSSI":-63},{"SSID":"eduroam","BSSID":"ac:3a:67:08:29:ae","RSSI":-65},{"SSID":"WiFi Setup - University of Leeds","BSSID":"5c:a6:2d:ce:c1:ec","RSSI":-65},{"SSID":"eduroam","BSSID":"5c:a6:2d:85:81:e1","RSSI":-66},{"SSID":"MeetInLeeds","BSSID":"ac:3a:67:07:fc:22","RSSI":-67},{"SSID":"MeetInLeeds","BSSID":"5c:a6:2d:af:91:4d","RSSI":-68},{"SSID":"WiFi Setup - University of Leeds","BSSID":"5c:a6:2d:af:8f:c3","RSSI":-68},{"SSID":"WiFi Setup - University of Leeds","BSSID":"5c:a6:2d:cf:e3:43","RSSI":-69},{"SSID":"MeetInLeeds","BSSID":"5c:a6:2d:cf:e3:42","RSSI":-70},{"SSID":"eduroam","BSSID":"5c:a6:2d:cf:e3:41","RSSI":-70},{"SSID":"eduroam","BSSID":"5c:a6:2d:85:81:ee","RSSI":-71},{"SSID":"MeetInLeeds","BSSID":"5c:a6:2d:85:81:ed","RSSI":-71},{"SSID":"WiFi Setup - University of Leeds","BSSID":"5c:a6:2d:85:81:ec","RSSI":-71},{"SSID":"WiFi Setup - University of Leeds","BSSID":"5c:a6:2d:af:91:43","RSSI":-71},{"SSID":"WiFi Setup - University of Leeds","BSSID":"ac:3a:67:08:01:83","RSSI":-73},{"SSID":"MeetInLeeds","BSSID":"5c:a6:2d:b5:ca:ed","RSSI":-73},{"SSID":"eduroam","BSSID":"5c:a6:2d:b5:ca:ee","RSSI":-73},{"SSID":"MeetInLeeds","BSSID":"5c:a6:2d:af:91:42","RSSI":-73},{"SSID":"WiFi Setup - University of Leeds","BSSID":"5c:a6:2d:b5:ca:ec","RSSI":-74},{"SSID":"MeetInLeeds","BSSID":"5c:a6:2d:ce:b2:0d","RSSI":-76},{"SSID":"WiFi Setup - University of Leeds","BSSID":"5c:a6:2d:af:91:ec","RSSI":-76},{"SSID":"MeetInLeeds","BSSID":"5c:a6:2d:af:91:e2","RSSI":-80},{"SSID":"eduroam","BSSID":"5c:a6:2d:ce:8e:ae","RSSI":-81},{"SSID":"WiFi Setup - University of Leeds","BSSID":"5c:a6:2d:ce:8e:ac","RSSI":-81},{"SSID":"MeetInLeeds","BSSID":"5c:a6:2d:ce:8e:ad","RSSI":-82},{"SSID":"eduroam","BSSID":"ac:3a:67:08:2a:0e","RSSI":-82},{"SSID":"WiFi Setup - University of Leeds","BSSID":"ac:3a:67:08:2a:0c","RSSI":-82},{"SSID":"MeetInLeeds","BSSID":"ac:3a:67:08:2a:0d","RSSI":-83},{"SSID":"DESKTOP-73NVV7R 4141","BSSID":"f2:6e:0b:b7:46:4e","RSSI":-84}]]