[[{"SSID":"MeetInLeeds","BSSID":"5c:a6:2d:86:6d:a2","RSSI":-49},{"SSID":"MeetInLeeds","BSSID":"5c:a6:2d:5d:2d:02","RSSI":-53},{"SSID":"eduroam","BSSID":"5c:a6:2d:86:6b:4e","RSSI":-54},{"SSID":"MeetInLeeds","BSSID":"5c:a6:2d:86:6b:4d","RSSI":-55},{"SSID":"eduroam","BSSID":"5c:a6:2d:85:81:c1","RSSI":-56},{"SSID":"MeetInLeeds","BSSID":"5c:a6:2d:86:6d:ad","RSSI":-57},{"SSID":"MeetInLeeds","BSSID":"5c:a6:2d:86:6b:42","RSSI":-58},{"SSID":"eduroam","BSSID":"5c:a6:2d:85:81:ce","RSSI":-58},{"SSID":"MeetInLeeds","BSSID":"5c:a6:2d:85:81:c2","RSSI":-58},{"SSID":"eduroam","BSSID":"5c:a6:2d:86:6d:ae","RSSI":-58},{"SSID":"MeetInLeeds","BSSID":"ac:3a:67:07:fc:42","RSSI":-60},{"SSID":"eduroam","BSSID":"ac:3a:67:07:fc:41","RSSI":-60},{"SSID":"eduroam","BSSID":"5c:a6:2d:86:6c:21","RSSI":-61},{"SSID":"MeetInLeeds","BSSID":"5c:a6:2d:86:6c:22","RSSI":-61},{"SSID":"MeetInLeeds","BSSID":"5c:a6:2d:85:81:cd","RSSI":-61},{"SSID":"MeetInLeeds","BSSID":"5c:a6:2d:5d:2d:0d","RSSI":-64},{"SSID":"MeetInLeeds","BSSID":"5c:a6:2d:cf:e3:42","RSSI":-65},{"SSID":"MeetInLeeds","BSSID":"ac:3a:67:07:fc:4d","RSSI":-66},{"SSID":"eduroam","BSSID":"ac:3a:67:07:fc:4e","RSSI":-66},{"SSID":"MeetInLeeds","BSSID":"5c:a6:2d:cf:c5:e2","RSSI":-67},{"SSID":"eduroam","BSSID":"5c:a6:2d:cf:c5:e1","RSSI":-68},{"SSID":"eduroam","BSSID":"5c:a6:2d:86:6d:01","RSSI":-68},{"SSID":"eduroam","BSSID":"5c:a6:2d:cf:e3:4e","RSSI":-69},{"SSID":"MeetInLeeds","BSSID":"5c:a6:2d:cf:e3:4d","RSSI":-70},{"SSID":"eduroam","BSSID":"5c:a6:2d:af:8e:01","RSSI":-70},{"SSID":"MeetInLeeds","BSSID":"5c:a6:2d:af:8e:02","RSSI":-70},{"SSID":"MeetInLeeds","BSSID":"5c:a6:2d:86:6d:02","RSSI":-70},{"SSID":"MeetInLeeds","BSSID":"5c:a6:2d:cf:c5:ed","RSSI":-71},{"SSID":"eduroam","BSSID":"5c:a6:2d:cf:c5:ee","RSSI":-72},{"SSID":"MeetInLeeds","BSSID":"ac:3a:67:07:fb:02","RSSI":-74},{"SSID":"MeetInLeeds","BSSID":"ac:3a:67:08:04:22","RSSI":-74},{"SSID":"eduroam","BSSID":"ac:3a:67:08:04:21","RSSI":-74},{"SSID":"OnePlus 8 Pro","BSSID":"76:1f:45:3a:66:fd","RSSI":-75},{"SSID":"eduroam","BSSID":"ac:3a:67:07:fb:0e","RSSI":-78},{"SSID":"MeetInLeeds","BSSID":"ac:3a:67:07:fb:0d","RSSI":-78},{"SSID":"eduroam","BSSID":"5c:a6:2d:ef:45:2e","RSSI":-78},{"SSID":"MeetInLeeds","BSSID":"5c:a6:2d:ef:45:2d","RSSI":-78},{"SSID":"eduroam","BSSID":"5c:a6:2d:86:6b:21","RSSI":-79},{"SSID":"eduroam","BSSID":"5c:a6:2d:86:6c:2e","RSSI":-79},{"SSID":"MeetInLeeds","BSSID":"ac:3a:67:08:04:2d","RSSI":-79},{"SSID":"MeetInLeeds","BSSID":"5c:a6:2d:88:6b:62","RSSI":-79},{"SSID":"MeetInLeeds","BSSID":"5c:a6:2d:5d:ab:62","RSSI":-80},{"SSID":"MeetInLeeds","BSSID":"5c:a6:2d:88:6b:6d","RSSI":-80},{"SSID":"eduroam","BSSID":"5c:a6:2d:88:6b:6e","RSSI":-80},{"SSID":"MeetInLeeds","BSSID":"5c:a6:2d:86:6c:2d","RSSI":-80},{"SSID":"MeetInLeeds","BSSID":"5c:a6:2d:cf:c3:2d","RSSI":-81},{"SSID":"eduroam","BSSID":"5c:a6:2d:cf:c3:2e","RSSI":-81},{"SSID":"MeetInLeeds","BSSID":"5c:a6:2d:af:8e:0d","RSSI":-82},{"SSID":"MeetInLeeds","BSSID":"5c:a6:2d:45:de:82","RSSI":-83},{"SSID":"MeetInLeeds","BSSID":"ac:3a:67:08:01:8d","RSSI":-84},{"SSID":"eduroam","BSSID":"ac:3a:67:08:01:8e","RSSI":-84},{"SSID":"eduroam","BSSID":"5c:a6:2d:5d:ab:61","RSSI":-84},{"SSID":"eduroam","BSSID":"5c:a6:2d:5d:2d:0e","RSSI":-84},{"SSID":"eduroam","BSSID":"5c:a6:2d:af:8e:0e","RSSI":-85},{"SSID":"MeetInLeeds","BSSID":"5c:a6:2d:af:8f:6d","RSSI":-87}],[{"SSID":"MeetInLeeds","BSSID":"5c:a6:2d:86:6b:42","RSSI":-45},{"SSID":"MeetInLeeds","BSSID":"5c:a6:2d:85:81:c2","RSSI":-49},{"SSID":"eduroam","BSSID":"5c:a6:2d:85:81:c1","RSSI":-49},{"SSID":"MeetInLeeds","BSSID":"5c:a6:2d:86:6d:a2","RSSI":-50},{"SSID":"MeetInLeeds","BSSID":"5c:a6:2d:86:6b:4d","RSSI":-51},{"SSID":"eduroam","BSSID":"5c:a6:2d:86:6b:4e","RSSI":-51},{"SSID":"eduroam","BSSID":"5c:a6:2d:86:6d:ae","RSSI":-52},{"SSID":"MeetInLeeds","BSSID":"5c:a6:2d:86:6d:ad","RSSI":-52},{"SSID":"MeetInLeeds","BSSID":"5c:a6:2d:5d:2d:02","RSSI":-55},{"SSID":"eduroam","BSSID":"5c:a6:2d:5d:2d:01","RSSI":-55},{"SSID":"eduroam","BSSID":"5c:a6:2d:cf:c5:e1","RSSI":-55},{"SSID":"MeetInLeeds","BSSID":"5c:a6:2d:cf:c5:e2","RSSI":-56},{"SSID":"MeetInLeeds","BSSID":"ac:3a:67:07:fc:42","RSSI":-61},{"SSID":"eduroam","BSSID":"ac:3a:67:07:fc:41","RSSI":-61},{"SSID":"eduroam","BSSID":"5c:a6:2d:85:81:ce","RSSI":-61},{"SSID":"MeetInLeeds","BSSID":"5c:a6:2d:85:81:cd","RSSI":-61},{"SSID":"MeetInLeeds","BSSID":"5c:a6:2d:cf:e3:42","RSSI":-63},{"SSID":"eduroam","BSSID":"5c:a6:2d:cf:e3:41","RSSI":-63},{"SSID":"MeetInLeeds","BSSID":"ac:3a:67:07:fc:4d","RSSI":-65},{"SSID":"MeetInLeeds","BSSID":"5c:a6:2d:5d:2d:0d","RSSI":-66},{"SSID":"eduroam","BSSID":"5c:a6:2d:5d:2d:0e","RSSI":-67},{"SSID":"MeetInLeeds","BSSID":"5c:a6:2d:86:6c:22","RSSI":-67},{"SSID":"eduroam","BSSID":"ac:3a:67:07:fc:4e","RSSI":-67},{"SSID":"eduroam","BSSID":"ac:3a:67:07:fb:01","RSSI":-69},{"SSID":"MeetInLeeds","BSSID":"ac:3a:67:07:fb:02","RSSI":-69},{"SSID":"eduroam","BSSID":"5c:a6:2d:88:6b:61","RSSI":-71},{"SSID":"MeetInLeeds","BSSID":"5c:a6:2d:88:6b:62","RSSI":-71},{"SSID":"MeetInLeeds","BSSID":"5c:a6:2d:cf:c5:ed","RSSI":-72},{"SSID":"MeetInLeeds","BSSID":"5c:a6:2d:86:6d:02","RSSI":-72},{"SSID":"eduroam","BSSID":"5c:a6:2d:86:6d:01","RSSI":-72},{"SSID":"MeetInLeeds","BSSID":"5c:a6:2d:cf:e3:4d","RSSI":-73},{"SSID":"eduroam","BSSID":"5c:a6:2d:cf:e3:4e","RSSI":-73},{"SSID":"MeetInLeeds","BSSID":"5c:a6:2d:ef:45:22","RSSI":-73},{"SSID":"MeetInLeeds","BSSID":"5c:a6:2d:cf:c3:22","RSSI":-74},{"SSID":"MeetInLeeds","BSSID":"5c:a6:2d:af:8e:02","RSSI":-74},{"SSID":"MeetInLeeds","BSSID":"5c:a6:2d:eb:9d:82","RSSI":-74},{"SSID":"eduroam","BSSID":"ac:3a:67:08:01:81","RSSI":-75},{"SSID":"MeetInLeeds","BSSID":"ac:3a:67:08:01:82","RSSI":-75},{"SSID":"eduroam","BSSID":"5c:a6:2d:cf:c3:21","RSSI":-75},{"SSID":"eduroam","BSSID":"5c:a6:2d:af:8e:01","RSSI":-75},{"SSID":"MeetInLeeds","BSSID":"5c:a6:2d:86:6c:2d","RSSI":-75},{"SSID":"eduroam","BSSID":"5c:a6:2d:86:6c:2e","RSSI":-75},{"SSID":"MeetInLeeds","BSSID":"ac:3a:67:08:04:2d","RSSI":-75},{"SSID":"eduroam","BSSID":"ac:3a:67:08:04:2e","RSSI":-75},{"SSID":"OnePlus 8 Pro","BSSID":"76:1f:45:3a:66:fd","RSSI":-77},{"SSID":"eduroam","BSSID":"ac:3a:67:07:fb:0e","RSSI":-79},{"SSID":"MeetInLeeds","BSSID":"ac:3a:67:07:fb:0d","RSSI":-79},{"SSID":"MeetInLeeds","BSSID":"5c:a6:2d:85:81:e2","RSSI":-79},{"SSID":"MeetInLeeds","BSSID":"5c:a6:2d:45:db:82","RSSI":-79},{"SSID":"MeetInLeeds","BSSID":"5c:a6:2d:cf:c4:42","RSSI":-79},{"SSID":"eduroam","BSSID":"5c:a6:2d:85:81:e1","RSSI":-80},{"SSID":"eduroam","BSSID":"5c:a6:2d:86:6b:21","RSSI":-81},{"SSID":"MeetInLeeds","BSSID":"5c:a6:2d:86:6b:22","RSSI":-81},{"SSID":"eduroam","BSSID":"5c:a6:2d:af:8e:0e","RSSI":-81},{"SSID":"MeetInLeeds","BSSID":"5c:a6:2d:af:8e:0d","RSSI":-81},{"SSID":"MeetInLeeds","BSSID":"5c:a6:2d:b5:ca:e2","RSSI":-81},{"SSID":"eduroam","BSSID":"5c:a6:2d:b5:ca:e1","RSSI":-82},{"SSID":"MeetInLeeds","BSSID":"5c:a6:2d:88:6b:6d","RSSI":-82},{"SSID":"MeetInLeeds","BSSID":"5c:a6:2d:45:de:82","RSSI":-82},{"SSID":"eduroam","BSSID":"5c:a6:2d:cf:c3:2e","RSSI":-84},{"SSID":"eduroam","BSSID":"5c:a6:2d:ef:45:2e","RSSI":-84},{"SSID":"MeetInLeeds","BSSID":"5c:a6:2d:ef:45:2d","RSSI":-84},{"SSID":"MeetInLeeds","BSSID":"ac:3a:67:08:01:8d","RSSI":-85}],[{"SSID":"MeetInLeeds","BSSID":"5c:a6:2d:86:6b:42","RSSI":-45},{"SSID":"MeetInLeeds","BSSID":"5c:a6:2d:85:81:c2","RSSI":-48},{"SSID":"eduroam","BSSID":"5c:a6:2d:86:6d:ae","RSSI":-50},{"SSID":"MeetInLeeds","BSSID":"5c:a6:2d:86:6d:ad","RSSI":-50},{"SSID":"eduroam","BSSID":"5c:a6:2d:86:6b:4e","RSSI":-51},{"SSID":"MeetInLeeds","BSSID":"5c:a6:2d:86:6b:4d","RSSI":-52},{"SSID":"MeetInLeeds","BSSID":"5c:a6:2d:5d:2d:02","RSSI":-54},{"SSID":"MeetInLeeds","BSSID":"5c:a6:2d:cf:c5:e2","RSSI":-54},{"SSID":"eduroam","BSSID":"5c:a6:2d:5d:2d:01","RSSI":-55},{"SSID":"MeetInLeeds","BSSID":"5c:a6:2d:85:81:cd","RSSI":-59},{"SSID":"MeetInLeeds","BSSID":"ac:3a:67:08:04:22","RSSI":-59},{"SSID":"eduroam","BSSID":"ac:3a:67:08:04:21","RSSI":-60},{"SSID":"MeetInLeeds","BSSID":"ac:3a:67:07:fc:42","RSSI":-61},{"SSID":"eduroam","BSSID":"5c:a6:2d:85:81:ce","RSSI":-61},{"SSID":"MeetInLeeds","BSSID":"5c:a6:2d:cf:e3:42","RSSI":-61},{"SSID":"MeetInLeeds","BSSID":"ac:3a:67:07:fc:4d","RSSI":-63},{"SSID":"eduroam","BSSID":"ac:3a:67:07:fc:4e","RSSI":-63},{"SSID":"eduroam","BSSID":"5c:a6:2d:5d:2d:0e","RSSI":-65},{"SSID":"MeetInLeeds","BSSID":"5c:a6:2d:5d:2d:0d","RSSI":-65},{"SSID":"MeetInLeeds","BSSID":"5c:a6:2d:86:6c:22","RSSI":-67},{"SSID":"eduroam","BSSID":"5c:a6:2d:cf:e3:4e","RSSI":-69},{"SSID":"MeetInLeeds","BSSID":"5c:a6:2d:cf:e3:4d","RSSI":-70},{"SSID":"eduroam","BSSID":"5c:a6:2d:88:6b:61","RSSI":-70},{"SSID":"eduroam","BSSID":"5c:a6:2d:cf:c5:ee","RSSI":-71},{"SSID":"MeetInLeeds","BSSID":"5c:a6:2d:cf:c5:ed","RSSI":-71},{"SSID":"MeetInLeeds","BSSID":"5c:a6:2d:86:6d:02","RSSI":-71},{"SSID":"MeetInLeeds","BSSID":"5c:a6:2d:88:6b:62","RSSI":-71},{"SSID":"MeetInLeeds","BSSID":"ac:3a:67:07:fb:02","RSSI":-72},{"SSID":"eduroam","BSSID":"5c:a6:2d:af:8e:01","RSSI":-73},{"SSID":"MeetInLeeds","BSSID":"5c:a6:2d:af:8e:02","RSSI":-73},{"SSID":"MeetInLeeds","BSSID":"5c:a6:2d:5d:2b:42","RSSI":-74},{"SSID":"eduroam","BSSID":"ac:3a:67:08:01:81","RSSI":-74},{"SSID":"MeetInLeeds","BSSID":"ac:3a:67:08:01:82","RSSI":-74},{"SSID":"eduroam","BSSID":"5c:a6:2d:ef:45:21","RSSI":-74},{"SSID":"MeetInLeeds","BSSID":"5c:a6:2d:86:6c:2d","RSSI":-74},{"SSID":"eduroam","BSSID":"5c:a6:2d:86:6c:2e","RSSI":-74},{"SSID":"MeetInLeeds","BSSID":"ac:3a:67:08:04:2d","RSSI":-76},{"SSID":"eduroam","BSSID":"ac:3a:67:08:04:2e","RSSI":-76},{"SSID":"eduroam","BSSID":"ac:3a:67:07:fb:0e","RSSI":-78},{"SSID":"MeetInLeeds","BSSID":"ac:3a:67:07:fb:0d","RSSI":-78},{"SSID":"OnePlus 8 Pro","BSSID":"76:1f:45:3a:66:fd","RSSI":-78},{"SSID":"MeetInLeeds","BSSID":"5c:a6:2d:88:6b:6d","RSSI":-79},{"SSID":"MeetInLeeds","BSSID":"5c:a6:2d:eb:9d:8d","RSSI":-80},{"SSID":"eduroam","BSSID":"5c:a6:2d:ef:45:2e","RSSI":-80},{"SSID":"eduroam","BSSID":"5c:a6:2d:af:8e:0e","RSSI":-81},{"SSID":"MeetInLeeds","BSSID":"5c:a6:2d:af:8e:0d","RSSI":-81},{"SSID":"eduroam","BSSID":"5c:a6:2d:b5:ca:e1","RSSI":-81},{"SSID":"eduroam","BSSID":"5c:a6:2d:45:de:81","RSSI":-81},{"SSID":"MeetInLeeds","BSSID":"5c:a6:2d:ef:45:2d","RSSI":-81},{"SSID":"MeetInLeeds","BSSID":"5c:a6:2d:cf:c3:22","RSSI":-82},{"SSID":"MeetInLeeds","BSSID":"5c:a6:2d:45:de:82","RSSI":-82},{"SSID":"eduroam","BSSID":"5c:a6:2d:5d:ab:6e","RSSI":-82},{"SSID":"MeetInLeeds","BSSID":"5c:a6:2d:cf:c3:2d","RSSI":-83},{"SSID":"eduroam","BSSID":"5c:a6:2d:cf:c3:2e","RSSI":-83},{"SSID":"MeetInLeeds","BSSID":"5c:a6:2d:5d:ab:6d","RSSI":-83},{"SSID":"MeetInLeeds","BSSID":"5c:a6:2d:86:6d:0d","RSSI":-83}],[{"SSID":"MeetInLeeds","BSSID":"5c:a6:2d:86:6b:42","RSSI":-45},{"SSID":"MeetInLeeds","BSSID":"5c:a6:2d:85:81:c2","RSSI":-48},{"SSID":"eduroam","BSSID":"5c:a6:2d:85:81:c1","RSSI":-48},{"SSID":"eduroam","BSSID":"5c:a6:2d:86:6b:4e","RSSI":-50},{"SSID":"eduroam","BSSID":"5c:a6:2d:86:6d:a1","RSSI":-51},{"SSID":"MeetInLeeds","BSSID":"5c:a6:2d:86:6d:a2","RSSI":-51},{"SSID":"MeetInLeeds","BSSID":"5c:a6:2d:86:6b:4d","RSSI":-51},{"SSID":"eduroam","BSSID":"5c:a6:2d:86:6d:ae","RSSI":-51},{"SSID":"MeetInLeeds","BSSID":"5c:a6:2d:86:6d:ad","RSSI":-51},{"SSID":"MeetInLeeds","BSSID":"5c:a6:2d:cf:c5:e2","RSSI":-54},{"SSID":"MeetInLeeds","BSSID":"5c:a6:2d:5d:2d:02","RSSI":-55},{"SSID":"eduroam","BSSID":"5c:a6:2d:5d:2d:01","RSSI":-55},{"SSID":"eduroam","BSSID":"5c:a6:2d:85:81:ce","RSSI":-58},{"SSID":"MeetInLeeds","BSSID":"5c:a6:2d:85:81:cd","RSSI":-58},{"SSID":"MeetInLeeds","BSSID":"ac:3a:67:08:04:22","RSSI":-60},{"SSID":"MeetInLeeds","BSSID":"ac:3a:67:07:fc:42","RSSI":-61},{"SSID":"MeetInLeeds","BSSID":"5c:a6:2d:cf:e3:42","RSSI":-61},{"SSID":"eduroam","BSSID":"5c:a6:2d:cf:e3:41","RSSI":-61},{"SSID":"MeetInLeeds","BSSID":"ac:3a:67:07:fc:4d","RSSI":-63},{"SSID":"eduroam","BSSID":"ac:3a:67:07:fc:4e","RSSI":-64},{"SSID":"eduroam","BSSID":"5c:a6:2d:5d:2d:0e","RSSI":-65},{"SSID":"eduroam","BSSID":"5c:a6:2d:86:6c:21","RSSI":-66},{"SSID":"MeetInLeeds","BSSID":"5c:a6:2d:86:6c:22","RSSI":-66},{"SSID":"MeetInLeeds","BSSID":"5c:a6:2d:5d:2d:0d","RSSI":-68},{"SSID":"MeetInLeeds","BSSID":"5c:a6:2d:cf:e3:4d","RSSI":-70},{"SSID":"eduroam","BSSID":"5c:a6:2d:cf:e3:4e","RSSI":-70},{"SSID":"eduroam","BSSID":"5c:a6:2d:cf:c5:ee","RSSI":-71},{"SSID":"MeetInLeeds","BSSID":"5c:a6:2d:cf:c5:ed","RSSI":-72},{"SSID":"MeetInLeeds","BSSID":"5c:a6:2d:86:6d:02","RSSI":-72},{"SSID":"MeetInLeeds","BSSID":"ac:3a:67:07:fb:02","RSSI":-72},{"SSID":"eduroam","BSSID":"5c:a6:2d:88:6b:61","RSSI":-72},{"SSID":"MeetInLeeds","BSSID":"5c:a6:2d:88:6b:62","RSSI":-72},{"SSID":"eduroam","BSSID":"5c:a6:2d:ef:45:21","RSSI":-73},{"SSID":"eduroam","BSSID":"ac:3a:67:08:01:81","RSSI":-74},{"SSID":"MeetInLeeds","BSSID":"5c:a6:2d:ef:45:22","RSSI":-74},{"SSID":"MeetInLeeds","BSSID":"5c:a6:2d:eb:9d:82","RSSI":-74},{"SSID":"MeetInLeeds","BSSID":"5c:a6:2d:cf:c3:22","RSSI":-75},{"SSID":"MeetInLeeds","BSSID":"5c:a6:2d:86:6c:2d","RSSI":-75},{"SSID":"eduroam","BSSID":"5c:a6:2d:86:6c:2e","RSSI":-75},{"SSID":"eduroam","BSSID":"ac:3a:67:08:04:2e","RSSI":-75},{"SSID":"eduroam","BSSID":"5c:a6:2d:cf:c3:21","RSSI":-76},{"SSID":"MeetInLeeds","BSSID":"ac:3a:67:08:04:2d","RSSI":-76},{"SSID":"MeetInLeeds","BSSID":"ac:3a:67:07:fb:0d","RSSI":-77},{"SSID":"eduroam","BSSID":"ac:3a:67:07:fb:0e","RSSI":-78},{"SSID":"MeetInLeeds","BSSID":"5c:a6:2d:cf:c4:42","RSSI":-79},{"SSID":"MeetInLeeds","BSSID":"5c:a6:2d:af:8e:0d","RSSI":-80},{"SSID":"eduroam","BSSID":"5c:a6:2d:ef:45:2e","RSSI":-80},{"SSID":"MeetInLeeds","BSSID":"5c:a6:2d:ef:45:2d","RSSI":-80},{"SSID":"MeetInLeeds","BSSID":"5c:a6:2d:85:81:e2","RSSI":-81},{"SSID":"MeetInLeeds","BSSID":"5c:a6:2d:88:6b:6d","RSSI":-81},{"SSID":"eduroam","BSSID":"5c:a6:2d:af:8e:0e","RSSI":-83},{"SSID":"eduroam","BSSID":"5c:a6:2d:5d:ab:6e","RSSI":-83},{"SSID":"MeetInLeeds","BSSID":"5c:a6:2d:5d:ab:6d","RSSI":-83},{"SSID":"MeetInLeeds","BSSID":"5c:a6:2d:cf:c3:2d","RSSI":-84},{"SSID":"MeetInLeeds","BSSID":"5c:a6:2d:86:6d:0d","RSSI":-84},{"SSID":"eduroam","BSSID":"5c:a6:2d:cf:c3:2e","RSSI":-85},{"SSID":"MeetInLeeds","BSSID":"ac:3a:67:08:01:8d","RSSI":-85},{"SSID":"eduroam","BSSID":"5c:a6:2d:86:6d:0e","RSSI":-85},{"SSID":"eduroam","BSSID":"ac:3a:67:08:01:8e","RSSI":-88}],[{"SSID":"eduroam","BSSID":"5c:a6:2d:86:6b:41","RSSI":-45},{"SSID":"MeetInLeeds","BSSID":"5c:a6:2d:86:6b:42","RSSI":-45},{"SSID":"MeetInLeeds","BSSID":"5c:a6:2d:85:81:c2","RSSI":-47},{"SSID":"eduroam","BSSID":"5c:a6:2d:86:6d:a1","RSSI":-50},{"SSID":"MeetInLeeds","BSSID":"5c:a6:2d:86:6b:4d","RSSI":-50},{"SSID":"eduroam","BSSID":"5c:a6:2d:86:6b:4e","RSSI":-50},{"SSID":"eduroam","BSSID":"5c:a6:2d:86:6d:ae","RSSI":-50},{"SSID":"MeetInLeeds","BSSID":"5c:a6:2d:86:6d:ad","RSSI":-50},{"SSID":"MeetInLeeds","BSSID":"5c:a6:2d:86:6d:a2","RSSI":-51},{"SSID":"MeetInLeeds","BSSID":"5c:a6:2d:5d:2d:02","RSSI":-54},{"SSID":"eduroam","BSSID":"5c:a6:2d:5d:2d:01","RSSI":-54},{"SSID":"MeetInLeeds","BSSID":"5c:a6:2d:cf:c5:e2","RSSI":-54},{"SSID":"MeetInLeeds","BSSID":"5c:a6:2d:85:81:cd","RSSI":-58},{"SSID":"MeetInLeeds","BSSID":"ac:3a:67:08:04:22","RSSI":-59},{"SSID":"eduroam","BSSID":"ac:3a:67:08:04:21","RSSI":-59},{"SSID":"eduroam","BSSID":"ac:3a:67:07:fc:41","RSSI":-60},{"SSID":"eduroam","BSSID":"5c:a6:2d:85:81:ce","RSSI":-60},{"SSID":"MeetInLeeds","BSSID":"ac:3a:67:07:fc:42","RSSI":-61},{"SSID":"MeetInLeeds","BSSID":"5c:a6:2d:cf:e3:42","RSSI":-61},{"SSID":"eduroam","BSSID":"5c:a6:2d:cf:e3:41","RSSI":-61},{"SSID":"MeetInLeeds","BSSID":"ac:3a:67:07:fc:4d","RSSI":-64},{"SSID":"eduroam","BSSID":"ac:3a:67:07:fc:4e","RSSI":-64},{"SSID":"eduroam","BSSID":"5c:a6:2d:5d:2d:0e","RSSI":-66},{"SSID":"MeetInLeeds","BSSID":"5c:a6:2d:5d:2d:0d","RSSI":-66},{"SSID":"eduroam","BSSID":"5c:a6:2d:86:6c:21","RSSI":-68},{"SSID":"MeetInLeeds","BSSID":"5c:a6:2d:86:6c:22","RSSI":-68},{"SSID":"eduroam","BSSID":"5c:a6:2d:cf:e3:4e","RSSI":-69},{"SSID":"MeetInLeeds","BSSID":"5c:a6:2d:cf:e3:4d","RSSI":-70},{"SSID":"eduroam","BSSID":"5c:a6:2d:cf:c5:ee","RSSI":-71},{"SSID":"MeetInLeeds","BSSID":"5c:a6:2d:cf:c5:ed","RSSI":-71},{"SSID":"MeetInLeeds","BSSID":"5c:a6:2d:88:6b:62","RSSI":-71},{"SSID":"MeetInLeeds","BSSID":"5c:a6:2d:5d:2b:42","RSSI":-72},{"SSID":"MeetInLeeds","BSSID":"5c:a6:2d:5d:ab:62","RSSI":-72},{"SSID":"eduroam","BSSID":"5c:a6:2d:5d:ab:61","RSSI":-72},{"SSID":"MeetInLeeds","BSSID":"5c:a6:2d:86:6d:02","RSSI":-72},{"SSID":"eduroam","BSSID":"5c:a6:2d:88:6b:61","RSSI":-72},{"SSID":"MeetInLeeds","BSSID":"ac:3a:67:07:fb:02","RSSI":-73},{"SSID":"eduroam","BSSID":"ac:3a:67:08:01:81","RSSI":-74},{"SSID":"MeetInLeeds","BSSID":"ac:3a:67:08:01:82","RSSI":-74},{"SSID":"MeetInLeeds","BSSID":"5c:a6:2d:af:8e:02","RSSI":-74},{"SSID":"MeetInLeeds","BSSID":"5c:a6:2d:eb:9d:82","RSSI":-75},{"SSID":"MeetInLeeds","BSSID":"ac:3a:67:08:04:2d","RSSI":-75},{"SSID":"MeetInLeeds","BSSID":"5c:a6:2d:86:6b:22","RSSI":-76},{"SSID":"eduroam","BSSID":"5c:a6:2d:eb:9d:81","RSSI":-76},{"SSID":"MeetInLeeds","BSSID":"5c:a6:2d:86:6c:2d","RSSI":-76},{"SSID":"eduroam","BSSID":"5c:a6:2d:86:6c:2e","RSSI":-76},{"SSID":"eduroam","BSSID":"ac:3a:67:07:fb:0e","RSSI":-77},{"SSID":"eduroam","BSSID":"5c:a6:2d:86:6b:21","RSSI":-77},{"SSID":"OnePlus 8 Pro","BSSID":"76:1f:45:3a:66:fd","RSSI":-77},{"SSID":"MeetInLeeds","BSSID":"ac:3a:67:07:fb:0d","RSSI":-78},{"SSID":"eduroam","BSSID":"5c:a6:2d:b5:ca:e1","RSSI":-79},{"SSID":"eduroam","BSSID":"ac:3a:67:08:04:2e","RSSI":-79},{"SSID":"eduroam","BSSID":"5c:a6:2d:45:db:81","RSSI":-80},{"SSID":"MeetInLeeds","BSSID":"5c:a6:2d:af:8e:0d","RSSI":-80},{"SSID":"MeetInLeeds","BSSID":"5c:a6:2d:88:6b:6d","RSSI":-80},{"SSID":"MeetInLeeds","BSSID":"5c:a6:2d:85:81:e2","RSSI":-81},{"SSID":"eduroam","BSSID":"5c:a6:2d:45:de:81","RSSI":-81},{"SSID":"eduroam","BSSID":"5c:a6:2d:ef:45:2e","RSSI":-81},{"SSID":"MeetInLeeds","BSSID":"5c:a6:2d:ef:45:2d","RSSI":-81},{"SSID":"eduroam","BSSID":"5c:a6:2d:af:8e:0e","RSSI":-82},{"SSID":"MeetInLeeds","BSSID":"5c:a6:2d:45:de:82","RSSI":-82},{"SSID":"eduroam","BSSID":"5c:a6:2d:cf:c3:2e","RSSI":-83},{"SSID":"MeetInLeeds","BSSID":"5c:a6:2d:5d:ab:6d","RSSI":-83},{"SSID":"MeetInLeeds","BSSID":"5c:a6:2d:cf:c3:2d","RSSI":-84},{"SSID":"eduroam","BSSID":"5c:a6:2d:5d:ab:6e","RSSI":-84},{"SSID":"eduroam","BSSID":"5c:a6:2d:86:6d:0e","RSSI":-84},{"SSID":"MeetInLeeds","BSSID":"5c:a6:2d:86:6d:0d","RSSI":-84},{"SSID":"MeetInLeeds","BSSID":"ac:3a:67:08:01:8d","RSSI":-85},{"SSID":"eduroam","BSSID":"ac:3a:67:08:01:8e","RSSI":-85}],[{"SSID":"MeetInLeeds","BSSID":"5c:a6:2d:86:6b:42","RSSI":-44},{"SSID":"MeetInLeeds","BSSID":"5c:a6:2d:85:81:c2","RSSI":-48},{"SSID":"eduroam","BSSID":"5c:a6:2d:85:81:c1","RSSI":-48},{"SSID":"eduroam","BSSID":"5c:a6:2d:86:6d:a1","RSSI":-51},{"SSID":"MeetInLeeds","BSSID":"5c:a6:2d:86:6d:a2","RSSI":-51},{"SSID":"MeetInLeeds","BSSID":"5c:a6:2d:86:6b:4d","RSSI":-51},{"SSID":"eduroam","BSSID":"5c:a6:2d:86:6b:4e","RSSI":-51},{"SSID":"MeetInLeeds","BSSID":"5c:a6:2d:5d:2d:02","RSSI":-54},{"SSID":"eduroam","BSSID":"5c:a6:2d:5d:2d:01","RSSI":-54},{"SSID":"MeetInLeeds","BSSID":"5c:a6:2d:cf:c5:e2","RSSI":-54},{"SSID":"eduroam","BSSID":"5c:a6:2d:cf:c5:e1","RSSI":-54},{"SSID":"eduroam","BSSID":"5c:a6:2d:85:81:ce","RSSI":-57},{"SSID":"MeetInLeeds","BSSID":"5c:a6:2d:85:81:cd","RSSI":-57},{"SSID":"MeetInLeeds","BSSID":"ac:3a:67:08:04:22","RSSI":-59},{"SSID":"eduroam","BSSID":"ac:3a:67:08:04:21","RSSI":-59},{"SSID":"MeetInLeeds","BSSID":"ac:3a:67:07:fc:42","RSSI":-60},{"SSID":"MeetInLeeds","BSSID":"5c:a6:2d:cf:e3:42","RSSI":-62},{"SSID":"eduroam","BSSID":"5c:a6:2d:cf:e3:41","RSSI":-62},{"SSID":"eduroam","BSSID":"5c:a6:2d:5d:2d:0e","RSSI":-64},{"SSID":"MeetInLeeds","BSSID":"5c:a6:2d:5d:2d:0d","RSSI":-64},{"SSID":"MeetInLeeds","BSSID":"5c:a6:2d:86:6c:22","RSSI":-64},{"SSID":"MeetInLeeds","BSSID":"ac:3a:67:07:fc:4d","RSSI":-64},{"SSID":"eduroam","BSSID":"5c:a6:2d:86:6c:21","RSSI":-65},{"SSID":"eduroam","BSSID":"ac:3a:67:07:fc:4e","RSSI":-65},{"SSID":"MeetInLeeds","BSSID":"5c:a6:2d:cf:c5:ed","RSSI":-70},{"SSID":"MeetInLeeds","BSSID":"5c:a6:2d:86:6d:02","RSSI":-70},{"SSID":"eduroam","BSSID":"5c:a6:2d:88:6b:61","RSSI":-70},{"SSID":"MeetInLeeds","BSSID":"5c:a6:2d:88:6b:62","RSSI":-70},{"SSID":"eduroam","BSSID":"5c:a6:2d:5d:ab:61","RSSI":-72},{"SSID":"MeetInLeeds","BSSID":"ac:3a:67:07:fb:02","RSSI":-72},{"SSID":"MeetInLeeds","BSSID":"5c:a6:2d:5d:ab:62","RSSI":-73},{"SSID":"MeetInLeeds","BSSID":"5c:a6:2d:5d:2b:42","RSSI":-74},{"SSID":"eduroam","BSSID":"5c:a6:2d:5d:2b:41","RSSI":-74},{"SSID":"eduroam","BSSID":"ac:3a:67:08:01:81","RSSI":-74},{"SSID":"MeetInLeeds","BSSID":"5c:a6:2d:ef:45:22","RSSI":-74},{"SSID":"eduroam","BSSID":"5c:a6:2d:ef:45:21","RSSI":-74},{"SSID":"MeetInLeeds","BSSID":"ac:3a:67:08:01:82","RSSI":-75},{"SSID":"MeetInLeeds","BSSID":"5c:a6:2d:cf:e3:4d","RSSI":-76},{"SSID":"eduroam","BSSID":"5c:a6:2d:cf:e3:4e","RSSI":-76},{"SSID":"MeetInLeeds","BSSID":"5c:a6:2d:cf:c3:22","RSSI":-76},{"SSID":"MeetInLeeds","BSSID":"5c:a6:2d:86:6b:22","RSSI":-76},{"SSID":"MeetInLeeds","BSSID":"5c:a6:2d:eb:9d:82","RSSI":-76},{"SSID":"OnePlus 8 Pro","BSSID":"76:1f:45:3a:66:fd","RSSI":-76},{"SSID":"MeetInLeeds","BSSID":"5c:a6:2d:86:6c:2d","RSSI":-76},{"SSID":"eduroam","BSSID":"5c:a6:2d:86:6c:2e","RSSI":-76},{"SSID":"MeetInLeeds","BSSID":"ac:3a:67:07:fb:0d","RSSI":-77},{"SSID":"MeetInLeeds","BSSID":"5c:a6:2d:45:db:82","RSSI":-79},{"SSID":"eduroam","BSSID":"5c:a6:2d:45:db:81","RSSI":-80},{"SSID":"eduroam","BSSID":"5c:a6:2d:cf:c3:2e","RSSI":-82},{"SSID":"MeetInLeeds","BSSID":"5c:a6:2d:45:de:82","RSSI":-82},{"SSID":"MeetInLeeds","BSSID":"ac:3a:67:08:04:2d","RSSI":-82},{"SSID":"MeetInLeeds","BSSID":"5c:a6:2d:af:8e:0d","RSSI":-83},{"SSID":"MeetInLeeds","BSSID":"5c:a6:2d:88:6b:6d","RSSI":-83},{"SSID":"MeetInLeeds","BSSID":"5c:a6:2d:5d:ab:6d","RSSI":-83},{"SSID":"MeetInLeeds","BSSID":"5c:a6:2d:cf:c3:2d","RSSI":-84},{"SSID":"eduroam","BSSID":"5c:a6:2d:af:8e:0e","RSSI":-84},{"SSID":"eduroam","BSSID":"5c:a6:2d:5d:ab:6e","RSSI":-84},{"SSID":"eduroam","BSSID":"ac:3a:67:08:04:2e","RSSI":-84},{"SSID":"eduroam","BSSID":"5c:a6:2d:86:6d:0e","RSSI":-85},{"SSID":"MeetInLeeds","BSSID":"5c:a6:2d:86:6d:0d","RSSI":-85},{"SSID":"MeetInLeeds","BSSID":"ac:3a:67:08:01:8d","RSSI":-86}],[{"SSID":"eduroam","BSSID":"5c:a6:2d:86:6b:41","RSSI":-47},{"SSID":"MeetInLeeds","BSSID":"5c:a6:2d:86:6b:42","RSSI":-47},{"SSID":"MeetInLeeds","BSSID":"5c:a6:2d:85:81:c2","RSSI":-48},{"SSID":"eduroam","BSSID":"5c:a6:2d:85:81:c1","RSSI":-48},{"SSID":"MeetInLeeds","BSSID":"5c:a6:2d:5d:2d:02","RSSI":-54},{"SSID":"eduroam","BSSID":"5c:a6:2d:5d:2d:01","RSSI":-54},{"SSID":"eduroam","BSSID":"5c:a6:2d:86:6d:a1","RSSI":-54},{"SSID":"MeetInLeeds","BSSID":"5c:a6:2d:86:6d:a2","RSSI":-54},{"SSID":"eduroam","BSSID":"5c:a6:2d:86:6b:4e","RSSI":-55},{"SSID":"eduroam","BSSID":"5c:a6:2d:86:6d:ae","RSSI":-55},{"SSID":"MeetInLeeds","BSSID":"5c:a6:2d:86:6d:ad","RSSI":-55},{"SSID":"MeetInLeeds","BSSID":"5c:a6:2d:cf:c5:e2","RSSI":-56},{"SSID":"MeetInLeeds","BSSID":"5c:a6:2d:86:6b:4d","RSSI":-58},{"SSID":"MeetInLeeds","BSSID":"ac:3a:67:07:fc:42","RSSI":-59},{"SSID":"eduroam","BSSID":"5c:a6:2d:85:81:ce","RSSI":-59},{"SSID":"MeetInLeeds","BSSID":"5c:a6:2d:85:81:cd","RSSI":-60},{"SSID":"MeetInLeeds","BSSID":"5c:a6:2d:cf:e3:42","RSSI":-63},{"SSID":"eduroam","BSSID":"5c:a6:2d:cf:e3:41","RSSI":-63},{"SSID":"MeetInLeeds","BSSID":"ac:3a:67:08:04:22","RSSI":-63},{"SSID":"eduroam","BSSID":"ac:3a:67:08:04:21","RSSI":-63},{"SSID":"MeetInLeeds","BSSID":"ac:3a:67:07:fc:4d","RSSI":-64},{"SSID":"MeetInLeeds","BSSID":"5c:a6:2d:86:6c:22","RSSI":-65},{"SSID":"eduroam","BSSID":"5c:a6:2d:86:6c:21","RSSI":-66},{"SSID":"eduroam","BSSID":"ac:3a:67:07:fc:4e","RSSI":-66},{"SSID":"MeetInLeeds","BSSID":"5c:a6:2d:88:6b:62","RSSI":-67},{"SSID":"eduroam","BSSID":"ac:3a:67:07:fb:0e","RSSI":-71},{"SSID":"eduroam","BSSID":"5c:a6:2d:cf:c5:ee","RSSI":-71},{"SSID":"MeetInLeeds","BSSID":"5c:a6:2d:cf:c5:ed","RSSI":-71},{"SSID":"MeetInLeeds","BSSID":"5c:a6:2d:86:6d:02","RSSI":-71},{"SSID":"MeetInLeeds","BSSID":"ac:3a:67:07:fb:0d","RSSI":-72},{"SSID":"MeetInLeeds","BSSID":"5c:a6:2d:ef:45:22","RSSI":-72},{"SSID":"eduroam","BSSID":"5c:a6:2d:86:6b:21","RSSI":-73},{"SSID":"MeetInLeeds","BSSID":"5c:a6:2d:86:6b:22","RSSI":-73},{"SSID":"eduroam","BSSID":"5c:a6:2d:eb:9d:81","RSSI":-73},{"SSID":"MeetInLeeds","BSSID":"5c:a6:2d:eb:9d:82","RSSI":-74},{"SSID":"MeetInLeeds","BSSID":"5c:a6:2d:86:6c:2d","RSSI":-74},{"SSID":"eduroam","BSSID":"5c:a6:2d:86:6c:2e","RSSI":-74},{"SSID":"MeetInLeeds","BSSID":"ac:3a:67:07:fb:02","RSSI":-74},{"SSID":"eduroam","BSSID":"5c:a6:2d:ef:45:2e","RSSI":-77},{"SSID":"eduroam","BSSID":"5c:a6:2d:cf:e3:4e","RSSI":-78},{"SSID":"MeetInLeeds","BSSID":"5c:a6:2d:cf:c3:22","RSSI":-78},{"SSID":"eduroam","BSSID":"5c:a6:2d:cf:c3:21","RSSI":-78},{"SSID":"MeetInLeeds","BSSID":"5c:a6:2d:eb:9d:8d","RSSI":-78},{"SSID":"MeetInLeeds","BSSID":"5c:a6:2d:ef:45:2d","RSSI":-78},{"SSID":"MeetInLeeds","BSSID":"5c:a6:2d:5d:2b:42","RSSI":-79},{"SSID":"eduroam","BSSID":"5c:a6:2d:5d:2b:41","RSSI":-79},{"SSID":"MeetInLeeds","BSSID":"5c:a6:2d:cf:e3:4d","RSSI":-79},{"SSID":"MeetInLeeds","BSSID":"5c:a6:2d:88:6b:6d","RSSI":-79},{"SSID":"OnePlus 8 Pro","BSSID":"76:1f:45:3a:66:fd","RSSI":-79},{"SSID":"MeetInLeeds","BSSID":"5c:a6:2d:45:de:82","RSSI":-80},{"SSID":"MeetInLeeds","BSSID":"5c:a6:2d:af:8e:0d","RSSI":-81},{"SSID":"eduroam","BSSID":"5c:a6:2d:88:6b:6e","RSSI":-81},{"SSID":"MeetInLeeds","BSSID":"5c:a6:2d:cf:c3:2d","RSSI":-82},{"SSID":"MeetInLeeds","BSSID":"5c:a6:2d:45:db:82","RSSI":-82},{"SSID":"eduroam","BSSID":"5c:a6:2d:af:8e:0e","RSSI":-82},{"SSID":"MeetInLeeds","BSSID":"5c:a6:2d:b5:ca:e2","RSSI":-82},{"SSID":"eduroam","BSSID":"5c:a6:2d:5d:ab:6e","RSSI":-82},{"SSID":"MeetInLeeds","BSSID":"ac:3a:67:08:01:8d","RSSI":-83},{"SSID":"MeetInLeeds","BSSID":"5c:a6:2d:5d:ab:6d","RSSI":-83},{"SSID":"eduroam","BSSID":"5c:a6:2d:85:81:e1","RSSI":-83},{"SSID":"MeetInLeeds","BSSID":"5c:a6:2d:af:91:e2","RSSI":-83},{"SSID":"eduroam","BSSID":"5c:a6:2d:cf:c3:2e","RSSI":-84},{"SSID":"eduroam","BSSID":"5c:a6:2d:86:6b:2e","RSSI":-84},{"SSID":"MeetInLeeds","BSSID":"5c:a6:2d:86:6b:2d","RSSI":-85}],[{"SSID":"MeetInLeeds","BSSID":"5c:a6:2d:85:81:c2","RSSI":-49},{"SSID":"eduroam","BSSID":"5c:a6:2d:85:81:c1","RSSI":-49},{"SSID":"eduroam","BSSID":"5c:a6:2d:86:6b:41","RSSI":-50},{"SSID":"MeetInLeeds","BSSID":"5c:a6:2d:86:6b:42","RSSI":-50},{"SSID":"eduroam","BSSID":"5c:a6:2d:86:6d:a1","RSSI":-50},{"SSID":"MeetInLeeds","BSSID":"5c:a6:2d:86:6d:a2","RSSI":-50},{"SSID":"MeetInLeeds","BSSID":"5c:a6:2d:5d:2d:02","RSSI":-53},{"SSID":"eduroam","BSSID":"5c:a6:2d:5d:2d:01","RSSI":-53},{"SSID":"eduroam","BSSID":"5c:a6:2d:cf:c5:e1","RSSI":-55},{"SSID":"eduroam","BSSID":"5c:a6:2d:86:6b:4e","RSSI":-56},{"SSID":"MeetInLeeds","BSSID":"5c:a6:2d:cf:c5:e2","RSSI":-57},{"SSID":"MeetInLeeds","BSSID":"5c:a6:2d:86:6b:4d","RSSI":-58},{"SSID":"eduroam","BSSID":"5c:a6:2d:85:81:ce","RSSI":-58},{"SSID":"eduroam","BSSID":"5c:a6:2d:86:6d:ae","RSSI":-58},{"SSID":"MeetInLeeds","BSSID":"5c:a6:2d:86:6d:ad","RSSI":-58},{"SSID":"MeetInLeeds","BSSID":"5c:a6:2d:85:81:cd","RSSI":-59},{"SSID":"MeetInLeeds","BSSID":"ac:3a:67:07:fc:42","RSSI":-60},{"SSID":"MeetInLeeds","BSSID":"5c:a6:2d:cf:e3:42","RSSI":-61},{"SSID":"MeetInLeeds","BSSID":"ac:3a:67:08:04:22","RSSI":-62},{"SSID":"eduroam","BSSID":"ac:3a:67:08:04:21","RSSI":-62},{"SSID":"MeetInLeeds","BSSID":"5c:a6:2d:5d:2d:0d","RSSI":-64},{"SSID":"eduroam","BSSID":"5c:a6:2d:86:6c:21","RSSI":-65},{"SSID":"MeetInLeeds","BSSID":"5c:a6:2d:86:6c:22","RSSI":-65},{"SSID":"MeetInLeeds","BSSID":"ac:3a:67:07:fc:4d","RSSI":-67},{"SSID":"eduroam","BSSID":"ac:3a:67:07:fc:4e","RSSI":-67},{"SSID":"eduroam","BSSID":"5c:a6:2d:5d:2d:0e","RSSI":-68},{"SSID":"eduroam","BSSID":"5c:a6:2d:88:6b:61","RSSI":-68},{"SSID":"MeetInLeeds","BSSID":"5c:a6:2d:88:6b:62","RSSI":-68},{"SSID":"eduroam","BSSID":"5c:a6:2d:cf:c5:ee","RSSI":-70},{"SSID":"eduroam","BSSID":"ac:3a:67:07:fb:0e","RSSI":-71},{"SSID":"MeetInLeeds","BSSID":"ac:3a:67:07:fb:0d","RSSI":-71},{"SSID":"MeetInLeeds","BSSID":"5c:a6:2d:cf:c5:ed","RSSI":-71},{"SSID":"MeetInLeeds","BSSID":"ac:3a:67:07:fb:02","RSSI":-71},{"SSID":"eduroam","BSSID":"5c:a6:2d:cf:e3:4e","RSSI":-72},{"SSID":"MeetInLeeds","BSSID":"5c:a6:2d:cf:e3:4d","RSSI":-73},{"SSID":"MeetInLeeds","BSSID":"5c:a6:2d:86:6c:2d","RSSI":-73},{"SSID":"eduroam","BSSID":"5c:a6:2d:86:6c:2e","RSSI":-73},{"SSID":"MeetInLeeds","BSSID":"5c:a6:2d:af:8e:02","RSSI":-74},{"SSID":"eduroam","BSSID":"ac:3a:67:08:04:2e","RSSI":-74},{"SSID":"MeetInLeeds","BSSID":"5c:a6:2d:ef:45:22","RSSI":-75},{"SSID":"eduroam","BSSID":"5c:a6:2d:ef:45:21","RSSI":-75},{"SSID":"MeetInLeeds","BSSID":"ac:3a:67:08:04:2d","RSSI":-77},{"SSID":"MeetInLeeds","BSSID":"5c:a6:2d:cf:c3:22","RSSI":-78},{"SSID":"MeetInLeeds","BSSID":"5c:a6:2d:eb:9d:8d","RSSI":-78},{"SSID":"MeetInLeeds","BSSID":"5c:a6:2d:88:6b:6d","RSSI":-78},{"SSID":"eduroam","BSSID":"5c:a6:2d:88:6b:6e","RSSI":-78},{"SSID":"eduroam","BSSID":"5c:a6:2d:ef:45:2e","RSSI":-78},{"SSID":"MeetInLeeds","BSSID":"5c:a6:2d:ef:45:2d","RSSI":-78},{"SSID":"eduroam","BSSID":"5c:a6:2d:5d:2b:41","RSSI":-81},{"SSID":"eduroam","BSSID":"5c:a6:2d:cf:c3:2e","RSSI":-82},{"SSID":"eduroam","BSSID":"5c:a6:2d:5d:ab:6e","RSSI":-82},{"SSID":"MeetInLeeds","BSSID":"5c:a6:2d:5d:ab:6d","RSSI":-82},{"SSID":"MeetInLeeds","BSSID":"5c:a6:2d:cf:c3:2d","RSSI":-83},{"SSID":"MeetInLeeds","BSSID":"5c:a6:2d:af:8e:0d","RSSI":-83},{"SSID":"MeetInLeeds","BSSID":"5c:a6:2d:45:de:82","RSSI":-83},{"SSID":"MeetInLeeds","BSSID":"ac:3a:67:08:01:8d","RSSI":-84},{"SSID":"eduroam","BSSID":"ac:3a:67:08:01:8e","RSSI":-84},{"SSID":"OnePlus 8 Pro","BSSID":"76:1f:45:3a:66:fd","RSSI":-85},{"SSID":"eduroam","BSSID":"5c:a6:2d:86:6d:0e","RSSI":-85},{"SSID":"eduroam","BSSID":"5c:a6:2d:86:6b:2e","RSSI":-86},{"SSID":"MeetInLeeds","BSSID":"5c:a6:2d:86:6d:0d","RSSI":-86}],[{"SSID":"MeetInLeeds","BSSID":"5c:a6:2d:85:81:c2","RSSI":-46},{"SSID":"eduroam","BSSID":"5c:a6:2d:86:6d:a1","RSSI":-47},{"SSID":"MeetInLeeds","BSSID":"5c:a6:2d:86:6d:a2","RSSI":-47},{"SSID":"MeetInLeeds","BSSID":"5c:a6:2d:5d:2d:02","RSSI":-52},{"SSID":"eduroam","BSSID":"5c:a6:2d:5d:2d:01","RSSI":-52},{"SSID":"eduroam","BSSID":"5c:a6:2d:86:6b:4e","RSSI":-55},{"SSID":"MeetInLeeds","BSSID":"5c:a6:2d:86:6b:4d","RSSI":-56},{"SSID":"MeetInLeeds","BSSID":"5c:a6:2d:cf:c5:e2","RSSI":-57},{"SSID":"MeetInLeeds","BSSID":"ac:3a:67:07:fc:42","RSSI":-57},{"SSID":"eduroam","BSSID":"ac:3a:67:07:fc:41","RSSI":-57},{"SSID":"eduroam","BSSID":"5c:a6:2d:85:81:ce","RSSI":-58},{"SSID":"eduroam","BSSID":"5c:a6:2d:86:6d:ae","RSSI":-58},{"SSID":"MeetInLeeds","BSSID":"5c:a6:2d:86:6d:ad","RSSI":-58},{"SSID":"MeetInLeeds","BSSID":"5c:a6:2d:cf:e3:42","RSSI":-59},{"SSID":"eduroam","BSSID":"5c:a6:2d:cf:e3:41","RSSI":-59},{"SSID":"MeetInLeeds","BSSID":"5c:a6:2d:85:81:cd","RSSI":-60},{"SSID":"eduroam","BSSID":"5c:a6:2d:5d:2d:0e","RSSI":-64},{"SSID":"MeetInLeeds","BSSID":"5c:a6:2d:5d:2d:0d","RSSI":-64},{"SSID":"MeetInLeeds","BSSID":"ac:3a:67:07:fc:4d","RSSI":-66},{"SSID":"eduroam","BSSID":"ac:3a:67:07:fc:4e","RSSI":-66},{"SSID":"MeetInLeeds","BSSID":"5c:a6:2d:86:6c:22","RSSI":-68},{"SSID":"MeetInLeeds","BSSID":"5c:a6:2d:86:6d:02","RSSI":-69},{"SSID":"eduroam","BSSID":"5c:a6:2d:cf:c5:ee","RSSI":-70},{"SSID":"MeetInLeeds","BSSID":"5c:a6:2d:cf:c5:ed","RSSI":-70},{"SSID":"eduroam","BSSID":"5c:a6:2d:cf:e3:4e","RSSI":-71},{"SSID":"MeetInLeeds","BSSID":"ac:3a:67:07:fb:02","RSSI":-71},{"SSID":"MeetInLeeds","BSSID":"5c:a6:2d:cf:e3:4d","RSSI":-72},{"SSID":"eduroam","BSSID":"5c:a6:2d:eb:9d:81","RSSI":-72},{"SSID":"eduroam","BSSID":"ac:3a:67:07:fb:0e","RSSI":-73},{"SSID":"MeetInLeeds","BSSID":"ac:3a:67:07:fb:0d","RSSI":-73},{"SSID":"eduroam","BSSID":"5c:a6:2d:86:6c:2e","RSSI":-73},{"SSID":"eduroam","BSSID":"5c:a6:2d:af:8e:01","RSSI":-74},{"SSID":"MeetInLeeds","BSSID":"5c:a6:2d:af:8e:02","RSSI":-74},{"SSID":"MeetInLeeds","BSSID":"5c:a6:2d:86:6c:2d","RSSI":-74},{"SSID":"MeetInLeeds","BSSID":"5c:a6:2d:86:6b:22","RSSI":-75},{"SSID":"MeetInLeeds","BSSID":"ac:3a:67:08:01:82","RSSI":-75},{"SSID":"eduroam","BSSID":"ac:3a:67:08:04:2e","RSSI":-76},{"SSID":"eduroam","BSSID":"5c:a6:2d:ef:45:2e","RSSI":-77},{"SSID":"MeetInLeeds","BSSID":"ac:3a:67:08:04:2d","RSSI":-77},{"SSID":"MeetInLeeds","BSSID":"5c:a6:2d:cf:c3:2d","RSSI":-78},{"SSID":"MeetInLeeds","BSSID":"5c:a6:2d:ef:45:2d","RSSI":-78},{"SSID":"eduroam","BSSID":"5c:a6:2d:cf:c3:2e","RSSI":-79},{"SSID":"eduroam","BSSID":"5c:a6:2d:88:6b:6e","RSSI":-80},{"SSID":"MeetInLeeds","BSSID":"5c:a6:2d:88:6b:6d","RSSI":-81},{"SSID":"OnePlus 8 Pro","BSSID":"76:1f:45:3a:66:fd","RSSI":-82},{"SSID":"eduroam","BSSID":"5c:a6:2d:af:8e:0e","RSSI":-83},{"SSID":"MeetInLeeds","BSSID":"5c:a6:2d:5d:ab:6d","RSSI":-83},{"SSID":"MeetInLeeds","BSSID":"ac:3a:67:08:01:8d","RSSI":-84},{"SSID":"MeetInLeeds","BSSID":"5c:a6:2d:af:8e:0d","RSSI":-84},{"SSID":"eduroam","BSSID":"5c:a6:2d:5d:ab:6e","RSSI":-84},{"SSID":"eduroam","BSSID":"ac:3a:67:08:01:8e","RSSI":-85}],[{"SSID":"MeetInLeeds","BSSID":"5c:a6:2d:85:81:c2","RSSI":-47},{"SSID":"eduroam","BSSID":"5c:a6:2d:86:6b:41","RSSI":-49},{"SSID":"MeetInLeeds","BSSID":"5c:a6:2d:86:6b:42","RSSI":-50},{"SSID":"eduroam","BSSID":"5c:a6:2d:86:6d:a1","RSSI":-50},{"SSID":"MeetInLeeds","BSSID":"5c:a6:2d:86:6d:a2","RSSI":-50},{"SSID":"eduroam","BSSID":"5c:a6:2d:86:6d:ae","RSSI":-52},{"SSID":"MeetInLeeds","BSSID":"5c:a6:2d:86:6d:ad","RSSI":-52},{"SSID":"MeetInLeeds","BSSID":"5c:a6:2d:cf:c5:e2","RSSI":-53},{"SSID":"MeetInLeeds","BSSID":"5c:a6:2d:5d:2d:02","RSSI":-54},{"SSID":"eduroam","BSSID":"5c:a6:2d:5d:2d:01","RSSI":-54},{"SSID":"eduroam","BSSID":"5c:a6:2d:86:6b:4e","RSSI":-54},{"SSID":"MeetInLeeds","BSSID":"5c:a6:2d:86:6b:4d","RSSI":-56},{"SSID":"eduroam","BSSID":"5c:a6:2d:85:81:ce","RSSI":-58},{"SSID":"MeetInLeeds","BSSID":"5c:a6:2d:85:81:cd","RSSI":-58},{"SSID":"eduroam","BSSID":"ac:3a:67:07:fc:41","RSSI":-59},{"SSID":"MeetInLeeds","BSSID":"5c:a6:2d:cf:e3:42","RSSI":-59},{"SSID":"eduroam","BSSID":"5c:a6:2d:cf:e3:41","RSSI":-59},{"SSID":"MeetInLeeds","BSSID":"ac:3a:67:07:fc:42","RSSI":-60},{"SSID":"MeetInLeeds","BSSID":"ac:3a:67:08:04:22","RSSI":-61},{"SSID":"eduroam","BSSID":"ac:3a:67:08:04:21","RSSI":-61},{"SSID":"eduroam","BSSID":"5c:a6:2d:5d:2d:0e","RSSI":-63},{"SSID":"MeetInLeeds","BSSID":"5c:a6:2d:5d:2d:0d","RSSI":-63},{"SSID":"MeetInLeeds","BSSID":"ac:3a:67:07:fc:4d","RSSI":-64},{"SSID":"eduroam","BSSID":"ac:3a:67:07:fc:4e","RSSI":-64},{"SSID":"MeetInLeeds","BSSID":"5c:a6:2d:86:6c:22","RSSI":-67},{"SSID":"MeetInLeeds","BSSID":"ac:3a:67:07:fb:0d","RSSI":-68},{"SSID":"MeetInLeeds","BSSID":"5c:a6:2d:86:6d:02","RSSI":-68},{"SSID":"MeetInLeeds","BSSID":"5c:a6:2d:88:6b:62","RSSI":-68},{"SSID":"MeetInLeeds","BSSID":"5c:a6:2d:cf:e3:4d","RSSI":-70},{"SSID":"eduroam","BSSID":"5c:a6:2d:cf:e3:4e","RSSI":-70},{"SSID":"MeetInLeeds","BSSID":"5c:a6:2d:cf:c5:ed","RSSI":-71},{"SSID":"eduroam","BSSID":"5c:a6:2d:eb:9d:81","RSSI":-71},{"SSID":"eduroam","BSSID":"5c:a6:2d:cf:c5:ee","RSSI":-72},{"SSID":"MeetInLeeds","BSSID":"5c:a6:2d:eb:9d:82","RSSI":-72},{"SSID":"MeetInLeeds","BSSID":"5c:a6:2d:ef:45:22","RSSI":-73},{"SSID":"MeetInLeeds","BSSID":"5c:a6:2d:86:6c:2d","RSSI":-73},{"SSID":"eduroam","BSSID":"5c:a6:2d:86:6c:2e","RSSI":-73},{"SSID":"eduroam","BSSID":"ac:3a:67:07:fb:01","RSSI":-73},{"SSID":"MeetInLeeds","BSSID":"5c:a6:2d:86:6b:22","RSSI":-74},{"SSID":"eduroam","BSSID":"5c:a6:2d:af:8e:01","RSSI":-74},{"SSID":"MeetInLeeds","BSSID":"5c:a6:2d:af:8e:02","RSSI":-74},{"SSID":"eduroam","BSSID":"5c:a6:2d:cf:c3:21","RSSI":-75},{"SSID":"MeetInLeeds","BSSID":"5c:a6:2d:5d:ab:62","RSSI":-75},{"SSID":"MeetInLeeds","BSSID":"5c:a6:2d:cf:c3:22","RSSI":-76},{"SSID":"eduroam","BSSID":"5c:a6:2d:5d:ab:61","RSSI":-76},{"SSID":"eduroam","BSSID":"5c:a6:2d:ef:45:2e","RSSI":-76},{"SSID":"eduroam","BSSID":"ac:3a:67:08:04:2e","RSSI":-76},{"SSID":"MeetInLeeds","BSSID":"ac:3a:67:08:01:82","RSSI":-77},{"SSID":"MeetInLeeds","BSSID":"5c:a6:2d:ef:45:2d","RSSI":-77},{"SSID":"MeetInLeeds","BSSID":"ac:3a:67:08:04:2d","RSSI":-77},{"SSID":"MeetInLeeds","BSSID":"5c:a6:2d:eb:9d:8d","RSSI":-79},{"SSID":"eduroam","BSSID":"5c:a6:2d:88:6b:6e","RSSI":-79},{"SSID":"MeetInLeeds","BSSID":"5c:a6:2d:cf:c3:2d","RSSI":-80},{"SSID":"MeetInLeeds","BSSID":"5c:a6:2d:88:6b:6d","RSSI":-80},{"SSID":"OnePlus 8 Pro","BSSID":"76:1f:45:3a:66:fd","RSSI":-80},{"SSID":"MeetInLeeds","BSSID":"5c:a6:2d:45:de:82","RSSI":-81},{"SSID":"MeetInLeeds","BSSID":"5c:a6:2d:85:81:e2","RSSI":-82},{"SSID":"eduroam","BSSID":"5c:a6:2d:cf:c3:2e","RSSI":-82},{"SSID":"MeetInLeeds","BSSID":"5c:a6:2d:af:91:c2","RSSI":-83},{"SSID":"eduroam","BSSID":"5c:a6:2d:af:8e:0e","RSSI":-83},{"SSID":"eduroam","BSSID":"5c:a6:2d:86:6b:2e","RSSI":-83},{"SSID":"eduroam","BSSID":"5c:a6:2d:5d:ab:6e","RSSI":-83},{"SSID":"MeetInLeeds","BSSID":"5c:a6:2d:5d:ab:6d","RSSI":-83},{"SSID":"MeetInLeeds","BSSID":"5c:a6:2d:af:91:e2","RSSI":-83},{"SSID":"MeetInLeeds","BSSID":"5c:a6:2d:af:8e:0d","RSSI":-84},{"SSID":"MeetInLeeds","BSSID":"5c:a6:2d:86:6b:2d","RSSI":-86}]]