[[{"SSID":"MeetInLeeds","BSSID":"ac:3a:67:08:0f:42","RSSI":-62},{"SSID":"MeetInLeeds","BSSID":"5c:a6:2d:86:6c:6d","RSSI":-62},{"SSID":"eduroam","BSSID":"5c:a6:2d:86:6c:6e","RSSI":-62},{"SSID":"eduroam","BSSID":"5c:a6:2d:cf:e0:2e","RSSI":-62},{"SSID":"eduroam","BSSID":"ac:3a:67:08:0f:41","RSSI":-63},{"SSID":"MeetInLeeds","BSSID":"5c:a6:2d:cf:e0:22","RSSI":-63},{"SSID":"eduroam","BSSID":"5c:a6:2d:cf:e0:21","RSSI":-63},{"SSID":"MeetInLeeds","BSSID":"5c:a6:2d:cf:e0:2d","RSSI":-63},{"SSID":"eduroam","BSSID":"5c:a6:2d:45:db:6e","RSSI":-65},{"SSID":"MeetInLeeds","BSSID":"5c:a6:2d:45:db:6d","RSSI":-65},{"SSID":"MeetInLeeds","BSSID":"5c:a6:2d:a0:08:82","RSSI":-66},{"SSID":"MeetInLeeds","BSSID":"5c:a6:2d:86:6b:a2","RSSI":-66},{"SSID":"MeetInLeeds","BSSID":"5c:a6:2d:45:db:62","RSSI":-68},{"SSID":"MeetInLeeds","BSSID":"5c:a6:2d:86:6c:62","RSSI":-68},{"SSID":"eduroam","BSSID":"5c:a6:2d:86:6c:61","RSSI":-68},{"SSID":"eduroam","BSSID":"5c:a6:2d:45:db:61","RSSI":-69},{"SSID":"MeetInLeeds","BSSID":"ac:3a:67:08:0f:4d","RSSI":-72},{"SSID":"eduroam","BSSID":"5c:a6:2d:a0:08:8e","RSSI":-73},{"SSID":"MeetInLeeds","BSSID":"5c:a6:2d:cf:e7:4d","RSSI":-73},{"SSID":"MeetInLeeds","BSSID":"5c:a6:2d:b6:22:42","RSSI":-73},{"SSID":"eduroam","BSSID":"5c:a6:2d:cf:e7:4e","RSSI":-74},{"SSID":"MeetInLeeds","BSSID":"5c:a6:2d:86:6b:ad","RSSI":-76},{"SSID":"eduroam","BSSID":"5c:a6:2d:86:6b:ae","RSSI":-76},{"SSID":"MeetInLeeds","BSSID":"5c:a6:2d:cf:e7:42","RSSI":-76},{"SSID":"eduroam","BSSID":"5c:a6:2d:86:69:61","RSSI":-76},{"SSID":"MeetInLeeds","BSSID":"5c:a6:2d:86:69:62","RSSI":-76},{"SSID":"eduroam","BSSID":"5c:a6:2d:cf:e7:41","RSSI":-77},{"SSID":"eduroam","BSSID":"5c:a6:2d:b6:22:4e","RSSI":-80},{"SSID":"MeetInLeeds","BSSID":"5c:a6:2d:b6:22:4d","RSSI":-80},{"SSID":"MeetInLeeds","BSSID":"5c:a6:2d:cf:e8:02","RSSI":-81},{"SSID":"eduroam","BSSID":"5c:a6:2d:86:69:6e","RSSI":-81},{"SSID":"MeetInLeeds","BSSID":"5c:a6:2d:ce:b2:02","RSSI":-81},{"SSID":"eduroam","BSSID":"5c:a6:2d:a0:4b:e1","RSSI":-82},{"SSID":"MeetInLeeds","BSSID":"5c:a6:2d:a0:4b:e2","RSSI":-82},{"SSID":"MeetInLeeds","BSSID":"5c:a6:2d:86:69:6d","RSSI":-82},{"SSID":"MeetInLeeds","BSSID":"5c:a6:2d:a0:08:8d","RSSI":-83},{"SSID":"eduroam","BSSID":"5c:a6:2d:ce:b2:0e","RSSI":-84}],[{"SSID":"MeetInLeeds","BSSID":"5c:a6:2d:86:6b:a2","RSSI":-60},{"SSID":"eduroam","BSSID":"ac:3a:67:08:0f:41","RSSI":-61},{"SSID":"MeetInLeeds","BSSID":"ac:3a:67:08:0f:42","RSSI":-61},{"SSID":"eduroam","BSSID":"5c:a6:2d:86:6b:a1","RSSI":-62},{"SSID":"eduroam","BSSID":"5c:a6:2d:a0:08:81","RSSI":-63},{"SSID":"MeetInLeeds","BSSID":"5c:a6:2d:a0:08:82","RSSI":-63},{"SSID":"MeetInLeeds","BSSID":"5c:a6:2d:a0:08:8d","RSSI":-64},{"SSID":"eduroam","BSSID":"5c:a6:2d:cf:e0:21","RSSI":-64},{"SSID":"eduroam","BSSID":"5c:a6:2d:a0:08:8e","RSSI":-65},{"SSID":"MeetInLeeds","BSSID":"5c:a6:2d:cf:e0:22","RSSI":-65},{"SSID":"MeetInLeeds","BSSID":"5c:a6:2d:cf:e0:2d","RSSI":-66},{"SSID":"eduroam","BSSID":"5c:a6:2d:cf:e0:2e","RSSI":-66},{"SSID":"MeetInLeeds","BSSID":"5c:a6:2d:86:6c:6d","RSSI":-67},{"SSID":"eduroam","BSSID":"5c:a6:2d:86:6c:6e","RSSI":-68},{"SSID":"eduroam","BSSID":"5c:a6:2d:45:db:61","RSSI":-70},{"SSID":"MeetInLeeds","BSSID":"5c:a6:2d:45:db:62","RSSI":-70},{"SSID":"MeetInLeeds","BSSID":"5c:a6:2d:45:db:6d","RSSI":-71},{"SSID":"eduroam","BSSID":"ac:3a:67:08:0f:4e","RSSI":-71},{"SSID":"MeetInLeeds","BSSID":"ac:3a:67:08:0f:4d","RSSI":-71},{"SSID":"MeetInLeeds","BSSID":"5c:a6:2d:86:6c:62","RSSI":-72},{"SSID":"eduroam","BSSID":"5c:a6:2d:86:6c:61","RSSI":-72},{"SSID":"eduroam","BSSID":"5c:a6:2d:cf:e7:41","RSSI":-74},{"SSID":"MeetInLeeds","BSSID":"5c:a6:2d:cf:e7:42","RSSI":-74},{"SSID":"eduroam","BSSID":"5c:a6:2d:45:db:6e","RSSI":-75},{"SSID":"MeetInLeeds","BSSID":"5c:a6:2d:cf:e0:62","RSSI":-77},{"SSID":"eduroam","BSSID":"5c:a6:2d:cf:e0:61","RSSI":-77},{"SSID":"Mi 11 Pro_ajl3Nl5_MI","BSSID":"1a:4d:5b:f6:be:95","RSSI":-77},{"SSID":"eduroam","BSSID":"5c:a6:2d:b6:22:4e","RSSI":-77},{"SSID":"MeetInLeeds","BSSID":"5c:a6:2d:b6:22:4d","RSSI":-77},{"SSID":"eduroam","BSSID":"5c:a6:2d:b6:22:41","RSSI":-77},{"SSID":"MeetInLeeds","BSSID":"5c:a6:2d:b6:22:42","RSSI":-78},{"SSID":"eduroam","BSSID":"5c:a6:2d:cf:e7:4e","RSSI":-79},{"SSID":"eduroam","BSSID":"ac:3a:67:08:05:6e","RSSI":-79},{"SSID":"MeetInLeeds","BSSID":"5c:a6:2d:86:69:62","RSSI":-80},{"SSID":"eduroam","BSSID":"5c:a6:2d:86:69:61","RSSI":-81},{"SSID":"MeetInLeeds","BSSID":"5c:a6:2d:cf:e7:4d","RSSI":-81},{"SSID":"MeetInLeeds","BSSID":"ac:3a:67:08:05:6d","RSSI":-81},{"SSID":"MeetInLeeds","BSSID":"ac:3a:67:08:28:42","RSSI":-82},{"SSID":"MeetInLeeds","BSSID":"5c:a6:2d:ce:b8:22","RSSI":-83},{"SSID":"MeetInLeeds","BSSID":"5c:a6:2d:cf:e8:0d","RSSI":-83},{"SSID":"MeetInLeeds","BSSID":"5c:a6:2d:86:69:6d","RSSI":-84},{"SSID":"MeetInLeeds","BSSID":"5c:a6:2d:ce:b2:0d","RSSI":-84},{"SSID":"MeetInLeeds","BSSID":"ac:3a:67:08:25:82","RSSI":-84},{"SSID":"MeetInLeeds","BSSID":"5c:a6:2d:af:92:ed","RSSI":-85},{"SSID":"TP-Link_0F14","BSSID":"c0:c9:e3:b8:0f:14","RSSI":-90}],[{"SSID":"eduroam","BSSID":"5c:a6:2d:cf:e0:21","RSSI":-60},{"SSID":"MeetInLeeds","BSSID":"5c:a6:2d:cf:e0:22","RSSI":-62},{"SSID":"eduroam","BSSID":"5c:a6:2d:cf:e0:2e","RSSI":-62},{"SSID":"MeetInLeeds","BSSID":"5c:a6:2d:cf:e0:2d","RSSI":-63},{"SSID":"eduroam","BSSID":"5c:a6:2d:a0:08:81","RSSI":-63},{"SSID":"eduroam","BSSID":"ac:3a:67:08:0f:41","RSSI":-64},{"SSID":"MeetInLeeds","BSSID":"ac:3a:67:08:0f:42","RSSI":-64},{"SSID":"MeetInLeeds","BSSID":"5c:a6:2d:a0:08:82","RSSI":-64},{"SSID":"eduroam","BSSID":"5c:a6:2d:45:db:61","RSSI":-66},{"SSID":"MeetInLeeds","BSSID":"5c:a6:2d:45:db:62","RSSI":-66},{"SSID":"eduroam","BSSID":"5c:a6:2d:86:6c:61","RSSI":-67},{"SSID":"MeetInLeeds","BSSID":"5c:a6:2d:86:6c:62","RSSI":-68},{"SSID":"eduroam","BSSID":"5c:a6:2d:86:6b:ae","RSSI":-71},{"SSID":"MeetInLeeds","BSSID":"5c:a6:2d:86:6b:ad","RSSI":-72},{"SSID":"eduroam","BSSID":"5c:a6:2d:86:6b:a1","RSSI":-72},{"SSID":"MeetInLeeds","BSSID":"5c:a6:2d:86:6b:a2","RSSI":-72},{"SSID":"eduroam","BSSID":"5c:a6:2d:86:6c:6e","RSSI":-73},{"SSID":"eduroam","BSSID":"ac:3a:67:08:0f:4e","RSSI":-74},{"SSID":"MeetInLeeds","BSSID":"ac:3a:67:08:0f:4d","RSSI":-74},{"SSID":"MeetInLeeds","BSSID":"ac:3a:67:08:05:62","RSSI":-75},{"SSID":"eduroam","BSSID":"5c:a6:2d:a0:08:8e","RSSI":-75},{"SSID":"MeetInLeeds","BSSID":"5c:a6:2d:a0:08:8d","RSSI":-75},{"SSID":"eduroam","BSSID":"5c:a6:2d:cf:e7:41","RSSI":-76},{"SSID":"MeetInLeeds","BSSID":"5c:a6:2d:cf:e7:4d","RSSI":-76},{"SSID":"eduroam","BSSID":"5c:a6:2d:cf:e7:4e","RSSI":-76},{"SSID":"MeetInLeeds","BSSID":"5c:a6:2d:b6:22:42","RSSI":-76},{"SSID":"eduroam","BSSID":"5c:a6:2d:cf:e8:0e","RSSI":-79},{"SSID":"MeetInLeeds","BSSID":"5c:a6:2d:86:69:62","RSSI":-79},{"SSID":"MeetInLeeds","BSSID":"ac:3a:67:08:05:6d","RSSI":-79},{"SSID":"eduroam","BSSID":"5c:a6:2d:cf:e0:61","RSSI":-80},{"SSID":"MeetInLeeds","BSSID":"5c:a6:2d:cf:e8:0d","RSSI":-80},{"SSID":"MeetInLeeds","BSSID":"5c:a6:2d:ce:b2:02","RSSI":-80},{"SSID":"eduroam","BSSID":"5c:a6:2d:ce:b2:01","RSSI":-80},{"SSID":"MeetInLeeds","BSSID":"5c:a6:2d:cf:e0:62","RSSI":-81},{"SSID":"eduroam","BSSID":"5c:a6:2d:86:69:6e","RSSI":-81},{"SSID":"eduroam","BSSID":"ac:3a:67:08:05:6e","RSSI":-81},{"SSID":"MeetInLeeds","BSSID":"5c:a6:2d:a0:4b:e2","RSSI":-82},{"SSID":"MeetInLeeds","BSSID":"5c:a6:2d:86:69:6d","RSSI":-82},{"SSID":"eduroam","BSSID":"ac:3a:67:08:28:41","RSSI":-83},{"SSID":"eduroam","BSSID":"5c:a6:2d:cf:b3:61","RSSI":-83},{"SSID":"eduroam","BSSID":"5c:a6:2d:cf:e6:a1","RSSI":-83},{"SSID":"MeetInLeeds","BSSID":"5c:a6:2d:cf:e6:a2","RSSI":-83},{"SSID":"MeetInLeeds","BSSID":"5c:a6:2d:ce:b8:2d","RSSI":-84},{"SSID":"MeetInLeeds","BSSID":"ac:3a:67:08:28:42","RSSI":-84},{"SSID":"eduroam","BSSID":"5c:a6:2d:ce:b2:0e","RSSI":-84},{"SSID":"eduroam","BSSID":"5c:a6:2d:b6:22:4e","RSSI":-84},{"SSID":"MeetInLeeds","BSSID":"5c:a6:2d:ce:b2:0d","RSSI":-85},{"SSID":"MeetInLeeds","BSSID":"5c:a6:2d:b6:22:4d","RSSI":-85},{"SSID":"eduroam","BSSID":"ac:3a:67:08:26:2e","RSSI":-86},{"SSID":"eduroam","BSSID":"5c:a6:2d:cf:e6:ae","RSSI":-86},{"SSID":"MeetInLeeds","BSSID":"5c:a6:2d:cf:e6:ad","RSSI":-88}],[{"SSID":"MeetInLeeds","BSSID":"ac:3a:67:08:0f:42","RSSI":-60},{"SSID":"MeetInLeeds","BSSID":"5c:a6:2d:cf:e0:22","RSSI":-60},{"SSID":"MeetInLeeds","BSSID":"5c:a6:2d:cf:e0:2d","RSSI":-62},{"SSID":"eduroam","BSSID":"5c:a6:2d:cf:e0:2e","RSSI":-63},{"SSID":"MeetInLeeds","BSSID":"5c:a6:2d:45:db:62","RSSI":-65},{"SSID":"eduroam","BSSID":"5c:a6:2d:a0:08:81","RSSI":-65},{"SSID":"MeetInLeeds","BSSID":"5c:a6:2d:a0:08:82","RSSI":-65},{"SSID":"MeetInLeeds","BSSID":"5c:a6:2d:86:6c:6d","RSSI":-66},{"SSID":"eduroam","BSSID":"5c:a6:2d:86:6c:6e","RSSI":-66},{"SSID":"eduroam","BSSID":"5c:a6:2d:86:6b:ae","RSSI":-69},{"SSID":"eduroam","BSSID":"ac:3a:67:08:0f:4e","RSSI":-69},{"SSID":"eduroam","BSSID":"5c:a6:2d:86:6b:a1","RSSI":-69},{"SSID":"MeetInLeeds","BSSID":"5c:a6:2d:86:6b:a2","RSSI":-69},{"SSID":"MeetInLeeds","BSSID":"ac:3a:67:08:0f:4d","RSSI":-69},{"SSID":"MeetInLeeds","BSSID":"5c:a6:2d:86:6b:ad","RSSI":-70},{"SSID":"eduroam","BSSID":"5c:a6:2d:45:db:6e","RSSI":-71},{"SSID":"MeetInLeeds","BSSID":"5c:a6:2d:45:db:6d","RSSI":-71},{"SSID":"MeetInLeeds","BSSID":"5c:a6:2d:a0:08:8d","RSSI":-72},{"SSID":"eduroam","BSSID":"5c:a6:2d:b6:22:41","RSSI":-74},{"SSID":"eduroam","BSSID":"5c:a6:2d:a0:08:8e","RSSI":-75},{"SSID":"MeetInLeeds","BSSID":"5c:a6:2d:b6:22:42","RSSI":-75},{"SSID":"MeetInLeeds","BSSID":"5c:a6:2d:b6:22:4d","RSSI":-76},{"SSID":"MeetInLeeds","BSSID":"5c:a6:2d:86:6c:62","RSSI":-77},{"SSID":"eduroam","BSSID":"5c:a6:2d:cf:e7:41","RSSI":-77},{"SSID":"MeetInLeeds","BSSID":"5c:a6:2d:cf:e7:4d","RSSI":-77},{"SSID":"MeetInLeeds","BSSID":"5c:a6:2d:cf:e7:42","RSSI":-78},{"SSID":"MeetInLeeds","BSSID":"ac:3a:67:08:05:62","RSSI":-80},{"SSID":"eduroam","BSSID":"5c:a6:2d:cf:e8:0e","RSSI":-80},{"SSID":"MeetInLeeds","BSSID":"5c:a6:2d:cf:e0:62","RSSI":-81},{"SSID":"MeetInLeeds","BSSID":"5c:a6:2d:86:69:6d","RSSI":-81},{"SSID":"eduroam","BSSID":"5c:a6:2d:86:69:61","RSSI":-81},{"SSID":"MeetInLeeds","BSSID":"5c:a6:2d:86:69:62","RSSI":-81},{"SSID":"eduroam","BSSID":"ac:3a:67:08:05:6e","RSSI":-81},{"SSID":"eduroam","BSSID":"5c:a6:2d:86:69:6e","RSSI":-82},{"SSID":"MeetInLeeds","BSSID":"ac:3a:67:08:05:6d","RSSI":-82},{"SSID":"MeetInLeeds","BSSID":"5c:a6:2d:cf:e0:6d","RSSI":-83},{"SSID":"eduroam","BSSID":"5c:a6:2d:cf:e0:6e","RSSI":-83},{"SSID":"MeetInLeeds","BSSID":"5c:a6:2d:ce:b8:2d","RSSI":-84},{"SSID":"MeetInLeeds","BSSID":"5c:a6:2d:ce:b2:0d","RSSI":-84},{"SSID":"eduroam","BSSID":"5c:a6:2d:ce:b2:0e","RSSI":-84},{"SSID":"eduroam","BSSID":"5c:a6:2d:ce:b8:2e","RSSI":-85},{"SSID":"MeetInLeeds","BSSID":"ac:3a:67:08:26:2d","RSSI":-86},{"SSID":"TP-Link_0F14","BSSID":"c0:c9:e3:b8:0f:14","RSSI":-88}],[{"SSID":"eduroam","BSSID":"ac:3a:67:08:0f:41","RSSI":-60},{"SSID":"MeetInLeeds","BSSID":"ac:3a:67:08:0f:42","RSSI":-60},{"SSID":"eduroam","BSSID":"5c:a6:2d:cf:e0:21","RSSI":-61},{"SSID":"MeetInLeeds","BSSID":"5c:a6:2d:cf:e0:22","RSSI":-62},{"SSID":"MeetInLeeds","BSSID":"5c:a6:2d:cf:e0:2d","RSSI":-63},{"SSID":"eduroam","BSSID":"5c:a6:2d:cf:e0:2e","RSSI":-63},{"SSID":"MeetInLeeds","BSSID":"5c:a6:2d:a0:08:82","RSSI":-65},{"SSID":"MeetInLeeds","BSSID":"5c:a6:2d:86:6c:62","RSSI":-67},{"SSID":"MeetInLeeds","BSSID":"5c:a6:2d:45:db:62","RSSI":-68},{"SSID":"MeetInLeeds","BSSID":"5c:a6:2d:86:6b:ad","RSSI":-69},{"SSID":"eduroam","BSSID":"5c:a6:2d:86:6b:ae","RSSI":-69},{"SSID":"eduroam","BSSID":"ac:3a:67:08:0f:4e","RSSI":-69},{"SSID":"eduroam","BSSID":"5c:a6:2d:45:db:6e","RSSI":-70},{"SSID":"MeetInLeeds","BSSID":"5c:a6:2d:45:db:6d","RSSI":-70},{"SSID":"MeetInLeeds","BSSID":"ac:3a:67:08:0f:4d","RSSI":-70},{"SSID":"eduroam","BSSID":"5c:a6:2d:86:6b:a1","RSSI":-71},{"SSID":"MeetInLeeds","BSSID":"5c:a6:2d:86:6b:a2","RSSI":-71},{"SSID":"MeetInLeeds","BSSID":"5c:a6:2d:b6:22:42","RSSI":-74},{"SSID":"eduroam","BSSID":"5c:a6:2d:cf:e7:41","RSSI":-77},{"SSID":"MeetInLeeds","BSSID":"5c:a6:2d:cf:e7:42","RSSI":-77},{"SSID":"eduroam","BSSID":"5c:a6:2d:cf:e7:4e","RSSI":-78},{"SSID":"MeetInLeeds","BSSID":"5c:a6:2d:cf:e7:4d","RSSI":-79},{"SSID":"MeetInLeeds","BSSID":"ac:3a:67:08:05:62","RSSI":-80},{"SSID":"eduroam","BSSID":"ac:3a:67:08:05:61","RSSI":-81},{"SSID":"eduroam","BSSID":"5c:a6:2d:b6:22:4e","RSSI":-81},{"SSID":"MeetInLeeds","BSSID":"5c:a6:2d:b6:22:4d","RSSI":-81},{"SSID":"MeetInLeeds","BSSID":"5c:a6:2d:cf:e0:62","RSSI":-82},{"SSID":"MeetInLeeds","BSSID":"5c:a6:2d:cf:b3:62","RSSI":-82},{"SSID":"MeetInLeeds","BSSID":"5c:a6:2d:cf:e0:6d","RSSI":-83},{"SSID":"MeetInLeeds","BSSID":"5c:a6:2d:ce:b2:0d","RSSI":-83},{"SSID":"eduroam","BSSID":"5c:a6:2d:ce:b2:0e","RSSI":-83},{"SSID":"MeetInLeeds","BSSID":"5c:a6:2d:ce:b2:02","RSSI":-84},{"SSID":"MeetInLeeds","BSSID":"ac:3a:67:08:26:2d","RSSI":-87}],[{"SSID":"eduroam","BSSID":"ac:3a:67:08:0f:41","RSSI":-60},{"SSID":"MeetInLeeds","BSSID":"ac:3a:67:08:0f:42","RSSI":-61},{"SSID":"MeetInLeeds","BSSID":"5c:a6:2d:cf:e0:22","RSSI":-62},{"SSID":"eduroam","BSSID":"5c:a6:2d:cf:e0:21","RSSI":-62},{"SSID":"eduroam","BSSID":"5c:a6:2d:cf:e0:2e","RSSI":-64},{"SSID":"MeetInLeeds","BSSID":"5c:a6:2d:a0:08:82","RSSI":-65},{"SSID":"MeetInLeeds","BSSID":"5c:a6:2d:cf:e0:2d","RSSI":-66},{"SSID":"MeetInLeeds","BSSID":"5c:a6:2d:45:db:62","RSSI":-67},{"SSID":"MeetInLeeds","BSSID":"5c:a6:2d:86:6c:62","RSSI":-67},{"SSID":"eduroam","BSSID":"5c:a6:2d:86:6c:61","RSSI":-67},{"SSID":"MeetInLeeds","BSSID":"5c:a6:2d:86:6b:ad","RSSI":-69},{"SSID":"eduroam","BSSID":"5c:a6:2d:86:6b:ae","RSSI":-69},{"SSID":"eduroam","BSSID":"5c:a6:2d:45:db:6e","RSSI":-70},{"SSID":"MeetInLeeds","BSSID":"5c:a6:2d:45:db:6d","RSSI":-71},{"SSID":"MeetInLeeds","BSSID":"5c:a6:2d:86:6b:a2","RSSI":-71},{"SSID":"MeetInLeeds","BSSID":"5c:a6:2d:cf:e7:4d","RSSI":-76},{"SSID":"eduroam","BSSID":"ac:3a:67:08:0f:4e","RSSI":-76},{"SSID":"MeetInLeeds","BSSID":"5c:a6:2d:cf:e7:42","RSSI":-77},{"SSID":"eduroam","BSSID":"5c:a6:2d:cf:e7:41","RSSI":-78},{"SSID":"MeetInLeeds","BSSID":"5c:a6:2d:b6:22:4d","RSSI":-79},{"SSID":"Mi 11 Pro_ajl3Nl5_MI","BSSID":"1a:4d:5b:f6:be:95","RSSI":-80},{"SSID":"eduroam","BSSID":"5c:a6:2d:86:69:61","RSSI":-80},{"SSID":"MeetInLeeds","BSSID":"5c:a6:2d:86:69:62","RSSI":-80},{"SSID":"MeetInLeeds","BSSID":"5c:a6:2d:cf:e8:0d","RSSI":-80},{"SSID":"MeetInLeeds","BSSID":"ac:3a:67:08:05:6d","RSSI":-80},{"SSID":"eduroam","BSSID":"ac:3a:67:08:05:6e","RSSI":-80},{"SSID":"eduroam","BSSID":"ac:3a:67:08:05:61","RSSI":-81},{"SSID":"MeetInLeeds","BSSID":"5c:a6:2d:cf:e0:62","RSSI":-81},{"SSID":"MeetInLeeds","BSSID":"ac:3a:67:08:05:62","RSSI":-81},{"SSID":"MeetInLeeds","BSSID":"5c:a6:2d:a0:4b:e2","RSSI":-83},{"SSID":"MeetInLeeds","BSSID":"5c:a6:2d:af:92:ed","RSSI":-85},{"SSID":"MeetInLeeds","BSSID":"ac:3a:67:08:26:2d","RSSI":-86}],[{"SSID":"MeetInLeeds","BSSID":"ac:3a:67:08:0f:42","RSSI":-60},{"SSID":"MeetInLeeds","BSSID":"5c:a6:2d:cf:e0:22","RSSI":-61},{"SSID":"eduroam","BSSID":"5c:a6:2d:cf:e0:21","RSSI":-61},{"SSID":"MeetInLeeds","BSSID":"5c:a6:2d:cf:e0:2d","RSSI":-64},{"SSID":"eduroam","BSSID":"5c:a6:2d:cf:e0:2e","RSSI":-65},{"SSID":"MeetInLeeds","BSSID":"5c:a6:2d:86:6c:62","RSSI":-66},{"SSID":"eduroam","BSSID":"5c:a6:2d:86:6c:61","RSSI":-66},{"SSID":"MeetInLeeds","BSSID":"5c:a6:2d:a0:08:82","RSSI":-66},{"SSID":"eduroam","BSSID":"5c:a6:2d:45:db:61","RSSI":-67},{"SSID":"MeetInLeeds","BSSID":"5c:a6:2d:45:db:62","RSSI":-67},{"SSID":"MeetInLeeds","BSSID":"5c:a6:2d:86:6c:6d","RSSI":-67},{"SSID":"eduroam","BSSID":"5c:a6:2d:86:6c:6e","RSSI":-67},{"SSID":"MeetInLeeds","BSSID":"5c:a6:2d:86:6b:ad","RSSI":-69},{"SSID":"eduroam","BSSID":"5c:a6:2d:86:6b:ae","RSSI":-69},{"SSID":"eduroam","BSSID":"5c:a6:2d:45:db:6e","RSSI":-70},{"SSID":"MeetInLeeds","BSSID":"5c:a6:2d:45:db:6d","RSSI":-70},{"SSID":"eduroam","BSSID":"5c:a6:2d:a0:08:8e","RSSI":-72},{"SSID":"MeetInLeeds","BSSID":"5c:a6:2d:a0:08:8d","RSSI":-73},{"SSID":"MeetInLeeds","BSSID":"ac:3a:67:08:05:6d","RSSI":-77},{"SSID":"MeetInLeeds","BSSID":"5c:a6:2d:cf:e7:42","RSSI":-78},{"SSID":"MeetInLeeds","BSSID":"5c:a6:2d:cf:e7:4d","RSSI":-78},{"SSID":"MeetInLeeds","BSSID":"ac:3a:67:08:05:62","RSSI":-79},{"SSID":"eduroam","BSSID":"5c:a6:2d:cf:e7:41","RSSI":-79},{"SSID":"eduroam","BSSID":"5c:a6:2d:cf:e7:4e","RSSI":-79},{"SSID":"eduroam","BSSID":"5c:a6:2d:86:69:61","RSSI":-80},{"SSID":"Mi 11 Pro_ajl3Nl5_MI","BSSID":"1a:4d:5b:f6:be:95","RSSI":-81},{"SSID":"eduroam","BSSID":"5c:a6:2d:86:69:6e","RSSI":-81},{"SSID":"MeetInLeeds","BSSID":"5c:a6:2d:cf:b0:a2","RSSI":-81},{"SSID":"eduroam","BSSID":"5c:a6:2d:cf:b0:a1","RSSI":-81},{"SSID":"MeetInLeeds","BSSID":"5c:a6:2d:86:69:62","RSSI":-81},{"SSID":"MeetInLeeds","BSSID":"5c:a6:2d:cf:e8:0d","RSSI":-81},{"SSID":"MeetInLeeds","BSSID":"5c:a6:2d:b6:22:4d","RSSI":-82},{"SSID":"MeetInLeeds","BSSID":"5c:a6:2d:cf:e0:62","RSSI":-83},{"SSID":"MeetInLeeds","BSSID":"5c:a6:2d:cf:e0:6d","RSSI":-83},{"SSID":"MeetInLeeds","BSSID":"5c:a6:2d:cf:b3:62","RSSI":-83},{"SSID":"MeetInLeeds","BSSID":"5c:a6:2d:ce:b2:0d","RSSI":-83},{"SSID":"eduroam","BSSID":"5c:a6:2d:ce:b2:0e","RSSI":-83},{"SSID":"TP-Link_0F14","BSSID":"c0:c9:e3:b8:0f:14","RSSI":-84},{"SSID":"MeetInLeeds","BSSID":"ac:3a:67:08:26:2d","RSSI":-85},{"SSID":"eduroam","BSSID":"5c:a6:2d:cf:e0:6e","RSSI":-87},{"SSID":"MeetInLeeds","BSSID":"5c:a6:2d:86:69:6d","RSSI":-87}],[{"SSID":"MeetInLeeds","BSSID":"ac:3a:67:08:0f:42","RSSI":-60},{"SSID":"eduroam","BSSID":"5c:a6:2d:cf:e0:2e","RSSI":-63},{"SSID":"eduroam","BSSID":"5c:a6:2d:cf:e0:21","RSSI":-64},{"SSID":"MeetInLeeds","BSSID":"5c:a6:2d:cf:e0:2d","RSSI":-64},{"SSID":"MeetInLeeds","BSSID":"5c:a6:2d:cf:e0:22","RSSI":-65},{"SSID":"eduroam","BSSID":"5c:a6:2d:45:db:61","RSSI":-67},{"SSID":"MeetInLeeds","BSSID":"5c:a6:2d:45:db:62","RSSI":-67},{"SSID":"MeetInLeeds","BSSID":"5c:a6:2d:86:6c:62","RSSI":-68},{"SSID":"eduroam","BSSID":"5c:a6:2d:86:6c:61","RSSI":-68},{"SSID":"MeetInLeeds","BSSID":"5c:a6:2d:86:6b:ad","RSSI":-68},{"SSID":"MeetInLeeds","BSSID":"5c:a6:2d:86:6c:6d","RSSI":-68},{"SSID":"eduroam","BSSID":"5c:a6:2d:86:6c:6e","RSSI":-68},{"SSID":"eduroam","BSSID":"5c:a6:2d:86:6b:ae","RSSI":-69},{"SSID":"MeetInLeeds","BSSID":"5c:a6:2d:a0:08:82","RSSI":-69},{"SSID":"eduroam","BSSID":"5c:a6:2d:45:db:6e","RSSI":-70},{"SSID":"MeetInLeeds","BSSID":"5c:a6:2d:45:db:6d","RSSI":-70},{"SSID":"eduroam","BSSID":"5c:a6:2d:a0:08:8e","RSSI":-72},{"SSID":"MeetInLeeds","BSSID":"5c:a6:2d:a0:08:8d","RSSI":-72},{"SSID":"eduroam","BSSID":"ac:3a:67:08:0f:4e","RSSI":-75},{"SSID":"MeetInLeeds","BSSID":"5c:a6:2d:86:6b:a2","RSSI":-75},{"SSID":"MeetInLeeds","BSSID":"ac:3a:67:08:0f:4d","RSSI":-75},{"SSID":"eduroam","BSSID":"5c:a6:2d:b6:22:4e","RSSI":-77},{"SSID":"MeetInLeeds","BSSID":"5c:a6:2d:b6:22:42","RSSI":-77},{"SSID":"eduroam","BSSID":"5c:a6:2d:cf:e7:41","RSSI":-78},{"SSID":"MeetInLeeds","BSSID":"5c:a6:2d:cf:e7:42","RSSI":-78},{"SSID":"MeetInLeeds","BSSID":"5c:a6:2d:b6:22:4d","RSSI":-78},{"SSID":"MeetInLeeds","BSSID":"ac:3a:67:08:05:6d","RSSI":-78},{"SSID":"eduroam","BSSID":"ac:3a:67:08:05:6e","RSSI":-78},{"SSID":"MeetInLeeds","BSSID":"ac:3a:67:08:05:62","RSSI":-79},{"SSID":"MeetInLeeds","BSSID":"5c:a6:2d:86:69:62","RSSI":-79},{"SSID":"eduroam","BSSID":"ac:3a:67:08:05:61","RSSI":-80},{"SSID":"eduroam","BSSID":"5c:a6:2d:86:69:61","RSSI":-80},{"SSID":"eduroam","BSSID":"5c:a6:2d:cf:e7:4e","RSSI":-80},{"SSID":"eduroam","BSSID":"5c:a6:2d:86:69:6e","RSSI":-82},{"SSID":"MeetInLeeds","BSSID":"5c:a6:2d:86:69:6d","RSSI":-82},{"SSID":"MeetInLeeds","BSSID":"5c:a6:2d:cf:e0:62","RSSI":-83},{"SSID":"eduroam","BSSID":"5c:a6:2d:cf:e0:61","RSSI":-83},{"SSID":"MeetInLeeds","BSSID":"5c:a6:2d:cf:b0:a2","RSSI":-83},{"SSID":"MeetInLeeds","BSSID":"5c:a6:2d:ce:b2:0d","RSSI":-83},{"SSID":"eduroam","BSSID":"5c:a6:2d:ce:b2:0e","RSSI":-84},{"SSID":"TP-Link_0F14","BSSID":"c0:c9:e3:b8:0f:14","RSSI":-88}],[{"SSID":"MeetInLeeds","BSSID":"5c:a6:2d:cf:e0:22","RSSI":-63},{"SSID":"eduroam","BSSID":"5c:a6:2d:cf:e0:21","RSSI":-63},{"SSID":"MeetInLeeds","BSSID":"5c:a6:2d:cf:e0:2d","RSSI":-63},{"SSID":"eduroam","BSSID":"5c:a6:2d:cf:e0:2e","RSSI":-63},{"SSID":"MeetInLeeds","BSSID":"5c:a6:2d:86:6c:62","RSSI":-66},{"SSID":"MeetInLeeds","BSSID":"5c:a6:2d:45:db:62","RSSI":-67},{"SSID":"MeetInLeeds","BSSID":"5c:a6:2d:a0:08:82","RSSI":-67},{"SSID":"MeetInLeeds","BSSID":"5c:a6:2d:86:6c:6d","RSSI":-69},{"SSID":"eduroam","BSSID":"5c:a6:2d:86:6c:6e","RSSI":-69},{"SSID":"MeetInLeeds","BSSID":"5c:a6:2d:86:6b:ad","RSSI":-71},{"SSID":"eduroam","BSSID":"5c:a6:2d:86:6b:ae","RSSI":-71},{"SSID":"eduroam","BSSID":"5c:a6:2d:45:db:6e","RSSI":-71},{"SSID":"eduroam","BSSID":"5c:a6:2d:a0:08:8e","RSSI":-71},{"SSID":"MeetInLeeds","BSSID":"5c:a6:2d:a0:08:8d","RSSI":-71},{"SSID":"MeetInLeeds","BSSID":"5c:a6:2d:86:6b:a2","RSSI":-71},{"SSID":"MeetInLeeds","BSSID":"5c:a6:2d:45:db:6d","RSSI":-72},{"SSID":"eduroam","BSSID":"ac:3a:67:08:0f:4e","RSSI":-76},{"SSID":"eduroam","BSSID":"5c:a6:2d:cf:e7:41","RSSI":-77},{"SSID":"MeetInLeeds","BSSID":"5c:a6:2d:cf:e7:42","RSSI":-77},{"SSID":"eduroam","BSSID":"5c:a6:2d:b6:22:4e","RSSI":-77},{"SSID":"MeetInLeeds","BSSID":"5c:a6:2d:b6:22:4d","RSSI":-77},{"SSID":"MeetInLeeds","BSSID":"5c:a6:2d:b6:22:42","RSSI":-77},{"SSID":"eduroam","BSSID":"5c:a6:2d:b6:22:41","RSSI":-77},{"SSID":"MeetInLeeds","BSSID":"ac:3a:67:08:0f:4d","RSSI":-77},{"SSID":"MeetInLeeds","BSSID":"5c:a6:2d:cf:e7:4d","RSSI":-78},{"SSID":"MeetInLeeds","BSSID":"ac:3a:67:08:05:6d","RSSI":-78},{"SSID":"eduroam","BSSID":"ac:3a:67:08:05:6e","RSSI":-78},{"SSID":"eduroam","BSSID":"5c:a6:2d:86:69:6e","RSSI":-81},{"SSID":"MeetInLeeds","BSSID":"5c:a6:2d:86:69:6d","RSSI":-81},{"SSID":"eduroam","BSSID":"5c:a6:2d:cf:e8:0e","RSSI":-81},{"SSID":"MeetInLeeds","BSSID":"ac:3a:67:08:05:62","RSSI":-82},{"SSID":"Mi 11 Pro_ajl3Nl5_MI","BSSID":"1a:4d:5b:f6:be:95","RSSI":-82},{"SSID":"MeetInLeeds","BSSID":"5c:a6:2d:cf:b0:a2","RSSI":-82},{"SSID":"eduroam","BSSID":"5c:a6:2d:cf:b3:61","RSSI":-83},{"SSID":"eduroam","BSSID":"5c:a6:2d:ce:b2:01","RSSI":-83},{"SSID":"eduroam","BSSID":"5c:a6:2d:cf:b0:a1","RSSI":-84},{"SSID":"MeetInLeeds","BSSID":"5c:a6:2d:cf:b3:6d","RSSI":-85},{"SSID":"MeetInLeeds","BSSID":"5c:a6:2d:cf:b3:62","RSSI":-85},{"SSID":"MeetInLeeds","BSSID":"ac:3a:67:08:26:2d","RSSI":-86},{"SSID":"iPhone_RL9","BSSID":"2e:bf:f5:8e:b6:bc","RSSI":-89}],[{"SSID":"MeetInLeeds","BSSID":"ac:3a:67:08:0f:42","RSSI":-60},{"SSID":"MeetInLeeds","BSSID":"5c:a6:2d:cf:e0:22","RSSI":-63},{"SSID":"MeetInLeeds","BSSID":"5c:a6:2d:cf:e0:2d","RSSI":-63},{"SSID":"eduroam","BSSID":"5c:a6:2d:cf:e0:2e","RSSI":-63},{"SSID":"eduroam","BSSID":"5c:a6:2d:cf:e0:21","RSSI":-64},{"SSID":"eduroam","BSSID":"5c:a6:2d:a0:08:81","RSSI":-66},{"SSID":"MeetInLeeds","BSSID":"5c:a6:2d:a0:08:82","RSSI":-66},{"SSID":"MeetInLeeds","BSSID":"5c:a6:2d:86:6c:62","RSSI":-67},{"SSID":"MeetInLeeds","BSSID":"5c:a6:2d:45:db:62","RSSI":-68},{"SSID":"MeetInLeeds","BSSID":"5c:a6:2d:86:6b:ad","RSSI":-68},{"SSID":"eduroam","BSSID":"5c:a6:2d:86:6b:ae","RSSI":-68},{"SSID":"eduroam","BSSID":"5c:a6:2d:45:db:61","RSSI":-69},{"SSID":"eduroam","BSSID":"5c:a6:2d:45:db:6e","RSSI":-70},{"SSID":"MeetInLeeds","BSSID":"5c:a6:2d:45:db:6d","RSSI":-70},{"SSID":"eduroam","BSSID":"5c:a6:2d:86:6b:a1","RSSI":-70},{"SSID":"MeetInLeeds","BSSID":"5c:a6:2d:86:6b:a2","RSSI":-70},{"SSID":"MeetInLeeds","BSSID":"5c:a6:2d:a0:08:8d","RSSI":-71},{"SSID":"eduroam","BSSID":"5c:a6:2d:a0:08:8e","RSSI":-73},{"SSID":"eduroam","BSSID":"ac:3a:67:08:0f:4e","RSSI":-74},{"SSID":"MeetInLeeds","BSSID":"ac:3a:67:08:0f:4d","RSSI":-74},{"SSID":"eduroam","BSSID":"5c:a6:2d:cf:e7:41","RSSI":-76},{"SSID":"MeetInLeeds","BSSID":"5c:a6:2d:cf:e7:42","RSSI":-76},{"SSID":"MeetInLeeds","BSSID":"5c:a6:2d:b6:22:42","RSSI":-77},{"SSID":"eduroam","BSSID":"5c:a6:2d:b6:22:41","RSSI":-77},{"SSID":"MeetInLeeds","BSSID":"5c:a6:2d:b6:22:4d","RSSI":-78},{"SSID":"MeetInLeeds","BSSID":"ac:3a:67:08:05:62","RSSI":-80},{"SSID":"eduroam","BSSID":"5c:a6:2d:86:69:61","RSSI":-80},{"SSID":"MeetInLeeds","BSSID":"5c:a6:2d:86:69:62","RSSI":-80},{"SSID":"eduroam","BSSID":"5c:a6:2d:b6:22:4e","RSSI":-80},{"SSID":"eduroam","BSSID":"ac:3a:67:08:05:61","RSSI":-81},{"SSID":"MeetInLeeds","BSSID":"5c:a6:2d:cf:e7:4d","RSSI":-81},{"SSID":"MeetInLeeds","BSSID":"5c:a6:2d:cf:e0:62","RSSI":-82},{"SSID":"MeetInLeeds","BSSID":"5c:a6:2d:cf:b3:62","RSSI":-82},{"SSID":"MeetInLeeds","BSSID":"5c:a6:2d:cf:b0:a2","RSSI":-82},{"SSID":"eduroam","BSSID":"5c:a6:2d:cf:b3:61","RSSI":-83},{"SSID":"MeetInLeeds","BSSID":"5c:a6:2d:ce:b2:02","RSSI":-84},{"SSID":"Mi 11 Pro_ajl3Nl5_MI","BSSID":"1a:4d:5b:f6:be:95","RSSI":-85},{"SSID":"eduroam","BSSID":"5c:a6:2d:86:69:6e","RSSI":-85},{"SSID":"MeetInLeeds","BSSID":"5c:a6:2d:86:69:6d","RSSI":-85},{"SSID":"MeetInLeeds","BSSID":"5c:a6:2d:cf:e0:6d","RSSI":-86}]]