[[{"SSID":"eduroam","BSSID":"5c:a6:2d:af:90:a1","RSSI":-37},{"SSID":"MeetInLeeds","BSSID":"5c:a6:2d:af:90:ad","RSSI":-39},{"SSID":"eduroam","BSSID":"5c:a6:2d:af:90:ae","RSSI":-39},{"SSID":"MeetInLeeds","BSSID":"5c:a6:2d:af:90:a2","RSSI":-39},{"SSID":"eduroam","BSSID":"5c:a6:2d:1e:09:0e","RSSI":-40},{"SSID":"MeetInLeeds","BSSID":"5c:a6:2d:1e:09:0d","RSSI":-40},{"SSID":"MeetInLeeds","BSSID":"5c:a6:2d:1e:09:02","RSSI":-41},{"SSID":"eduroam","BSSID":"5c:a6:2d:1e:09:01","RSSI":-42},{"SSID":"MeetInLeeds","BSSID":"5c:a6:2d:ce:ac:62","RSSI":-50},{"SSID":"MeetInLeeds","BSSID":"5c:a6:2d:af:8f:62","RSSI":-64},{"SSID":"eduroam","BSSID":"5c:a6:2d:af:8f:61","RSSI":-65},{"SSID":"MeetInLeeds","BSSID":"ac:3a:67:08:28:22","RSSI":-66},{"SSID":"eduroam","BSSID":"5c:a6:2d:af:8f:6e","RSSI":-71},{"SSID":"MeetInLeeds","BSSID":"5c:a6:2d:af:8f:6d","RSSI":-71},{"SSID":"eduroam","BSSID":"5c:a6:2d:86:6e:01","RSSI":-71},{"SSID":"MeetInLeeds","BSSID":"5c:a6:2d:86:6e:02","RSSI":-71},{"SSID":"MeetInLeeds","BSSID":"5c:a6:2d:ce:b5:02","RSSI":-71},{"SSID":"MeetInLeeds","BSSID":"5c:a6:2d:ce:bf:0d","RSSI":-71},{"SSID":"eduroam","BSSID":"5c:a6:2d:ce:bf:0e","RSSI":-71},{"SSID":"eduroam","BSSID":"ac:3a:67:08:28:2e","RSSI":-72},{"SSID":"MeetInLeeds","BSSID":"ac:3a:67:08:28:2d","RSSI":-72},{"SSID":"MeetInLeeds","BSSID":"5c:a6:2d:ce:bf:02","RSSI":-72},{"SSID":"eduroam","BSSID":"5c:a6:2d:ce:bf:01","RSSI":-72},{"SSID":"MeetInLeeds","BSSID":"5c:a6:2d:af:8f:82","RSSI":-73},{"SSID":"eduroam","BSSID":"5c:a6:2d:af:8f:81","RSSI":-75},{"SSID":"eduroam","BSSID":"5c:a6:2d:86:6c:c1","RSSI":-76},{"SSID":"MeetInLeeds","BSSID":"5c:a6:2d:86:6c:c2","RSSI":-76},{"SSID":"eduroam","BSSID":"5c:a6:2d:45:db:8e","RSSI":-76},{"SSID":"MeetInLeeds","BSSID":"5c:a6:2d:45:db:8d","RSSI":-76},{"SSID":"eduroam","BSSID":"5c:a6:2d:86:6e:0e","RSSI":-78},{"SSID":"MeetInLeeds","BSSID":"5c:a6:2d:86:6e:0d","RSSI":-78},{"SSID":"MeetInLeeds","BSSID":"5c:a6:2d:ce:b5:c2","RSSI":-78},{"SSID":"eduroam","BSSID":"ac:3a:67:07:fb:0e","RSSI":-81},{"SSID":"MeetInLeeds","BSSID":"5c:a6:2d:af:8f:8d","RSSI":-81},{"SSID":"MeetInLeeds","BSSID":"ac:3a:67:07:fb:0d","RSSI":-82},{"SSID":"MeetInLeeds","BSSID":"5c:a6:2d:86:6a:4d","RSSI":-82},{"SSID":"eduroam","BSSID":"5c:a6:2d:ce:b5:0e","RSSI":-82},{"SSID":"MeetInLeeds","BSSID":"5c:a6:2d:ce:b5:0d","RSSI":-82},{"SSID":"eduroam","BSSID":"5c:a6:2d:af:8f:8e","RSSI":-83}],[{"SSID":"MeetInLeeds","BSSID":"5c:a6:2d:af:90:a2","RSSI":-36},{"SSID":"MeetInLeeds","BSSID":"5c:a6:2d:af:90:ad","RSSI":-38},{"SSID":"eduroam","BSSID":"5c:a6:2d:af:90:ae","RSSI":-38},{"SSID":"MeetInLeeds","BSSID":"5c:a6:2d:1e:09:02","RSSI":-40},{"SSID":"eduroam","BSSID":"5c:a6:2d:1e:09:0e","RSSI":-40},{"SSID":"MeetInLeeds","BSSID":"5c:a6:2d:1e:09:0d","RSSI":-40},{"SSID":"MeetInLeeds","BSSID":"5c:a6:2d:ce:ac:62","RSSI":-45},{"SSID":"eduroam","BSSID":"5c:a6:2d:ce:ac:61","RSSI":-45},{"SSID":"MeetInLeeds","BSSID":"5c:a6:2d:ce:ac:6d","RSSI":-58},{"SSID":"eduroam","BSSID":"5c:a6:2d:ce:ac:6e","RSSI":-59},{"SSID":"MeetInLeeds","BSSID":"5c:a6:2d:af:8f:62","RSSI":-64},{"SSID":"MeetInLeeds","BSSID":"5c:a6:2d:ce:bf:02","RSSI":-64},{"SSID":"MeetInLeeds","BSSID":"ac:3a:67:08:28:22","RSSI":-65},{"SSID":"MeetInLeeds","BSSID":"5c:a6:2d:ce:b5:02","RSSI":-67},{"SSID":"MeetInLeeds","BSSID":"5c:a6:2d:45:db:82","RSSI":-69},{"SSID":"eduroam","BSSID":"5c:a6:2d:af:8f:6e","RSSI":-70},{"SSID":"MeetInLeeds","BSSID":"5c:a6:2d:af:8f:6d","RSSI":-70},{"SSID":"MeetInLeeds","BSSID":"5c:a6:2d:86:6c:c2","RSSI":-70},{"SSID":"eduroam","BSSID":"ac:3a:67:08:28:2e","RSSI":-73},{"SSID":"MeetInLeeds","BSSID":"ac:3a:67:08:28:2d","RSSI":-73},{"SSID":"eduroam","BSSID":"5c:a6:2d:86:6c:c1","RSSI":-73},{"SSID":"MeetInLeeds","BSSID":"5c:a6:2d:ce:bf:0d","RSSI":-73},{"SSID":"eduroam","BSSID":"5c:a6:2d:ce:bf:0e","RSSI":-73},{"SSID":"MeetInLeeds","BSSID":"5c:a6:2d:af:8f:82","RSSI":-74},{"SSID":"eduroam","BSSID":"5c:a6:2d:45:db:8e","RSSI":-74},{"SSID":"MeetInLeeds","BSSID":"5c:a6:2d:45:db:8d","RSSI":-74},{"SSID":"MeetInLeeds","BSSID":"5c:a6:2d:86:6e:0d","RSSI":-79},{"SSID":"MeetInLeeds","BSSID":"5c:a6:2d:86:6a:4d","RSSI":-81},{"SSID":"eduroam","BSSID":"5c:a6:2d:86:6e:0e","RSSI":-81},{"SSID":"eduroam","BSSID":"5c:a6:2d:ce:b5:0e","RSSI":-82},{"SSID":"MeetInLeeds","BSSID":"5c:a6:2d:af:8f:8d","RSSI":-82},{"SSID":"eduroam","BSSID":"5c:a6:2d:af:8f:8e","RSSI":-83},{"SSID":"MeetInLeeds","BSSID":"ac:3a:67:07:fb:0d","RSSI":-87}],[{"SSID":"MeetInLeeds","BSSID":"5c:a6:2d:af:90:ad","RSSI":-37},{"SSID":"eduroam","BSSID":"5c:a6:2d:af:90:ae","RSSI":-38},{"SSID":"MeetInLeeds","BSSID":"5c:a6:2d:af:90:a2","RSSI":-38},{"SSID":"eduroam","BSSID":"5c:a6:2d:1e:09:0e","RSSI":-40},{"SSID":"MeetInLeeds","BSSID":"5c:a6:2d:1e:09:0d","RSSI":-40},{"SSID":"MeetInLeeds","BSSID":"5c:a6:2d:ce:ac:62","RSSI":-45},{"SSID":"eduroam","BSSID":"5c:a6:2d:ce:ac:61","RSSI":-45},{"SSID":"MeetInLeeds","BSSID":"5c:a6:2d:ce:ac:6d","RSSI":-54},{"SSID":"eduroam","BSSID":"5c:a6:2d:ce:ac:6e","RSSI":-54},{"SSID":"MeetInLeeds","BSSID":"5c:a6:2d:af:8f:62","RSSI":-66},{"SSID":"eduroam","BSSID":"5c:a6:2d:af:8f:6e","RSSI":-69},{"SSID":"MeetInLeeds","BSSID":"5c:a6:2d:af:8f:6d","RSSI":-69},{"SSID":"eduroam","BSSID":"5c:a6:2d:86:6e:01","RSSI":-69},{"SSID":"MeetInLeeds","BSSID":"5c:a6:2d:86:6e:02","RSSI":-70},{"SSID":"eduroam","BSSID":"5c:a6:2d:af:8f:81","RSSI":-72},{"SSID":"MeetInLeeds","BSSID":"5c:a6:2d:af:8f:82","RSSI":-72},{"SSID":"eduroam","BSSID":"ac:3a:67:08:28:2e","RSSI":-73},{"SSID":"MeetInLeeds","BSSID":"ac:3a:67:08:28:2d","RSSI":-73},{"SSID":"MeetInLeeds","BSSID":"5c:a6:2d:ce:bf:0d","RSSI":-73},{"SSID":"eduroam","BSSID":"5c:a6:2d:ce:bf:0e","RSSI":-73},{"SSID":"MeetInLeeds","BSSID":"5c:a6:2d:ce:ac:82","RSSI":-76},{"SSID":"MeetInLeeds","BSSID":"5c:a6:2d:86:6a:42","RSSI":-77},{"SSID":"MeetInLeeds","BSSID":"5c:a6:2d:45:db:8d","RSSI":-77},{"SSID":"eduroam","BSSID":"5c:a6:2d:45:db:8e","RSSI":-78},{"SSID":"eduroam","BSSID":"5c:a6:2d:86:6e:0e","RSSI":-79},{"SSID":"MeetInLeeds","BSSID":"5c:a6:2d:86:6e:0d","RSSI":-80},{"SSID":"MeetInLeeds","BSSID":"5c:a6:2d:ce:b5:0d","RSSI":-80},{"SSID":"MeetInLeeds","BSSID":"5c:a6:2d:86:6a:4d","RSSI":-81},{"SSID":"eduroam","BSSID":"5c:a6:2d:ce:b5:0e","RSSI":-81},{"SSID":"MeetInLeeds","BSSID":"ac:3a:67:07:fb:0d","RSSI":-82},{"SSID":"eduroam","BSSID":"5c:a6:2d:af:8f:8e","RSSI":-82},{"SSID":"MeetInLeeds","BSSID":"5c:a6:2d:af:8f:8d","RSSI":-82}],[{"SSID":"MeetInLeeds","BSSID":"5c:a6:2d:af:90:a2","RSSI":-37},{"SSID":"MeetInLeeds","BSSID":"5c:a6:2d:af:90:ad","RSSI":-39},{"SSID":"eduroam","BSSID":"5c:a6:2d:af:90:ae","RSSI":-39},{"SSID":"eduroam","BSSID":"5c:a6:2d:1e:09:0e","RSSI":-40},{"SSID":"MeetInLeeds","BSSID":"5c:a6:2d:1e:09:0d","RSSI":-40},{"SSID":"MeetInLeeds","BSSID":"5c:a6:2d:ce:ac:62","RSSI":-46},{"SSID":"eduroam","BSSID":"5c:a6:2d:ce:ac:61","RSSI":-46},{"SSID":"eduroam","BSSID":"5c:a6:2d:af:90:a1","RSSI":-50},{"SSID":"eduroam","BSSID":"5c:a6:2d:ce:ac:6e","RSSI":-55},{"SSID":"MeetInLeeds","BSSID":"5c:a6:2d:ce:ac:6d","RSSI":-56},{"SSID":"eduroam","BSSID":"5c:a6:2d:af:8f:61","RSSI":-66},{"SSID":"MeetInLeeds","BSSID":"5c:a6:2d:af:8f:6d","RSSI":-68},{"SSID":"MeetInLeeds","BSSID":"5c:a6:2d:af:8f:62","RSSI":-68},{"SSID":"MeetInLeeds","BSSID":"5c:a6:2d:ce:b5:02","RSSI":-68},{"SSID":"eduroam","BSSID":"5c:a6:2d:86:6c:c1","RSSI":-70},{"SSID":"MeetInLeeds","BSSID":"5c:a6:2d:86:6e:02","RSSI":-72},{"SSID":"eduroam","BSSID":"ac:3a:67:08:28:2e","RSSI":-72},{"SSID":"MeetInLeeds","BSSID":"ac:3a:67:08:28:2d","RSSI":-72},{"SSID":"MeetInLeeds","BSSID":"5c:a6:2d:af:8f:82","RSSI":-73},{"SSID":"MeetInLeeds","BSSID":"5c:a6:2d:ce:bf:0d","RSSI":-73},{"SSID":"eduroam","BSSID":"5c:a6:2d:ce:bf:0e","RSSI":-73},{"SSID":"MeetInLeeds","BSSID":"5c:a6:2d:86:6a:42","RSSI":-74},{"SSID":"eduroam","BSSID":"5c:a6:2d:af:8f:6e","RSSI":-75},{"SSID":"eduroam","BSSID":"5c:a6:2d:45:db:8e","RSSI":-76},{"SSID":"MeetInLeeds","BSSID":"5c:a6:2d:45:db:8d","RSSI":-76},{"SSID":"eduroam","BSSID":"5c:a6:2d:86:6e:0e","RSSI":-78},{"SSID":"MeetInLeeds","BSSID":"5c:a6:2d:86:6e:0d","RSSI":-78},{"SSID":"eduroam","BSSID":"5c:a6:2d:ce:b5:c1","RSSI":-79},{"SSID":"MeetInLeeds","BSSID":"5c:a6:2d:86:6a:4d","RSSI":-80},{"SSID":"eduroam","BSSID":"5c:a6:2d:ce:b5:0e","RSSI":-80},{"SSID":"MeetInLeeds","BSSID":"5c:a6:2d:ce:b5:c2","RSSI":-80},{"SSID":"MeetInLeeds","BSSID":"ac:3a:67:07:fb:0d","RSSI":-81},{"SSID":"MeetInLeeds","BSSID":"5c:a6:2d:ce:b5:0d","RSSI":-81},{"SSID":"eduroam","BSSID":"5c:a6:2d:af:8f:8e","RSSI":-83},{"SSID":"MeetInLeeds","BSSID":"5c:a6:2d:af:8f:8d","RSSI":-83},{"SSID":"MeetInLeeds","BSSID":"5c:a6:2d:ce:b5:cd","RSSI":-86}],[{"SSID":"MeetInLeeds","BSSID":"5c:a6:2d:af:90:ad","RSSI":-37},{"SSID":"eduroam","BSSID":"5c:a6:2d:af:90:ae","RSSI":-37},{"SSID":"MeetInLeeds","BSSID":"5c:a6:2d:af:90:a2","RSSI":-38},{"SSID":"MeetInLeeds","BSSID":"5c:a6:2d:1e:09:02","RSSI":-39},{"SSID":"MeetInLeeds","BSSID":"5c:a6:2d:ce:ac:62","RSSI":-45},{"SSID":"eduroam","BSSID":"5c:a6:2d:ce:ac:61","RSSI":-45},{"SSID":"eduroam","BSSID":"5c:a6:2d:1e:09:0e","RSSI":-45},{"SSID":"MeetInLeeds","BSSID":"5c:a6:2d:1e:09:0d","RSSI":-45},{"SSID":"MeetInLeeds","BSSID":"5c:a6:2d:ce:ac:6d","RSSI":-54},{"SSID":"eduroam","BSSID":"5c:a6:2d:ce:ac:6e","RSSI":-54},{"SSID":"MeetInLeeds","BSSID":"ac:3a:67:08:28:22","RSSI":-63},{"SSID":"eduroam","BSSID":"ac:3a:67:08:28:21","RSSI":-63},{"SSID":"MeetInLeeds","BSSID":"5c:a6:2d:af:8f:62","RSSI":-68},{"SSID":"MeetInLeeds","BSSID":"5c:a6:2d:ce:bf:02","RSSI":-69},{"SSID":"eduroam","BSSID":"5c:a6:2d:86:6e:01","RSSI":-70},{"SSID":"eduroam","BSSID":"5c:a6:2d:af:8f:6e","RSSI":-71},{"SSID":"MeetInLeeds","BSSID":"5c:a6:2d:af:8f:6d","RSSI":-71},{"SSID":"MeetInLeeds","BSSID":"5c:a6:2d:86:6e:02","RSSI":-71},{"SSID":"MeetInLeeds","BSSID":"5c:a6:2d:45:db:82","RSSI":-71},{"SSID":"MeetInLeeds","BSSID":"5c:a6:2d:af:8f:82","RSSI":-73},{"SSID":"MeetInLeeds","BSSID":"5c:a6:2d:86:6c:c2","RSSI":-73},{"SSID":"MeetInLeeds","BSSID":"5c:a6:2d:ce:ac:82","RSSI":-74},{"SSID":"eduroam","BSSID":"ac:3a:67:08:28:2e","RSSI":-74},{"SSID":"MeetInLeeds","BSSID":"ac:3a:67:08:28:2d","RSSI":-74},{"SSID":"MeetInLeeds","BSSID":"5c:a6:2d:ce:bf:0d","RSSI":-74},{"SSID":"eduroam","BSSID":"5c:a6:2d:ce:bf:0e","RSSI":-75},{"SSID":"eduroam","BSSID":"5c:a6:2d:86:6a:41","RSSI":-78},{"SSID":"MeetInLeeds","BSSID":"5c:a6:2d:ce:b5:0d","RSSI":-81},{"SSID":"eduroam","BSSID":"5c:a6:2d:45:db:8e","RSSI":-81},{"SSID":"MeetInLeeds","BSSID":"5c:a6:2d:45:db:8d","RSSI":-81},{"SSID":"eduroam","BSSID":"5c:a6:2d:af:8f:8e","RSSI":-81},{"SSID":"MeetInLeeds","BSSID":"5c:a6:2d:af:8f:8d","RSSI":-81},{"SSID":"MeetInLeeds","BSSID":"ac:3a:67:07:fb:0d","RSSI":-82},{"SSID":"MeetInLeeds","BSSID":"5c:a6:2d:86:6a:4d","RSSI":-82},{"SSID":"eduroam","BSSID":"5c:a6:2d:ce:b5:0e","RSSI":-82},{"SSID":"eduroam","BSSID":"ac:3a:67:07:fb:0e","RSSI":-83}],[{"SSID":"MeetInLeeds","BSSID":"5c:a6:2d:af:90:a2","RSSI":-38},{"SSID":"MeetInLeeds","BSSID":"5c:a6:2d:af:90:ad","RSSI":-40},{"SSID":"eduroam","BSSID":"5c:a6:2d:af:90:ae","RSSI":-40},{"SSID":"eduroam","BSSID":"5c:a6:2d:1e:09:0e","RSSI":-41},{"SSID":"MeetInLeeds","BSSID":"5c:a6:2d:1e:09:0d","RSSI":-41},{"SSID":"MeetInLeeds","BSSID":"5c:a6:2d:ce:ac:62","RSSI":-45},{"SSID":"MeetInLeeds","BSSID":"5c:a6:2d:1e:09:02","RSSI":-46},{"SSID":"eduroam","BSSID":"5c:a6:2d:ce:ac:61","RSSI":-48},{"SSID":"MeetInLeeds","BSSID":"5c:a6:2d:ce:ac:6d","RSSI":-51},{"SSID":"eduroam","BSSID":"5c:a6:2d:ce:ac:6e","RSSI":-51},{"SSID":"MeetInLeeds","BSSID":"ac:3a:67:08:28:22","RSSI":-65},{"SSID":"MeetInLeeds","BSSID":"5c:a6:2d:ce:bf:02","RSSI":-65},{"SSID":"MeetInLeeds","BSSID":"5c:a6:2d:af:8f:62","RSSI":-66},{"SSID":"MeetInLeeds","BSSID":"5c:a6:2d:86:6e:02","RSSI":-69},{"SSID":"MeetInLeeds","BSSID":"5c:a6:2d:86:6c:c2","RSSI":-70},{"SSID":"eduroam","BSSID":"5c:a6:2d:86:6e:01","RSSI":-71},{"SSID":"eduroam","BSSID":"5c:a6:2d:af:8f:81","RSSI":-72},{"SSID":"MeetInLeeds","BSSID":"5c:a6:2d:af:8f:6d","RSSI":-72},{"SSID":"MeetInLeeds","BSSID":"5c:a6:2d:45:db:82","RSSI":-73},{"SSID":"MeetInLeeds","BSSID":"5c:a6:2d:ce:b5:02","RSSI":-73},{"SSID":"MeetInLeeds","BSSID":"5c:a6:2d:ce:bf:0d","RSSI":-73},{"SSID":"eduroam","BSSID":"5c:a6:2d:ce:bf:0e","RSSI":-73},{"SSID":"MeetInLeeds","BSSID":"5c:a6:2d:ce:ac:82","RSSI":-74},{"SSID":"eduroam","BSSID":"5c:a6:2d:ce:ac:81","RSSI":-74},{"SSID":"eduroam","BSSID":"ac:3a:67:08:28:2e","RSSI":-74},{"SSID":"MeetInLeeds","BSSID":"ac:3a:67:08:28:2d","RSSI":-74},{"SSID":"eduroam","BSSID":"5c:a6:2d:ce:b5:01","RSSI":-74},{"SSID":"MeetInLeeds","BSSID":"5c:a6:2d:86:6a:22","RSSI":-76},{"SSID":"eduroam","BSSID":"5c:a6:2d:45:db:8e","RSSI":-77},{"SSID":"eduroam","BSSID":"5c:a6:2d:86:6a:41","RSSI":-78},{"SSID":"MeetInLeeds","BSSID":"5c:a6:2d:45:db:8d","RSSI":-78},{"SSID":"MeetInLeeds","BSSID":"5c:a6:2d:86:6a:4d","RSSI":-80},{"SSID":"MeetInLeeds","BSSID":"5c:a6:2d:86:6e:0d","RSSI":-80},{"SSID":"MeetInLeeds","BSSID":"ac:3a:67:07:fb:0d","RSSI":-81},{"SSID":"eduroam","BSSID":"5c:a6:2d:86:6a:4e","RSSI":-81},{"SSID":"eduroam","BSSID":"5c:a6:2d:86:6e:0e","RSSI":-81},{"SSID":"eduroam","BSSID":"5c:a6:2d:ce:b5:0e","RSSI":-81},{"SSID":"MeetInLeeds","BSSID":"5c:a6:2d:ce:b5:0d","RSSI":-82},{"SSID":"MeetInLeeds","BSSID":"5c:a6:2d:ce:b5:cd","RSSI":-84},{"SSID":"eduroam","BSSID":"5c:a6:2d:af:8f:8e","RSSI":-84},{"SSID":"MeetInLeeds","BSSID":"5c:a6:2d:af:8f:8d","RSSI":-84}],[{"SSID":"MeetInLeeds","BSSID":"5c:a6:2d:af:90:a2","RSSI":-38},{"SSID":"MeetInLeeds","BSSID":"5c:a6:2d:af:90:ad","RSSI":-40},{"SSID":"eduroam","BSSID":"5c:a6:2d:af:90:ae","RSSI":-40},{"SSID":"eduroam","BSSID":"5c:a6:2d:1e:09:0e","RSSI":-41},{"SSID":"MeetInLeeds","BSSID":"5c:a6:2d:1e:09:0d","RSSI":-41},{"SSID":"MeetInLeeds","BSSID":"5c:a6:2d:ce:ac:62","RSSI":-45},{"SSID":"MeetInLeeds","BSSID":"5c:a6:2d:1e:09:02","RSSI":-46},{"SSID":"eduroam","BSSID":"5c:a6:2d:ce:ac:61","RSSI":-48},{"SSID":"MeetInLeeds","BSSID":"5c:a6:2d:ce:ac:6d","RSSI":-51},{"SSID":"eduroam","BSSID":"5c:a6:2d:ce:ac:6e","RSSI":-51},{"SSID":"MeetInLeeds","BSSID":"ac:3a:67:08:28:22","RSSI":-65},{"SSID":"MeetInLeeds","BSSID":"5c:a6:2d:ce:bf:02","RSSI":-65},{"SSID":"MeetInLeeds","BSSID":"5c:a6:2d:af:8f:62","RSSI":-66},{"SSID":"MeetInLeeds","BSSID":"5c:a6:2d:86:6e:02","RSSI":-69},{"SSID":"MeetInLeeds","BSSID":"5c:a6:2d:86:6c:c2","RSSI":-70},{"SSID":"eduroam","BSSID":"5c:a6:2d:86:6e:01","RSSI":-71},{"SSID":"eduroam","BSSID":"5c:a6:2d:af:8f:81","RSSI":-72},{"SSID":"MeetInLeeds","BSSID":"5c:a6:2d:af:8f:6d","RSSI":-72},{"SSID":"MeetInLeeds","BSSID":"5c:a6:2d:45:db:82","RSSI":-73},{"SSID":"MeetInLeeds","BSSID":"5c:a6:2d:ce:b5:02","RSSI":-73},{"SSID":"MeetInLeeds","BSSID":"5c:a6:2d:ce:bf:0d","RSSI":-73},{"SSID":"eduroam","BSSID":"5c:a6:2d:ce:bf:0e","RSSI":-73},{"SSID":"MeetInLeeds","BSSID":"5c:a6:2d:ce:ac:82","RSSI":-74},{"SSID":"eduroam","BSSID":"5c:a6:2d:ce:ac:81","RSSI":-74},{"SSID":"eduroam","BSSID":"ac:3a:67:08:28:2e","RSSI":-74},{"SSID":"MeetInLeeds","BSSID":"ac:3a:67:08:28:2d","RSSI":-74},{"SSID":"eduroam","BSSID":"5c:a6:2d:ce:b5:01","RSSI":-74},{"SSID":"MeetInLeeds","BSSID":"5c:a6:2d:86:6a:22","RSSI":-76},{"SSID":"eduroam","BSSID":"5c:a6:2d:45:db:8e","RSSI":-77},{"SSID":"eduroam","BSSID":"5c:a6:2d:86:6a:41","RSSI":-78},{"SSID":"MeetInLeeds","BSSID":"5c:a6:2d:45:db:8d","RSSI":-78},{"SSID":"MeetInLeeds","BSSID":"5c:a6:2d:86:6a:4d","RSSI":-80},{"SSID":"MeetInLeeds","BSSID":"5c:a6:2d:86:6e:0d","RSSI":-80},{"SSID":"MeetInLeeds","BSSID":"ac:3a:67:07:fb:0d","RSSI":-81},{"SSID":"eduroam","BSSID":"5c:a6:2d:86:6a:4e","RSSI":-81},{"SSID":"eduroam","BSSID":"5c:a6:2d:86:6e:0e","RSSI":-81},{"SSID":"eduroam","BSSID":"5c:a6:2d:ce:b5:0e","RSSI":-81},{"SSID":"MeetInLeeds","BSSID":"5c:a6:2d:ce:b5:0d","RSSI":-82},{"SSID":"MeetInLeeds","BSSID":"5c:a6:2d:ce:b5:cd","RSSI":-84},{"SSID":"eduroam","BSSID":"5c:a6:2d:af:8f:8e","RSSI":-84},{"SSID":"MeetInLeeds","BSSID":"5c:a6:2d:af:8f:8d","RSSI":-84}],[{"SSID":"MeetInLeeds","BSSID":"5c:a6:2d:af:90:a2","RSSI":-35},{"SSID":"eduroam","BSSID":"5c:a6:2d:af:90:a1","RSSI":-35},{"SSID":"eduroam","BSSID":"5c:a6:2d:1e:09:01","RSSI":-40},{"SSID":"MeetInLeeds","BSSID":"5c:a6:2d:1e:09:02","RSSI":-40},{"SSID":"eduroam","BSSID":"5c:a6:2d:1e:09:0e","RSSI":-42},{"SSID":"MeetInLeeds","BSSID":"5c:a6:2d:1e:09:0d","RSSI":-42},{"SSID":"eduroam","BSSID":"5c:a6:2d:ce:ac:61","RSSI":-45},{"SSID":"MeetInLeeds","BSSID":"5c:a6:2d:ce:ac:62","RSSI":-46},{"SSID":"MeetInLeeds","BSSID":"5c:a6:2d:ce:ac:6d","RSSI":-54},{"SSID":"eduroam","BSSID":"5c:a6:2d:ce:ac:6e","RSSI":-54},{"SSID":"MeetInLeeds","BSSID":"5c:a6:2d:ce:bf:02","RSSI":-61},{"SSID":"eduroam","BSSID":"5c:a6:2d:af:8f:61","RSSI":-63},{"SSID":"MeetInLeeds","BSSID":"ac:3a:67:08:28:22","RSSI":-64},{"SSID":"eduroam","BSSID":"ac:3a:67:08:28:21","RSSI":-64},{"SSID":"MeetInLeeds","BSSID":"5c:a6:2d:af:8f:62","RSSI":-64},{"SSID":"MeetInLeeds","BSSID":"5c:a6:2d:86:6e:02","RSSI":-68},{"SSID":"MeetInLeeds","BSSID":"5c:a6:2d:45:db:82","RSSI":-70},{"SSID":"eduroam","BSSID":"5c:a6:2d:af:8f:6e","RSSI":-71},{"SSID":"MeetInLeeds","BSSID":"5c:a6:2d:af:8f:6d","RSSI":-72},{"SSID":"MeetInLeeds","BSSID":"5c:a6:2d:ce:ac:82","RSSI":-72},{"SSID":"eduroam","BSSID":"5c:a6:2d:86:6e:01","RSSI":-72},{"SSID":"eduroam","BSSID":"ac:3a:67:08:28:2e","RSSI":-73},{"SSID":"MeetInLeeds","BSSID":"ac:3a:67:08:28:2d","RSSI":-73},{"SSID":"MeetInLeeds","BSSID":"5c:a6:2d:86:6c:c2","RSSI":-73},{"SSID":"MeetInLeeds","BSSID":"5c:a6:2d:ce:bf:0d","RSSI":-74},{"SSID":"eduroam","BSSID":"5c:a6:2d:ce:bf:0e","RSSI":-74},{"SSID":"MeetInLeeds","BSSID":"5c:a6:2d:86:6a:42","RSSI":-75},{"SSID":"eduroam","BSSID":"5c:a6:2d:86:6a:41","RSSI":-76},{"SSID":"eduroam","BSSID":"5c:a6:2d:45:db:8e","RSSI":-76},{"SSID":"MeetInLeeds","BSSID":"5c:a6:2d:45:db:8d","RSSI":-76},{"SSID":"MeetInLeeds","BSSID":"5c:a6:2d:ce:b5:c2","RSSI":-79},{"SSID":"eduroam","BSSID":"5c:a6:2d:ce:b5:0e","RSSI":-80},{"SSID":"MeetInLeeds","BSSID":"5c:a6:2d:ce:b5:0d","RSSI":-81},{"SSID":"eduroam","BSSID":"5c:a6:2d:af:8f:8e","RSSI":-82},{"SSID":"eduroam","BSSID":"ac:3a:67:07:fb:0e","RSSI":-84},{"SSID":"MeetInLeeds","BSSID":"ac:3a:67:07:fb:0d","RSSI":-84},{"SSID":"MeetInLeeds","BSSID":"5c:a6:2d:af:8f:8d","RSSI":-84}],[{"SSID":"MeetInLeeds","BSSID":"5c:a6:2d:af:90:a2","RSSI":-37},{"SSID":"eduroam","BSSID":"5c:a6:2d:af:90:a1","RSSI":-37},{"SSID":"eduroam","BSSID":"5c:a6:2d:1e:09:0e","RSSI":-39},{"SSID":"MeetInLeeds","BSSID":"5c:a6:2d:1e:09:0d","RSSI":-40},{"SSID":"MeetInLeeds","BSSID":"5c:a6:2d:af:90:ad","RSSI":-41},{"SSID":"eduroam","BSSID":"5c:a6:2d:af:90:ae","RSSI":-41},{"SSID":"MeetInLeeds","BSSID":"5c:a6:2d:ce:ac:62","RSSI":-44},{"SSID":"eduroam","BSSID":"5c:a6:2d:ce:ac:61","RSSI":-45},{"SSID":"eduroam","BSSID":"5c:a6:2d:1e:09:01","RSSI":-48},{"SSID":"MeetInLeeds","BSSID":"5c:a6:2d:1e:09:02","RSSI":-48},{"SSID":"MeetInLeeds","BSSID":"5c:a6:2d:ce:ac:6d","RSSI":-54},{"SSID":"eduroam","BSSID":"5c:a6:2d:ce:ac:6e","RSSI":-54},{"SSID":"MeetInLeeds","BSSID":"ac:3a:67:08:28:22","RSSI":-65},{"SSID":"eduroam","BSSID":"ac:3a:67:08:28:21","RSSI":-65},{"SSID":"MeetInLeeds","BSSID":"5c:a6:2d:45:db:82","RSSI":-70},{"SSID":"eduroam","BSSID":"5c:a6:2d:86:6e:01","RSSI":-71},{"SSID":"eduroam","BSSID":"5c:a6:2d:45:db:81","RSSI":-71},{"SSID":"MeetInLeeds","BSSID":"5c:a6:2d:86:6e:02","RSSI":-72},{"SSID":"eduroam","BSSID":"ac:3a:67:08:28:2e","RSSI":-72},{"SSID":"MeetInLeeds","BSSID":"ac:3a:67:08:28:2d","RSSI":-72},{"SSID":"eduroam","BSSID":"5c:a6:2d:af:8f:6e","RSSI":-73},{"SSID":"MeetInLeeds","BSSID":"5c:a6:2d:af:8f:6d","RSSI":-73},{"SSID":"MeetInLeeds","BSSID":"5c:a6:2d:ce:bf:0d","RSSI":-73},{"SSID":"eduroam","BSSID":"5c:a6:2d:ce:bf:0e","RSSI":-73},{"SSID":"eduroam","BSSID":"5c:a6:2d:45:db:8e","RSSI":-77},{"SSID":"MeetInLeeds","BSSID":"5c:a6:2d:45:db:8d","RSSI":-77},{"SSID":"MeetInLeeds","BSSID":"5c:a6:2d:86:6a:42","RSSI":-78},{"SSID":"eduroam","BSSID":"5c:a6:2d:86:6e:0e","RSSI":-78},{"SSID":"MeetInLeeds","BSSID":"5c:a6:2d:86:6e:0d","RSSI":-78},{"SSID":"eduroam","BSSID":"5c:a6:2d:ce:b5:0e","RSSI":-81},{"SSID":"eduroam","BSSID":"5c:a6:2d:86:6a:4e","RSSI":-82},{"SSID":"MeetInLeeds","BSSID":"5c:a6:2d:ce:b5:0d","RSSI":-82},{"SSID":"eduroam","BSSID":"5c:a6:2d:af:8f:8e","RSSI":-82},{"SSID":"eduroam","BSSID":"ac:3a:67:07:fb:0e","RSSI":-83},{"SSID":"MeetInLeeds","BSSID":"5c:a6:2d:86:6a:4d","RSSI":-83},{"SSID":"MeetInLeeds","BSSID":"5c:a6:2d:af:8f:8d","RSSI":-83},{"SSID":"MeetInLeeds","BSSID":"ac:3a:67:07:fb:0d","RSSI":-84}],[{"SSID":"MeetInLeeds","BSSID":"5c:a6:2d:af:90:a2","RSSI":-37},{"SSID":"eduroam","BSSID":"5c:a6:2d:af:90:ae","RSSI":-38},{"SSID":"eduroam","BSSID":"5c:a6:2d:af:90:a1","RSSI":-38},{"SSID":"MeetInLeeds","BSSID":"5c:a6:2d:1e:09:0d","RSSI":-39},{"SSID":"MeetInLeeds","BSSID":"5c:a6:2d:af:90:ad","RSSI":-40},{"SSID":"eduroam","BSSID":"5c:a6:2d:1e:09:0e","RSSI":-40},{"SSID":"MeetInLeeds","BSSID":"5c:a6:2d:ce:ac:62","RSSI":-44},{"SSID":"MeetInLeeds","BSSID":"5c:a6:2d:1e:09:02","RSSI":-45},{"SSID":"eduroam","BSSID":"5c:a6:2d:ce:ac:61","RSSI":-45},{"SSID":"eduroam","BSSID":"5c:a6:2d:1e:09:01","RSSI":-46},{"SSID":"MeetInLeeds","BSSID":"5c:a6:2d:ce:ac:6d","RSSI":-53},{"SSID":"eduroam","BSSID":"5c:a6:2d:ce:ac:6e","RSSI":-53},{"SSID":"MeetInLeeds","BSSID":"5c:a6:2d:af:8f:62","RSSI":-64},{"SSID":"eduroam","BSSID":"5c:a6:2d:af:8f:61","RSSI":-65},{"SSID":"MeetInLeeds","BSSID":"5c:a6:2d:ce:bf:02","RSSI":-65},{"SSID":"MeetInLeeds","BSSID":"ac:3a:67:08:28:22","RSSI":-66},{"SSID":"eduroam","BSSID":"ac:3a:67:08:28:21","RSSI":-66},{"SSID":"eduroam","BSSID":"5c:a6:2d:ce:bf:01","RSSI":-67},{"SSID":"eduroam","BSSID":"5c:a6:2d:af:8f:6e","RSSI":-71},{"SSID":"MeetInLeeds","BSSID":"5c:a6:2d:af:8f:6d","RSSI":-71},{"SSID":"MeetInLeeds","BSSID":"5c:a6:2d:af:8f:82","RSSI":-72},{"SSID":"eduroam","BSSID":"ac:3a:67:08:28:2e","RSSI":-72},{"SSID":"eduroam","BSSID":"5c:a6:2d:45:db:81","RSSI":-72},{"SSID":"MeetInLeeds","BSSID":"5c:a6:2d:45:db:82","RSSI":-72},{"SSID":"eduroam","BSSID":"5c:a6:2d:ce:b5:01","RSSI":-72},{"SSID":"MeetInLeeds","BSSID":"ac:3a:67:08:28:2d","RSSI":-73},{"SSID":"MeetInLeeds","BSSID":"5c:a6:2d:86:6c:c2","RSSI":-73},{"SSID":"MeetInLeeds","BSSID":"5c:a6:2d:ce:bf:0d","RSSI":-73},{"SSID":"eduroam","BSSID":"5c:a6:2d:ce:bf:0e","RSSI":-73},{"SSID":"MeetInLeeds","BSSID":"5c:a6:2d:ce:ac:82","RSSI":-75},{"SSID":"eduroam","BSSID":"5c:a6:2d:45:db:8e","RSSI":-75},{"SSID":"MeetInLeeds","BSSID":"5c:a6:2d:45:db:8d","RSSI":-75},{"SSID":"MeetInLeeds","BSSID":"5c:a6:2d:86:6e:02","RSSI":-76},{"SSID":"eduroam","BSSID":"5c:a6:2d:86:6e:01","RSSI":-77},{"SSID":"MeetInLeeds","BSSID":"5c:a6:2d:86:6e:0d","RSSI":-79},{"SSID":"eduroam","BSSID":"5c:a6:2d:ce:b5:0e","RSSI":-79},{"SSID":"eduroam","BSSID":"5c:a6:2d:86:6a:4e","RSSI":-81},{"SSID":"MeetInLeeds","BSSID":"5c:a6:2d:ce:b5:0d","RSSI":-81},{"SSID":"eduroam","BSSID":"ac:3a:67:07:fb:0e","RSSI":-82},{"SSID":"MeetInLeeds","BSSID":"ac:3a:67:07:fb:0d","RSSI":-82}]]