[[{"SSID":"WiFi Setup - University of Leeds","BSSID":"5c:a6:2d:ef:4c:03","RSSI":-54},{"SSID":"MeetInLeeds","BSSID":"5c:a6:2d:ef:4c:02","RSSI":-55},{"SSID":"MeetInLeeds","BSSID":"5c:a6:2d:af:8d:82","RSSI":-61},{"SSID":"WiFi Setup - University of Leeds","BSSID":"5c:a6:2d:af:8d:83","RSSI":-61},{"SSID":"WiFi Setup - University of Leeds","BSSID":"5c:a6:2d:87:01:43","RSSI":-66},{"SSID":"MeetInLeeds","BSSID":"5c:a6:2d:87:01:42","RSSI":-67},{"SSID":"WiFi Setup - University of Leeds","BSSID":"5c:a6:2d:87:02:23","RSSI":-78}],[{"SSID":"MeetInLeeds","BSSID":"5c:a6:2d:ef:4c:02","RSSI":-53},{"SSID":"WiFi Setup - University of Leeds","BSSID":"5c:a6:2d:ef:4c:03","RSSI":-53},{"SSID":"MeetInLeeds","BSSID":"5c:a6:2d:af:8d:82","RSSI":-62},{"SSID":"WiFi Setup - University of Leeds","BSSID":"5c:a6:2d:af:8d:83","RSSI":-62},{"SSID":"WiFi Setup - University of Leeds","BSSID":"5c:a6:2d:87:01:43","RSSI":-70},{"SSID":"eduroam","BSSID":"5c:a6:2d:87:01:4e","RSSI":-73},{"SSID":"MeetInLeeds","BSSID":"5c:a6:2d:87:02:22","RSSI":-78},{"SSID":"eduroam","BSSID":"5c:a6:2d:87:02:21","RSSI":-78},{"SSID":"MeetInLeeds","BSSID":"5c:a6:2d:cf:e8:a2","RSSI":-82},{"SSID":"WiFi Setup - University of Leeds","BSSID":"5c:a6:2d:cf:e8:a3","RSSI":-83}],[{"SSID":"WiFi Setup - University of Leeds","BSSID":"5c:a6:2d:ef:4c:03","RSSI":-49},{"SSID":"MeetInLeeds","BSSID":"5c:a6:2d:ef:4c:02","RSSI":-50},{"SSID":"MeetInLeeds","BSSID":"5c:a6:2d:af:8d:82","RSSI":-67},{"SSID":"WiFi Setup - University of Leeds","BSSID":"5c:a6:2d:af:8d:83","RSSI":-67},{"SSID":"WiFi Setup - University of Leeds","BSSID":"5c:a6:2d:87:01:43","RSSI":-68},{"SSID":"MeetInLeeds","BSSID":"5c:a6:2d:87:01:42","RSSI":-68},{"SSID":"WiFi Setup - University of Leeds","BSSID":"5c:a6:2d:87:02:23","RSSI":-76},{"SSID":"eduroam","BSSID":"5c:a6:2d:87:02:21","RSSI":-76},{"SSID":"MeetInLeeds","BSSID":"5c:a6:2d:87:02:22","RSSI":-77},{"SSID":"eduroam","BSSID":"5c:a6:2d:cf:e8:a1","RSSI":-81},{"SSID":"WiFi Setup - University of Leeds","BSSID":"5c:a6:2d:cf:e8:a3","RSSI":-81}],[{"SSID":"MeetInLeeds","BSSID":"5c:a6:2d:ef:4c:02","RSSI":-54},{"SSID":"WiFi Setup - University of Leeds","BSSID":"5c:a6:2d:ef:4c:03","RSSI":-54},{"SSID":"MeetInLeeds","BSSID":"5c:a6:2d:af:8d:8d","RSSI":-57},{"SSID":"eduroam","BSSID":"5c:a6:2d:af:8d:8e","RSSI":-58},{"SSID":"WiFi Setup - University of Leeds","BSSID":"5c:a6:2d:af:8d:8c","RSSI":-58},{"SSID":"eduroam","BSSID":"5c:a6:2d:ef:4c:0e","RSSI":-60},{"SSID":"WiFi Setup - University of Leeds","BSSID":"5c:a6:2d:af:8d:83","RSSI":-60},{"SSID":"MeetInLeeds","BSSID":"5c:a6:2d:af:8d:82","RSSI":-61},{"SSID":"WiFi Setup - University of Leeds","BSSID":"5c:a6:2d:ef:4c:0c","RSSI":-63},{"SSID":"MeetInLeeds","BSSID":"5c:a6:2d:ef:4c:0d","RSSI":-63},{"SSID":"WiFi Setup - University of Leeds","BSSID":"5c:a6:2d:87:01:43","RSSI":-65},{"SSID":"MeetInLeeds","BSSID":"5c:a6:2d:87:01:42","RSSI":-65},{"SSID":"MeetInLeeds","BSSID":"5c:a6:2d:87:01:4d","RSSI":-74},{"SSID":"MeetInLeeds","BSSID":"5c:a6:2d:87:02:22","RSSI":-79},{"SSID":"WiFi Setup - University of Leeds","BSSID":"5c:a6:2d:cf:e8:a3","RSSI":-80},{"SSID":"WiFi Setup - University of Leeds","BSSID":"5c:a6:2d:87:02:23","RSSI":-80}],[{"SSID":"MeetInLeeds","BSSID":"5c:a6:2d:ef:4c:02","RSSI":-53},{"SSID":"WiFi Setup - University of Leeds","BSSID":"5c:a6:2d:ef:4c:03","RSSI":-53},{"SSID":"MeetInLeeds","BSSID":"5c:a6:2d:af:8d:82","RSSI":-58},{"SSID":"WiFi Setup - University of Leeds","BSSID":"5c:a6:2d:ef:4c:0c","RSSI":-61},{"SSID":"MeetInLeeds","BSSID":"5c:a6:2d:ef:4c:0d","RSSI":-61},{"SSID":"eduroam","BSSID":"5c:a6:2d:ef:4c:0e","RSSI":-61},{"SSID":"MeetInLeeds","BSSID":"5c:a6:2d:87:01:4d","RSSI":-69},{"SSID":"eduroam","BSSID":"5c:a6:2d:87:01:4e","RSSI":-70},{"SSID":"WiFi Setup - University of Leeds","BSSID":"5c:a6:2d:87:01:4c","RSSI":-70},{"SSID":"MeetInLeeds","BSSID":"5c:a6:2d:87:02:22","RSSI":-80},{"SSID":"MeetInLeeds","BSSID":"5c:a6:2d:cf:e8:a2","RSSI":-81},{"SSID":"WiFi Setup - University of Leeds","BSSID":"5c:a6:2d:cf:e8:a3","RSSI":-82},{"SSID":"MeetInLeeds","BSSID":"5c:a6:2d:87:02:2d","RSSI":-83},{"SSID":"WiFi Setup - University of Leeds","BSSID":"5c:a6:2d:87:02:2c","RSSI":-84},{"SSID":"eduroam","BSSID":"5c:a6:2d:87:02:2e","RSSI":-85}],[{"SSID":"MeetInLeeds","BSSID":"5c:a6:2d:ef:4c:02","RSSI":-53},{"SSID":"WiFi Setup - University of Leeds","BSSID":"5c:a6:2d:ef:4c:03","RSSI":-54},{"SSID":"WiFi Setup - University of Leeds","BSSID":"5c:a6:2d:ef:4c:0c","RSSI":-65},{"SSID":"eduroam","BSSID":"5c:a6:2d:ef:4c:0e","RSSI":-65},{"SSID":"WiFi Setup - University of Leeds","BSSID":"5c:a6:2d:87:01:43","RSSI":-65},{"SSID":"MeetInLeeds","BSSID":"5c:a6:2d:87:01:42","RSSI":-65},{"SSID":"MeetInLeeds","BSSID":"5c:a6:2d:ef:4c:0d","RSSI":-68},{"SSID":"WiFi Setup - University of Leeds","BSSID":"5c:a6:2d:cf:e8:a3","RSSI":-82}],[{"SSID":"MeetInLeeds","BSSID":"5c:a6:2d:ef:4c:02","RSSI":-54},{"SSID":"WiFi Setup - University of Leeds","BSSID":"5c:a6:2d:ef:4c:03","RSSI":-54},{"SSID":"eduroam","BSSID":"5c:a6:2d:ef:4c:01","RSSI":-55},{"SSID":"WiFi Setup - University of Leeds","BSSID":"5c:a6:2d:af:8d:83","RSSI":-59},{"SSID":"MeetInLeeds","BSSID":"5c:a6:2d:af:8d:8d","RSSI":-60},{"SSID":"eduroam","BSSID":"5c:a6:2d:af:8d:8e","RSSI":-60},{"SSID":"WiFi Setup - University of Leeds","BSSID":"5c:a6:2d:af:8d:8c","RSSI":-60},{"SSID":"MeetInLeeds","BSSID":"5c:a6:2d:ef:4c:0d","RSSI":-64},{"SSID":"eduroam","BSSID":"5c:a6:2d:ef:4c:0e","RSSI":-64},{"SSID":"WiFi Setup - University of Leeds","BSSID":"5c:a6:2d:87:01:43","RSSI":-65},{"SSID":"MeetInLeeds","BSSID":"5c:a6:2d:87:01:42","RSSI":-66},{"SSID":"WiFi Setup - University of Leeds","BSSID":"5c:a6:2d:ef:4c:0c","RSSI":-67},{"SSID":"WiFi Setup - University of Leeds","BSSID":"5c:a6:2d:87:01:4c","RSSI":-72},{"SSID":"MeetInLeeds","BSSID":"5c:a6:2d:87:01:4d","RSSI":-75},{"SSID":"eduroam","BSSID":"5c:a6:2d:87:01:4e","RSSI":-76},{"SSID":"MeetInLeeds","BSSID":"5c:a6:2d:87:02:22","RSSI":-80},{"SSID":"eduroam","BSSID":"5c:a6:2d:87:02:2e","RSSI":-84},{"SSID":"WiFi Setup - University of Leeds","BSSID":"5c:a6:2d:87:02:2c","RSSI":-84},{"SSID":"MeetInLeeds","BSSID":"5c:a6:2d:87:02:2d","RSSI":-85}],[{"SSID":"WiFi Setup - University of Leeds","BSSID":"5c:a6:2d:ef:4c:03","RSSI":-53},{"SSID":"MeetInLeeds","BSSID":"5c:a6:2d:ef:4c:02","RSSI":-54},{"SSID":"MeetInLeeds","BSSID":"5c:a6:2d:af:8d:82","RSSI":-59},{"SSID":"WiFi Setup - University of Leeds","BSSID":"5c:a6:2d:af:8d:83","RSSI":-60},{"SSID":"WiFi Setup - University of Leeds","BSSID":"5c:a6:2d:87:01:43","RSSI":-65},{"SSID":"eduroam","BSSID":"5c:a6:2d:87:01:41","RSSI":-65},{"SSID":"MeetInLeeds","BSSID":"5c:a6:2d:87:01:42","RSSI":-66},{"SSID":"MeetInLeeds","BSSID":"5c:a6:2d:87:01:4d","RSSI":-72},{"SSID":"eduroam","BSSID":"5c:a6:2d:87:01:4e","RSSI":-73},{"SSID":"WiFi Setup - University of Leeds","BSSID":"5c:a6:2d:87:01:4c","RSSI":-73},{"SSID":"MeetInLeeds","BSSID":"5c:a6:2d:87:02:22","RSSI":-78},{"SSID":"WiFi Setup - University of Leeds","BSSID":"5c:a6:2d:87:02:23","RSSI":-79},{"SSID":"eduroam","BSSID":"5c:a6:2d:87:02:2e","RSSI":-84},{"SSID":"MeetInLeeds","BSSID":"5c:a6:2d:87:02:2d","RSSI":-84},{"SSID":"WiFi Setup - University of Leeds","BSSID":"5c:a6:2d:87:02:2c","RSSI":-84}],[{"SSID":"MeetInLeeds","BSSID":"5c:a6:2d:ef:4c:02","RSSI":-53},{"SSID":"WiFi Setup - University of Leeds","BSSID":"5c:a6:2d:ef:4c:03","RSSI":-54},{"SSID":"MeetInLeeds","BSSID":"5c:a6:2d:af:8d:8d","RSSI":-61},{"SSID":"eduroam","BSSID":"5c:a6:2d:af:8d:8e","RSSI":-61},{"SSID":"WiFi Setup - University of Leeds","BSSID":"5c:a6:2d:af:8d:8c","RSSI":-61},{"SSID":"WiFi Setup - University of Leeds","BSSID":"5c:a6:2d:ef:4c:0c","RSSI":-62},{"SSID":"MeetInLeeds","BSSID":"5c:a6:2d:ef:4c:0d","RSSI":-62},{"SSID":"eduroam","BSSID":"5c:a6:2d:ef:4c:0e","RSSI":-62},{"SSID":"eduroam","BSSID":"5c:a6:2d:87:01:41","RSSI":-64},{"SSID":"WiFi Setup - University of Leeds","BSSID":"5c:a6:2d:87:01:43","RSSI":-65},{"SSID":"MeetInLeeds","BSSID":"5c:a6:2d:87:01:42","RSSI":-65},{"SSID":"eduroam","BSSID":"5c:a6:2d:87:01:4e","RSSI":-72},{"SSID":"MeetInLeeds","BSSID":"5c:a6:2d:87:01:4d","RSSI":-73},{"SSID":"WiFi Setup - University of Leeds","BSSID":"5c:a6:2d:87:01:4c","RSSI":-73},{"SSID":"WiFi Setup - University of Leeds","BSSID":"5c:a6:2d:87:02:23","RSSI":-79},{"SSID":"eduroam","BSSID":"5c:a6:2d:87:02:2e","RSSI":-84},{"SSID":"WiFi Setup - University of Leeds","BSSID":"5c:a6:2d:87:02:2c","RSSI":-84},{"SSID":"MeetInLeeds","BSSID":"5c:a6:2d:87:02:2d","RSSI":-87}],[{"SSID":"WiFi Setup - University of Leeds","BSSID":"5c:a6:2d:ef:4c:03","RSSI":-55},{"SSID":"MeetInLeeds","BSSID":"5c:a6:2d:ef:4c:02","RSSI":-56},{"SSID":"WiFi Setup - University of Leeds","BSSID":"5c:a6:2d:af:8d:83","RSSI":-58},{"SSID":"MeetInLeeds","BSSID":"5c:a6:2d:af:8d:82","RSSI":-59},{"SSID":"WiFi Setup - University of Leeds","BSSID":"5c:a6:2d:87:01:43","RSSI":-64}]]