[[{"SSID":"eduroam","BSSID":"5c:a6:2d:cf:b5:e1","RSSI":-39},{"SSID":"WiFi Setup - University of Leeds","BSSID":"5c:a6:2d:cf:b5:e3","RSSI":-39},{"SSID":"MeetInLeeds","BSSID":"5c:a6:2d:cf:b5:e2","RSSI":-39},{"SSID":"eduroam","BSSID":"5c:a6:2d:cf:b5:ee","RSSI":-39},{"SSID":"WiFi Setup - University of Leeds","BSSID":"5c:a6:2d:cf:b5:ec","RSSI":-40},{"SSID":"MeetInLeeds","BSSID":"5c:a6:2d:cf:b5:ed","RSSI":-40},{"SSID":"WiFi Setup - University of Leeds","BSSID":"ac:3a:67:08:28:e3","RSSI":-47},{"SSID":"MeetInLeeds","BSSID":"ac:3a:67:08:28:e2","RSSI":-47},{"SSID":"MeetInLeeds","BSSID":"5c:a6:2d:eb:d7:42","RSSI":-51},{"SSID":"eduroam","BSSID":"5c:a6:2d:eb:d7:41","RSSI":-51},{"SSID":"WiFi Setup - University of Leeds","BSSID":"5c:a6:2d:eb:d7:43","RSSI":-52},{"SSID":"MeetInLeeds","BSSID":"5c:a6:2d:5d:2f:42","RSSI":-61},{"SSID":"WiFi Setup - University of Leeds","BSSID":"5c:a6:2d:5d:2f:43","RSSI":-61},{"SSID":"WiFi Setup - University of Leeds","BSSID":"5c:a6:2d:cf:c3:cc","RSSI":-66},{"SSID":"MeetInLeeds","BSSID":"5c:a6:2d:cf:c3:cd","RSSI":-66},{"SSID":"eduroam","BSSID":"5c:a6:2d:cf:c3:ce","RSSI":-67},{"SSID":"MeetInLeeds","BSSID":"5c:a6:2d:ef:4c:42","RSSI":-72},{"SSID":"WiFi Setup - University of Leeds","BSSID":"5c:a6:2d:ef:4c:43","RSSI":-73},{"SSID":"MeetInLeeds","BSSID":"ac:3a:67:07:fc:22","RSSI":-75},{"SSID":"WiFi Setup - University of Leeds","BSSID":"ac:3a:67:07:fc:23","RSSI":-75},{"SSID":"WiFi Setup - University of Leeds","BSSID":"5c:a6:2d:af:92:4c","RSSI":-78},{"SSID":"WiFi Setup - University of Leeds","BSSID":"5c:a6:2d:af:92:43","RSSI":-79},{"SSID":"MeetInLeeds","BSSID":"5c:a6:2d:af:92:42","RSSI":-80},{"SSID":"eduroam","BSSID":"5c:a6:2d:af:92:41","RSSI":-81},{"SSID":"WiFi Setup - University of Leeds","BSSID":"5c:a6:2d:ef:4c:4c","RSSI":-81},{"SSID":"eduroam","BSSID":"5c:a6:2d:ef:4c:4e","RSSI":-82},{"SSID":"TP-Link_0F14","BSSID":"c0:c9:e3:b8:0f:14","RSSI":-90}],[{"SSID":"WiFi Setup - University of Leeds","BSSID":"5c:a6:2d:cf:b5:ec","RSSI":-42},{"SSID":"eduroam","BSSID":"5c:a6:2d:cf:b5:ee","RSSI":-42},{"SSID":"MeetInLeeds","BSSID":"5c:a6:2d:cf:b5:ed","RSSI":-42},{"SSID":"WiFi Setup - University of Leeds","BSSID":"ac:3a:67:08:28:e3","RSSI":-49},{"SSID":"MeetInLeeds","BSSID":"ac:3a:67:08:28:e2","RSSI":-49},{"SSID":"WiFi Setup - University of Leeds","BSSID":"5c:a6:2d:5d:2f:4c","RSSI":-56},{"SSID":"eduroam","BSSID":"5c:a6:2d:5d:2f:4e","RSSI":-56},{"SSID":"MeetInLeeds","BSSID":"5c:a6:2d:5d:2f:4d","RSSI":-57},{"SSID":"WiFi Setup - University of Leeds","BSSID":"5c:a6:2d:5d:2f:43","RSSI":-60},{"SSID":"eduroam","BSSID":"5c:a6:2d:5d:2f:41","RSSI":-60},{"SSID":"MeetInLeeds","BSSID":"5c:a6:2d:5d:2f:42","RSSI":-62},{"SSID":"MeetInLeeds","BSSID":"5c:a6:2d:eb:d7:42","RSSI":-63},{"SSID":"MeetInLeeds","BSSID":"5c:a6:2d:cf:c3:cd","RSSI":-70},{"SSID":"MeetInLeeds","BSSID":"5c:a6:2d:ef:4c:42","RSSI":-70},{"SSID":"WiFi Setup - University of Leeds","BSSID":"5c:a6:2d:ef:4c:43","RSSI":-70},{"SSID":"eduroam","BSSID":"5c:a6:2d:cf:c3:ce","RSSI":-71},{"SSID":"WiFi Setup - University of Leeds","BSSID":"5c:a6:2d:cf:c3:cc","RSSI":-71},{"SSID":"WiFi Setup - University of Leeds","BSSID":"5c:a6:2d:af:92:4c","RSSI":-76},{"SSID":"eduroam","BSSID":"5c:a6:2d:af:92:4e","RSSI":-76},{"SSID":"MeetInLeeds","BSSID":"5c:a6:2d:af:92:4d","RSSI":-77},{"SSID":"WiFi Setup - University of Leeds","BSSID":"ac:3a:67:07:fc:23","RSSI":-77},{"SSID":"WiFi Setup - University of Leeds","BSSID":"5c:a6:2d:af:92:43","RSSI":-78},{"SSID":"MeetInLeeds","BSSID":"5c:a6:2d:af:92:42","RSSI":-78},{"SSID":"eduroam","BSSID":"5c:a6:2d:af:92:41","RSSI":-78},{"SSID":"WiFi Setup - University of Leeds","BSSID":"5c:a6:2d:ef:4c:4c","RSSI":-78},{"SSID":"MeetInLeeds","BSSID":"5c:a6:2d:ef:4c:4d","RSSI":-78},{"SSID":"eduroam","BSSID":"5c:a6:2d:ef:4c:4e","RSSI":-78},{"SSID":"MeetInLeeds","BSSID":"5c:a6:2d:45:dd:a2","RSSI":-80},{"SSID":"WiFi Setup - University of Leeds","BSSID":"5c:a6:2d:45:dd:ac","RSSI":-86}],[{"SSID":"WiFi Setup - University of Leeds","BSSID":"5c:a6:2d:cf:b5:e3","RSSI":-39},{"SSID":"MeetInLeeds","BSSID":"5c:a6:2d:cf:b5:e2","RSSI":-39},{"SSID":"WiFi Setup - University of Leeds","BSSID":"ac:3a:67:08:28:e3","RSSI":-44},{"SSID":"MeetInLeeds","BSSID":"ac:3a:67:08:28:e2","RSSI":-44},{"SSID":"eduroam","BSSID":"ac:3a:67:08:28:e1","RSSI":-44},{"SSID":"WiFi Setup - University of Leeds","BSSID":"5c:a6:2d:cf:b5:ec","RSSI":-44},{"SSID":"eduroam","BSSID":"5c:a6:2d:cf:b5:ee","RSSI":-44},{"SSID":"MeetInLeeds","BSSID":"5c:a6:2d:cf:b5:ed","RSSI":-44},{"SSID":"WiFi Setup - University of Leeds","BSSID":"5c:a6:2d:eb:d7:43","RSSI":-47},{"SSID":"MeetInLeeds","BSSID":"5c:a6:2d:eb:d7:42","RSSI":-48},{"SSID":"eduroam","BSSID":"5c:a6:2d:eb:d7:41","RSSI":-49},{"SSID":"eduroam","BSSID":"ac:3a:67:08:28:ee","RSSI":-51},{"SSID":"MeetInLeeds","BSSID":"ac:3a:67:08:28:ed","RSSI":-52},{"SSID":"WiFi Setup - University of Leeds","BSSID":"ac:3a:67:08:28:ec","RSSI":-52},{"SSID":"eduroam","BSSID":"5c:a6:2d:eb:d7:4e","RSSI":-55},{"SSID":"WiFi Setup - University of Leeds","BSSID":"5c:a6:2d:eb:d7:4c","RSSI":-55},{"SSID":"MeetInLeeds","BSSID":"5c:a6:2d:eb:d7:4d","RSSI":-58},{"SSID":"MeetInLeeds","BSSID":"5c:a6:2d:5d:2f:42","RSSI":-59},{"SSID":"WiFi Setup - University of Leeds","BSSID":"5c:a6:2d:5d:2f:43","RSSI":-59},{"SSID":"eduroam","BSSID":"5c:a6:2d:cf:c3:ce","RSSI":-68},{"SSID":"MeetInLeeds","BSSID":"5c:a6:2d:cf:c3:cd","RSSI":-68},{"SSID":"WiFi Setup - University of Leeds","BSSID":"5c:a6:2d:cf:c3:cc","RSSI":-70},{"SSID":"WiFi Setup - University of Leeds","BSSID":"5c:a6:2d:45:dd:a3","RSSI":-74},{"SSID":"MeetInLeeds","BSSID":"5c:a6:2d:45:dd:a2","RSSI":-74},{"SSID":"WiFi Setup - University of Leeds","BSSID":"5c:a6:2d:af:92:4c","RSSI":-75},{"SSID":"eduroam","BSSID":"5c:a6:2d:af:92:4e","RSSI":-75},{"SSID":"MeetInLeeds","BSSID":"5c:a6:2d:af:92:4d","RSSI":-76},{"SSID":"MeetInLeeds","BSSID":"5c:a6:2d:ef:4c:42","RSSI":-76},{"SSID":"WiFi Setup - University of Leeds","BSSID":"5c:a6:2d:ef:4c:43","RSSI":-76},{"SSID":"MeetInLeeds","BSSID":"ac:3a:67:07:fc:22","RSSI":-79},{"SSID":"WiFi Setup - University of Leeds","BSSID":"ac:3a:67:07:fc:23","RSSI":-79},{"SSID":"MeetInLeeds","BSSID":"5c:a6:2d:cf:ae:6d","RSSI":-81},{"SSID":"MeetInLeeds","BSSID":"5c:a6:2d:ef:4c:4d","RSSI":-81},{"SSID":"eduroam","BSSID":"5c:a6:2d:ef:4c:4e","RSSI":-81},{"SSID":"eduroam","BSSID":"5c:a6:2d:cf:ae:6e","RSSI":-82},{"SSID":"WiFi Setup - University of Leeds","BSSID":"5c:a6:2d:ef:4c:4c","RSSI":-83},{"SSID":"WiFi Setup - University of Leeds","BSSID":"ac:3a:67:08:06:2c","RSSI":-84},{"SSID":"MeetInLeeds","BSSID":"ac:3a:67:08:06:2d","RSSI":-86}],[{"SSID":"MeetInLeeds","BSSID":"5c:a6:2d:cf:b5:e2","RSSI":-38},{"SSID":"WiFi Setup - University of Leeds","BSSID":"5c:a6:2d:cf:b5:e3","RSSI":-39},{"SSID":"MeetInLeeds","BSSID":"ac:3a:67:08:28:e2","RSSI":-40},{"SSID":"MeetInLeeds","BSSID":"5c:a6:2d:cf:b5:ed","RSSI":-40},{"SSID":"eduroam","BSSID":"ac:3a:67:08:28:e1","RSSI":-41},{"SSID":"WiFi Setup - University of Leeds","BSSID":"5c:a6:2d:cf:b5:ec","RSSI":-41},{"SSID":"eduroam","BSSID":"5c:a6:2d:cf:b5:ee","RSSI":-41},{"SSID":"eduroam","BSSID":"ac:3a:67:08:28:ee","RSSI":-53},{"SSID":"WiFi Setup - University of Leeds","BSSID":"ac:3a:67:08:28:ec","RSSI":-53},{"SSID":"WiFi Setup - University of Leeds","BSSID":"5c:a6:2d:eb:d7:43","RSSI":-54},{"SSID":"MeetInLeeds","BSSID":"5c:a6:2d:eb:d7:42","RSSI":-55},{"SSID":"MeetInLeeds","BSSID":"ac:3a:67:08:28:ed","RSSI":-56},{"SSID":"eduroam","BSSID":"5c:a6:2d:eb:d7:4e","RSSI":-59},{"SSID":"MeetInLeeds","BSSID":"5c:a6:2d:eb:d7:4d","RSSI":-60},{"SSID":"WiFi Setup - University of Leeds","BSSID":"5c:a6:2d:eb:d7:4c","RSSI":-60},{"SSID":"MeetInLeeds","BSSID":"5c:a6:2d:cf:c3:c2","RSSI":-63},{"SSID":"MeetInLeeds","BSSID":"5c:a6:2d:5d:2f:42","RSSI":-64},{"SSID":"WiFi Setup - University of Leeds","BSSID":"5c:a6:2d:5d:2f:43","RSSI":-64},{"SSID":"eduroam","BSSID":"5c:a6:2d:5d:2f:41","RSSI":-64},{"SSID":"WiFi Setup - University of Leeds","BSSID":"5c:a6:2d:45:dd:a3","RSSI":-74},{"SSID":"MeetInLeeds","BSSID":"5c:a6:2d:45:dd:a2","RSSI":-74},{"SSID":"WiFi Setup - University of Leeds","BSSID":"5c:a6:2d:ef:4c:43","RSSI":-77},{"SSID":"eduroam","BSSID":"5c:a6:2d:af:92:4e","RSSI":-78},{"SSID":"MeetInLeeds","BSSID":"5c:a6:2d:af:92:42","RSSI":-81},{"SSID":"WiFi Setup - University of Leeds","BSSID":"5c:a6:2d:cf:ae:6c","RSSI":-83},{"SSID":"eduroam","BSSID":"5c:a6:2d:cf:ae:6e","RSSI":-84},{"SSID":"MeetInLeeds","BSSID":"5c:a6:2d:cf:ae:6d","RSSI":-84},{"SSID":"eduroam","BSSID":"ac:3a:67:07:fc:2e","RSSI":-85},{"SSID":"eduroam","BSSID":"5c:a6:2d:af:92:2e","RSSI":-86},{"SSID":"WiFi Setup - University of Leeds","BSSID":"5c:a6:2d:af:92:2c","RSSI":-86},{"SSID":"MeetInLeeds","BSSID":"ac:3a:67:07:fc:2d","RSSI":-86},{"SSID":"MeetInLeeds","BSSID":"5c:a6:2d:af:92:2d","RSSI":-87}],[{"SSID":"WiFi Setup - University of Leeds","BSSID":"5c:a6:2d:cf:b5:e3","RSSI":-38},{"SSID":"MeetInLeeds","BSSID":"5c:a6:2d:cf:b5:e2","RSSI":-38},{"SSID":"WiFi Setup - University of Leeds","BSSID":"ac:3a:67:08:28:e3","RSSI":-39},{"SSID":"MeetInLeeds","BSSID":"ac:3a:67:08:28:e2","RSSI":-40},{"SSID":"MeetInLeeds","BSSID":"ac:3a:67:08:28:ed","RSSI":-49},{"SSID":"eduroam","BSSID":"5c:a6:2d:eb:d7:41","RSSI":-50},{"SSID":"WiFi Setup - University of Leeds","BSSID":"5c:a6:2d:eb:d7:43","RSSI":-51},{"SSID":"MeetInLeeds","BSSID":"5c:a6:2d:eb:d7:42","RSSI":-52},{"SSID":"eduroam","BSSID":"5c:a6:2d:eb:d7:4e","RSSI":-53},{"SSID":"WiFi Setup - University of Leeds","BSSID":"5c:a6:2d:eb:d7:4c","RSSI":-53},{"SSID":"WiFi Setup - University of Leeds","BSSID":"5c:a6:2d:5d:2f:43","RSSI":-62},{"SSID":"MeetInLeeds","BSSID":"5c:a6:2d:5d:2f:42","RSSI":-63},{"SSID":"WiFi Setup - University of Leeds","BSSID":"5c:a6:2d:cf:c3:c3","RSSI":-64},{"SSID":"eduroam","BSSID":"5c:a6:2d:cf:c3:c1","RSSI":-64},{"SSID":"MeetInLeeds","BSSID":"5c:a6:2d:cf:c3:c2","RSSI":-64},{"SSID":"MeetInLeeds","BSSID":"5c:a6:2d:ef:4c:42","RSSI":-74},{"SSID":"WiFi Setup - University of Leeds","BSSID":"5c:a6:2d:ef:4c:43","RSSI":-74},{"SSID":"WiFi Setup - University of Leeds","BSSID":"5c:a6:2d:cf:ae:63","RSSI":-80},{"SSID":"WiFi Setup - University of Leeds","BSSID":"5c:a6:2d:af:92:43","RSSI":-83}],[{"SSID":"MeetInLeeds","BSSID":"5c:a6:2d:cf:b5:e2","RSSI":-39},{"SSID":"WiFi Setup - University of Leeds","BSSID":"ac:3a:67:08:28:e3","RSSI":-40},{"SSID":"MeetInLeeds","BSSID":"ac:3a:67:08:28:e2","RSSI":-40},{"SSID":"eduroam","BSSID":"ac:3a:67:08:28:e1","RSSI":-40},{"SSID":"WiFi Setup - University of Leeds","BSSID":"5c:a6:2d:cf:b5:e3","RSSI":-40},{"SSID":"eduroam","BSSID":"ac:3a:67:08:28:ee","RSSI":-47},{"SSID":"MeetInLeeds","BSSID":"ac:3a:67:08:28:ed","RSSI":-47},{"SSID":"WiFi Setup - University of Leeds","BSSID":"ac:3a:67:08:28:ec","RSSI":-47},{"SSID":"WiFi Setup - University of Leeds","BSSID":"5c:a6:2d:eb:d7:43","RSSI":-50},{"SSID":"WiFi Setup - University of Leeds","BSSID":"5c:a6:2d:eb:d7:4c","RSSI":-50},{"SSID":"MeetInLeeds","BSSID":"5c:a6:2d:eb:d7:42","RSSI":-51},{"SSID":"eduroam","BSSID":"5c:a6:2d:eb:d7:4e","RSSI":-51},{"SSID":"MeetInLeeds","BSSID":"5c:a6:2d:eb:d7:4d","RSSI":-51},{"SSID":"WiFi Setup - University of Leeds","BSSID":"5c:a6:2d:cf:c3:c3","RSSI":-63},{"SSID":"MeetInLeeds","BSSID":"5c:a6:2d:cf:c3:c2","RSSI":-64},{"SSID":"MeetInLeeds","BSSID":"5c:a6:2d:5d:2f:42","RSSI":-64},{"SSID":"WiFi Setup - University of Leeds","BSSID":"5c:a6:2d:5d:2f:43","RSSI":-64},{"SSID":"WiFi Setup - University of Leeds","BSSID":"5c:a6:2d:45:dd:a3","RSSI":-73},{"SSID":"MeetInLeeds","BSSID":"5c:a6:2d:45:dd:a2","RSSI":-73},{"SSID":"MeetInLeeds","BSSID":"5c:a6:2d:ef:4c:42","RSSI":-74},{"SSID":"WiFi Setup - University of Leeds","BSSID":"ac:3a:67:07:fc:23","RSSI":-80},{"SSID":"MeetInLeeds","BSSID":"ac:3a:67:07:fc:22","RSSI":-81},{"SSID":"eduroam","BSSID":"ac:3a:67:07:fc:21","RSSI":-81},{"SSID":"WiFi Setup - University of Leeds","BSSID":"5c:a6:2d:cf:ae:6c","RSSI":-83},{"SSID":"MeetInLeeds","BSSID":"5c:a6:2d:cf:ae:6d","RSSI":-83},{"SSID":"WiFi Setup - University of Leeds","BSSID":"5c:a6:2d:cf:ae:63","RSSI":-83},{"SSID":"eduroam","BSSID":"5c:a6:2d:cf:ae:6e","RSSI":-84}],[{"SSID":"WiFi Setup - University of Leeds","BSSID":"ac:3a:67:08:28:e3","RSSI":-40},{"SSID":"MeetInLeeds","BSSID":"ac:3a:67:08:28:e2","RSSI":-40},{"SSID":"WiFi Setup - University of Leeds","BSSID":"5c:a6:2d:cf:b5:e3","RSSI":-40},{"SSID":"MeetInLeeds","BSSID":"5c:a6:2d:cf:b5:e2","RSSI":-40},{"SSID":"WiFi Setup - University of Leeds","BSSID":"5c:a6:2d:cf:b5:ec","RSSI":-40},{"SSID":"eduroam","BSSID":"5c:a6:2d:cf:b5:ee","RSSI":-40},{"SSID":"MeetInLeeds","BSSID":"5c:a6:2d:cf:b5:ed","RSSI":-40},{"SSID":"MeetInLeeds","BSSID":"5c:a6:2d:eb:d7:42","RSSI":-49},{"SSID":"WiFi Setup - University of Leeds","BSSID":"5c:a6:2d:eb:d7:43","RSSI":-50},{"SSID":"MeetInLeeds","BSSID":"5c:a6:2d:5d:2f:42","RSSI":-61},{"SSID":"WiFi Setup - University of Leeds","BSSID":"5c:a6:2d:5d:2f:43","RSSI":-61},{"SSID":"eduroam","BSSID":"5c:a6:2d:5d:2f:41","RSSI":-61},{"SSID":"MeetInLeeds","BSSID":"5c:a6:2d:5d:2f:4d","RSSI":-62},{"SSID":"MeetInLeeds","BSSID":"5c:a6:2d:cf:c3:c2","RSSI":-63},{"SSID":"WiFi Setup - University of Leeds","BSSID":"5c:a6:2d:5d:2f:4c","RSSI":-63},{"SSID":"WiFi Setup - University of Leeds","BSSID":"5c:a6:2d:cf:c3:c3","RSSI":-64},{"SSID":"eduroam","BSSID":"5c:a6:2d:cf:c3:ce","RSSI":-66},{"SSID":"MeetInLeeds","BSSID":"5c:a6:2d:cf:c3:cd","RSSI":-66},{"SSID":"WiFi Setup - University of Leeds","BSSID":"5c:a6:2d:cf:c3:cc","RSSI":-67},{"SSID":"WiFi Setup - University of Leeds","BSSID":"5c:a6:2d:45:dd:a3","RSSI":-73},{"SSID":"MeetInLeeds","BSSID":"5c:a6:2d:45:dd:a2","RSSI":-73},{"SSID":"MeetInLeeds","BSSID":"5c:a6:2d:ef:4c:42","RSSI":-74},{"SSID":"WiFi Setup - University of Leeds","BSSID":"5c:a6:2d:ef:4c:43","RSSI":-74},{"SSID":"WiFi Setup - University of Leeds","BSSID":"5c:a6:2d:ef:4c:4c","RSSI":-78},{"SSID":"MeetInLeeds","BSSID":"5c:a6:2d:af:92:4d","RSSI":-80},{"SSID":"WiFi Setup - University of Leeds","BSSID":"5c:a6:2d:af:92:4c","RSSI":-80},{"SSID":"eduroam","BSSID":"5c:a6:2d:af:92:4e","RSSI":-80},{"SSID":"eduroam","BSSID":"5c:a6:2d:af:92:41","RSSI":-80},{"SSID":"MeetInLeeds","BSSID":"ac:3a:67:07:fc:22","RSSI":-80},{"SSID":"eduroam","BSSID":"5c:a6:2d:ef:4c:4e","RSSI":-80},{"SSID":"MeetInLeeds","BSSID":"5c:a6:2d:af:92:42","RSSI":-81},{"SSID":"WiFi Setup - University of Leeds","BSSID":"5c:a6:2d:cf:ae:63","RSSI":-81},{"SSID":"MeetInLeeds","BSSID":"5c:a6:2d:ef:4c:4d","RSSI":-81},{"SSID":"WiFi Setup - University of Leeds","BSSID":"5c:a6:2d:af:92:23","RSSI":-83}],[{"SSID":"WiFi Setup - University of Leeds","BSSID":"5c:a6:2d:cf:b5:e3","RSSI":-40},{"SSID":"MeetInLeeds","BSSID":"5c:a6:2d:cf:b5:e2","RSSI":-40},{"SSID":"WiFi Setup - University of Leeds","BSSID":"5c:a6:2d:cf:b5:ec","RSSI":-40},{"SSID":"eduroam","BSSID":"5c:a6:2d:cf:b5:ee","RSSI":-40},{"SSID":"MeetInLeeds","BSSID":"5c:a6:2d:cf:b5:ed","RSSI":-40},{"SSID":"MeetInLeeds","BSSID":"ac:3a:67:08:28:e2","RSSI":-41},{"SSID":"WiFi Setup - University of Leeds","BSSID":"ac:3a:67:08:28:e3","RSSI":-45},{"SSID":"MeetInLeeds","BSSID":"5c:a6:2d:5d:2f:42","RSSI":-62},{"SSID":"WiFi Setup - University of Leeds","BSSID":"5c:a6:2d:5d:2f:43","RSSI":-62},{"SSID":"WiFi Setup - University of Leeds","BSSID":"5c:a6:2d:5d:2f:4c","RSSI":-63},{"SSID":"MeetInLeeds","BSSID":"5c:a6:2d:5d:2f:4d","RSSI":-63},{"SSID":"MeetInLeeds","BSSID":"5c:a6:2d:cf:c3:c2","RSSI":-64},{"SSID":"WiFi Setup - University of Leeds","BSSID":"5c:a6:2d:cf:c3:c3","RSSI":-65},{"SSID":"eduroam","BSSID":"5c:a6:2d:5d:2f:4e","RSSI":-65},{"SSID":"WiFi Setup - University of Leeds","BSSID":"5c:a6:2d:cf:c3:cc","RSSI":-67},{"SSID":"eduroam","BSSID":"5c:a6:2d:cf:c3:ce","RSSI":-68},{"SSID":"MeetInLeeds","BSSID":"5c:a6:2d:cf:c3:cd","RSSI":-68},{"SSID":"WiFi Setup - University of Leeds","BSSID":"5c:a6:2d:45:dd:a3","RSSI":-73},{"SSID":"eduroam","BSSID":"5c:a6:2d:45:dd:a1","RSSI":-73},{"SSID":"MeetInLeeds","BSSID":"5c:a6:2d:45:dd:a2","RSSI":-73},{"SSID":"WiFi Setup - University of Leeds","BSSID":"5c:a6:2d:ef:4c:43","RSSI":-75},{"SSID":"eduroam","BSSID":"5c:a6:2d:af:92:4e","RSSI":-76},{"SSID":"MeetInLeeds","BSSID":"5c:a6:2d:af:92:4d","RSSI":-77},{"SSID":"WiFi Setup - University of Leeds","BSSID":"5c:a6:2d:af:92:4c","RSSI":-77},{"SSID":"WiFi Setup - University of Leeds","BSSID":"5c:a6:2d:ef:4c:4c","RSSI":-78},{"SSID":"eduroam","BSSID":"5c:a6:2d:ef:4c:4e","RSSI":-79},{"SSID":"WiFi Setup - University of Leeds","BSSID":"5c:a6:2d:cf:ae:63","RSSI":-80},{"SSID":"WiFi Setup - University of Leeds","BSSID":"ac:3a:67:07:fc:23","RSSI":-80},{"SSID":"MeetInLeeds","BSSID":"5c:a6:2d:af:92:42","RSSI":-81},{"SSID":"MeetInLeeds","BSSID":"5c:a6:2d:ef:4c:4d","RSSI":-82},{"SSID":"WiFi Setup - University of Leeds","BSSID":"5c:a6:2d:45:dd:ac","RSSI":-88}],[{"SSID":"WiFi Setup - University of Leeds","BSSID":"5c:a6:2d:cf:b5:ec","RSSI":-39},{"SSID":"MeetInLeeds","BSSID":"5c:a6:2d:cf:b5:e2","RSSI":-40},{"SSID":"eduroam","BSSID":"5c:a6:2d:cf:b5:ee","RSSI":-40},{"SSID":"WiFi Setup - University of Leeds","BSSID":"ac:3a:67:08:28:e3","RSSI":-41},{"SSID":"MeetInLeeds","BSSID":"ac:3a:67:08:28:e2","RSSI":-41},{"SSID":"eduroam","BSSID":"ac:3a:67:08:28:e1","RSSI":-41},{"SSID":"eduroam","BSSID":"5c:a6:2d:cf:b5:e1","RSSI":-41},{"SSID":"WiFi Setup - University of Leeds","BSSID":"5c:a6:2d:cf:b5:e3","RSSI":-41},{"SSID":"MeetInLeeds","BSSID":"5c:a6:2d:5d:2f:42","RSSI":-62},{"SSID":"WiFi Setup - University of Leeds","BSSID":"5c:a6:2d:5d:2f:43","RSSI":-62},{"SSID":"WiFi Setup - University of Leeds","BSSID":"5c:a6:2d:5d:2f:4c","RSSI":-63},{"SSID":"MeetInLeeds","BSSID":"5c:a6:2d:5d:2f:4d","RSSI":-64},{"SSID":"eduroam","BSSID":"5c:a6:2d:5d:2f:4e","RSSI":-64},{"SSID":"MeetInLeeds","BSSID":"5c:a6:2d:cf:c3:c2","RSSI":-65},{"SSID":"WiFi Setup - University of Leeds","BSSID":"5c:a6:2d:cf:c3:c3","RSSI":-66},{"SSID":"WiFi Setup - University of Leeds","BSSID":"5c:a6:2d:cf:c3:cc","RSSI":-67},{"SSID":"MeetInLeeds","BSSID":"5c:a6:2d:cf:c3:cd","RSSI":-67},{"SSID":"eduroam","BSSID":"5c:a6:2d:cf:c3:ce","RSSI":-68},{"SSID":"MeetInLeeds","BSSID":"5c:a6:2d:ef:4c:42","RSSI":-73},{"SSID":"WiFi Setup - University of Leeds","BSSID":"5c:a6:2d:ef:4c:43","RSSI":-74},{"SSID":"MeetInLeeds","BSSID":"5c:a6:2d:af:92:4d","RSSI":-77},{"SSID":"eduroam","BSSID":"5c:a6:2d:af:92:4e","RSSI":-77},{"SSID":"MeetInLeeds","BSSID":"5c:a6:2d:cf:b5:ed","RSSI":-77},{"SSID":"WiFi Setup - University of Leeds","BSSID":"5c:a6:2d:af:92:43","RSSI":-79},{"SSID":"MeetInLeeds","BSSID":"5c:a6:2d:af:92:42","RSSI":-79},{"SSID":"eduroam","BSSID":"5c:a6:2d:ef:4c:4e","RSSI":-79},{"SSID":"WiFi Setup - University of Leeds","BSSID":"5c:a6:2d:cf:ae:63","RSSI":-81},{"SSID":"MeetInLeeds","BSSID":"5c:a6:2d:cf:ae:62","RSSI":-81},{"SSID":"WiFi Setup - University of Leeds","BSSID":"5c:a6:2d:af:92:23","RSSI":-81},{"SSID":"WiFi Setup - University of Leeds","BSSID":"5c:a6:2d:ef:4c:4c","RSSI":-81},{"SSID":"MeetInLeeds","BSSID":"5c:a6:2d:af:92:22","RSSI":-82},{"SSID":"MeetInLeeds","BSSID":"5c:a6:2d:ef:4c:4d","RSSI":-82},{"SSID":"WiFi Setup - University of Leeds","BSSID":"ac:3a:67:08:11:03","RSSI":-84},{"SSID":"WiFi Setup - University of Leeds","BSSID":"5c:a6:2d:45:dd:ac","RSSI":-86},{"SSID":"TP-Link_0F14","BSSID":"c0:c9:e3:b8:0f:14","RSSI":-91}],[{"SSID":"WiFi Setup - University of Leeds","BSSID":"5c:a6:2d:cf:b5:e3","RSSI":-38},{"SSID":"MeetInLeeds","BSSID":"5c:a6:2d:cf:b5:e2","RSSI":-38},{"SSID":"WiFi Setup - University of Leeds","BSSID":"ac:3a:67:08:28:e3","RSSI":-41},{"SSID":"MeetInLeeds","BSSID":"ac:3a:67:08:28:e2","RSSI":-41},{"SSID":"eduroam","BSSID":"ac:3a:67:08:28:e1","RSSI":-41},{"SSID":"eduroam","BSSID":"5c:a6:2d:eb:d7:4e","RSSI":-49},{"SSID":"eduroam","BSSID":"ac:3a:67:08:28:ee","RSSI":-50},{"SSID":"MeetInLeeds","BSSID":"ac:3a:67:08:28:ed","RSSI":-50},{"SSID":"WiFi Setup - University of Leeds","BSSID":"5c:a6:2d:eb:d7:43","RSSI":-50},{"SSID":"MeetInLeeds","BSSID":"5c:a6:2d:eb:d7:42","RSSI":-50},{"SSID":"MeetInLeeds","BSSID":"5c:a6:2d:eb:d7:4d","RSSI":-52},{"SSID":"MeetInLeeds","BSSID":"5c:a6:2d:5d:2f:42","RSSI":-60},{"SSID":"WiFi Setup - University of Leeds","BSSID":"5c:a6:2d:5d:2f:43","RSSI":-61},{"SSID":"MeetInLeeds","BSSID":"5c:a6:2d:5d:2f:4d","RSSI":-62},{"SSID":"eduroam","BSSID":"5c:a6:2d:5d:2f:4e","RSSI":-62},{"SSID":"WiFi Setup - University of Leeds","BSSID":"5c:a6:2d:cf:c3:c3","RSSI":-63},{"SSID":"WiFi Setup - University of Leeds","BSSID":"5c:a6:2d:5d:2f:4c","RSSI":-64},{"SSID":"eduroam","BSSID":"5c:a6:2d:cf:c3:c1","RSSI":-65},{"SSID":"MeetInLeeds","BSSID":"5c:a6:2d:cf:c3:c2","RSSI":-65},{"SSID":"WiFi Setup - University of Leeds","BSSID":"5c:a6:2d:ef:4c:43","RSSI":-73},{"SSID":"MeetInLeeds","BSSID":"5c:a6:2d:ef:4c:42","RSSI":-74},{"SSID":"WiFi Setup - University of Leeds","BSSID":"5c:a6:2d:cf:ae:63","RSSI":-79},{"SSID":"WiFi Setup - University of Leeds","BSSID":"5c:a6:2d:af:92:23","RSSI":-81},{"SSID":"MeetInLeeds","BSSID":"5c:a6:2d:af:92:22","RSSI":-82},{"SSID":"WiFi Setup - University of Leeds","BSSID":"5c:a6:2d:cf:ae:6c","RSSI":-85}]]