[[{"SSID":"eduroam","BSSID":"5c:a6:2d:86:69:21","RSSI":-46},{"SSID":"MeetInLeeds","BSSID":"5c:a6:2d:86:69:22","RSSI":-46},{"SSID":"MeetInLeeds","BSSID":"5c:a6:2d:ce:8e:a2","RSSI":-51},{"SSID":"eduroam","BSSID":"5c:a6:2d:ce:8e:ae","RSSI":-52},{"SSID":"MeetInLeeds","BSSID":"5c:a6:2d:ce:8e:ad","RSSI":-52},{"SSID":"MeetInLeeds","BSSID":"5c:a6:2d:86:69:c2","RSSI":-53},{"SSID":"eduroam","BSSID":"5c:a6:2d:86:69:c1","RSSI":-53},{"SSID":"MeetInLeeds","BSSID":"5c:a6:2d:1e:08:e2","RSSI":-53},{"SSID":"eduroam","BSSID":"5c:a6:2d:1e:08:ee","RSSI":-54},{"SSID":"MeetInLeeds","BSSID":"5c:a6:2d:1e:08:ed","RSSI":-55},{"SSID":"MeetInLeeds","BSSID":"5c:a6:2d:ce:ac:22","RSSI":-61},{"SSID":"MeetInLeeds","BSSID":"ac:3a:67:08:25:82","RSSI":-62},{"SSID":"MeetInLeeds","BSSID":"5c:a6:2d:86:69:cd","RSSI":-63},{"SSID":"eduroam","BSSID":"5c:a6:2d:86:69:ce","RSSI":-63},{"SSID":"MeetInLeeds","BSSID":"5c:a6:2d:ce:bf:02","RSSI":-65},{"SSID":"eduroam","BSSID":"ac:3a:67:08:25:81","RSSI":-66},{"SSID":"MeetInLeeds","BSSID":"5c:a6:2d:ce:a3:c2","RSSI":-68},{"SSID":"MeetInLeeds","BSSID":"5c:a6:2d:cf:c4:e2","RSSI":-70},{"SSID":"MeetInLeeds","BSSID":"5c:a6:2d:45:dc:02","RSSI":-70},{"SSID":"eduroam","BSSID":"5c:a6:2d:cf:c1:61","RSSI":-71},{"SSID":"eduroam","BSSID":"5c:a6:2d:af:91:4e","RSSI":-71},{"SSID":"MeetInLeeds","BSSID":"5c:a6:2d:af:91:4d","RSSI":-71},{"SSID":"MeetInLeeds","BSSID":"5c:a6:2d:af:91:42","RSSI":-71},{"SSID":"eduroam","BSSID":"5c:a6:2d:ce:c1:e1","RSSI":-72},{"SSID":"eduroam","BSSID":"5c:a6:2d:cf:c1:6e","RSSI":-72},{"SSID":"MeetInLeeds","BSSID":"5c:a6:2d:cf:c1:6d","RSSI":-72},{"SSID":"MeetInLeeds","BSSID":"5c:a6:2d:cf:c1:62","RSSI":-72},{"SSID":"eduroam","BSSID":"5c:a6:2d:af:91:41","RSSI":-72},{"SSID":"MeetInLeeds","BSSID":"5c:a6:2d:45:dc:0d","RSSI":-73},{"SSID":"eduroam","BSSID":"5c:a6:2d:45:dc:0e","RSSI":-73},{"SSID":"MeetInLeeds","BSSID":"5c:a6:2d:ce:c1:e2","RSSI":-73},{"SSID":"eduroam","BSSID":"ac:3a:67:08:03:8e","RSSI":-73},{"SSID":"MeetInLeeds","BSSID":"ac:3a:67:08:03:8d","RSSI":-74},{"SSID":"MeetInLeeds","BSSID":"5c:a6:2d:ce:bf:0d","RSSI":-76},{"SSID":"eduroam","BSSID":"5c:a6:2d:ce:ac:2e","RSSI":-78},{"SSID":"MeetInLeeds","BSSID":"5c:a6:2d:5d:2e:c2","RSSI":-78},{"SSID":"MeetInLeeds","BSSID":"5c:a6:2d:af:94:ad","RSSI":-80},{"SSID":"MeetInLeeds","BSSID":"5c:a6:2d:ce:ac:2d","RSSI":-80},{"SSID":"eduroam","BSSID":"5c:a6:2d:ce:bf:0e","RSSI":-80},{"SSID":"eduroam","BSSID":"5c:a6:2d:af:94:ae","RSSI":-81},{"SSID":"MeetInLeeds","BSSID":"5c:a6:2d:5d:2e:cd","RSSI":-82},{"SSID":"eduroam","BSSID":"5c:a6:2d:5d:2e:ce","RSSI":-82},{"SSID":"MeetInLeeds","BSSID":"5c:a6:2d:cf:e5:42","RSSI":-83},{"SSID":"eduroam","BSSID":"5c:a6:2d:ce:c1:ee","RSSI":-83},{"SSID":"MeetInLeeds","BSSID":"5c:a6:2d:cf:c4:ed","RSSI":-84},{"SSID":"eduroam","BSSID":"5c:a6:2d:cf:e5:41","RSSI":-84},{"SSID":"MeetInLeeds","BSSID":"5c:a6:2d:ce:c1:ed","RSSI":-84},{"SSID":"eduroam","BSSID":"5c:a6:2d:cf:c4:ee","RSSI":-85},{"SSID":"MeetInLeeds","BSSID":"5c:a6:2d:cf:e5:4d","RSSI":-86},{"SSID":"eduroam","BSSID":"5c:a6:2d:cf:e5:4e","RSSI":-87}],[{"SSID":"eduroam","BSSID":"5c:a6:2d:86:69:21","RSSI":-41},{"SSID":"MeetInLeeds","BSSID":"5c:a6:2d:ce:8e:a2","RSSI":-42},{"SSID":"eduroam","BSSID":"5c:a6:2d:ce:8e:a1","RSSI":-42},{"SSID":"eduroam","BSSID":"5c:a6:2d:ce:8e:ae","RSSI":-45},{"SSID":"MeetInLeeds","BSSID":"5c:a6:2d:ce:8e:ad","RSSI":-46},{"SSID":"eduroam","BSSID":"5c:a6:2d:1e:08:ee","RSSI":-48},{"SSID":"MeetInLeeds","BSSID":"5c:a6:2d:1e:08:e2","RSSI":-49},{"SSID":"MeetInLeeds","BSSID":"5c:a6:2d:1e:08:ed","RSSI":-49},{"SSID":"eduroam","BSSID":"5c:a6:2d:1e:08:e1","RSSI":-50},{"SSID":"MeetInLeeds","BSSID":"5c:a6:2d:86:69:c2","RSSI":-53},{"SSID":"eduroam","BSSID":"5c:a6:2d:86:69:2e","RSSI":-53},{"SSID":"MeetInLeeds","BSSID":"5c:a6:2d:86:69:2d","RSSI":-54},{"SSID":"MeetInLeeds","BSSID":"ac:3a:67:08:25:82","RSSI":-57},{"SSID":"eduroam","BSSID":"ac:3a:67:08:25:81","RSSI":-57},{"SSID":"eduroam","BSSID":"5c:a6:2d:45:dc:0e","RSSI":-58},{"SSID":"MeetInLeeds","BSSID":"5c:a6:2d:cf:c1:62","RSSI":-58},{"SSID":"eduroam","BSSID":"5c:a6:2d:cf:c1:61","RSSI":-58},{"SSID":"MeetInLeeds","BSSID":"5c:a6:2d:45:dc:0d","RSSI":-59},{"SSID":"eduroam","BSSID":"5c:a6:2d:cf:c1:6e","RSSI":-59},{"SSID":"MeetInLeeds","BSSID":"5c:a6:2d:cf:c1:6d","RSSI":-60},{"SSID":"MeetInLeeds","BSSID":"5c:a6:2d:ce:bf:0d","RSSI":-62},{"SSID":"eduroam","BSSID":"5c:a6:2d:ce:bf:0e","RSSI":-62},{"SSID":"MeetInLeeds","BSSID":"5c:a6:2d:ce:ac:22","RSSI":-62},{"SSID":"MeetInLeeds","BSSID":"5c:a6:2d:ce:bf:02","RSSI":-63},{"SSID":"eduroam","BSSID":"5c:a6:2d:af:91:4e","RSSI":-63},{"SSID":"MeetInLeeds","BSSID":"5c:a6:2d:af:91:4d","RSSI":-63},{"SSID":"eduroam","BSSID":"ac:3a:67:08:0c:81","RSSI":-63},{"SSID":"eduroam","BSSID":"5c:a6:2d:ce:ac:21","RSSI":-63},{"SSID":"eduroam","BSSID":"5c:a6:2d:45:dc:01","RSSI":-63},{"SSID":"MeetInLeeds","BSSID":"5c:a6:2d:86:69:22","RSSI":-63},{"SSID":"MeetInLeeds","BSSID":"ac:3a:67:08:0c:8d","RSSI":-64},{"SSID":"eduroam","BSSID":"ac:3a:67:08:0c:8e","RSSI":-64},{"SSID":"eduroam","BSSID":"ac:3a:67:08:03:8e","RSSI":-65},{"SSID":"MeetInLeeds","BSSID":"ac:3a:67:08:03:8d","RSSI":-65},{"SSID":"MeetInLeeds","BSSID":"5c:a6:2d:af:91:42","RSSI":-65},{"SSID":"MeetInLeeds","BSSID":"5c:a6:2d:45:dc:02","RSSI":-65},{"SSID":"MeetInLeeds","BSSID":"ac:3a:67:08:25:8d","RSSI":-66},{"SSID":"eduroam","BSSID":"ac:3a:67:08:25:8e","RSSI":-66},{"SSID":"MeetInLeeds","BSSID":"5c:a6:2d:ce:c1:e2","RSSI":-68},{"SSID":"MeetInLeeds","BSSID":"5c:a6:2d:ce:ac:2d","RSSI":-70},{"SSID":"MeetInLeeds","BSSID":"5c:a6:2d:86:69:cd","RSSI":-70},{"SSID":"eduroam","BSSID":"5c:a6:2d:af:94:ae","RSSI":-71},{"SSID":"MeetInLeeds","BSSID":"5c:a6:2d:ce:a3:cd","RSSI":-71},{"SSID":"eduroam","BSSID":"5c:a6:2d:ce:a3:ce","RSSI":-71},{"SSID":"MeetInLeeds","BSSID":"5c:a6:2d:86:6b:82","RSSI":-71},{"SSID":"MeetInLeeds","BSSID":"5c:a6:2d:af:94:ad","RSSI":-72},{"SSID":"eduroam","BSSID":"5c:a6:2d:ce:ac:2e","RSSI":-73},{"SSID":"MeetInLeeds","BSSID":"ac:3a:67:08:28:22","RSSI":-74},{"SSID":"MeetInLeeds","BSSID":"5c:a6:2d:5d:2e:c2","RSSI":-75},{"SSID":"eduroam","BSSID":"5c:a6:2d:5d:2c:0e","RSSI":-76},{"SSID":"MeetInLeeds","BSSID":"5c:a6:2d:5d:2c:0d","RSSI":-76},{"SSID":"MeetInLeeds","BSSID":"5c:a6:2d:af:8f:cd","RSSI":-76},{"SSID":"eduroam","BSSID":"5c:a6:2d:ce:b4:c1","RSSI":-76},{"SSID":"Nell's Phone","BSSID":"f2:4d:2c:74:57:16","RSSI":-77},{"SSID":"MeetInLeeds","BSSID":"5c:a6:2d:5d:2e:cd","RSSI":-78},{"SSID":"MeetInLeeds","BSSID":"ac:3a:67:08:29:2d","RSSI":-78},{"SSID":"MeetInLeeds","BSSID":"ac:3a:67:08:29:22","RSSI":-78},{"SSID":"eduroam","BSSID":"5c:a6:2d:ce:c1:ee","RSSI":-79},{"SSID":"MeetInLeeds","BSSID":"5c:a6:2d:ce:b4:cd","RSSI":-80},{"SSID":"MeetInLeeds","BSSID":"5c:a6:2d:ce:c1:ed","RSSI":-80},{"SSID":"eduroam","BSSID":"5c:a6:2d:5d:2e:ce","RSSI":-81},{"SSID":"MeetInLeeds","BSSID":"5c:a6:2d:ce:a1:cd","RSSI":-81},{"SSID":"MeetInLeeds","BSSID":"5c:a6:2d:86:6d:2d","RSSI":-81},{"SSID":"eduroam","BSSID":"5c:a6:2d:86:6d:2e","RSSI":-81},{"SSID":"MeetInLeeds","BSSID":"5c:a6:2d:cf:c4:ed","RSSI":-81},{"SSID":"eduroam","BSSID":"5c:a6:2d:ce:b4:ce","RSSI":-82},{"SSID":"MeetInLeeds","BSSID":"5c:a6:2d:ce:b2:0d","RSSI":-83},{"SSID":"MeetInLeeds","BSSID":"5c:a6:2d:ef:45:2d","RSSI":-83},{"SSID":"MeetInLeeds","BSSID":"5c:a6:2d:af:91:cd","RSSI":-83},{"SSID":"MeetInLeeds","BSSID":"5c:a6:2d:cf:c5:ed","RSSI":-84},{"SSID":"eduroam","BSSID":"5c:a6:2d:af:91:ce","RSSI":-84},{"SSID":"MeetInLeeds","BSSID":"ac:3a:67:08:2a:0d","RSSI":-85},{"SSID":"eduroam","BSSID":"5c:a6:2d:45:db:ae","RSSI":-85},{"SSID":"eduroam","BSSID":"ac:3a:67:08:32:4e","RSSI":-86},{"SSID":"MeetInLeeds","BSSID":"5c:a6:2d:cf:b3:ed","RSSI":-86},{"SSID":"eduroam","BSSID":"ac:3a:67:08:2a:0e","RSSI":-86}],[{"SSID":"MeetInLeeds","BSSID":"5c:a6:2d:ce:8e:a2","RSSI":-39},{"SSID":"eduroam","BSSID":"5c:a6:2d:ce:8e:a1","RSSI":-39},{"SSID":"MeetInLeeds","BSSID":"5c:a6:2d:86:69:22","RSSI":-49},{"SSID":"eduroam","BSSID":"5c:a6:2d:86:69:c1","RSSI":-51},{"SSID":"MeetInLeeds","BSSID":"5c:a6:2d:ce:8e:ad","RSSI":-52},{"SSID":"eduroam","BSSID":"5c:a6:2d:86:69:2e","RSSI":-52},{"SSID":"MeetInLeeds","BSSID":"5c:a6:2d:1e:08:ed","RSSI":-53},{"SSID":"MeetInLeeds","BSSID":"5c:a6:2d:86:69:2d","RSSI":-53},{"SSID":"eduroam","BSSID":"5c:a6:2d:ce:8e:ae","RSSI":-55},{"SSID":"MeetInLeeds","BSSID":"5c:a6:2d:86:69:cd","RSSI":-57},{"SSID":"eduroam","BSSID":"5c:a6:2d:86:69:ce","RSSI":-57},{"SSID":"eduroam","BSSID":"5c:a6:2d:cf:c1:61","RSSI":-65},{"SSID":"MeetInLeeds","BSSID":"ac:3a:67:08:03:82","RSSI":-67},{"SSID":"eduroam","BSSID":"5c:a6:2d:af:91:4e","RSSI":-68},{"SSID":"MeetInLeeds","BSSID":"5c:a6:2d:af:91:4d","RSSI":-68},{"SSID":"MeetInLeeds","BSSID":"5c:a6:2d:1e:08:e2","RSSI":-69},{"SSID":"MeetInLeeds","BSSID":"5c:a6:2d:ce:bf:02","RSSI":-69},{"SSID":"eduroam","BSSID":"5c:a6:2d:af:91:41","RSSI":-69},{"SSID":"eduroam","BSSID":"5c:a6:2d:45:dc:01","RSSI":-69},{"SSID":"MeetInLeeds","BSSID":"5c:a6:2d:af:91:42","RSSI":-70},{"SSID":"eduroam","BSSID":"5c:a6:2d:ce:c1:e1","RSSI":-71},{"SSID":"MeetInLeeds","BSSID":"5c:a6:2d:ce:bf:0d","RSSI":-71},{"SSID":"MeetInLeeds","BSSID":"5c:a6:2d:cf:c4:e2","RSSI":-71},{"SSID":"eduroam","BSSID":"5c:a6:2d:ce:bf:0e","RSSI":-71},{"SSID":"eduroam","BSSID":"5c:a6:2d:45:dc:0e","RSSI":-72},{"SSID":"eduroam","BSSID":"5c:a6:2d:1e:08:ee","RSSI":-72},{"SSID":"eduroam","BSSID":"ac:3a:67:08:03:8e","RSSI":-72},{"SSID":"MeetInLeeds","BSSID":"ac:3a:67:08:03:8d","RSSI":-72},{"SSID":"eduroam","BSSID":"5c:a6:2d:cf:c1:6e","RSSI":-73},{"SSID":"MeetInLeeds","BSSID":"5c:a6:2d:cf:c1:6d","RSSI":-73},{"SSID":"MeetInLeeds","BSSID":"5c:a6:2d:ce:c1:e2","RSSI":-74},{"SSID":"MeetInLeeds","BSSID":"5c:a6:2d:cf:e5:42","RSSI":-75},{"SSID":"eduroam","BSSID":"5c:a6:2d:af:94:a1","RSSI":-76},{"SSID":"MeetInLeeds","BSSID":"5c:a6:2d:af:94:a2","RSSI":-76},{"SSID":"MeetInLeeds","BSSID":"5c:a6:2d:ce:ac:2d","RSSI":-76},{"SSID":"MeetInLeeds","BSSID":"ac:3a:67:08:25:8d","RSSI":-76},{"SSID":"eduroam","BSSID":"5c:a6:2d:af:8f:c1","RSSI":-77},{"SSID":"eduroam","BSSID":"ac:3a:67:08:25:8e","RSSI":-78},{"SSID":"eduroam","BSSID":"5c:a6:2d:5d:2c:0e","RSSI":-80},{"SSID":"eduroam","BSSID":"5c:a6:2d:ce:a3:ce","RSSI":-80},{"SSID":"MeetInLeeds","BSSID":"ac:3a:67:08:0c:8d","RSSI":-80},{"SSID":"eduroam","BSSID":"ac:3a:67:08:0c:8e","RSSI":-80},{"SSID":"MeetInLeeds","BSSID":"5c:a6:2d:af:8f:c2","RSSI":-80},{"SSID":"MeetInLeeds","BSSID":"5c:a6:2d:5d:2e:cd","RSSI":-81},{"SSID":"MeetInLeeds","BSSID":"5c:a6:2d:5d:2c:0d","RSSI":-81},{"SSID":"MeetInLeeds","BSSID":"5c:a6:2d:cf:c4:ed","RSSI":-81},{"SSID":"eduroam","BSSID":"5c:a6:2d:cf:c4:ee","RSSI":-81},{"SSID":"eduroam","BSSID":"5c:a6:2d:5d:2e:ce","RSSI":-82},{"SSID":"eduroam","BSSID":"5c:a6:2d:af:94:ae","RSSI":-82},{"SSID":"MeetInLeeds","BSSID":"5c:a6:2d:af:94:ad","RSSI":-83},{"SSID":"eduroam","BSSID":"5c:a6:2d:ce:c1:ee","RSSI":-83},{"SSID":"MeetInLeeds","BSSID":"5c:a6:2d:ce:c1:ed","RSSI":-83},{"SSID":"MeetInLeeds","BSSID":"5c:a6:2d:ce:a3:cd","RSSI":-84},{"SSID":"eduroam","BSSID":"ac:3a:67:08:28:2e","RSSI":-85},{"SSID":"eduroam","BSSID":"5c:a6:2d:af:8f:ce","RSSI":-85},{"SSID":"MeetInLeeds","BSSID":"5c:a6:2d:af:8f:cd","RSSI":-85},{"SSID":"MeetInLeeds","BSSID":"5c:a6:2d:45:dc:0d","RSSI":-87},{"SSID":"eduroam","BSSID":"5c:a6:2d:86:6b:8e","RSSI":-87},{"SSID":"MeetInLeeds","BSSID":"ac:3a:67:08:28:2d","RSSI":-87}],[{"SSID":"MeetInLeeds","BSSID":"5c:a6:2d:ce:8e:a2","RSSI":-38},{"SSID":"eduroam","BSSID":"5c:a6:2d:ce:8e:a1","RSSI":-38},{"SSID":"MeetInLeeds","BSSID":"5c:a6:2d:ce:8e:ad","RSSI":-42},{"SSID":"eduroam","BSSID":"5c:a6:2d:ce:8e:ae","RSSI":-43},{"SSID":"eduroam","BSSID":"5c:a6:2d:1e:08:ee","RSSI":-46},{"SSID":"MeetInLeeds","BSSID":"5c:a6:2d:1e:08:ed","RSSI":-46},{"SSID":"MeetInLeeds","BSSID":"5c:a6:2d:86:69:22","RSSI":-47},{"SSID":"eduroam","BSSID":"5c:a6:2d:86:69:2e","RSSI":-52},{"SSID":"MeetInLeeds","BSSID":"5c:a6:2d:86:69:2d","RSSI":-53},{"SSID":"MeetInLeeds","BSSID":"5c:a6:2d:86:69:c2","RSSI":-55},{"SSID":"eduroam","BSSID":"5c:a6:2d:86:69:c1","RSSI":-56},{"SSID":"MeetInLeeds","BSSID":"5c:a6:2d:1e:08:e2","RSSI":-56},{"SSID":"eduroam","BSSID":"ac:3a:67:08:03:8e","RSSI":-60},{"SSID":"MeetInLeeds","BSSID":"5c:a6:2d:ce:bf:02","RSSI":-60},{"SSID":"eduroam","BSSID":"5c:a6:2d:ce:bf:01","RSSI":-61},{"SSID":"eduroam","BSSID":"ac:3a:67:08:25:81","RSSI":-61},{"SSID":"MeetInLeeds","BSSID":"5c:a6:2d:af:91:4d","RSSI":-62},{"SSID":"MeetInLeeds","BSSID":"ac:3a:67:08:25:82","RSSI":-62},{"SSID":"MeetInLeeds","BSSID":"ac:3a:67:08:03:8d","RSSI":-63},{"SSID":"eduroam","BSSID":"5c:a6:2d:af:91:4e","RSSI":-63},{"SSID":"MeetInLeeds","BSSID":"5c:a6:2d:ce:bf:0d","RSSI":-63},{"SSID":"eduroam","BSSID":"5c:a6:2d:ce:bf:0e","RSSI":-63},{"SSID":"MeetInLeeds","BSSID":"5c:a6:2d:cf:c1:62","RSSI":-66},{"SSID":"MeetInLeeds","BSSID":"ac:3a:67:08:25:8d","RSSI":-66},{"SSID":"eduroam","BSSID":"ac:3a:67:08:25:8e","RSSI":-66},{"SSID":"MeetInLeeds","BSSID":"5c:a6:2d:86:69:cd","RSSI":-66},{"SSID":"eduroam","BSSID":"5c:a6:2d:86:69:ce","RSSI":-67},{"SSID":"MeetInLeeds","BSSID":"5c:a6:2d:45:dc:02","RSSI":-67},{"SSID":"eduroam","BSSID":"ac:3a:67:08:0c:81","RSSI":-69},{"SSID":"MeetInLeeds","BSSID":"5c:a6:2d:ce:a3:cd","RSSI":-70},{"SSID":"eduroam","BSSID":"ac:3a:67:08:03:81","RSSI":-70},{"SSID":"eduroam","BSSID":"5c:a6:2d:ce:ac:2e","RSSI":-70},{"SSID":"MeetInLeeds","BSSID":"ac:3a:67:08:0c:82","RSSI":-70},{"SSID":"eduroam","BSSID":"5c:a6:2d:af:94:a1","RSSI":-71},{"SSID":"MeetInLeeds","BSSID":"5c:a6:2d:af:94:a2","RSSI":-71},{"SSID":"eduroam","BSSID":"5c:a6:2d:ce:a3:ce","RSSI":-71},{"SSID":"eduroam","BSSID":"5c:a6:2d:cf:c1:6e","RSSI":-71},{"SSID":"MeetInLeeds","BSSID":"ac:3a:67:08:03:82","RSSI":-71},{"SSID":"MeetInLeeds","BSSID":"5c:a6:2d:45:dc:0d","RSSI":-72},{"SSID":"eduroam","BSSID":"5c:a6:2d:45:dc:0e","RSSI":-72},{"SSID":"MeetInLeeds","BSSID":"5c:a6:2d:ce:c1:e2","RSSI":-72},{"SSID":"MeetInLeeds","BSSID":"5c:a6:2d:cf:c1:6d","RSSI":-72},{"SSID":"MeetInLeeds","BSSID":"ac:3a:67:08:0c:8d","RSSI":-74},{"SSID":"MeetInLeeds","BSSID":"5c:a6:2d:ce:ac:2d","RSSI":-74},{"SSID":"MeetInLeeds","BSSID":"5c:a6:2d:5d:2c:02","RSSI":-74},{"SSID":"eduroam","BSSID":"5c:a6:2d:5d:2c:01","RSSI":-74},{"SSID":"MeetInLeeds","BSSID":"5c:a6:2d:5d:2c:0d","RSSI":-75},{"SSID":"MeetInLeeds","BSSID":"5c:a6:2d:af:94:ad","RSSI":-75},{"SSID":"eduroam","BSSID":"ac:3a:67:08:0c:8e","RSSI":-75},{"SSID":"MeetInLeeds","BSSID":"ac:3a:67:08:29:2d","RSSI":-76},{"SSID":"eduroam","BSSID":"ac:3a:67:08:29:2e","RSSI":-76},{"SSID":"MeetInLeeds","BSSID":"5c:a6:2d:cf:e5:42","RSSI":-77},{"SSID":"MeetInLeeds","BSSID":"5c:a6:2d:ef:45:2d","RSSI":-77},{"SSID":"eduroam","BSSID":"ac:3a:67:08:28:2e","RSSI":-78},{"SSID":"MeetInLeeds","BSSID":"ac:3a:67:08:28:2d","RSSI":-78},{"SSID":"eduroam","BSSID":"5c:a6:2d:ce:c1:ee","RSSI":-78},{"SSID":"MeetInLeeds","BSSID":"5c:a6:2d:5d:2e:cd","RSSI":-79},{"SSID":"MeetInLeeds","BSSID":"5c:a6:2d:af:8f:cd","RSSI":-79},{"SSID":"MeetInLeeds","BSSID":"5c:a6:2d:cf:e5:4d","RSSI":-79},{"SSID":"MeetInLeeds","BSSID":"5c:a6:2d:86:6d:2d","RSSI":-80},{"SSID":"eduroam","BSSID":"5c:a6:2d:86:6d:2e","RSSI":-80},{"SSID":"MeetInLeeds","BSSID":"5c:a6:2d:cf:c4:ed","RSSI":-80},{"SSID":"MeetInLeeds","BSSID":"5c:a6:2d:ce:b4:cd","RSSI":-80},{"SSID":"MeetInLeeds","BSSID":"5c:a6:2d:ce:b9:2d","RSSI":-81},{"SSID":"MeetInLeeds","BSSID":"5c:a6:2d:af:8f:c2","RSSI":-81},{"SSID":"eduroam","BSSID":"5c:a6:2d:af:8f:c1","RSSI":-81},{"SSID":"Nell's Phone","BSSID":"f2:4d:2c:74:57:16","RSSI":-81},{"SSID":"eduroam","BSSID":"5c:a6:2d:af:94:ae","RSSI":-82},{"SSID":"eduroam","BSSID":"5c:a6:2d:86:6e:0e","RSSI":-82},{"SSID":"MeetInLeeds","BSSID":"5c:a6:2d:ce:c1:ed","RSSI":-82},{"SSID":"MeetInLeeds","BSSID":"5c:a6:2d:86:6e:0d","RSSI":-83},{"SSID":"MeetInLeeds","BSSID":"5c:a6:2d:ce:b2:0d","RSSI":-83},{"SSID":"eduroam","BSSID":"5c:a6:2d:45:db:ae","RSSI":-83},{"SSID":"eduroam","BSSID":"5c:a6:2d:ce:b4:c1","RSSI":-83},{"SSID":"eduroam","BSSID":"5c:a6:2d:ce:b4:ce","RSSI":-84},{"SSID":"MeetInLeeds","BSSID":"5c:a6:2d:ce:a1:cd","RSSI":-86},{"SSID":"MeetInLeeds","BSSID":"5c:a6:2d:cf:c4:4d","RSSI":-86},{"SSID":"MeetInLeeds","BSSID":"ac:3a:67:08:2a:0d","RSSI":-86},{"SSID":"eduroam","BSSID":"ac:3a:67:08:2a:0e","RSSI":-86},{"SSID":"eduroam","BSSID":"5c:a6:2d:cf:c4:4e","RSSI":-87},{"SSID":"MeetInLeeds","BSSID":"ac:3a:67:08:01:8d","RSSI":-88},{"SSID":"MeetInLeeds","BSSID":"5c:a6:2d:45:dc:ad","RSSI":-89}],[{"SSID":"MeetInLeeds","BSSID":"5c:a6:2d:ce:8e:a2","RSSI":-43},{"SSID":"eduroam","BSSID":"5c:a6:2d:ce:8e:a1","RSSI":-43},{"SSID":"MeetInLeeds","BSSID":"5c:a6:2d:1e:08:ed","RSSI":-44},{"SSID":"eduroam","BSSID":"5c:a6:2d:1e:08:ee","RSSI":-45},{"SSID":"eduroam","BSSID":"5c:a6:2d:86:69:21","RSSI":-45},{"SSID":"MeetInLeeds","BSSID":"5c:a6:2d:86:69:22","RSSI":-45},{"SSID":"eduroam","BSSID":"5c:a6:2d:ce:8e:ae","RSSI":-50},{"SSID":"MeetInLeeds","BSSID":"5c:a6:2d:ce:8e:ad","RSSI":-50},{"SSID":"MeetInLeeds","BSSID":"5c:a6:2d:86:69:2d","RSSI":-53},{"SSID":"eduroam","BSSID":"5c:a6:2d:1e:08:e1","RSSI":-54},{"SSID":"MeetInLeeds","BSSID":"5c:a6:2d:1e:08:e2","RSSI":-55},{"SSID":"MeetInLeeds","BSSID":"5c:a6:2d:86:69:c2","RSSI":-56},{"SSID":"MeetInLeeds","BSSID":"5c:a6:2d:ce:bf:02","RSSI":-59},{"SSID":"MeetInLeeds","BSSID":"5c:a6:2d:ce:bf:0d","RSSI":-59},{"SSID":"MeetInLeeds","BSSID":"ac:3a:67:08:03:8d","RSSI":-60},{"SSID":"eduroam","BSSID":"5c:a6:2d:ce:bf:0e","RSSI":-60},{"SSID":"MeetInLeeds","BSSID":"5c:a6:2d:af:91:4d","RSSI":-61},{"SSID":"MeetInLeeds","BSSID":"5c:a6:2d:45:dc:02","RSSI":-62},{"SSID":"eduroam","BSSID":"5c:a6:2d:af:91:4e","RSSI":-63},{"SSID":"MeetInLeeds","BSSID":"ac:3a:67:08:25:82","RSSI":-63},{"SSID":"MeetInLeeds","BSSID":"5c:a6:2d:86:69:cd","RSSI":-63},{"SSID":"MeetInLeeds","BSSID":"5c:a6:2d:ce:ac:22","RSSI":-64},{"SSID":"MeetInLeeds","BSSID":"5c:a6:2d:af:91:42","RSSI":-64},{"SSID":"MeetInLeeds","BSSID":"5c:a6:2d:5d:2c:02","RSSI":-65},{"SSID":"eduroam","BSSID":"5c:a6:2d:af:91:41","RSSI":-65},{"SSID":"MeetInLeeds","BSSID":"5c:a6:2d:cf:c1:62","RSSI":-66},{"SSID":"MeetInLeeds","BSSID":"ac:3a:67:08:03:82","RSSI":-67},{"SSID":"MeetInLeeds","BSSID":"5c:a6:2d:45:dc:0d","RSSI":-69},{"SSID":"MeetInLeeds","BSSID":"5c:a6:2d:ce:ac:2d","RSSI":-70},{"SSID":"MeetInLeeds","BSSID":"5c:a6:2d:cf:c1:6d","RSSI":-71},{"SSID":"eduroam","BSSID":"ac:3a:67:08:28:21","RSSI":-72},{"SSID":"eduroam","BSSID":"5c:a6:2d:af:94:a1","RSSI":-73},{"SSID":"eduroam","BSSID":"5c:a6:2d:cf:c1:6e","RSSI":-73},{"SSID":"eduroam","BSSID":"5c:a6:2d:ce:ac:2e","RSSI":-73},{"SSID":"MeetInLeeds","BSSID":"ac:3a:67:08:28:22","RSSI":-74},{"SSID":"MeetInLeeds","BSSID":"5c:a6:2d:cf:c4:e2","RSSI":-74},{"SSID":"MeetInLeeds","BSSID":"5c:a6:2d:5d:2c:0d","RSSI":-75},{"SSID":"MeetInLeeds","BSSID":"5c:a6:2d:ce:a3:cd","RSSI":-78},{"SSID":"MeetInLeeds","BSSID":"5c:a6:2d:af:8f:cd","RSSI":-78},{"SSID":"MeetInLeeds","BSSID":"ac:3a:67:08:29:2d","RSSI":-79},{"SSID":"eduroam","BSSID":"5c:a6:2d:5d:2c:0e","RSSI":-79},{"SSID":"MeetInLeeds","BSSID":"5c:a6:2d:ce:b4:cd","RSSI":-79},{"SSID":"eduroam","BSSID":"5c:a6:2d:ce:b4:ce","RSSI":-79},{"SSID":"eduroam","BSSID":"5c:a6:2d:ce:a3:ce","RSSI":-80},{"SSID":"eduroam","BSSID":"5c:a6:2d:ef:45:2e","RSSI":-81},{"SSID":"MeetInLeeds","BSSID":"5c:a6:2d:86:6d:2d","RSSI":-83},{"SSID":"eduroam","BSSID":"5c:a6:2d:86:6d:2e","RSSI":-83},{"SSID":"MeetInLeeds","BSSID":"5c:a6:2d:cf:c4:ed","RSSI":-83},{"SSID":"MeetInLeeds","BSSID":"5c:a6:2d:ef:45:2d","RSSI":-83},{"SSID":"MeetInLeeds","BSSID":"5c:a6:2d:45:db:ad","RSSI":-83},{"SSID":"eduroam","BSSID":"5c:a6:2d:cf:c5:ee","RSSI":-84},{"SSID":"MeetInLeeds","BSSID":"5c:a6:2d:cf:c5:ed","RSSI":-84},{"SSID":"eduroam","BSSID":"5c:a6:2d:ce:c1:ee","RSSI":-84},{"SSID":"MeetInLeeds","BSSID":"5c:a6:2d:ce:c1:ed","RSSI":-84},{"SSID":"eduroam","BSSID":"5c:a6:2d:af:91:ce","RSSI":-85},{"SSID":"MeetInLeeds","BSSID":"5c:a6:2d:af:91:cd","RSSI":-85},{"SSID":"MeetInLeeds","BSSID":"ac:3a:67:08:29:ad","RSSI":-87},{"SSID":"MeetInLeeds","BSSID":"5c:a6:2d:b5:ca:ed","RSSI":-88}],[{"SSID":"eduroam","BSSID":"5c:a6:2d:86:69:21","RSSI":-45},{"SSID":"MeetInLeeds","BSSID":"5c:a6:2d:86:69:22","RSSI":-45},{"SSID":"eduroam","BSSID":"5c:a6:2d:ce:8e:ae","RSSI":-46},{"SSID":"MeetInLeeds","BSSID":"5c:a6:2d:ce:8e:ad","RSSI":-46},{"SSID":"MeetInLeeds","BSSID":"5c:a6:2d:ce:8e:a2","RSSI":-47},{"SSID":"MeetInLeeds","BSSID":"5c:a6:2d:1e:08:ed","RSSI":-47},{"SSID":"eduroam","BSSID":"5c:a6:2d:1e:08:ee","RSSI":-50},{"SSID":"eduroam","BSSID":"5c:a6:2d:86:69:2e","RSSI":-50},{"SSID":"MeetInLeeds","BSSID":"5c:a6:2d:86:69:2d","RSSI":-50},{"SSID":"MeetInLeeds","BSSID":"5c:a6:2d:86:69:c2","RSSI":-52},{"SSID":"eduroam","BSSID":"5c:a6:2d:86:69:c1","RSSI":-52},{"SSID":"MeetInLeeds","BSSID":"5c:a6:2d:1e:08:e2","RSSI":-52},{"SSID":"MeetInLeeds","BSSID":"ac:3a:67:08:03:8d","RSSI":-59},{"SSID":"eduroam","BSSID":"ac:3a:67:08:03:8e","RSSI":-60},{"SSID":"MeetInLeeds","BSSID":"ac:3a:67:08:25:82","RSSI":-61},{"SSID":"MeetInLeeds","BSSID":"5c:a6:2d:45:dc:02","RSSI":-61},{"SSID":"eduroam","BSSID":"5c:a6:2d:45:dc:01","RSSI":-61},{"SSID":"MeetInLeeds","BSSID":"5c:a6:2d:ce:bf:0d","RSSI":-62},{"SSID":"eduroam","BSSID":"5c:a6:2d:ce:bf:0e","RSSI":-62},{"SSID":"eduroam","BSSID":"5c:a6:2d:af:91:4e","RSSI":-63},{"SSID":"MeetInLeeds","BSSID":"5c:a6:2d:af:91:4d","RSSI":-63},{"SSID":"MeetInLeeds","BSSID":"5c:a6:2d:86:69:cd","RSSI":-63},{"SSID":"eduroam","BSSID":"5c:a6:2d:86:69:ce","RSSI":-63},{"SSID":"MeetInLeeds","BSSID":"5c:a6:2d:cf:c1:62","RSSI":-64},{"SSID":"MeetInLeeds","BSSID":"5c:a6:2d:ce:bf:02","RSSI":-64},{"SSID":"eduroam","BSSID":"5c:a6:2d:cf:c1:61","RSSI":-64},{"SSID":"MeetInLeeds","BSSID":"ac:3a:67:08:0c:82","RSSI":-64},{"SSID":"MeetInLeeds","BSSID":"ac:3a:67:08:03:82","RSSI":-65},{"SSID":"MeetInLeeds","BSSID":"5c:a6:2d:ce:ac:2d","RSSI":-68},{"SSID":"eduroam","BSSID":"5c:a6:2d:ce:ac:2e","RSSI":-68},{"SSID":"MeetInLeeds","BSSID":"5c:a6:2d:5d:2c:02","RSSI":-68},{"SSID":"MeetInLeeds","BSSID":"5c:a6:2d:af:91:42","RSSI":-68},{"SSID":"eduroam","BSSID":"5c:a6:2d:45:dc:0e","RSSI":-69},{"SSID":"MeetInLeeds","BSSID":"ac:3a:67:08:25:8d","RSSI":-69},{"SSID":"eduroam","BSSID":"ac:3a:67:08:25:8e","RSSI":-69},{"SSID":"MeetInLeeds","BSSID":"5c:a6:2d:45:dc:0d","RSSI":-71},{"SSID":"eduroam","BSSID":"5c:a6:2d:ce:a3:ce","RSSI":-71},{"SSID":"MeetInLeeds","BSSID":"5c:a6:2d:ce:a3:cd","RSSI":-72},{"SSID":"eduroam","BSSID":"5c:a6:2d:af:94:a1","RSSI":-73},{"SSID":"MeetInLeeds","BSSID":"5c:a6:2d:5d:2c:0d","RSSI":-73},{"SSID":"MeetInLeeds","BSSID":"5c:a6:2d:af:94:ad","RSSI":-73},{"SSID":"eduroam","BSSID":"5c:a6:2d:af:94:ae","RSSI":-73},{"SSID":"MeetInLeeds","BSSID":"5c:a6:2d:cf:c4:e2","RSSI":-73},{"SSID":"eduroam","BSSID":"5c:a6:2d:cf:c4:e1","RSSI":-73},{"SSID":"eduroam","BSSID":"5c:a6:2d:5d:2c:0e","RSSI":-74},{"SSID":"MeetInLeeds","BSSID":"5c:a6:2d:ce:c1:e2","RSSI":-74},{"SSID":"eduroam","BSSID":"5c:a6:2d:ce:c1:e1","RSSI":-74},{"SSID":"MeetInLeeds","BSSID":"ac:3a:67:08:29:2d","RSSI":-75},{"SSID":"eduroam","BSSID":"ac:3a:67:08:29:2e","RSSI":-75},{"SSID":"MeetInLeeds","BSSID":"5c:a6:2d:af:94:a2","RSSI":-75},{"SSID":"MeetInLeeds","BSSID":"5c:a6:2d:cf:c1:6d","RSSI":-75},{"SSID":"eduroam","BSSID":"ac:3a:67:08:0c:8e","RSSI":-75},{"SSID":"MeetInLeeds","BSSID":"ac:3a:67:08:28:2d","RSSI":-76},{"SSID":"eduroam","BSSID":"5c:a6:2d:cf:c1:6e","RSSI":-76},{"SSID":"MeetInLeeds","BSSID":"ac:3a:67:08:0c:8d","RSSI":-76},{"SSID":"eduroam","BSSID":"5c:a6:2d:af:8f:ce","RSSI":-76},{"SSID":"MeetInLeeds","BSSID":"5c:a6:2d:af:8f:cd","RSSI":-76},{"SSID":"eduroam","BSSID":"5c:a6:2d:ef:45:2e","RSSI":-78},{"SSID":"MeetInLeeds","BSSID":"5c:a6:2d:af:8f:c2","RSSI":-78},{"SSID":"MeetInLeeds","BSSID":"5c:a6:2d:cf:e5:4d","RSSI":-78},{"SSID":"MeetInLeeds","BSSID":"5c:a6:2d:5d:2e:cd","RSSI":-79},{"SSID":"eduroam","BSSID":"5c:a6:2d:5d:2e:ce","RSSI":-79},{"SSID":"MeetInLeeds","BSSID":"5c:a6:2d:cf:e5:42","RSSI":-79},{"SSID":"eduroam","BSSID":"5c:a6:2d:af:8f:c1","RSSI":-79},{"SSID":"MeetInLeeds","BSSID":"5c:a6:2d:86:6b:8d","RSSI":-80},{"SSID":"eduroam","BSSID":"5c:a6:2d:86:6d:2e","RSSI":-80},{"SSID":"MeetInLeeds","BSSID":"5c:a6:2d:ef:45:2d","RSSI":-80},{"SSID":"MeetInLeeds","BSSID":"5c:a6:2d:ce:b9:22","RSSI":-80},{"SSID":"MeetInLeeds","BSSID":"5c:a6:2d:86:6d:2d","RSSI":-81},{"SSID":"MeetInLeeds","BSSID":"5c:a6:2d:cf:c5:ed","RSSI":-81},{"SSID":"MeetInLeeds","BSSID":"5c:a6:2d:ce:b4:cd","RSSI":-82},{"SSID":"eduroam","BSSID":"5c:a6:2d:ce:c1:ee","RSSI":-82},{"SSID":"MeetInLeeds","BSSID":"5c:a6:2d:ce:a1:cd","RSSI":-83},{"SSID":"eduroam","BSSID":"5c:a6:2d:cf:c5:ee","RSSI":-83},{"SSID":"MeetInLeeds","BSSID":"5c:a6:2d:70:7b:42","RSSI":-83},{"SSID":"eduroam","BSSID":"5c:a6:2d:86:6e:0e","RSSI":-83},{"SSID":"MeetInLeeds","BSSID":"5c:a6:2d:af:91:8d","RSSI":-84},{"SSID":"MeetInLeeds","BSSID":"5c:a6:2d:86:6e:0d","RSSI":-84},{"SSID":"MeetInLeeds","BSSID":"5c:a6:2d:cf:c4:ed","RSSI":-84},{"SSID":"MeetInLeeds","BSSID":"ac:3a:67:08:2a:0d","RSSI":-84},{"SSID":"eduroam","BSSID":"5c:a6:2d:ce:b5:01","RSSI":-84},{"SSID":"MeetInLeeds","BSSID":"5c:a6:2d:ce:b9:2d","RSSI":-84},{"SSID":"eduroam","BSSID":"5c:a6:2d:ce:b9:2e","RSSI":-84},{"SSID":"MeetInLeeds","BSSID":"5c:a6:2d:af:91:cd","RSSI":-84},{"SSID":"eduroam","BSSID":"5c:a6:2d:ce:b4:ce","RSSI":-85},{"SSID":"MeetInLeeds","BSSID":"5c:a6:2d:ce:c1:ed","RSSI":-85},{"SSID":"MeetInLeeds","BSSID":"5c:a6:2d:ce:b2:0d","RSSI":-86},{"SSID":"eduroam","BSSID":"5c:a6:2d:af:91:ce","RSSI":-86},{"SSID":"Nell's Phone","BSSID":"f2:4d:2c:74:57:16","RSSI":-86}],[{"SSID":"eduroam","BSSID":"5c:a6:2d:86:69:21","RSSI":-43},{"SSID":"MeetInLeeds","BSSID":"5c:a6:2d:86:69:22","RSSI":-43},{"SSID":"MeetInLeeds","BSSID":"5c:a6:2d:ce:8e:a2","RSSI":-44},{"SSID":"eduroam","BSSID":"5c:a6:2d:ce:8e:ae","RSSI":-47},{"SSID":"eduroam","BSSID":"5c:a6:2d:1e:08:ee","RSSI":-48},{"SSID":"MeetInLeeds","BSSID":"5c:a6:2d:1e:08:ed","RSSI":-48},{"SSID":"MeetInLeeds","BSSID":"5c:a6:2d:ce:8e:ad","RSSI":-48},{"SSID":"MeetInLeeds","BSSID":"5c:a6:2d:86:69:c2","RSSI":-49},{"SSID":"eduroam","BSSID":"5c:a6:2d:1e:08:e1","RSSI":-50},{"SSID":"MeetInLeeds","BSSID":"5c:a6:2d:1e:08:e2","RSSI":-51},{"SSID":"eduroam","BSSID":"5c:a6:2d:86:69:2e","RSSI":-51},{"SSID":"MeetInLeeds","BSSID":"5c:a6:2d:86:69:2d","RSSI":-51},{"SSID":"MeetInLeeds","BSSID":"ac:3a:67:08:03:8d","RSSI":-58},{"SSID":"MeetInLeeds","BSSID":"ac:3a:67:08:25:82","RSSI":-58},{"SSID":"MeetInLeeds","BSSID":"5c:a6:2d:ce:bf:02","RSSI":-60},{"SSID":"eduroam","BSSID":"ac:3a:67:08:03:8e","RSSI":-61},{"SSID":"MeetInLeeds","BSSID":"5c:a6:2d:cf:c1:62","RSSI":-62},{"SSID":"MeetInLeeds","BSSID":"5c:a6:2d:ce:ac:22","RSSI":-62},{"SSID":"MeetInLeeds","BSSID":"5c:a6:2d:45:dc:02","RSSI":-62},{"SSID":"MeetInLeeds","BSSID":"ac:3a:67:08:03:82","RSSI":-63},{"SSID":"eduroam","BSSID":"5c:a6:2d:ce:bf:0e","RSSI":-63},{"SSID":"eduroam","BSSID":"5c:a6:2d:ce:ac:21","RSSI":-63},{"SSID":"MeetInLeeds","BSSID":"5c:a6:2d:ce:bf:0d","RSSI":-64},{"SSID":"MeetInLeeds","BSSID":"ac:3a:67:08:0c:82","RSSI":-65},{"SSID":"eduroam","BSSID":"ac:3a:67:08:0c:81","RSSI":-65},{"SSID":"MeetInLeeds","BSSID":"5c:a6:2d:af:91:4d","RSSI":-66},{"SSID":"MeetInLeeds","BSSID":"5c:a6:2d:cf:c4:e2","RSSI":-67},{"SSID":"eduroam","BSSID":"5c:a6:2d:86:69:ce","RSSI":-67},{"SSID":"eduroam","BSSID":"5c:a6:2d:5d:2c:01","RSSI":-67},{"SSID":"MeetInLeeds","BSSID":"5c:a6:2d:45:dc:0d","RSSI":-68},{"SSID":"MeetInLeeds","BSSID":"5c:a6:2d:ce:ac:2d","RSSI":-68},{"SSID":"MeetInLeeds","BSSID":"5c:a6:2d:86:69:cd","RSSI":-68},{"SSID":"eduroam","BSSID":"5c:a6:2d:45:dc:0e","RSSI":-69},{"SSID":"MeetInLeeds","BSSID":"ac:3a:67:08:25:8d","RSSI":-69},{"SSID":"eduroam","BSSID":"ac:3a:67:08:25:8e","RSSI":-69},{"SSID":"MeetInLeeds","BSSID":"5c:a6:2d:af:91:42","RSSI":-70},{"SSID":"MeetInLeeds","BSSID":"5c:a6:2d:af:94:ad","RSSI":-71},{"SSID":"eduroam","BSSID":"5c:a6:2d:af:94:ae","RSSI":-71},{"SSID":"eduroam","BSSID":"5c:a6:2d:ce:ac:2e","RSSI":-71},{"SSID":"MeetInLeeds","BSSID":"5c:a6:2d:5d:2c:0d","RSSI":-72},{"SSID":"MeetInLeeds","BSSID":"5c:a6:2d:ce:a3:cd","RSSI":-72},{"SSID":"eduroam","BSSID":"5c:a6:2d:ce:a3:ce","RSSI":-72},{"SSID":"MeetInLeeds","BSSID":"5c:a6:2d:af:94:a2","RSSI":-73},{"SSID":"MeetInLeeds","BSSID":"5c:a6:2d:cf:c1:6d","RSSI":-75},{"SSID":"MeetInLeeds","BSSID":"5c:a6:2d:5d:2e:c2","RSSI":-75},{"SSID":"MeetInLeeds","BSSID":"ac:3a:67:08:29:2d","RSSI":-76},{"SSID":"eduroam","BSSID":"ac:3a:67:08:29:2e","RSSI":-77},{"SSID":"eduroam","BSSID":"ac:3a:67:08:0c:8e","RSSI":-77},{"SSID":"MeetInLeeds","BSSID":"5c:a6:2d:af:8f:cd","RSSI":-77},{"SSID":"eduroam","BSSID":"5c:a6:2d:5d:2e:c1","RSSI":-77},{"SSID":"MeetInLeeds","BSSID":"ac:3a:67:08:0c:8d","RSSI":-78},{"SSID":"MeetInLeeds","BSSID":"5c:a6:2d:af:8e:a2","RSSI":-78},{"SSID":"MeetInLeeds","BSSID":"5c:a6:2d:86:6d:2d","RSSI":-79},{"SSID":"eduroam","BSSID":"5c:a6:2d:cf:c4:ee","RSSI":-79},{"SSID":"MeetInLeeds","BSSID":"5c:a6:2d:cf:b3:e2","RSSI":-79},{"SSID":"eduroam","BSSID":"5c:a6:2d:ef:45:2e","RSSI":-79},{"SSID":"MeetInLeeds","BSSID":"5c:a6:2d:ef:45:2d","RSSI":-79},{"SSID":"MeetInLeeds","BSSID":"5c:a6:2d:cf:c4:ed","RSSI":-80},{"SSID":"MeetInLeeds","BSSID":"5c:a6:2d:ce:c1:ed","RSSI":-80},{"SSID":"eduroam","BSSID":"5c:a6:2d:86:6d:2e","RSSI":-81},{"SSID":"eduroam","BSSID":"5c:a6:2d:ce:c1:ee","RSSI":-81},{"SSID":"eduroam","BSSID":"5c:a6:2d:ce:b9:21","RSSI":-82},{"SSID":"MeetInLeeds","BSSID":"5c:a6:2d:5d:2e:cd","RSSI":-83},{"SSID":"eduroam","BSSID":"5c:a6:2d:45:db:ae","RSSI":-83},{"SSID":"MeetInLeeds","BSSID":"5c:a6:2d:af:91:cd","RSSI":-83},{"SSID":"MeetInLeeds","BSSID":"5c:a6:2d:ce:b4:cd","RSSI":-84},{"SSID":"eduroam","BSSID":"5c:a6:2d:ce:b4:ce","RSSI":-84},{"SSID":"MeetInLeeds","BSSID":"ac:3a:67:08:2a:0d","RSSI":-84},{"SSID":"MeetInLeeds","BSSID":"5c:a6:2d:45:db:ad","RSSI":-84},{"SSID":"eduroam","BSSID":"5c:a6:2d:af:91:ce","RSSI":-84},{"SSID":"MeetInLeeds","BSSID":"5c:a6:2d:5d:ab:6d","RSSI":-85},{"SSID":"MeetInLeeds","BSSID":"5c:a6:2d:ce:b9:2d","RSSI":-85},{"SSID":"Nell's Phone","BSSID":"f2:4d:2c:74:57:16","RSSI":-85},{"SSID":"eduroam","BSSID":"5c:a6:2d:cf:c4:4e","RSSI":-86},{"SSID":"eduroam","BSSID":"ac:3a:67:08:2a:0e","RSSI":-86},{"SSID":"MeetInLeeds","BSSID":"5c:a6:2d:cf:b3:ed","RSSI":-87},{"SSID":"eduroam","BSSID":"5c:a6:2d:cf:b3:ee","RSSI":-87},{"SSID":"MeetInLeeds","BSSID":"5c:a6:2d:cf:c4:4d","RSSI":-88}],[{"SSID":"MeetInLeeds","BSSID":"5c:a6:2d:ce:8e:a2","RSSI":-45},{"SSID":"eduroam","BSSID":"5c:a6:2d:ce:8e:a1","RSSI":-45},{"SSID":"MeetInLeeds","BSSID":"5c:a6:2d:ce:8e:ad","RSSI":-46},{"SSID":"MeetInLeeds","BSSID":"5c:a6:2d:86:69:22","RSSI":-46},{"SSID":"eduroam","BSSID":"5c:a6:2d:1e:08:ee","RSSI":-47},{"SSID":"MeetInLeeds","BSSID":"5c:a6:2d:1e:08:ed","RSSI":-47},{"SSID":"eduroam","BSSID":"5c:a6:2d:ce:8e:ae","RSSI":-47},{"SSID":"MeetInLeeds","BSSID":"5c:a6:2d:1e:08:e2","RSSI":-51},{"SSID":"MeetInLeeds","BSSID":"5c:a6:2d:86:69:c2","RSSI":-52},{"SSID":"eduroam","BSSID":"5c:a6:2d:86:69:c1","RSSI":-52},{"SSID":"eduroam","BSSID":"5c:a6:2d:86:69:2e","RSSI":-53},{"SSID":"MeetInLeeds","BSSID":"5c:a6:2d:86:69:2d","RSSI":-54},{"SSID":"MeetInLeeds","BSSID":"5c:a6:2d:86:69:cd","RSSI":-55},{"SSID":"eduroam","BSSID":"5c:a6:2d:86:69:ce","RSSI":-56},{"SSID":"MeetInLeeds","BSSID":"5c:a6:2d:ce:bf:02","RSSI":-60},{"SSID":"MeetInLeeds","BSSID":"ac:3a:67:08:25:82","RSSI":-60},{"SSID":"eduroam","BSSID":"ac:3a:67:08:25:81","RSSI":-60},{"SSID":"eduroam","BSSID":"ac:3a:67:08:03:8e","RSSI":-61},{"SSID":"MeetInLeeds","BSSID":"ac:3a:67:08:03:8d","RSSI":-61},{"SSID":"eduroam","BSSID":"5c:a6:2d:af:91:4e","RSSI":-61},{"SSID":"MeetInLeeds","BSSID":"5c:a6:2d:ce:bf:0d","RSSI":-61},{"SSID":"eduroam","BSSID":"5c:a6:2d:ce:bf:0e","RSSI":-61},{"SSID":"MeetInLeeds","BSSID":"5c:a6:2d:af:91:4d","RSSI":-63},{"SSID":"MeetInLeeds","BSSID":"5c:a6:2d:45:dc:02","RSSI":-63},{"SSID":"eduroam","BSSID":"5c:a6:2d:45:dc:01","RSSI":-63},{"SSID":"MeetInLeeds","BSSID":"5c:a6:2d:cf:c1:62","RSSI":-64},{"SSID":"eduroam","BSSID":"5c:a6:2d:cf:c4:e1","RSSI":-64},{"SSID":"MeetInLeeds","BSSID":"5c:a6:2d:cf:c4:e2","RSSI":-65},{"SSID":"MeetInLeeds","BSSID":"5c:a6:2d:af:91:42","RSSI":-66},{"SSID":"MeetInLeeds","BSSID":"5c:a6:2d:af:94:a2","RSSI":-69},{"SSID":"MeetInLeeds","BSSID":"ac:3a:67:08:03:82","RSSI":-69},{"SSID":"MeetInLeeds","BSSID":"5c:a6:2d:ce:ac:2d","RSSI":-69},{"SSID":"MeetInLeeds","BSSID":"5c:a6:2d:ce:c1:e2","RSSI":-70},{"SSID":"MeetInLeeds","BSSID":"ac:3a:67:08:25:8d","RSSI":-70},{"SSID":"eduroam","BSSID":"ac:3a:67:08:25:8e","RSSI":-70},{"SSID":"eduroam","BSSID":"5c:a6:2d:ce:a3:c1","RSSI":-70},{"SSID":"MeetInLeeds","BSSID":"5c:a6:2d:ce:a3:c2","RSSI":-70},{"SSID":"MeetInLeeds","BSSID":"5c:a6:2d:45:dc:0d","RSSI":-71},{"SSID":"MeetInLeeds","BSSID":"5c:a6:2d:ce:a3:cd","RSSI":-71},{"SSID":"eduroam","BSSID":"5c:a6:2d:ce:a3:ce","RSSI":-71},{"SSID":"eduroam","BSSID":"5c:a6:2d:cf:c1:6e","RSSI":-73},{"SSID":"MeetInLeeds","BSSID":"5c:a6:2d:cf:c1:6d","RSSI":-73},{"SSID":"MeetInLeeds","BSSID":"ac:3a:67:08:28:2d","RSSI":-74},{"SSID":"MeetInLeeds","BSSID":"5c:a6:2d:cf:c4:ed","RSSI":-75},{"SSID":"eduroam","BSSID":"ac:3a:67:08:0c:8e","RSSI":-75},{"SSID":"eduroam","BSSID":"5c:a6:2d:5d:2e:c1","RSSI":-75},{"SSID":"MeetInLeeds","BSSID":"5c:a6:2d:5d:2e:c2","RSSI":-75},{"SSID":"MeetInLeeds","BSSID":"5c:a6:2d:ce:b4:c2","RSSI":-75},{"SSID":"MeetInLeeds","BSSID":"ac:3a:67:08:0c:8d","RSSI":-76},{"SSID":"MeetInLeeds","BSSID":"5c:a6:2d:af:8f:cd","RSSI":-76},{"SSID":"MeetInLeeds","BSSID":"ac:3a:67:08:29:2d","RSSI":-77},{"SSID":"eduroam","BSSID":"5c:a6:2d:45:dc:a1","RSSI":-77},{"SSID":"eduroam","BSSID":"5c:a6:2d:ef:45:2e","RSSI":-78},{"SSID":"MeetInLeeds","BSSID":"5c:a6:2d:ef:45:2d","RSSI":-79},{"SSID":"eduroam","BSSID":"5c:a6:2d:af:8f:c1","RSSI":-79},{"SSID":"eduroam","BSSID":"5c:a6:2d:ce:c1:ee","RSSI":-80},{"SSID":"MeetInLeeds","BSSID":"5c:a6:2d:ce:c1:ed","RSSI":-80},{"SSID":"MeetInLeeds","BSSID":"5c:a6:2d:45:db:ad","RSSI":-82},{"SSID":"MeetInLeeds","BSSID":"5c:a6:2d:ce:b9:22","RSSI":-82},{"SSID":"Nell's Phone","BSSID":"f2:4d:2c:74:57:16","RSSI":-82},{"SSID":"eduroam","BSSID":"5c:a6:2d:ce:a1:ce","RSSI":-84},{"SSID":"MeetInLeeds","BSSID":"5c:a6:2d:86:6d:2d","RSSI":-84},{"SSID":"eduroam","BSSID":"5c:a6:2d:86:6d:2e","RSSI":-84},{"SSID":"eduroam","BSSID":"5c:a6:2d:ce:b4:ce","RSSI":-84},{"SSID":"MeetInLeeds","BSSID":"ac:3a:67:08:29:ad","RSSI":-85},{"SSID":"MeetInLeeds","BSSID":"5c:a6:2d:cf:b3:ed","RSSI":-86}],[{"SSID":"MeetInLeeds","BSSID":"5c:a6:2d:ce:8e:ad","RSSI":-43},{"SSID":"eduroam","BSSID":"5c:a6:2d:ce:8e:ae","RSSI":-44},{"SSID":"MeetInLeeds","BSSID":"5c:a6:2d:ce:8e:a2","RSSI":-45},{"SSID":"eduroam","BSSID":"5c:a6:2d:ce:8e:a1","RSSI":-46},{"SSID":"MeetInLeeds","BSSID":"5c:a6:2d:86:69:22","RSSI":-46},{"SSID":"MeetInLeeds","BSSID":"5c:a6:2d:1e:08:ed","RSSI":-48},{"SSID":"eduroam","BSSID":"5c:a6:2d:1e:08:ee","RSSI":-49},{"SSID":"MeetInLeeds","BSSID":"5c:a6:2d:1e:08:e2","RSSI":-51},{"SSID":"MeetInLeeds","BSSID":"5c:a6:2d:86:69:c2","RSSI":-52},{"SSID":"eduroam","BSSID":"5c:a6:2d:1e:08:e1","RSSI":-52},{"SSID":"eduroam","BSSID":"5c:a6:2d:86:69:2e","RSSI":-54},{"SSID":"MeetInLeeds","BSSID":"5c:a6:2d:86:69:2d","RSSI":-54},{"SSID":"MeetInLeeds","BSSID":"5c:a6:2d:86:69:cd","RSSI":-54},{"SSID":"eduroam","BSSID":"5c:a6:2d:86:69:ce","RSSI":-56},{"SSID":"MeetInLeeds","BSSID":"5c:a6:2d:ce:bf:02","RSSI":-59},{"SSID":"MeetInLeeds","BSSID":"ac:3a:67:08:03:8d","RSSI":-60},{"SSID":"MeetInLeeds","BSSID":"5c:a6:2d:cf:c1:62","RSSI":-61},{"SSID":"MeetInLeeds","BSSID":"ac:3a:67:08:25:82","RSSI":-61},{"SSID":"eduroam","BSSID":"ac:3a:67:08:25:81","RSSI":-61},{"SSID":"eduroam","BSSID":"ac:3a:67:08:03:8e","RSSI":-62},{"SSID":"eduroam","BSSID":"5c:a6:2d:af:91:4e","RSSI":-62},{"SSID":"MeetInLeeds","BSSID":"5c:a6:2d:af:91:4d","RSSI":-62},{"SSID":"eduroam","BSSID":"5c:a6:2d:cf:c1:61","RSSI":-63},{"SSID":"MeetInLeeds","BSSID":"5c:a6:2d:45:dc:02","RSSI":-63},{"SSID":"MeetInLeeds","BSSID":"5c:a6:2d:ce:bf:0d","RSSI":-65},{"SSID":"eduroam","BSSID":"5c:a6:2d:ce:bf:0e","RSSI":-65},{"SSID":"eduroam","BSSID":"5c:a6:2d:af:91:41","RSSI":-65},{"SSID":"eduroam","BSSID":"5c:a6:2d:45:dc:01","RSSI":-66},{"SSID":"MeetInLeeds","BSSID":"5c:a6:2d:45:dc:0d","RSSI":-67},{"SSID":"eduroam","BSSID":"5c:a6:2d:45:dc:0e","RSSI":-67},{"SSID":"MeetInLeeds","BSSID":"ac:3a:67:08:25:8d","RSSI":-67},{"SSID":"eduroam","BSSID":"ac:3a:67:08:25:8e","RSSI":-67},{"SSID":"MeetInLeeds","BSSID":"5c:a6:2d:5d:2c:02","RSSI":-67},{"SSID":"MeetInLeeds","BSSID":"5c:a6:2d:ce:ac:22","RSSI":-68},{"SSID":"eduroam","BSSID":"5c:a6:2d:ce:ac:2e","RSSI":-69},{"SSID":"eduroam","BSSID":"ac:3a:67:08:28:21","RSSI":-70},{"SSID":"MeetInLeeds","BSSID":"5c:a6:2d:cf:c4:e2","RSSI":-70},{"SSID":"eduroam","BSSID":"5c:a6:2d:cf:c1:6e","RSSI":-71},{"SSID":"MeetInLeeds","BSSID":"5c:a6:2d:cf:c1:6d","RSSI":-71},{"SSID":"MeetInLeeds","BSSID":"5c:a6:2d:ce:c1:e2","RSSI":-72},{"SSID":"eduroam","BSSID":"5c:a6:2d:ce:c1:e1","RSSI":-72},{"SSID":"MeetInLeeds","BSSID":"5c:a6:2d:ce:a3:cd","RSSI":-72},{"SSID":"eduroam","BSSID":"5c:a6:2d:ce:a3:ce","RSSI":-72},{"SSID":"eduroam","BSSID":"5c:a6:2d:ce:a3:c1","RSSI":-72},{"SSID":"MeetInLeeds","BSSID":"ac:3a:67:08:28:2d","RSSI":-73},{"SSID":"MeetInLeeds","BSSID":"5c:a6:2d:5d:2e:c2","RSSI":-74},{"SSID":"eduroam","BSSID":"5c:a6:2d:5d:2c:0e","RSSI":-75},{"SSID":"MeetInLeeds","BSSID":"5c:a6:2d:5d:2c:0d","RSSI":-75},{"SSID":"MeetInLeeds","BSSID":"5c:a6:2d:af:94:ad","RSSI":-75},{"SSID":"eduroam","BSSID":"5c:a6:2d:af:94:ae","RSSI":-75},{"SSID":"MeetInLeeds","BSSID":"5c:a6:2d:cf:c4:ed","RSSI":-75},{"SSID":"eduroam","BSSID":"ac:3a:67:08:29:21","RSSI":-75},{"SSID":"MeetInLeeds","BSSID":"ac:3a:67:08:29:22","RSSI":-75},{"SSID":"MeetInLeeds","BSSID":"ac:3a:67:08:0c:8d","RSSI":-76},{"SSID":"eduroam","BSSID":"ac:3a:67:08:0c:8e","RSSI":-76},{"SSID":"MeetInLeeds","BSSID":"5c:a6:2d:af:8f:cd","RSSI":-76},{"SSID":"eduroam","BSSID":"5c:a6:2d:af:8f:c1","RSSI":-76},{"SSID":"eduroam","BSSID":"5c:a6:2d:45:db:a1","RSSI":-77},{"SSID":"MeetInLeeds","BSSID":"ac:3a:67:08:29:2d","RSSI":-78},{"SSID":"MeetInLeeds","BSSID":"5c:a6:2d:45:db:a2","RSSI":-78},{"SSID":"MeetInLeeds","BSSID":"5c:a6:2d:5d:2e:cd","RSSI":-79},{"SSID":"MeetInLeeds","BSSID":"5c:a6:2d:ef:45:2d","RSSI":-79},{"SSID":"eduroam","BSSID":"5c:a6:2d:ce:c1:ee","RSSI":-79},{"SSID":"MeetInLeeds","BSSID":"5c:a6:2d:ce:c1:ed","RSSI":-79},{"SSID":"eduroam","BSSID":"5c:a6:2d:5d:2e:ce","RSSI":-80},{"SSID":"eduroam","BSSID":"5c:a6:2d:ce:b4:ce","RSSI":-80},{"SSID":"MeetInLeeds","BSSID":"5c:a6:2d:ce:b9:2d","RSSI":-81},{"SSID":"MeetInLeeds","BSSID":"5c:a6:2d:86:6d:2d","RSSI":-82},{"SSID":"eduroam","BSSID":"5c:a6:2d:86:6e:0e","RSSI":-83},{"SSID":"MeetInLeeds","BSSID":"5c:a6:2d:ce:b4:cd","RSSI":-83},{"SSID":"MeetInLeeds","BSSID":"5c:a6:2d:ce:b9:22","RSSI":-83},{"SSID":"MeetInLeeds","BSSID":"5c:a6:2d:cf:e5:a2","RSSI":-84},{"SSID":"MeetInLeeds","BSSID":"5c:a6:2d:cf:c4:4d","RSSI":-85},{"SSID":"MeetInLeeds","BSSID":"ac:3a:67:08:29:ad","RSSI":-85},{"SSID":"eduroam","BSSID":"ac:3a:67:08:29:ae","RSSI":-85},{"SSID":"eduroam","BSSID":"5c:a6:2d:af:91:ce","RSSI":-85},{"SSID":"eduroam","BSSID":"5c:a6:2d:45:db:ae","RSSI":-86},{"SSID":"MeetInLeeds","BSSID":"5c:a6:2d:af:91:cd","RSSI":-86},{"SSID":"MeetInLeeds","BSSID":"5c:a6:2d:5d:ab:6d","RSSI":-87},{"SSID":"eduroam","BSSID":"ac:3a:67:08:32:4e","RSSI":-88}],[{"SSID":"eduroam","BSSID":"5c:a6:2d:ce:8e:ae","RSSI":-44},{"SSID":"MeetInLeeds","BSSID":"5c:a6:2d:ce:8e:ad","RSSI":-44},{"SSID":"MeetInLeeds","BSSID":"5c:a6:2d:ce:8e:a2","RSSI":-46},{"SSID":"eduroam","BSSID":"5c:a6:2d:86:69:21","RSSI":-46},{"SSID":"MeetInLeeds","BSSID":"5c:a6:2d:86:69:22","RSSI":-46},{"SSID":"eduroam","BSSID":"5c:a6:2d:1e:08:ee","RSSI":-48},{"SSID":"MeetInLeeds","BSSID":"5c:a6:2d:1e:08:ed","RSSI":-48},{"SSID":"MeetInLeeds","BSSID":"5c:a6:2d:1e:08:e2","RSSI":-50},{"SSID":"eduroam","BSSID":"5c:a6:2d:1e:08:e1","RSSI":-50},{"SSID":"MeetInLeeds","BSSID":"5c:a6:2d:86:69:c2","RSSI":-52},{"SSID":"eduroam","BSSID":"5c:a6:2d:86:69:ce","RSSI":-53},{"SSID":"MeetInLeeds","BSSID":"5c:a6:2d:86:69:cd","RSSI":-54},{"SSID":"eduroam","BSSID":"ac:3a:67:08:03:8e","RSSI":-57},{"SSID":"MeetInLeeds","BSSID":"5c:a6:2d:ce:bf:02","RSSI":-58},{"SSID":"eduroam","BSSID":"5c:a6:2d:ce:bf:01","RSSI":-58},{"SSID":"MeetInLeeds","BSSID":"ac:3a:67:08:25:82","RSSI":-58},{"SSID":"MeetInLeeds","BSSID":"ac:3a:67:08:03:8d","RSSI":-60},{"SSID":"eduroam","BSSID":"5c:a6:2d:cf:c1:61","RSSI":-62},{"SSID":"MeetInLeeds","BSSID":"ac:3a:67:08:0c:82","RSSI":-62},{"SSID":"MeetInLeeds","BSSID":"5c:a6:2d:ce:bf:0d","RSSI":-62},{"SSID":"eduroam","BSSID":"5c:a6:2d:ce:bf:0e","RSSI":-62},{"SSID":"MeetInLeeds","BSSID":"5c:a6:2d:cf:c1:62","RSSI":-63},{"SSID":"eduroam","BSSID":"5c:a6:2d:af:91:4e","RSSI":-63},{"SSID":"MeetInLeeds","BSSID":"5c:a6:2d:af:91:4d","RSSI":-63},{"SSID":"MeetInLeeds","BSSID":"5c:a6:2d:45:dc:02","RSSI":-64},{"SSID":"eduroam","BSSID":"ac:3a:67:08:03:81","RSSI":-67},{"SSID":"MeetInLeeds","BSSID":"5c:a6:2d:ce:ac:22","RSSI":-67},{"SSID":"eduroam","BSSID":"5c:a6:2d:ce:ac:21","RSSI":-67},{"SSID":"MeetInLeeds","BSSID":"5c:a6:2d:5d:2c:02","RSSI":-67},{"SSID":"MeetInLeeds","BSSID":"5c:a6:2d:af:94:a2","RSSI":-69},{"SSID":"MeetInLeeds","BSSID":"5c:a6:2d:45:dc:0d","RSSI":-69},{"SSID":"eduroam","BSSID":"5c:a6:2d:45:dc:0e","RSSI":-69},{"SSID":"MeetInLeeds","BSSID":"5c:a6:2d:cf:c4:e2","RSSI":-70},{"SSID":"eduroam","BSSID":"5c:a6:2d:af:94:ae","RSSI":-71},{"SSID":"MeetInLeeds","BSSID":"5c:a6:2d:ce:c1:e2","RSSI":-71},{"SSID":"MeetInLeeds","BSSID":"5c:a6:2d:ce:a3:cd","RSSI":-71},{"SSID":"MeetInLeeds","BSSID":"5c:a6:2d:cf:c1:6d","RSSI":-71},{"SSID":"MeetInLeeds","BSSID":"5c:a6:2d:ce:ac:2d","RSSI":-71},{"SSID":"MeetInLeeds","BSSID":"5c:a6:2d:af:94:ad","RSSI":-72},{"SSID":"MeetInLeeds","BSSID":"ac:3a:67:08:28:22","RSSI":-72},{"SSID":"eduroam","BSSID":"ac:3a:67:08:28:21","RSSI":-72},{"SSID":"eduroam","BSSID":"5c:a6:2d:ce:ac:2e","RSSI":-72},{"SSID":"eduroam","BSSID":"5c:a6:2d:cf:c4:e1","RSSI":-72},{"SSID":"eduroam","BSSID":"5c:a6:2d:ce:a3:ce","RSSI":-74},{"SSID":"MeetInLeeds","BSSID":"5c:a6:2d:5d:2e:c2","RSSI":-74},{"SSID":"MeetInLeeds","BSSID":"ac:3a:67:08:29:22","RSSI":-74},{"SSID":"MeetInLeeds","BSSID":"5c:a6:2d:cf:c4:ed","RSSI":-75},{"SSID":"MeetInLeeds","BSSID":"5c:a6:2d:ce:b4:c2","RSSI":-75},{"SSID":"MeetInLeeds","BSSID":"5c:a6:2d:45:dc:a2","RSSI":-75},{"SSID":"MeetInLeeds","BSSID":"ac:3a:67:08:28:2d","RSSI":-76},{"SSID":"MeetInLeeds","BSSID":"5c:a6:2d:af:8f:cd","RSSI":-76},{"SSID":"eduroam","BSSID":"5c:a6:2d:af:8f:c1","RSSI":-77},{"SSID":"MeetInLeeds","BSSID":"5c:a6:2d:ce:c1:ed","RSSI":-77},{"SSID":"MeetInLeeds","BSSID":"ac:3a:67:08:29:2d","RSSI":-78},{"SSID":"eduroam","BSSID":"5c:a6:2d:45:dc:a1","RSSI":-78},{"SSID":"eduroam","BSSID":"5c:a6:2d:ce:c1:ee","RSSI":-78},{"SSID":"MeetInLeeds","BSSID":"5c:a6:2d:af:8e:a2","RSSI":-79},{"SSID":"MeetInLeeds","BSSID":"5c:a6:2d:5d:2e:cd","RSSI":-80},{"SSID":"MeetInLeeds","BSSID":"5c:a6:2d:af:91:c2","RSSI":-80},{"SSID":"MeetInLeeds","BSSID":"5c:a6:2d:ce:b4:cd","RSSI":-81},{"SSID":"eduroam","BSSID":"5c:a6:2d:ce:b4:ce","RSSI":-81},{"SSID":"MeetInLeeds","BSSID":"5c:a6:2d:ef:45:2d","RSSI":-81},{"SSID":"MeetInLeeds","BSSID":"5c:a6:2d:cf:e5:a2","RSSI":-82},{"SSID":"eduroam","BSSID":"5c:a6:2d:af:91:c1","RSSI":-82},{"SSID":"eduroam","BSSID":"5c:a6:2d:ce:a1:ce","RSSI":-83},{"SSID":"MeetInLeeds","BSSID":"ac:3a:67:08:28:42","RSSI":-83},{"SSID":"MeetInLeeds","BSSID":"5c:a6:2d:ce:b9:2d","RSSI":-83},{"SSID":"MeetInLeeds","BSSID":"5c:a6:2d:ce:a1:cd","RSSI":-85},{"SSID":"MeetInLeeds","BSSID":"5c:a6:2d:cf:b3:ed","RSSI":-85},{"SSID":"MeetInLeeds","BSSID":"ac:3a:67:08:2a:0d","RSSI":-86},{"SSID":"eduroam","BSSID":"ac:3a:67:08:2a:0e","RSSI":-86},{"SSID":"eduroam","BSSID":"5c:a6:2d:af:91:ce","RSSI":-86},{"SSID":"MeetInLeeds","BSSID":"5c:a6:2d:af:91:cd","RSSI":-87}]]