[[{"SSID":"eduroam","BSSID":"5c:a6:2d:45:db:8e","RSSI":-37},{"SSID":"MeetInLeeds","BSSID":"5c:a6:2d:45:db:8d","RSSI":-37},{"SSID":"MeetInLeeds","BSSID":"5c:a6:2d:45:db:82","RSSI":-45},{"SSID":"eduroam","BSSID":"5c:a6:2d:ce:b5:ce","RSSI":-47},{"SSID":"MeetInLeeds","BSSID":"5c:a6:2d:ce:b5:c2","RSSI":-47},{"SSID":"MeetInLeeds","BSSID":"5c:a6:2d:ce:b5:cd","RSSI":-48},{"SSID":"MeetInLeeds","BSSID":"5c:a6:2d:ce:b5:02","RSSI":-48},{"SSID":"eduroam","BSSID":"5c:a6:2d:ce:b5:01","RSSI":-48},{"SSID":"eduroam","BSSID":"5c:a6:2d:ce:b5:0e","RSSI":-55},{"SSID":"MeetInLeeds","BSSID":"5c:a6:2d:ce:b5:0d","RSSI":-55},{"SSID":"MeetInLeeds","BSSID":"5c:a6:2d:1e:09:02","RSSI":-61},{"SSID":"MeetInLeeds","BSSID":"5c:a6:2d:af:90:a2","RSSI":-62},{"SSID":"MeetInLeeds","BSSID":"ac:3a:67:07:fb:0d","RSSI":-64},{"SSID":"eduroam","BSSID":"ac:3a:67:07:fb:0e","RSSI":-65},{"SSID":"MeetInLeeds","BSSID":"5c:a6:2d:af:90:ad","RSSI":-65},{"SSID":"eduroam","BSSID":"5c:a6:2d:af:90:ae","RSSI":-65},{"SSID":"MeetInLeeds","BSSID":"ac:3a:67:08:28:22","RSSI":-65},{"SSID":"eduroam","BSSID":"ac:3a:67:08:28:21","RSSI":-65},{"SSID":"MeetInLeeds","BSSID":"5c:a6:2d:ce:a3:c2","RSSI":-68},{"SSID":"MeetInLeeds","BSSID":"5c:a6:2d:af:91:c2","RSSI":-70},{"SSID":"MeetInLeeds","BSSID":"5c:a6:2d:5d:ab:62","RSSI":-70},{"SSID":"MeetInLeeds","BSSID":"5c:a6:2d:ce:ac:62","RSSI":-71},{"SSID":"MeetInLeeds","BSSID":"5c:a6:2d:ce:bf:02","RSSI":-71},{"SSID":"eduroam","BSSID":"5c:a6:2d:1e:09:0e","RSSI":-72},{"SSID":"MeetInLeeds","BSSID":"5c:a6:2d:1e:09:0d","RSSI":-72},{"SSID":"MeetInLeeds","BSSID":"5c:a6:2d:cf:e3:4d","RSSI":-73},{"SSID":"eduroam","BSSID":"5c:a6:2d:cf:e3:4e","RSSI":-73},{"SSID":"MeetInLeeds","BSSID":"5c:a6:2d:86:6e:0d","RSSI":-76},{"SSID":"eduroam","BSSID":"5c:a6:2d:86:6e:0e","RSSI":-77},{"SSID":"MeetInLeeds","BSSID":"5c:a6:2d:b5:ca:e2","RSSI":-79},{"SSID":"eduroam","BSSID":"5c:a6:2d:ce:b9:2e","RSSI":-84},{"SSID":"MeetInLeeds","BSSID":"5c:a6:2d:ce:ac:6d","RSSI":-87}],[{"SSID":"MeetInLeeds","BSSID":"5c:a6:2d:45:db:8d","RSSI":-37},{"SSID":"eduroam","BSSID":"5c:a6:2d:45:db:8e","RSSI":-39},{"SSID":"MeetInLeeds","BSSID":"5c:a6:2d:45:db:82","RSSI":-42},{"SSID":"MeetInLeeds","BSSID":"5c:a6:2d:ce:b5:02","RSSI":-48},{"SSID":"eduroam","BSSID":"5c:a6:2d:ce:b5:ce","RSSI":-51},{"SSID":"MeetInLeeds","BSSID":"5c:a6:2d:ce:b5:cd","RSSI":-52},{"SSID":"MeetInLeeds","BSSID":"5c:a6:2d:1e:09:02","RSSI":-61},{"SSID":"MeetInLeeds","BSSID":"5c:a6:2d:af:90:a2","RSSI":-63},{"SSID":"MeetInLeeds","BSSID":"ac:3a:67:08:25:c2","RSSI":-64},{"SSID":"MeetInLeeds","BSSID":"5c:a6:2d:af:90:ad","RSSI":-65},{"SSID":"eduroam","BSSID":"5c:a6:2d:af:90:ae","RSSI":-65},{"SSID":"MeetInLeeds","BSSID":"ac:3a:67:08:28:22","RSSI":-67},{"SSID":"eduroam","BSSID":"ac:3a:67:07:fb:0e","RSSI":-68},{"SSID":"MeetInLeeds","BSSID":"5c:a6:2d:af:91:c2","RSSI":-68},{"SSID":"MeetInLeeds","BSSID":"5c:a6:2d:ce:a3:c2","RSSI":-68},{"SSID":"MeetInLeeds","BSSID":"5c:a6:2d:af:8f:c2","RSSI":-70},{"SSID":"eduroam","BSSID":"ac:3a:67:08:25:ce","RSSI":-72},{"SSID":"MeetInLeeds","BSSID":"5c:a6:2d:ce:bf:02","RSSI":-73},{"SSID":"MeetInLeeds","BSSID":"5c:a6:2d:ce:b4:c2","RSSI":-74},{"SSID":"MeetInLeeds","BSSID":"ac:3a:67:08:25:cd","RSSI":-75},{"SSID":"MeetInLeeds","BSSID":"ac:3a:67:08:28:2d","RSSI":-77},{"SSID":"eduroam","BSSID":"5c:a6:2d:86:6e:0e","RSSI":-77},{"SSID":"MeetInLeeds","BSSID":"5c:a6:2d:86:6e:0d","RSSI":-78},{"SSID":"MeetInLeeds","BSSID":"5c:a6:2d:af:91:cd","RSSI":-78},{"SSID":"eduroam","BSSID":"ac:3a:67:08:28:2e","RSSI":-79},{"SSID":"MeetInLeeds","BSSID":"5c:a6:2d:86:6c:22","RSSI":-79},{"SSID":"MeetInLeeds","BSSID":"5c:a6:2d:70:7b:4d","RSSI":-80},{"SSID":"MeetInLeeds","BSSID":"5c:a6:2d:ce:ac:6d","RSSI":-82},{"SSID":"eduroam","BSSID":"5c:a6:2d:ce:ac:6e","RSSI":-82}],[{"SSID":"MeetInLeeds","BSSID":"5c:a6:2d:45:db:8d","RSSI":-38},{"SSID":"MeetInLeeds","BSSID":"5c:a6:2d:45:db:82","RSSI":-45},{"SSID":"eduroam","BSSID":"5c:a6:2d:ce:b5:c1","RSSI":-46},{"SSID":"eduroam","BSSID":"5c:a6:2d:ce:b5:ce","RSSI":-47},{"SSID":"MeetInLeeds","BSSID":"5c:a6:2d:ce:b5:cd","RSSI":-47},{"SSID":"MeetInLeeds","BSSID":"5c:a6:2d:ce:b5:c2","RSSI":-47},{"SSID":"MeetInLeeds","BSSID":"5c:a6:2d:ce:b5:02","RSSI":-50},{"SSID":"MeetInLeeds","BSSID":"5c:a6:2d:1e:09:02","RSSI":-61},{"SSID":"MeetInLeeds","BSSID":"ac:3a:67:08:28:22","RSSI":-65},{"SSID":"eduroam","BSSID":"ac:3a:67:08:28:21","RSSI":-66},{"SSID":"MeetInLeeds","BSSID":"5c:a6:2d:cf:e3:42","RSSI":-66},{"SSID":"MeetInLeeds","BSSID":"5c:a6:2d:af:91:c2","RSSI":-67},{"SSID":"MeetInLeeds","BSSID":"5c:a6:2d:af:90:ad","RSSI":-67},{"SSID":"eduroam","BSSID":"5c:a6:2d:af:90:ae","RSSI":-67},{"SSID":"eduroam","BSSID":"5c:a6:2d:ce:a3:c1","RSSI":-67},{"SSID":"MeetInLeeds","BSSID":"5c:a6:2d:ce:a3:c2","RSSI":-67},{"SSID":"eduroam","BSSID":"ac:3a:67:07:fb:01","RSSI":-68},{"SSID":"MeetInLeeds","BSSID":"5c:a6:2d:86:6e:02","RSSI":-71},{"SSID":"MeetInLeeds","BSSID":"5c:a6:2d:ce:ac:62","RSSI":-71},{"SSID":"MeetInLeeds","BSSID":"5c:a6:2d:ce:bf:0d","RSSI":-72},{"SSID":"eduroam","BSSID":"5c:a6:2d:af:8f:ce","RSSI":-74},{"SSID":"MeetInLeeds","BSSID":"5c:a6:2d:ce:b4:c2","RSSI":-74},{"SSID":"eduroam","BSSID":"5c:a6:2d:ce:bf:0e","RSSI":-75},{"SSID":"MeetInLeeds","BSSID":"5c:a6:2d:1e:09:0d","RSSI":-76},{"SSID":"MeetInLeeds","BSSID":"5c:a6:2d:af:91:cd","RSSI":-76},{"SSID":"MeetInLeeds","BSSID":"5c:a6:2d:86:6e:0d","RSSI":-77},{"SSID":"MeetInLeeds","BSSID":"5c:a6:2d:af:8f:cd","RSSI":-77},{"SSID":"eduroam","BSSID":"5c:a6:2d:86:6e:0e","RSSI":-79},{"SSID":"MeetInLeeds","BSSID":"5c:a6:2d:ce:a1:c2","RSSI":-80},{"SSID":"eduroam","BSSID":"5c:a6:2d:ce:ac:6e","RSSI":-81},{"SSID":"MeetInLeeds","BSSID":"5c:a6:2d:ce:ac:6d","RSSI":-82},{"SSID":"MeetInLeeds","BSSID":"5c:a6:2d:af:91:4d","RSSI":-83}],[{"SSID":"MeetInLeeds","BSSID":"5c:a6:2d:45:db:8d","RSSI":-37},{"SSID":"eduroam","BSSID":"5c:a6:2d:45:db:8e","RSSI":-38},{"SSID":"MeetInLeeds","BSSID":"5c:a6:2d:45:db:82","RSSI":-44},{"SSID":"eduroam","BSSID":"5c:a6:2d:ce:b5:ce","RSSI":-45},{"SSID":"eduroam","BSSID":"5c:a6:2d:45:db:81","RSSI":-45},{"SSID":"MeetInLeeds","BSSID":"5c:a6:2d:ce:b5:cd","RSSI":-45},{"SSID":"MeetInLeeds","BSSID":"5c:a6:2d:ce:b5:c2","RSSI":-47},{"SSID":"eduroam","BSSID":"5c:a6:2d:ce:b5:c1","RSSI":-47},{"SSID":"MeetInLeeds","BSSID":"5c:a6:2d:ce:b5:02","RSSI":-49},{"SSID":"eduroam","BSSID":"5c:a6:2d:ce:b5:0e","RSSI":-54},{"SSID":"MeetInLeeds","BSSID":"5c:a6:2d:ce:b5:0d","RSSI":-54},{"SSID":"MeetInLeeds","BSSID":"5c:a6:2d:1e:09:02","RSSI":-62},{"SSID":"MeetInLeeds","BSSID":"5c:a6:2d:af:90:a2","RSSI":-62},{"SSID":"eduroam","BSSID":"ac:3a:67:08:25:c1","RSSI":-64},{"SSID":"MeetInLeeds","BSSID":"ac:3a:67:08:25:c2","RSSI":-64},{"SSID":"MeetInLeeds","BSSID":"ac:3a:67:08:28:22","RSSI":-65},{"SSID":"MeetInLeeds","BSSID":"5c:a6:2d:af:91:c2","RSSI":-67},{"SSID":"MeetInLeeds","BSSID":"ac:3a:67:07:fb:0d","RSSI":-68},{"SSID":"eduroam","BSSID":"5c:a6:2d:af:91:c1","RSSI":-68},{"SSID":"MeetInLeeds","BSSID":"5c:a6:2d:af:90:ad","RSSI":-68},{"SSID":"eduroam","BSSID":"5c:a6:2d:af:90:ae","RSSI":-68},{"SSID":"eduroam","BSSID":"ac:3a:67:07:fb:0e","RSSI":-69},{"SSID":"MeetInLeeds","BSSID":"5c:a6:2d:ce:a3:c2","RSSI":-69},{"SSID":"MeetInLeeds","BSSID":"ac:3a:67:07:fb:02","RSSI":-69},{"SSID":"MeetInLeeds","BSSID":"5c:a6:2d:1e:09:0d","RSSI":-70},{"SSID":"eduroam","BSSID":"5c:a6:2d:1e:09:0e","RSSI":-71},{"SSID":"eduroam","BSSID":"5c:a6:2d:cf:e3:4e","RSSI":-72},{"SSID":"MeetInLeeds","BSSID":"5c:a6:2d:70:7b:42","RSSI":-72},{"SSID":"MeetInLeeds","BSSID":"5c:a6:2d:cf:e3:4d","RSSI":-73},{"SSID":"eduroam","BSSID":"5c:a6:2d:70:7b:41","RSSI":-74},{"SSID":"eduroam","BSSID":"5c:a6:2d:ce:a3:ce","RSSI":-74},{"SSID":"MeetInLeeds","BSSID":"ac:3a:67:08:25:cd","RSSI":-74},{"SSID":"MeetInLeeds","BSSID":"5c:a6:2d:ce:a3:cd","RSSI":-75},{"SSID":"eduroam","BSSID":"5c:a6:2d:af:8f:ce","RSSI":-75},{"SSID":"MeetInLeeds","BSSID":"5c:a6:2d:af:8f:cd","RSSI":-75},{"SSID":"MeetInLeeds","BSSID":"5c:a6:2d:ce:bf:0d","RSSI":-75},{"SSID":"MeetInLeeds","BSSID":"5c:a6:2d:ce:b4:cd","RSSI":-76},{"SSID":"MeetInLeeds","BSSID":"5c:a6:2d:ce:b4:c2","RSSI":-77},{"SSID":"eduroam","BSSID":"5c:a6:2d:86:6e:0e","RSSI":-78},{"SSID":"MeetInLeeds","BSSID":"5c:a6:2d:af:91:cd","RSSI":-78},{"SSID":"MeetInLeeds","BSSID":"5c:a6:2d:86:6e:0d","RSSI":-79},{"SSID":"eduroam","BSSID":"5c:a6:2d:ce:b4:ce","RSSI":-80},{"SSID":"MeetInLeeds","BSSID":"5c:a6:2d:86:6c:22","RSSI":-80},{"SSID":"MeetInLeeds","BSSID":"5c:a6:2d:86:6c:2d","RSSI":-87}],[{"SSID":"eduroam","BSSID":"5c:a6:2d:45:db:8e","RSSI":-38},{"SSID":"MeetInLeeds","BSSID":"5c:a6:2d:45:db:8d","RSSI":-38},{"SSID":"eduroam","BSSID":"5c:a6:2d:ce:b5:c1","RSSI":-47},{"SSID":"MeetInLeeds","BSSID":"5c:a6:2d:ce:b5:c2","RSSI":-49},{"SSID":"MeetInLeeds","BSSID":"5c:a6:2d:ce:b5:02","RSSI":-52},{"SSID":"MeetInLeeds","BSSID":"5c:a6:2d:ce:b5:0d","RSSI":-55},{"SSID":"eduroam","BSSID":"5c:a6:2d:ce:b5:0e","RSSI":-56},{"SSID":"MeetInLeeds","BSSID":"5c:a6:2d:1e:09:02","RSSI":-60},{"SSID":"MeetInLeeds","BSSID":"5c:a6:2d:af:90:a2","RSSI":-64},{"SSID":"eduroam","BSSID":"ac:3a:67:07:fb:01","RSSI":-65},{"SSID":"MeetInLeeds","BSSID":"ac:3a:67:07:fb:02","RSSI":-65},{"SSID":"MeetInLeeds","BSSID":"ac:3a:67:08:25:c2","RSSI":-68},{"SSID":"eduroam","BSSID":"ac:3a:67:07:fb:0e","RSSI":-69},{"SSID":"MeetInLeeds","BSSID":"ac:3a:67:08:28:22","RSSI":-69},{"SSID":"MeetInLeeds","BSSID":"5c:a6:2d:ce:bf:02","RSSI":-69},{"SSID":"MeetInLeeds","BSSID":"ac:3a:67:07:fb:0d","RSSI":-70},{"SSID":"MeetInLeeds","BSSID":"5c:a6:2d:af:91:c2","RSSI":-70},{"SSID":"eduroam","BSSID":"5c:a6:2d:5d:ab:61","RSSI":-70},{"SSID":"MeetInLeeds","BSSID":"5c:a6:2d:1e:09:0d","RSSI":-70},{"SSID":"MeetInLeeds","BSSID":"5c:a6:2d:ce:a3:c2","RSSI":-70},{"SSID":"MeetInLeeds","BSSID":"5c:a6:2d:ce:b4:c2","RSSI":-72},{"SSID":"eduroam","BSSID":"5c:a6:2d:ce:b4:c1","RSSI":-72},{"SSID":"MeetInLeeds","BSSID":"5c:a6:2d:cf:e3:4d","RSSI":-73},{"SSID":"eduroam","BSSID":"5c:a6:2d:cf:e3:4e","RSSI":-73},{"SSID":"MeetInLeeds","BSSID":"5c:a6:2d:af:8f:c2","RSSI":-74},{"SSID":"MeetInLeeds","BSSID":"5c:a6:2d:ce:a3:cd","RSSI":-75},{"SSID":"eduroam","BSSID":"5c:a6:2d:ce:a3:ce","RSSI":-75},{"SSID":"MeetInLeeds","BSSID":"5c:a6:2d:ce:b4:cd","RSSI":-76},{"SSID":"eduroam","BSSID":"5c:a6:2d:af:8f:ce","RSSI":-77},{"SSID":"eduroam","BSSID":"ac:3a:67:08:28:2e","RSSI":-80},{"SSID":"MeetInLeeds","BSSID":"5c:a6:2d:af:91:4d","RSSI":-85}],[{"SSID":"eduroam","BSSID":"5c:a6:2d:45:db:8e","RSSI":-38},{"SSID":"MeetInLeeds","BSSID":"5c:a6:2d:45:db:8d","RSSI":-38},{"SSID":"eduroam","BSSID":"5c:a6:2d:45:db:81","RSSI":-39},{"SSID":"MeetInLeeds","BSSID":"5c:a6:2d:45:db:82","RSSI":-40},{"SSID":"eduroam","BSSID":"5c:a6:2d:ce:b5:ce","RSSI":-45},{"SSID":"MeetInLeeds","BSSID":"5c:a6:2d:ce:b5:cd","RSSI":-45},{"SSID":"MeetInLeeds","BSSID":"5c:a6:2d:ce:b5:c2","RSSI":-48},{"SSID":"eduroam","BSSID":"5c:a6:2d:ce:b5:0e","RSSI":-56},{"SSID":"MeetInLeeds","BSSID":"5c:a6:2d:ce:b5:0d","RSSI":-57},{"SSID":"eduroam","BSSID":"5c:a6:2d:1e:09:01","RSSI":-62},{"SSID":"MeetInLeeds","BSSID":"5c:a6:2d:1e:09:02","RSSI":-63},{"SSID":"MeetInLeeds","BSSID":"5c:a6:2d:af:90:ad","RSSI":-63},{"SSID":"eduroam","BSSID":"5c:a6:2d:af:90:ae","RSSI":-64},{"SSID":"MeetInLeeds","BSSID":"ac:3a:67:07:fb:02","RSSI":-66},{"SSID":"MeetInLeeds","BSSID":"ac:3a:67:08:28:22","RSSI":-67},{"SSID":"MeetInLeeds","BSSID":"5c:a6:2d:cf:e3:4d","RSSI":-71},{"SSID":"MeetInLeeds","BSSID":"5c:a6:2d:ce:a3:c2","RSSI":-71},{"SSID":"MeetInLeeds","BSSID":"5c:a6:2d:cf:e3:42","RSSI":-71},{"SSID":"eduroam","BSSID":"5c:a6:2d:cf:e3:4e","RSSI":-72},{"SSID":"eduroam","BSSID":"5c:a6:2d:86:6e:01","RSSI":-73},{"SSID":"eduroam","BSSID":"5c:a6:2d:86:6e:0e","RSSI":-75},{"SSID":"MeetInLeeds","BSSID":"5c:a6:2d:5d:ab:6d","RSSI":-75},{"SSID":"MeetInLeeds","BSSID":"5c:a6:2d:ce:a3:cd","RSSI":-76},{"SSID":"eduroam","BSSID":"5c:a6:2d:ce:a3:ce","RSSI":-76},{"SSID":"MeetInLeeds","BSSID":"5c:a6:2d:ce:b4:cd","RSSI":-76},{"SSID":"MeetInLeeds","BSSID":"ac:3a:67:08:28:2d","RSSI":-77},{"SSID":"MeetInLeeds","BSSID":"5c:a6:2d:86:6e:0d","RSSI":-77},{"SSID":"MeetInLeeds","BSSID":"5c:a6:2d:70:7b:4d","RSSI":-79},{"SSID":"MeetInLeeds","BSSID":"ac:3a:67:08:25:cd","RSSI":-79},{"SSID":"eduroam","BSSID":"5c:a6:2d:ce:b4:ce","RSSI":-79},{"SSID":"MeetInLeeds","BSSID":"5c:a6:2d:ce:bf:0d","RSSI":-79},{"SSID":"MeetInLeeds","BSSID":"5c:a6:2d:ce:b9:2d","RSSI":-85}],[{"SSID":"eduroam","BSSID":"5c:a6:2d:45:db:8e","RSSI":-37},{"SSID":"MeetInLeeds","BSSID":"5c:a6:2d:45:db:8d","RSSI":-37},{"SSID":"MeetInLeeds","BSSID":"5c:a6:2d:45:db:82","RSSI":-41},{"SSID":"eduroam","BSSID":"5c:a6:2d:ce:b5:ce","RSSI":-49},{"SSID":"MeetInLeeds","BSSID":"5c:a6:2d:ce:b5:cd","RSSI":-49},{"SSID":"MeetInLeeds","BSSID":"5c:a6:2d:ce:b5:c2","RSSI":-52},{"SSID":"MeetInLeeds","BSSID":"5c:a6:2d:ce:b5:02","RSSI":-53},{"SSID":"MeetInLeeds","BSSID":"5c:a6:2d:ce:b5:0d","RSSI":-59},{"SSID":"eduroam","BSSID":"5c:a6:2d:ce:b5:0e","RSSI":-61},{"SSID":"MeetInLeeds","BSSID":"5c:a6:2d:1e:09:02","RSSI":-63},{"SSID":"MeetInLeeds","BSSID":"5c:a6:2d:af:90:ad","RSSI":-63},{"SSID":"MeetInLeeds","BSSID":"5c:a6:2d:af:90:a2","RSSI":-63},{"SSID":"eduroam","BSSID":"5c:a6:2d:af:90:ae","RSSI":-64},{"SSID":"MeetInLeeds","BSSID":"ac:3a:67:08:25:c2","RSSI":-64},{"SSID":"MeetInLeeds","BSSID":"ac:3a:67:08:28:22","RSSI":-65},{"SSID":"eduroam","BSSID":"ac:3a:67:07:fb:0e","RSSI":-66},{"SSID":"MeetInLeeds","BSSID":"ac:3a:67:07:fb:0d","RSSI":-66},{"SSID":"MeetInLeeds","BSSID":"5c:a6:2d:af:91:c2","RSSI":-71},{"SSID":"MeetInLeeds","BSSID":"5c:a6:2d:5d:ab:62","RSSI":-71},{"SSID":"MeetInLeeds","BSSID":"5c:a6:2d:ce:a3:c2","RSSI":-72},{"SSID":"MeetInLeeds","BSSID":"5c:a6:2d:af:8f:c2","RSSI":-73},{"SSID":"MeetInLeeds","BSSID":"5c:a6:2d:cf:e3:4d","RSSI":-74},{"SSID":"eduroam","BSSID":"5c:a6:2d:cf:e3:4e","RSSI":-74},{"SSID":"MeetInLeeds","BSSID":"ac:3a:67:08:25:cd","RSSI":-74},{"SSID":"eduroam","BSSID":"5c:a6:2d:ce:a3:ce","RSSI":-75},{"SSID":"MeetInLeeds","BSSID":"5c:a6:2d:ce:bf:0d","RSSI":-75},{"SSID":"eduroam","BSSID":"5c:a6:2d:af:8f:ce","RSSI":-76},{"SSID":"MeetInLeeds","BSSID":"5c:a6:2d:af:8f:cd","RSSI":-76},{"SSID":"MeetInLeeds","BSSID":"5c:a6:2d:ce:a3:cd","RSSI":-77},{"SSID":"MeetInLeeds","BSSID":"5c:a6:2d:af:91:cd","RSSI":-77},{"SSID":"MeetInLeeds","BSSID":"5c:a6:2d:86:6e:0d","RSSI":-78},{"SSID":"eduroam","BSSID":"5c:a6:2d:af:91:ce","RSSI":-78},{"SSID":"eduroam","BSSID":"5c:a6:2d:86:6e:0e","RSSI":-79},{"SSID":"MeetInLeeds","BSSID":"5c:a6:2d:b5:ca:e2","RSSI":-80},{"SSID":"eduroam","BSSID":"5c:a6:2d:af:91:4e","RSSI":-82},{"SSID":"MeetInLeeds","BSSID":"5c:a6:2d:af:91:4d","RSSI":-82},{"SSID":"eduroam","BSSID":"5c:a6:2d:ce:c1:ee","RSSI":-85},{"SSID":"MeetInLeeds","BSSID":"5c:a6:2d:ce:c1:ed","RSSI":-85}],[{"SSID":"eduroam","BSSID":"5c:a6:2d:45:db:8e","RSSI":-35},{"SSID":"MeetInLeeds","BSSID":"5c:a6:2d:45:db:8d","RSSI":-35},{"SSID":"MeetInLeeds","BSSID":"5c:a6:2d:45:db:82","RSSI":-41},{"SSID":"MeetInLeeds","BSSID":"5c:a6:2d:ce:b5:c2","RSSI":-47},{"SSID":"MeetInLeeds","BSSID":"5c:a6:2d:ce:b5:02","RSSI":-54},{"SSID":"eduroam","BSSID":"5c:a6:2d:ce:b5:01","RSSI":-54},{"SSID":"MeetInLeeds","BSSID":"5c:a6:2d:af:90:a2","RSSI":-62},{"SSID":"MeetInLeeds","BSSID":"5c:a6:2d:1e:09:02","RSSI":-63},{"SSID":"MeetInLeeds","BSSID":"ac:3a:67:08:25:c2","RSSI":-66},{"SSID":"eduroam","BSSID":"ac:3a:67:07:fb:0e","RSSI":-67},{"SSID":"MeetInLeeds","BSSID":"ac:3a:67:07:fb:0d","RSSI":-68},{"SSID":"MeetInLeeds","BSSID":"ac:3a:67:08:28:22","RSSI":-69},{"SSID":"MeetInLeeds","BSSID":"ac:3a:67:07:fb:02","RSSI":-69},{"SSID":"MeetInLeeds","BSSID":"5c:a6:2d:af:91:c2","RSSI":-71},{"SSID":"MeetInLeeds","BSSID":"5c:a6:2d:ce:ac:62","RSSI":-71},{"SSID":"MeetInLeeds","BSSID":"5c:a6:2d:ce:a3:c2","RSSI":-71},{"SSID":"eduroam","BSSID":"5c:a6:2d:cf:e3:41","RSSI":-71},{"SSID":"eduroam","BSSID":"ac:3a:67:08:25:ce","RSSI":-72},{"SSID":"MeetInLeeds","BSSID":"ac:3a:67:08:25:cd","RSSI":-72},{"SSID":"eduroam","BSSID":"5c:a6:2d:ce:bf:0e","RSSI":-73},{"SSID":"MeetInLeeds","BSSID":"5c:a6:2d:cf:e3:4d","RSSI":-74},{"SSID":"eduroam","BSSID":"5c:a6:2d:cf:e3:4e","RSSI":-74},{"SSID":"eduroam","BSSID":"5c:a6:2d:af:8f:ce","RSSI":-74},{"SSID":"eduroam","BSSID":"5c:a6:2d:86:6e:01","RSSI":-77},{"SSID":"MeetInLeeds","BSSID":"5c:a6:2d:af:91:cd","RSSI":-77},{"SSID":"eduroam","BSSID":"5c:a6:2d:af:91:ce","RSSI":-79},{"SSID":"MeetInLeeds","BSSID":"5c:a6:2d:b5:ca:e2","RSSI":-80},{"SSID":"MeetInLeeds","BSSID":"5c:a6:2d:ce:ac:6d","RSSI":-82},{"SSID":"eduroam","BSSID":"5c:a6:2d:ce:ac:6e","RSSI":-82},{"SSID":"eduroam","BSSID":"5c:a6:2d:af:91:4e","RSSI":-83},{"SSID":"MeetInLeeds","BSSID":"5c:a6:2d:af:8f:c2","RSSI":-83}],[{"SSID":"MeetInLeeds","BSSID":"5c:a6:2d:45:db:82","RSSI":-37},{"SSID":"eduroam","BSSID":"5c:a6:2d:45:db:8e","RSSI":-37},{"SSID":"MeetInLeeds","BSSID":"5c:a6:2d:45:db:8d","RSSI":-38},{"SSID":"MeetInLeeds","BSSID":"5c:a6:2d:ce:b5:c2","RSSI":-48},{"SSID":"MeetInLeeds","BSSID":"5c:a6:2d:ce:b5:02","RSSI":-54},{"SSID":"eduroam","BSSID":"5c:a6:2d:ce:b5:0e","RSSI":-55},{"SSID":"MeetInLeeds","BSSID":"5c:a6:2d:ce:b5:0d","RSSI":-55},{"SSID":"MeetInLeeds","BSSID":"5c:a6:2d:1e:09:02","RSSI":-61},{"SSID":"eduroam","BSSID":"ac:3a:67:07:fb:0e","RSSI":-62},{"SSID":"MeetInLeeds","BSSID":"ac:3a:67:07:fb:0d","RSSI":-63},{"SSID":"MeetInLeeds","BSSID":"5c:a6:2d:af:90:a2","RSSI":-63},{"SSID":"eduroam","BSSID":"ac:3a:67:08:25:c1","RSSI":-64},{"SSID":"MeetInLeeds","BSSID":"ac:3a:67:08:28:22","RSSI":-67},{"SSID":"MeetInLeeds","BSSID":"5c:a6:2d:cf:e3:42","RSSI":-68},{"SSID":"MeetInLeeds","BSSID":"5c:a6:2d:1e:09:0d","RSSI":-71},{"SSID":"MeetInLeeds","BSSID":"5c:a6:2d:ce:a3:c2","RSSI":-71},{"SSID":"MeetInLeeds","BSSID":"ac:3a:67:07:fb:02","RSSI":-71},{"SSID":"MeetInLeeds","BSSID":"5c:a6:2d:70:7b:42","RSSI":-73},{"SSID":"MeetInLeeds","BSSID":"5c:a6:2d:ce:a3:cd","RSSI":-75},{"SSID":"MeetInLeeds","BSSID":"5c:a6:2d:af:91:cd","RSSI":-75},{"SSID":"MeetInLeeds","BSSID":"5c:a6:2d:ce:b4:cd","RSSI":-76},{"SSID":"eduroam","BSSID":"ac:3a:67:08:28:2e","RSSI":-77},{"SSID":"eduroam","BSSID":"5c:a6:2d:ce:b4:ce","RSSI":-77},{"SSID":"MeetInLeeds","BSSID":"ac:3a:67:08:28:2d","RSSI":-79}],[{"SSID":"eduroam","BSSID":"5c:a6:2d:45:db:81","RSSI":-35},{"SSID":"MeetInLeeds","BSSID":"5c:a6:2d:45:db:82","RSSI":-35},{"SSID":"eduroam","BSSID":"5c:a6:2d:45:db:8e","RSSI":-38},{"SSID":"MeetInLeeds","BSSID":"5c:a6:2d:45:db:8d","RSSI":-38},{"SSID":"MeetInLeeds","BSSID":"5c:a6:2d:ce:b5:c2","RSSI":-54},{"SSID":"MeetInLeeds","BSSID":"5c:a6:2d:ce:b5:02","RSSI":-55},{"SSID":"eduroam","BSSID":"5c:a6:2d:ce:b5:0e","RSSI":-59},{"SSID":"MeetInLeeds","BSSID":"5c:a6:2d:ce:b5:0d","RSSI":-59},{"SSID":"MeetInLeeds","BSSID":"5c:a6:2d:1e:09:02","RSSI":-62},{"SSID":"MeetInLeeds","BSSID":"5c:a6:2d:af:90:a2","RSSI":-62},{"SSID":"eduroam","BSSID":"ac:3a:67:07:fb:0e","RSSI":-63},{"SSID":"MeetInLeeds","BSSID":"ac:3a:67:07:fb:0d","RSSI":-64},{"SSID":"MeetInLeeds","BSSID":"ac:3a:67:08:28:22","RSSI":-66},{"SSID":"MeetInLeeds","BSSID":"5c:a6:2d:5d:ab:62","RSSI":-69},{"SSID":"MeetInLeeds","BSSID":"5c:a6:2d:ce:bf:02","RSSI":-69},{"SSID":"eduroam","BSSID":"5c:a6:2d:ce:bf:01","RSSI":-69},{"SSID":"MeetInLeeds","BSSID":"5c:a6:2d:ce:a3:c2","RSSI":-69},{"SSID":"MeetInLeeds","BSSID":"ac:3a:67:07:fb:02","RSSI":-69},{"SSID":"eduroam","BSSID":"5c:a6:2d:cf:e3:4e","RSSI":-70},{"SSID":"MeetInLeeds","BSSID":"5c:a6:2d:ce:bf:0d","RSSI":-70},{"SSID":"eduroam","BSSID":"5c:a6:2d:ce:bf:0e","RSSI":-70},{"SSID":"MeetInLeeds","BSSID":"5c:a6:2d:cf:e3:4d","RSSI":-71},{"SSID":"MeetInLeeds","BSSID":"5c:a6:2d:af:91:c2","RSSI":-71},{"SSID":"MeetInLeeds","BSSID":"5c:a6:2d:ce:ac:62","RSSI":-71},{"SSID":"eduroam","BSSID":"5c:a6:2d:1e:09:0e","RSSI":-72},{"SSID":"MeetInLeeds","BSSID":"5c:a6:2d:1e:09:0d","RSSI":-72},{"SSID":"eduroam","BSSID":"5c:a6:2d:af:8f:c1","RSSI":-72},{"SSID":"MeetInLeeds","BSSID":"ac:3a:67:08:25:cd","RSSI":-73},{"SSID":"MeetInLeeds","BSSID":"5c:a6:2d:af:8f:c2","RSSI":-73},{"SSID":"eduroam","BSSID":"5c:a6:2d:af:8f:ce","RSSI":-77},{"SSID":"MeetInLeeds","BSSID":"5c:a6:2d:af:8f:cd","RSSI":-77},{"SSID":"MeetInLeeds","BSSID":"5c:a6:2d:af:91:4d","RSSI":-81},{"SSID":"MeetInLeeds","BSSID":"5c:a6:2d:88:6b:6d","RSSI":-83},{"SSID":"eduroam","BSSID":"5c:a6:2d:88:6b:6e","RSSI":-83},{"SSID":"eduroam","BSSID":"5c:a6:2d:af:91:4e","RSSI":-83},{"SSID":"MeetInLeeds","BSSID":"5c:a6:2d:ce:ac:6d","RSSI":-84},{"SSID":"MeetInLeeds","BSSID":"5c:a6:2d:86:6c:2d","RSSI":-88}]]