[[{"SSID":"MeetInLeeds","BSSID":"5c:a6:2d:86:69:cd","RSSI":-39},{"SSID":"eduroam","BSSID":"5c:a6:2d:86:69:ce","RSSI":-40},{"SSID":"MeetInLeeds","BSSID":"5c:a6:2d:86:69:c2","RSSI":-44},{"SSID":"eduroam","BSSID":"5c:a6:2d:86:69:c1","RSSI":-44},{"SSID":"MeetInLeeds","BSSID":"5c:a6:2d:cf:c4:e2","RSSI":-46},{"SSID":"eduroam","BSSID":"5c:a6:2d:cf:c4:e1","RSSI":-46},{"SSID":"eduroam","BSSID":"5c:a6:2d:86:69:21","RSSI":-51},{"SSID":"MeetInLeeds","BSSID":"5c:a6:2d:86:69:22","RSSI":-51},{"SSID":"MeetInLeeds","BSSID":"5c:a6:2d:ce:ac:22","RSSI":-53},{"SSID":"eduroam","BSSID":"5c:a6:2d:ce:ac:21","RSSI":-53},{"SSID":"MeetInLeeds","BSSID":"5c:a6:2d:cf:c4:ed","RSSI":-54},{"SSID":"eduroam","BSSID":"5c:a6:2d:cf:c4:ee","RSSI":-54},{"SSID":"MeetInLeeds","BSSID":"5c:a6:2d:ce:ac:2d","RSSI":-55},{"SSID":"eduroam","BSSID":"5c:a6:2d:ce:ac:2e","RSSI":-55},{"SSID":"eduroam","BSSID":"5c:a6:2d:45:dc:a1","RSSI":-55},{"SSID":"MeetInLeeds","BSSID":"5c:a6:2d:45:dc:a2","RSSI":-55},{"SSID":"eduroam","BSSID":"5c:a6:2d:86:69:2e","RSSI":-56},{"SSID":"eduroam","BSSID":"5c:a6:2d:86:6b:81","RSSI":-56},{"SSID":"MeetInLeeds","BSSID":"5c:a6:2d:86:6b:82","RSSI":-56},{"SSID":"MeetInLeeds","BSSID":"5c:a6:2d:86:69:2d","RSSI":-57},{"SSID":"eduroam","BSSID":"5c:a6:2d:45:dc:ae","RSSI":-58},{"SSID":"MeetInLeeds","BSSID":"5c:a6:2d:45:dc:ad","RSSI":-58},{"SSID":"MeetInLeeds","BSSID":"5c:a6:2d:1e:08:e2","RSSI":-62},{"SSID":"MeetInLeeds","BSSID":"5c:a6:2d:86:6b:8d","RSSI":-62},{"SSID":"MeetInLeeds","BSSID":"5c:a6:2d:ce:c1:e2","RSSI":-62},{"SSID":"eduroam","BSSID":"5c:a6:2d:86:6b:8e","RSSI":-63},{"SSID":"eduroam","BSSID":"5c:a6:2d:ce:c1:e1","RSSI":-63},{"SSID":"MeetInLeeds","BSSID":"5c:a6:2d:ce:c1:ed","RSSI":-63},{"SSID":"eduroam","BSSID":"5c:a6:2d:cf:c1:6e","RSSI":-64},{"SSID":"MeetInLeeds","BSSID":"5c:a6:2d:cf:c1:6d","RSSI":-64},{"SSID":"MeetInLeeds","BSSID":"5c:a6:2d:af:8e:a2","RSSI":-64},{"SSID":"eduroam","BSSID":"5c:a6:2d:af:8e:a1","RSSI":-64},{"SSID":"eduroam","BSSID":"5c:a6:2d:ce:c1:ee","RSSI":-64},{"SSID":"MeetInLeeds","BSSID":"ac:3a:67:07:f8:62","RSSI":-65},{"SSID":"MeetInLeeds","BSSID":"5c:a6:2d:af:8f:42","RSSI":-65},{"SSID":"eduroam","BSSID":"5c:a6:2d:af:8f:41","RSSI":-65},{"SSID":"eduroam","BSSID":"5c:a6:2d:1e:08:ee","RSSI":-66},{"SSID":"MeetInLeeds","BSSID":"5c:a6:2d:1e:08:ed","RSSI":-66},{"SSID":"MeetInLeeds","BSSID":"5c:a6:2d:ce:8e:a2","RSSI":-67},{"SSID":"MeetInLeeds","BSSID":"5c:a6:2d:cf:bf:c2","RSSI":-68},{"SSID":"eduroam","BSSID":"5c:a6:2d:cf:bf:c1","RSSI":-68},{"SSID":"MeetInLeeds","BSSID":"5c:a6:2d:cf:c1:62","RSSI":-68},{"SSID":"MeetInLeeds","BSSID":"5c:a6:2d:5d:2e:02","RSSI":-68},{"SSID":"MeetInLeeds","BSSID":"5c:a6:2d:b6:46:42","RSSI":-70},{"SSID":"eduroam","BSSID":"5c:a6:2d:b6:46:41","RSSI":-70},{"SSID":"MeetInLeeds","BSSID":"5c:a6:2d:b6:46:4d","RSSI":-73},{"SSID":"Vertical_Axis","BSSID":"3c:71:bf:84:d7:51","RSSI":-73},{"SSID":"eduroam","BSSID":"5c:a6:2d:b6:46:4e","RSSI":-74},{"SSID":"MeetInLeeds","BSSID":"5c:a6:2d:af:91:4d","RSSI":-74},{"SSID":"MeetInLeeds","BSSID":"5c:a6:2d:86:6c:42","RSSI":-74},{"SSID":"MeetInLeeds","BSSID":"ac:3a:67:07:f8:6d","RSSI":-74},{"SSID":"eduroam","BSSID":"ac:3a:67:07:f8:6e","RSSI":-74},{"SSID":"eduroam","BSSID":"5c:a6:2d:86:6f:21","RSSI":-75},{"SSID":"eduroam","BSSID":"ac:3a:67:08:25:81","RSSI":-75},{"SSID":"MeetInLeeds","BSSID":"5c:a6:2d:86:6f:22","RSSI":-76},{"SSID":"MeetInLeeds","BSSID":"5c:a6:2d:cf:bf:cd","RSSI":-77},{"SSID":"eduroam","BSSID":"5c:a6:2d:cf:bf:ce","RSSI":-77},{"SSID":"MeetInLeeds","BSSID":"5c:a6:2d:cf:e5:a2","RSSI":-78},{"SSID":"MeetInLeeds","BSSID":"5c:a6:2d:5d:2e:0d","RSSI":-78},{"SSID":"eduroam","BSSID":"5c:a6:2d:cf:e5:a1","RSSI":-79},{"SSID":"eduroam","BSSID":"5c:a6:2d:cf:e5:ae","RSSI":-79},{"SSID":"eduroam","BSSID":"5c:a6:2d:5d:2e:0e","RSSI":-79},{"SSID":"My legs too long for train seats","BSSID":"86:da:33:a3:a5:9d","RSSI":-80},{"SSID":"MeetInLeeds","BSSID":"5c:a6:2d:ce:a1:c2","RSSI":-80},{"SSID":"MeetInLeeds","BSSID":"5c:a6:2d:cf:c1:82","RSSI":-80},{"SSID":"MeetInLeeds","BSSID":"5c:a6:2d:86:6a:62","RSSI":-81},{"SSID":"MeetInLeeds","BSSID":"5c:a6:2d:5d:ab:6d","RSSI":-81},{"SSID":"eduroam","BSSID":"5c:a6:2d:ce:a1:ce","RSSI":-82},{"SSID":"MeetInLeeds","BSSID":"5c:a6:2d:ce:a1:cd","RSSI":-82},{"SSID":"BEARD OF ZEUS","BSSID":"26:c3:dd:71:58:6c","RSSI":-82},{"SSID":"MeetInLeeds","BSSID":"ac:3a:67:08:03:8d","RSSI":-82},{"SSID":"MeetInLeeds","BSSID":"ac:3a:67:08:25:8d","RSSI":-83},{"SSID":"DESKTOP-73NVV7R 4141","BSSID":"f2:6e:0b:b7:46:4e","RSSI":-84},{"SSID":"eduroam","BSSID":"ac:3a:67:08:25:8e","RSSI":-84}],[{"SSID":"MeetInLeeds","BSSID":"5c:a6:2d:86:69:cd","RSSI":-41},{"SSID":"eduroam","BSSID":"5c:a6:2d:86:69:ce","RSSI":-43},{"SSID":"MeetInLeeds","BSSID":"5c:a6:2d:86:69:c2","RSSI":-46},{"SSID":"eduroam","BSSID":"5c:a6:2d:45:dc:a1","RSSI":-48},{"SSID":"MeetInLeeds","BSSID":"5c:a6:2d:45:dc:a2","RSSI":-48},{"SSID":"eduroam","BSSID":"5c:a6:2d:86:6b:81","RSSI":-50},{"SSID":"MeetInLeeds","BSSID":"5c:a6:2d:86:6b:82","RSSI":-50},{"SSID":"eduroam","BSSID":"5c:a6:2d:86:6b:8e","RSSI":-53},{"SSID":"MeetInLeeds","BSSID":"5c:a6:2d:cf:c4:e2","RSSI":-53},{"SSID":"MeetInLeeds","BSSID":"5c:a6:2d:86:6b:8d","RSSI":-54},{"SSID":"MeetInLeeds","BSSID":"5c:a6:2d:ce:ac:2d","RSSI":-54},{"SSID":"eduroam","BSSID":"5c:a6:2d:ce:ac:2e","RSSI":-54},{"SSID":"eduroam","BSSID":"5c:a6:2d:cf:c4:ee","RSSI":-55},{"SSID":"MeetInLeeds","BSSID":"5c:a6:2d:86:69:22","RSSI":-55},{"SSID":"MeetInLeeds","BSSID":"5c:a6:2d:cf:c4:ed","RSSI":-56},{"SSID":"MeetInLeeds","BSSID":"5c:a6:2d:ce:ac:22","RSSI":-57},{"SSID":"eduroam","BSSID":"5c:a6:2d:86:69:21","RSSI":-58},{"SSID":"MeetInLeeds","BSSID":"5c:a6:2d:1e:08:ed","RSSI":-59},{"SSID":"eduroam","BSSID":"5c:a6:2d:1e:08:ee","RSSI":-60},{"SSID":"MeetInLeeds","BSSID":"5c:a6:2d:1e:08:e2","RSSI":-61},{"SSID":"eduroam","BSSID":"5c:a6:2d:86:69:2e","RSSI":-61},{"SSID":"MeetInLeeds","BSSID":"5c:a6:2d:86:69:2d","RSSI":-61},{"SSID":"eduroam","BSSID":"5c:a6:2d:1e:08:e1","RSSI":-62},{"SSID":"MeetInLeeds","BSSID":"5c:a6:2d:ce:c1:ed","RSSI":-62},{"SSID":"eduroam","BSSID":"5c:a6:2d:ce:c1:ee","RSSI":-63},{"SSID":"eduroam","BSSID":"5c:a6:2d:cf:bf:c1","RSSI":-65},{"SSID":"eduroam","BSSID":"5c:a6:2d:af:8e:a1","RSSI":-65},{"SSID":"eduroam","BSSID":"5c:a6:2d:45:dc:ae","RSSI":-65},{"SSID":"MeetInLeeds","BSSID":"5c:a6:2d:cf:bf:c2","RSSI":-66},{"SSID":"eduroam","BSSID":"5c:a6:2d:cf:c1:6e","RSSI":-66},{"SSID":"MeetInLeeds","BSSID":"5c:a6:2d:af:8e:a2","RSSI":-66},{"SSID":"MeetInLeeds","BSSID":"5c:a6:2d:45:dc:ad","RSSI":-66},{"SSID":"MeetInLeeds","BSSID":"5c:a6:2d:cf:c1:6d","RSSI":-67},{"SSID":"MeetInLeeds","BSSID":"5c:a6:2d:ce:c1:e2","RSSI":-68},{"SSID":"eduroam","BSSID":"5c:a6:2d:ce:c1:e1","RSSI":-68},{"SSID":"eduroam","BSSID":"5c:a6:2d:cf:c1:61","RSSI":-68},{"SSID":"MeetInLeeds","BSSID":"5c:a6:2d:af:8e:ad","RSSI":-70},{"SSID":"MeetInLeeds","BSSID":"5c:a6:2d:cf:c1:62","RSSI":-70},{"SSID":"MeetInLeeds","BSSID":"5c:a6:2d:5d:2e:02","RSSI":-70},{"SSID":"MeetInLeeds","BSSID":"5c:a6:2d:af:8f:42","RSSI":-70},{"SSID":"eduroam","BSSID":"5c:a6:2d:af:8f:41","RSSI":-70},{"SSID":"Vertical_Axis","BSSID":"3c:71:bf:84:d7:51","RSSI":-70},{"SSID":"MeetInLeeds","BSSID":"ac:3a:67:07:f8:62","RSSI":-71},{"SSID":"eduroam","BSSID":"5c:a6:2d:5d:2e:01","RSSI":-71},{"SSID":"MeetInLeeds","BSSID":"5c:a6:2d:b6:46:42","RSSI":-72},{"SSID":"eduroam","BSSID":"5c:a6:2d:ce:8e:a1","RSSI":-73},{"SSID":"eduroam","BSSID":"5c:a6:2d:b6:46:41","RSSI":-73},{"SSID":"eduroam","BSSID":"5c:a6:2d:86:6f:21","RSSI":-73},{"SSID":"MeetInLeeds","BSSID":"5c:a6:2d:cf:bf:cd","RSSI":-73},{"SSID":"eduroam","BSSID":"5c:a6:2d:cf:bf:ce","RSSI":-73},{"SSID":"MeetInLeeds","BSSID":"5c:a6:2d:ce:8e:a2","RSSI":-74},{"SSID":"MeetInLeeds","BSSID":"ac:3a:67:08:25:82","RSSI":-75},{"SSID":"MeetInLeeds","BSSID":"5c:a6:2d:cf:e5:a2","RSSI":-76},{"SSID":"MeetInLeeds","BSSID":"5c:a6:2d:86:6c:4d","RSSI":-76},{"SSID":"MeetInLeeds","BSSID":"5c:a6:2d:86:6a:62","RSSI":-76},{"SSID":"eduroam","BSSID":"5c:a6:2d:86:6a:61","RSSI":-76},{"SSID":"eduroam","BSSID":"5c:a6:2d:86:6c:41","RSSI":-76},{"SSID":"eduroam","BSSID":"5c:a6:2d:b6:46:4e","RSSI":-77},{"SSID":"MeetInLeeds","BSSID":"5c:a6:2d:86:6c:42","RSSI":-77},{"SSID":"MeetInLeeds","BSSID":"ac:3a:67:08:0b:42","RSSI":-78},{"SSID":"MeetInLeeds","BSSID":"5c:a6:2d:5d:2e:0d","RSSI":-78},{"SSID":"MeetInLeeds","BSSID":"ac:3a:67:07:f8:6d","RSSI":-78},{"SSID":"eduroam","BSSID":"5c:a6:2d:5d:2e:0e","RSSI":-78},{"SSID":"eduroam","BSSID":"5c:a6:2d:cf:e5:ae","RSSI":-79},{"SSID":"MeetInLeeds","BSSID":"5c:a6:2d:cf:c1:82","RSSI":-79},{"SSID":"MeetInLeeds","BSSID":"5c:a6:2d:cf:e5:ad","RSSI":-80},{"SSID":"eduroam","BSSID":"5c:a6:2d:ef:4a:ae","RSSI":-80},{"SSID":"eduroam","BSSID":"5c:a6:2d:5d:ab:61","RSSI":-82},{"SSID":"MeetInLeeds","BSSID":"ac:3a:67:08:26:02","RSSI":-82},{"SSID":"eduroam","BSSID":"5c:a6:2d:ce:a1:ce","RSSI":-83},{"SSID":"MeetInLeeds","BSSID":"5c:a6:2d:ce:a1:cd","RSSI":-83},{"SSID":"MeetInLeeds","BSSID":"ac:3a:67:08:2a:0d","RSSI":-83},{"SSID":"eduroam","BSSID":"5c:a6:2d:cf:bf:8e","RSSI":-84},{"SSID":"DESKTOP-73NVV7R 4141","BSSID":"f2:6e:0b:b7:46:4e","RSSI":-84},{"SSID":"MeetInLeeds","BSSID":"5c:a6:2d:5d:ab:6d","RSSI":-84},{"SSID":"MeetInLeeds","BSSID":"5c:a6:2d:ce:bf:0d","RSSI":-84},{"SSID":"MeetInLeeds","BSSID":"ac:3a:67:08:29:2d","RSSI":-85},{"SSID":"eduroam","BSSID":"ac:3a:67:08:2a:0e","RSSI":-85},{"SSID":"MeetInLeeds","BSSID":"5c:a6:2d:5d:2c:0d","RSSI":-88}],[{"SSID":"MeetInLeeds","BSSID":"5c:a6:2d:86:69:cd","RSSI":-40},{"SSID":"eduroam","BSSID":"5c:a6:2d:86:69:ce","RSSI":-40},{"SSID":"MeetInLeeds","BSSID":"5c:a6:2d:86:69:c2","RSSI":-44},{"SSID":"eduroam","BSSID":"5c:a6:2d:86:69:c1","RSSI":-44},{"SSID":"MeetInLeeds","BSSID":"5c:a6:2d:ce:ac:22","RSSI":-48},{"SSID":"eduroam","BSSID":"5c:a6:2d:ce:ac:21","RSSI":-48},{"SSID":"MeetInLeeds","BSSID":"5c:a6:2d:cf:c4:e2","RSSI":-49},{"SSID":"eduroam","BSSID":"5c:a6:2d:cf:c4:e1","RSSI":-49},{"SSID":"MeetInLeeds","BSSID":"5c:a6:2d:cf:c4:ed","RSSI":-51},{"SSID":"eduroam","BSSID":"5c:a6:2d:cf:c4:ee","RSSI":-51},{"SSID":"MeetInLeeds","BSSID":"5c:a6:2d:86:6b:8d","RSSI":-53},{"SSID":"eduroam","BSSID":"5c:a6:2d:86:6b:8e","RSSI":-53},{"SSID":"MeetInLeeds","BSSID":"5c:a6:2d:ce:ac:2d","RSSI":-53},{"SSID":"eduroam","BSSID":"5c:a6:2d:ce:ac:2e","RSSI":-54},{"SSID":"MeetInLeeds","BSSID":"5c:a6:2d:86:69:22","RSSI":-54},{"SSID":"eduroam","BSSID":"5c:a6:2d:86:6b:81","RSSI":-54},{"SSID":"MeetInLeeds","BSSID":"5c:a6:2d:86:6b:82","RSSI":-54},{"SSID":"eduroam","BSSID":"5c:a6:2d:86:69:21","RSSI":-55},{"SSID":"eduroam","BSSID":"5c:a6:2d:45:dc:a1","RSSI":-56},{"SSID":"MeetInLeeds","BSSID":"5c:a6:2d:45:dc:a2","RSSI":-56},{"SSID":"eduroam","BSSID":"5c:a6:2d:86:69:2e","RSSI":-58},{"SSID":"eduroam","BSSID":"5c:a6:2d:1e:08:ee","RSSI":-59},{"SSID":"MeetInLeeds","BSSID":"5c:a6:2d:86:69:2d","RSSI":-59},{"SSID":"MeetInLeeds","BSSID":"5c:a6:2d:1e:08:ed","RSSI":-60},{"SSID":"eduroam","BSSID":"5c:a6:2d:45:dc:ae","RSSI":-61},{"SSID":"MeetInLeeds","BSSID":"5c:a6:2d:45:dc:ad","RSSI":-61},{"SSID":"eduroam","BSSID":"5c:a6:2d:ce:c1:ee","RSSI":-61},{"SSID":"MeetInLeeds","BSSID":"5c:a6:2d:ce:c1:ed","RSSI":-61},{"SSID":"eduroam","BSSID":"5c:a6:2d:af:8e:ae","RSSI":-65},{"SSID":"MeetInLeeds","BSSID":"5c:a6:2d:cf:c1:62","RSSI":-65},{"SSID":"MeetInLeeds","BSSID":"5c:a6:2d:af:8e:a2","RSSI":-65},{"SSID":"eduroam","BSSID":"5c:a6:2d:af:8e:a1","RSSI":-65},{"SSID":"MeetInLeeds","BSSID":"5c:a6:2d:cf:bf:c2","RSSI":-66},{"SSID":"MeetInLeeds","BSSID":"5c:a6:2d:ce:c1:e2","RSSI":-66},{"SSID":"eduroam","BSSID":"5c:a6:2d:cf:c1:61","RSSI":-66},{"SSID":"MeetInLeeds","BSSID":"ac:3a:67:07:f8:62","RSSI":-67},{"SSID":"eduroam","BSSID":"ac:3a:67:07:f8:61","RSSI":-67},{"SSID":"eduroam","BSSID":"5c:a6:2d:1e:08:e1","RSSI":-67},{"SSID":"MeetInLeeds","BSSID":"5c:a6:2d:cf:c1:6d","RSSI":-67},{"SSID":"MeetInLeeds","BSSID":"5c:a6:2d:1e:08:e2","RSSI":-68},{"SSID":"eduroam","BSSID":"5c:a6:2d:cf:c1:6e","RSSI":-68},{"SSID":"eduroam","BSSID":"5c:a6:2d:cf:bf:ce","RSSI":-68},{"SSID":"MeetInLeeds","BSSID":"5c:a6:2d:cf:bf:cd","RSSI":-69},{"SSID":"eduroam","BSSID":"5c:a6:2d:b6:46:41","RSSI":-72},{"SSID":"MeetInLeeds","BSSID":"5c:a6:2d:af:8f:42","RSSI":-72},{"SSID":"eduroam","BSSID":"5c:a6:2d:af:8f:41","RSSI":-72},{"SSID":"MeetInLeeds","BSSID":"5c:a6:2d:af:91:4d","RSSI":-72},{"SSID":"MeetInLeeds","BSSID":"ac:3a:67:08:25:82","RSSI":-72},{"SSID":"MeetInLeeds","BSSID":"5c:a6:2d:b6:46:42","RSSI":-73},{"SSID":"MeetInLeeds","BSSID":"5c:a6:2d:86:6f:22","RSSI":-73},{"SSID":"eduroam","BSSID":"5c:a6:2d:af:91:4e","RSSI":-73},{"SSID":"eduroam","BSSID":"ac:3a:67:08:25:81","RSSI":-73},{"SSID":"MeetInLeeds","BSSID":"5c:a6:2d:ce:8e:a2","RSSI":-74},{"SSID":"eduroam","BSSID":"5c:a6:2d:ce:8e:a1","RSSI":-74},{"SSID":"eduroam","BSSID":"ac:3a:67:08:0b:41","RSSI":-74},{"SSID":"MeetInLeeds","BSSID":"ac:3a:67:08:0b:42","RSSI":-74},{"SSID":"MeetInLeeds","BSSID":"5c:a6:2d:86:6c:42","RSSI":-74},{"SSID":"MeetInLeeds","BSSID":"ac:3a:67:07:f9:22","RSSI":-75},{"SSID":"MeetInLeeds","BSSID":"5c:a6:2d:ce:8e:ad","RSSI":-75},{"SSID":"MeetInLeeds","BSSID":"5c:a6:2d:5d:2e:0d","RSSI":-76},{"SSID":"eduroam","BSSID":"5c:a6:2d:5d:2e:0e","RSSI":-76},{"SSID":"MeetInLeeds","BSSID":"ac:3a:67:07:f8:6d","RSSI":-77},{"SSID":"Vertical_Axis","BSSID":"3c:71:bf:84:d7:51","RSSI":-77},{"SSID":"MeetInLeeds","BSSID":"5c:a6:2d:cf:e5:ad","RSSI":-78},{"SSID":"eduroam","BSSID":"5c:a6:2d:ce:a1:c1","RSSI":-78},{"SSID":"MeetInLeeds","BSSID":"5c:a6:2d:ce:a1:c2","RSSI":-78},{"SSID":"MeetInLeeds","BSSID":"5c:a6:2d:ce:a1:cd","RSSI":-79},{"SSID":"eduroam","BSSID":"5c:a6:2d:ef:4a:ae","RSSI":-79},{"SSID":"MeetInLeeds","BSSID":"5c:a6:2d:ef:4a:ad","RSSI":-79},{"SSID":"MeetInLeeds","BSSID":"5c:a6:2d:cf:e5:a2","RSSI":-80},{"SSID":"MeetInLeeds","BSSID":"5c:a6:2d:86:6f:2d","RSSI":-80},{"SSID":"eduroam","BSSID":"5c:a6:2d:af:91:41","RSSI":-81},{"SSID":"eduroam","BSSID":"ac:3a:67:08:2a:01","RSSI":-82},{"SSID":"eduroam","BSSID":"5c:a6:2d:5d:2e:21","RSSI":-82},{"SSID":"DESKTOP-73NVV7R 4141","BSSID":"f2:6e:0b:b7:46:4e","RSSI":-85},{"SSID":"MeetInLeeds","BSSID":"ac:3a:67:08:29:2d","RSSI":-88}],[{"SSID":"eduroam","BSSID":"5c:a6:2d:86:69:ce","RSSI":-40},{"SSID":"MeetInLeeds","BSSID":"5c:a6:2d:86:69:cd","RSSI":-42},{"SSID":"MeetInLeeds","BSSID":"5c:a6:2d:86:69:c2","RSSI":-44},{"SSID":"MeetInLeeds","BSSID":"5c:a6:2d:cf:c4:e2","RSSI":-46},{"SSID":"eduroam","BSSID":"5c:a6:2d:ce:ac:21","RSSI":-49},{"SSID":"MeetInLeeds","BSSID":"5c:a6:2d:86:69:22","RSSI":-53},{"SSID":"MeetInLeeds","BSSID":"5c:a6:2d:86:6b:82","RSSI":-53},{"SSID":"MeetInLeeds","BSSID":"5c:a6:2d:86:6b:8d","RSSI":-54},{"SSID":"eduroam","BSSID":"5c:a6:2d:86:6b:8e","RSSI":-54},{"SSID":"MeetInLeeds","BSSID":"5c:a6:2d:ce:ac:2d","RSSI":-54},{"SSID":"eduroam","BSSID":"5c:a6:2d:ce:ac:2e","RSSI":-54},{"SSID":"eduroam","BSSID":"5c:a6:2d:86:69:21","RSSI":-54},{"SSID":"MeetInLeeds","BSSID":"5c:a6:2d:cf:c4:ed","RSSI":-55},{"SSID":"eduroam","BSSID":"5c:a6:2d:cf:c4:ee","RSSI":-56},{"SSID":"eduroam","BSSID":"5c:a6:2d:45:dc:a1","RSSI":-56},{"SSID":"MeetInLeeds","BSSID":"5c:a6:2d:45:dc:a2","RSSI":-56},{"SSID":"eduroam","BSSID":"5c:a6:2d:1e:08:ee","RSSI":-58},{"SSID":"MeetInLeeds","BSSID":"5c:a6:2d:1e:08:ed","RSSI":-58},{"SSID":"MeetInLeeds","BSSID":"5c:a6:2d:ce:c1:ed","RSSI":-61},{"SSID":"eduroam","BSSID":"5c:a6:2d:86:69:2e","RSSI":-62},{"SSID":"MeetInLeeds","BSSID":"5c:a6:2d:86:69:2d","RSSI":-62},{"SSID":"MeetInLeeds","BSSID":"5c:a6:2d:45:dc:ad","RSSI":-62},{"SSID":"eduroam","BSSID":"5c:a6:2d:ce:c1:ee","RSSI":-62},{"SSID":"eduroam","BSSID":"5c:a6:2d:45:dc:ae","RSSI":-63},{"SSID":"eduroam","BSSID":"5c:a6:2d:cf:c1:61","RSSI":-64},{"SSID":"eduroam","BSSID":"5c:a6:2d:ce:c1:e1","RSSI":-65},{"SSID":"eduroam","BSSID":"5c:a6:2d:cf:c1:6e","RSSI":-65},{"SSID":"MeetInLeeds","BSSID":"5c:a6:2d:cf:c1:6d","RSSI":-65},{"SSID":"MeetInLeeds","BSSID":"5c:a6:2d:cf:c1:62","RSSI":-65},{"SSID":"MeetInLeeds","BSSID":"5c:a6:2d:af:8e:a2","RSSI":-65},{"SSID":"MeetInLeeds","BSSID":"5c:a6:2d:1e:08:e2","RSSI":-66},{"SSID":"MeetInLeeds","BSSID":"5c:a6:2d:cf:bf:c2","RSSI":-66},{"SSID":"eduroam","BSSID":"5c:a6:2d:cf:bf:c1","RSSI":-66},{"SSID":"MeetInLeeds","BSSID":"5c:a6:2d:ce:c1:e2","RSSI":-66},{"SSID":"MeetInLeeds","BSSID":"ac:3a:67:07:f8:62","RSSI":-67},{"SSID":"eduroam","BSSID":"5c:a6:2d:1e:08:e1","RSSI":-67},{"SSID":"eduroam","BSSID":"ac:3a:67:07:f8:61","RSSI":-68},{"SSID":"MeetInLeeds","BSSID":"5c:a6:2d:af:8e:ad","RSSI":-68},{"SSID":"eduroam","BSSID":"5c:a6:2d:af:8e:ae","RSSI":-68},{"SSID":"MeetInLeeds","BSSID":"5c:a6:2d:cf:bf:cd","RSSI":-68},{"SSID":"eduroam","BSSID":"5c:a6:2d:cf:bf:ce","RSSI":-68},{"SSID":"MeetInLeeds","BSSID":"5c:a6:2d:af:8f:4d","RSSI":-69},{"SSID":"eduroam","BSSID":"5c:a6:2d:af:8f:4e","RSSI":-70},{"SSID":"MeetInLeeds","BSSID":"5c:a6:2d:ce:ac:22","RSSI":-71},{"SSID":"MeetInLeeds","BSSID":"5c:a6:2d:b6:46:42","RSSI":-72},{"SSID":"eduroam","BSSID":"5c:a6:2d:b6:46:4e","RSSI":-73},{"SSID":"MeetInLeeds","BSSID":"5c:a6:2d:86:6a:62","RSSI":-73},{"SSID":"eduroam","BSSID":"5c:a6:2d:86:6a:61","RSSI":-73},{"SSID":"MeetInLeeds","BSSID":"5c:a6:2d:ce:8e:ad","RSSI":-73},{"SSID":"MeetInLeeds","BSSID":"5c:a6:2d:86:6c:42","RSSI":-73},{"SSID":"MeetInLeeds","BSSID":"ac:3a:67:07:f9:22","RSSI":-74},{"SSID":"eduroam","BSSID":"5c:a6:2d:86:6c:41","RSSI":-74},{"SSID":"eduroam","BSSID":"5c:a6:2d:5d:2e:0e","RSSI":-75},{"SSID":"MeetInLeeds","BSSID":"5c:a6:2d:86:6c:4d","RSSI":-76},{"SSID":"MeetInLeeds","BSSID":"5c:a6:2d:b6:46:4d","RSSI":-76},{"SSID":"eduroam","BSSID":"ac:3a:67:08:0b:41","RSSI":-76},{"SSID":"Vertical_Axis","BSSID":"3c:71:bf:84:d7:51","RSSI":-76},{"SSID":"eduroam","BSSID":"5c:a6:2d:86:6c:4e","RSSI":-77},{"SSID":"MeetInLeeds","BSSID":"5c:a6:2d:ce:8e:a2","RSSI":-77},{"SSID":"eduroam","BSSID":"5c:a6:2d:ce:8e:a1","RSSI":-77},{"SSID":"eduroam","BSSID":"5c:a6:2d:ce:a1:c1","RSSI":-77},{"SSID":"eduroam","BSSID":"5c:a6:2d:cf:c1:81","RSSI":-78},{"SSID":"eduroam","BSSID":"5c:a6:2d:ef:4a:ae","RSSI":-78},{"SSID":"MeetInLeeds","BSSID":"5c:a6:2d:ef:4a:ad","RSSI":-78},{"SSID":"MeetInLeeds","BSSID":"5c:a6:2d:5d:2e:0d","RSSI":-78},{"SSID":"BEARD OF ZEUS","BSSID":"26:c3:dd:71:58:6c","RSSI":-79},{"SSID":"MeetInLeeds","BSSID":"5c:a6:2d:af:8f:cd","RSSI":-80},{"SSID":"MeetInLeeds","BSSID":"5c:a6:2d:cf:e5:a2","RSSI":-81},{"SSID":"eduroam","BSSID":"5c:a6:2d:cf:e5:a1","RSSI":-81},{"SSID":"MeetInLeeds","BSSID":"ac:3a:67:08:0b:4d","RSSI":-82},{"SSID":"MeetInLeeds","BSSID":"5c:a6:2d:5d:ab:6d","RSSI":-82},{"SSID":"eduroam","BSSID":"5c:a6:2d:86:6f:21","RSSI":-82},{"SSID":"eduroam","BSSID":"5c:a6:2d:ce:a1:ce","RSSI":-83},{"SSID":"MeetInLeeds","BSSID":"5c:a6:2d:ce:a1:cd","RSSI":-83},{"SSID":"eduroam","BSSID":"ac:3a:67:08:0b:4e","RSSI":-83},{"SSID":"eduroam","BSSID":"5c:a6:2d:5d:ab:6e","RSSI":-83},{"SSID":"MeetInLeeds","BSSID":"ac:3a:67:08:25:8d","RSSI":-84},{"SSID":"DESKTOP-73NVV7R 4141","BSSID":"f2:6e:0b:b7:46:4e","RSSI":-85},{"SSID":"eduroam","BSSID":"5c:a6:2d:cf:e5:4e","RSSI":-86},{"SSID":"MeetInLeeds","BSSID":"5c:a6:2d:86:6d:2d","RSSI":-87}],[{"SSID":"MeetInLeeds","BSSID":"5c:a6:2d:86:69:cd","RSSI":-41},{"SSID":"eduroam","BSSID":"5c:a6:2d:86:69:ce","RSSI":-41},{"SSID":"MeetInLeeds","BSSID":"5c:a6:2d:86:69:c2","RSSI":-47},{"SSID":"MeetInLeeds","BSSID":"5c:a6:2d:cf:c4:e2","RSSI":-48},{"SSID":"MeetInLeeds","BSSID":"5c:a6:2d:ce:ac:22","RSSI":-50},{"SSID":"eduroam","BSSID":"5c:a6:2d:ce:ac:21","RSSI":-50},{"SSID":"MeetInLeeds","BSSID":"5c:a6:2d:cf:c4:ed","RSSI":-52},{"SSID":"eduroam","BSSID":"5c:a6:2d:cf:c4:ee","RSSI":-52},{"SSID":"MeetInLeeds","BSSID":"5c:a6:2d:86:6b:8d","RSSI":-54},{"SSID":"MeetInLeeds","BSSID":"5c:a6:2d:ce:ac:2d","RSSI":-54},{"SSID":"eduroam","BSSID":"5c:a6:2d:ce:ac:2e","RSSI":-54},{"SSID":"MeetInLeeds","BSSID":"5c:a6:2d:45:dc:a2","RSSI":-54},{"SSID":"MeetInLeeds","BSSID":"5c:a6:2d:86:69:22","RSSI":-54},{"SSID":"MeetInLeeds","BSSID":"5c:a6:2d:86:6b:82","RSSI":-54},{"SSID":"eduroam","BSSID":"5c:a6:2d:86:6b:8e","RSSI":-55},{"SSID":"eduroam","BSSID":"5c:a6:2d:86:69:21","RSSI":-56},{"SSID":"eduroam","BSSID":"5c:a6:2d:1e:08:ee","RSSI":-58},{"SSID":"MeetInLeeds","BSSID":"5c:a6:2d:1e:08:ed","RSSI":-58},{"SSID":"MeetInLeeds","BSSID":"5c:a6:2d:86:69:2d","RSSI":-58},{"SSID":"eduroam","BSSID":"5c:a6:2d:86:69:2e","RSSI":-59},{"SSID":"MeetInLeeds","BSSID":"5c:a6:2d:45:dc:ad","RSSI":-59},{"SSID":"eduroam","BSSID":"5c:a6:2d:ce:c1:ee","RSSI":-60},{"SSID":"MeetInLeeds","BSSID":"5c:a6:2d:ce:c1:ed","RSSI":-60},{"SSID":"eduroam","BSSID":"5c:a6:2d:45:dc:ae","RSSI":-61},{"SSID":"MeetInLeeds","BSSID":"5c:a6:2d:1e:08:e2","RSSI":-64},{"SSID":"MeetInLeeds","BSSID":"5c:a6:2d:ce:c1:e2","RSSI":-64},{"SSID":"eduroam","BSSID":"5c:a6:2d:ce:c1:e1","RSSI":-64},{"SSID":"MeetInLeeds","BSSID":"5c:a6:2d:cf:c1:62","RSSI":-65},{"SSID":"MeetInLeeds","BSSID":"ac:3a:67:07:f8:62","RSSI":-67},{"SSID":"MeetInLeeds","BSSID":"5c:a6:2d:cf:bf:c2","RSSI":-67},{"SSID":"eduroam","BSSID":"5c:a6:2d:cf:c1:6e","RSSI":-67},{"SSID":"MeetInLeeds","BSSID":"5c:a6:2d:cf:c1:6d","RSSI":-67},{"SSID":"MeetInLeeds","BSSID":"5c:a6:2d:af:8e:a2","RSSI":-67},{"SSID":"MeetInLeeds","BSSID":"5c:a6:2d:5d:2e:02","RSSI":-68},{"SSID":"MeetInLeeds","BSSID":"5c:a6:2d:cf:bf:cd","RSSI":-70},{"SSID":"eduroam","BSSID":"5c:a6:2d:cf:bf:ce","RSSI":-70},{"SSID":"MeetInLeeds","BSSID":"5c:a6:2d:b6:46:42","RSSI":-71},{"SSID":"MeetInLeeds","BSSID":"ac:3a:67:08:25:82","RSSI":-71},{"SSID":"eduroam","BSSID":"5c:a6:2d:b6:46:4e","RSSI":-72},{"SSID":"MeetInLeeds","BSSID":"5c:a6:2d:86:6f:22","RSSI":-72},{"SSID":"MeetInLeeds","BSSID":"5c:a6:2d:af:8f:42","RSSI":-72},{"SSID":"MeetInLeeds","BSSID":"5c:a6:2d:86:6a:62","RSSI":-73},{"SSID":"eduroam","BSSID":"5c:a6:2d:86:6a:61","RSSI":-74},{"SSID":"MeetInLeeds","BSSID":"5c:a6:2d:ce:8e:ad","RSSI":-74},{"SSID":"eduroam","BSSID":"5c:a6:2d:af:91:4e","RSSI":-74},{"SSID":"MeetInLeeds","BSSID":"5c:a6:2d:af:91:4d","RSSI":-74},{"SSID":"MeetInLeeds","BSSID":"ac:3a:67:07:f9:22","RSSI":-75},{"SSID":"MeetInLeeds","BSSID":"5c:a6:2d:5d:2e:0d","RSSI":-75},{"SSID":"MeetInLeeds","BSSID":"5c:a6:2d:86:6c:42","RSSI":-75},{"SSID":"MeetInLeeds","BSSID":"ac:3a:67:07:f8:6d","RSSI":-75},{"SSID":"eduroam","BSSID":"5c:a6:2d:5d:2e:0e","RSSI":-75},{"SSID":"MeetInLeeds","BSSID":"5c:a6:2d:cf:e5:ad","RSSI":-76},{"SSID":"eduroam","BSSID":"5c:a6:2d:cf:e5:ae","RSSI":-77},{"SSID":"eduroam","BSSID":"5c:a6:2d:86:6f:2e","RSSI":-77},{"SSID":"MeetInLeeds","BSSID":"5c:a6:2d:ce:8e:a2","RSSI":-78},{"SSID":"Vertical_Axis","BSSID":"3c:71:bf:84:d7:51","RSSI":-78},{"SSID":"MeetInLeeds","BSSID":"5c:a6:2d:ef:4a:ad","RSSI":-79},{"SSID":"MeetInLeeds","BSSID":"5c:a6:2d:ce:a1:cd","RSSI":-80},{"SSID":"MeetInLeeds","BSSID":"5c:a6:2d:cf:e5:a2","RSSI":-81},{"SSID":"eduroam","BSSID":"5c:a6:2d:ce:a1:ce","RSSI":-81},{"SSID":"DESKTOP-73NVV7R 4141","BSSID":"f2:6e:0b:b7:46:4e","RSSI":-83},{"SSID":"eduroam","BSSID":"5c:a6:2d:5d:ab:61","RSSI":-83},{"SSID":"eduroam","BSSID":"ac:3a:67:08:2a:0e","RSSI":-84},{"SSID":"eduroam","BSSID":"ac:3a:67:08:25:8e","RSSI":-84},{"SSID":"MeetInLeeds","BSSID":"ac:3a:67:08:2a:0d","RSSI":-85},{"SSID":"MeetInLeeds","BSSID":"ac:3a:67:08:25:8d","RSSI":-85},{"SSID":"MeetInLeeds","BSSID":"ac:3a:67:08:29:2d","RSSI":-86},{"SSID":"eduroam","BSSID":"5c:a6:2d:ce:bf:0e","RSSI":-86},{"SSID":"MeetInLeeds","BSSID":"5c:a6:2d:ef:45:2d","RSSI":-88}],[{"SSID":"MeetInLeeds","BSSID":"5c:a6:2d:86:69:cd","RSSI":-42},{"SSID":"eduroam","BSSID":"5c:a6:2d:86:69:ce","RSSI":-42},{"SSID":"MeetInLeeds","BSSID":"5c:a6:2d:86:69:c2","RSSI":-47},{"SSID":"eduroam","BSSID":"5c:a6:2d:86:69:c1","RSSI":-47},{"SSID":"eduroam","BSSID":"5c:a6:2d:cf:c4:e1","RSSI":-47},{"SSID":"MeetInLeeds","BSSID":"5c:a6:2d:cf:c4:e2","RSSI":-48},{"SSID":"MeetInLeeds","BSSID":"5c:a6:2d:ce:ac:22","RSSI":-49},{"SSID":"MeetInLeeds","BSSID":"5c:a6:2d:86:6b:82","RSSI":-51},{"SSID":"MeetInLeeds","BSSID":"5c:a6:2d:cf:c4:ed","RSSI":-52},{"SSID":"MeetInLeeds","BSSID":"5c:a6:2d:86:6b:8d","RSSI":-53},{"SSID":"eduroam","BSSID":"5c:a6:2d:86:6b:8e","RSSI":-53},{"SSID":"eduroam","BSSID":"5c:a6:2d:cf:c4:ee","RSSI":-53},{"SSID":"MeetInLeeds","BSSID":"5c:a6:2d:ce:ac:2d","RSSI":-53},{"SSID":"eduroam","BSSID":"5c:a6:2d:ce:ac:2e","RSSI":-53},{"SSID":"eduroam","BSSID":"5c:a6:2d:45:dc:a1","RSSI":-53},{"SSID":"eduroam","BSSID":"5c:a6:2d:86:69:21","RSSI":-53},{"SSID":"MeetInLeeds","BSSID":"5c:a6:2d:86:69:22","RSSI":-53},{"SSID":"MeetInLeeds","BSSID":"5c:a6:2d:45:dc:a2","RSSI":-54},{"SSID":"eduroam","BSSID":"5c:a6:2d:1e:08:ee","RSSI":-58},{"SSID":"eduroam","BSSID":"5c:a6:2d:86:69:2e","RSSI":-58},{"SSID":"MeetInLeeds","BSSID":"5c:a6:2d:86:69:2d","RSSI":-58},{"SSID":"MeetInLeeds","BSSID":"5c:a6:2d:1e:08:ed","RSSI":-59},{"SSID":"eduroam","BSSID":"5c:a6:2d:ce:c1:ee","RSSI":-59},{"SSID":"MeetInLeeds","BSSID":"5c:a6:2d:ce:c1:ed","RSSI":-59},{"SSID":"eduroam","BSSID":"5c:a6:2d:45:dc:ae","RSSI":-61},{"SSID":"MeetInLeeds","BSSID":"5c:a6:2d:45:dc:ad","RSSI":-63},{"SSID":"MeetInLeeds","BSSID":"5c:a6:2d:ce:c1:e2","RSSI":-64},{"SSID":"MeetInLeeds","BSSID":"5c:a6:2d:cf:c1:62","RSSI":-65},{"SSID":"MeetInLeeds","BSSID":"5c:a6:2d:af:8e:a2","RSSI":-66},{"SSID":"eduroam","BSSID":"5c:a6:2d:cf:c1:61","RSSI":-66},{"SSID":"MeetInLeeds","BSSID":"5c:a6:2d:cf:bf:c2","RSSI":-67},{"SSID":"MeetInLeeds","BSSID":"5c:a6:2d:cf:c1:6d","RSSI":-67},{"SSID":"MeetInLeeds","BSSID":"5c:a6:2d:5d:2e:02","RSSI":-67},{"SSID":"MeetInLeeds","BSSID":"ac:3a:67:07:f8:62","RSSI":-68},{"SSID":"MeetInLeeds","BSSID":"5c:a6:2d:b6:46:42","RSSI":-71},{"SSID":"eduroam","BSSID":"5c:a6:2d:b6:46:41","RSSI":-71},{"SSID":"MeetInLeeds","BSSID":"ac:3a:67:08:25:82","RSSI":-71},{"SSID":"eduroam","BSSID":"ac:3a:67:08:25:81","RSSI":-71},{"SSID":"eduroam","BSSID":"5c:a6:2d:af:8f:41","RSSI":-72},{"SSID":"eduroam","BSSID":"5c:a6:2d:cf:bf:ce","RSSI":-72},{"SSID":"eduroam","BSSID":"5c:a6:2d:86:6a:61","RSSI":-73},{"SSID":"MeetInLeeds","BSSID":"5c:a6:2d:cf:bf:cd","RSSI":-73},{"SSID":"MeetInLeeds","BSSID":"5c:a6:2d:86:6c:4d","RSSI":-74},{"SSID":"MeetInLeeds","BSSID":"5c:a6:2d:86:6a:62","RSSI":-74},{"SSID":"MeetInLeeds","BSSID":"5c:a6:2d:86:6c:42","RSSI":-74},{"SSID":"eduroam","BSSID":"ac:3a:67:07:f9:21","RSSI":-75},{"SSID":"MeetInLeeds","BSSID":"ac:3a:67:07:f9:22","RSSI":-75},{"SSID":"MeetInLeeds","BSSID":"5c:a6:2d:b6:46:4d","RSSI":-75},{"SSID":"MeetInLeeds","BSSID":"ac:3a:67:08:0b:42","RSSI":-75},{"SSID":"MeetInLeeds","BSSID":"5c:a6:2d:5d:2e:0d","RSSI":-75},{"SSID":"MeetInLeeds","BSSID":"ac:3a:67:07:f8:6d","RSSI":-75},{"SSID":"eduroam","BSSID":"ac:3a:67:07:f8:6e","RSSI":-75},{"SSID":"MeetInLeeds","BSSID":"5c:a6:2d:ce:8e:a2","RSSI":-76},{"SSID":"eduroam","BSSID":"5c:a6:2d:5d:2e:0e","RSSI":-76},{"SSID":"MeetInLeeds","BSSID":"5c:a6:2d:cf:e5:ad","RSSI":-77},{"SSID":"MeetInLeeds","BSSID":"5c:a6:2d:cf:e5:a2","RSSI":-79},{"SSID":"MeetInLeeds","BSSID":"5c:a6:2d:ef:4a:ad","RSSI":-79},{"SSID":"eduroam","BSSID":"5c:a6:2d:af:91:41","RSSI":-80},{"SSID":"MeetInLeeds","BSSID":"5c:a6:2d:86:6f:2d","RSSI":-80},{"SSID":"eduroam","BSSID":"5c:a6:2d:ce:a1:ce","RSSI":-81},{"SSID":"eduroam","BSSID":"5c:a6:2d:5d:ab:6e","RSSI":-81},{"SSID":"MeetInLeeds","BSSID":"5c:a6:2d:5d:ab:6d","RSSI":-81},{"SSID":"MeetInLeeds","BSSID":"5c:a6:2d:ce:a1:cd","RSSI":-82},{"SSID":"eduroam","BSSID":"5c:a6:2d:ce:bf:0e","RSSI":-83},{"SSID":"DESKTOP-73NVV7R 4141","BSSID":"f2:6e:0b:b7:46:4e","RSSI":-84},{"SSID":"eduroam","BSSID":"5c:a6:2d:5d:ab:61","RSSI":-84},{"SSID":"MeetInLeeds","BSSID":"ac:3a:67:08:2a:0d","RSSI":-84},{"SSID":"MeetInLeeds","BSSID":"5c:a6:2d:ce:bf:0d","RSSI":-84},{"SSID":"eduroam","BSSID":"ac:3a:67:08:2a:0e","RSSI":-85},{"SSID":"MeetInLeeds","BSSID":"ac:3a:67:08:29:2d","RSSI":-86},{"SSID":"MeetInLeeds","BSSID":"ac:3a:67:08:25:8d","RSSI":-86}],[{"SSID":"MeetInLeeds","BSSID":"5c:a6:2d:86:69:cd","RSSI":-44},{"SSID":"eduroam","BSSID":"5c:a6:2d:86:69:ce","RSSI":-44},{"SSID":"MeetInLeeds","BSSID":"5c:a6:2d:86:69:c2","RSSI":-46},{"SSID":"MeetInLeeds","BSSID":"5c:a6:2d:cf:c4:e2","RSSI":-49},{"SSID":"MeetInLeeds","BSSID":"5c:a6:2d:ce:ac:22","RSSI":-49},{"SSID":"eduroam","BSSID":"5c:a6:2d:ce:ac:21","RSSI":-49},{"SSID":"MeetInLeeds","BSSID":"5c:a6:2d:cf:c4:ed","RSSI":-51},{"SSID":"eduroam","BSSID":"5c:a6:2d:cf:c4:ee","RSSI":-51},{"SSID":"eduroam","BSSID":"5c:a6:2d:45:dc:a1","RSSI":-52},{"SSID":"MeetInLeeds","BSSID":"5c:a6:2d:45:dc:a2","RSSI":-52},{"SSID":"eduroam","BSSID":"5c:a6:2d:86:69:21","RSSI":-52},{"SSID":"MeetInLeeds","BSSID":"5c:a6:2d:86:69:22","RSSI":-52},{"SSID":"MeetInLeeds","BSSID":"5c:a6:2d:86:6b:8d","RSSI":-54},{"SSID":"MeetInLeeds","BSSID":"5c:a6:2d:ce:ac:2d","RSSI":-54},{"SSID":"eduroam","BSSID":"5c:a6:2d:ce:ac:2e","RSSI":-54},{"SSID":"eduroam","BSSID":"5c:a6:2d:86:6b:81","RSSI":-54},{"SSID":"MeetInLeeds","BSSID":"5c:a6:2d:86:6b:82","RSSI":-54},{"SSID":"eduroam","BSSID":"5c:a6:2d:86:6b:8e","RSSI":-55},{"SSID":"MeetInLeeds","BSSID":"5c:a6:2d:86:69:2d","RSSI":-58},{"SSID":"eduroam","BSSID":"5c:a6:2d:1e:08:ee","RSSI":-59},{"SSID":"MeetInLeeds","BSSID":"5c:a6:2d:1e:08:ed","RSSI":-59},{"SSID":"eduroam","BSSID":"5c:a6:2d:86:69:2e","RSSI":-59},{"SSID":"eduroam","BSSID":"5c:a6:2d:45:dc:ae","RSSI":-61},{"SSID":"eduroam","BSSID":"5c:a6:2d:ce:c1:ee","RSSI":-61},{"SSID":"MeetInLeeds","BSSID":"5c:a6:2d:ce:c1:ed","RSSI":-61},{"SSID":"MeetInLeeds","BSSID":"5c:a6:2d:45:dc:ad","RSSI":-62},{"SSID":"MeetInLeeds","BSSID":"5c:a6:2d:ce:c1:e2","RSSI":-64},{"SSID":"eduroam","BSSID":"5c:a6:2d:ce:c1:e1","RSSI":-64},{"SSID":"MeetInLeeds","BSSID":"5c:a6:2d:af:8e:a2","RSSI":-65},{"SSID":"eduroam","BSSID":"5c:a6:2d:af:8e:a1","RSSI":-65},{"SSID":"MeetInLeeds","BSSID":"5c:a6:2d:cf:c1:6d","RSSI":-66},{"SSID":"MeetInLeeds","BSSID":"5c:a6:2d:cf:c1:62","RSSI":-66},{"SSID":"MeetInLeeds","BSSID":"5c:a6:2d:1e:08:e2","RSSI":-67},{"SSID":"MeetInLeeds","BSSID":"5c:a6:2d:cf:bf:c2","RSSI":-67},{"SSID":"eduroam","BSSID":"5c:a6:2d:cf:bf:c1","RSSI":-67},{"SSID":"MeetInLeeds","BSSID":"5c:a6:2d:af:8e:ad","RSSI":-68},{"SSID":"eduroam","BSSID":"5c:a6:2d:af:8f:4e","RSSI":-69},{"SSID":"MeetInLeeds","BSSID":"5c:a6:2d:cf:bf:cd","RSSI":-70},{"SSID":"MeetInLeeds","BSSID":"ac:3a:67:08:25:82","RSSI":-70},{"SSID":"eduroam","BSSID":"ac:3a:67:08:25:81","RSSI":-70},{"SSID":"eduroam","BSSID":"5c:a6:2d:cf:bf:ce","RSSI":-70},{"SSID":"eduroam","BSSID":"5c:a6:2d:b6:46:4e","RSSI":-72},{"SSID":"MeetInLeeds","BSSID":"5c:a6:2d:b6:46:42","RSSI":-72},{"SSID":"MeetInLeeds","BSSID":"5c:a6:2d:86:6a:62","RSSI":-73},{"SSID":"eduroam","BSSID":"5c:a6:2d:86:6a:61","RSSI":-73},{"SSID":"eduroam","BSSID":"ac:3a:67:07:f8:6e","RSSI":-73},{"SSID":"eduroam","BSSID":"5c:a6:2d:86:6f:21","RSSI":-74},{"SSID":"MeetInLeeds","BSSID":"5c:a6:2d:5d:2e:0d","RSSI":-74},{"SSID":"eduroam","BSSID":"5c:a6:2d:86:6c:41","RSSI":-74},{"SSID":"MeetInLeeds","BSSID":"5c:a6:2d:86:6c:42","RSSI":-74},{"SSID":"MeetInLeeds","BSSID":"ac:3a:67:07:f8:6d","RSSI":-74},{"SSID":"eduroam","BSSID":"5c:a6:2d:5d:2e:0e","RSSI":-74},{"SSID":"MeetInLeeds","BSSID":"ac:3a:67:07:f9:22","RSSI":-75},{"SSID":"MeetInLeeds","BSSID":"ac:3a:67:08:0b:42","RSSI":-75},{"SSID":"MeetInLeeds","BSSID":"5c:a6:2d:ce:8e:ad","RSSI":-77},{"SSID":"MeetInLeeds","BSSID":"5c:a6:2d:86:6f:2d","RSSI":-77},{"SSID":"Vertical_Axis","BSSID":"3c:71:bf:84:d7:51","RSSI":-77},{"SSID":"eduroam","BSSID":"5c:a6:2d:cf:e5:ae","RSSI":-78},{"SSID":"MeetInLeeds","BSSID":"5c:a6:2d:cf:e5:ad","RSSI":-78},{"SSID":"eduroam","BSSID":"5c:a6:2d:86:6f:2e","RSSI":-78},{"SSID":"eduroam","BSSID":"5c:a6:2d:cf:c1:81","RSSI":-79},{"SSID":"MeetInLeeds","BSSID":"5c:a6:2d:cf:c1:82","RSSI":-79},{"SSID":"MeetInLeeds","BSSID":"5c:a6:2d:ef:4a:ad","RSSI":-79},{"SSID":"MeetInLeeds","BSSID":"5c:a6:2d:cf:e5:a2","RSSI":-80},{"SSID":"MeetInLeeds","BSSID":"5c:a6:2d:ce:a1:cd","RSSI":-80},{"SSID":"eduroam","BSSID":"5c:a6:2d:ef:4a:ae","RSSI":-80},{"SSID":"MeetInLeeds","BSSID":"5c:a6:2d:5d:2e:22","RSSI":-80},{"SSID":"MeetInLeeds","BSSID":"ac:3a:67:08:26:02","RSSI":-82},{"SSID":"eduroam","BSSID":"5c:a6:2d:af:91:41","RSSI":-82},{"SSID":"My legs too long for train seats","BSSID":"86:da:33:a3:a5:9d","RSSI":-83},{"SSID":"eduroam","BSSID":"5c:a6:2d:ce:bf:0e","RSSI":-83},{"SSID":"MeetInLeeds","BSSID":"ac:3a:67:08:29:2d","RSSI":-84},{"SSID":"eduroam","BSSID":"ac:3a:67:08:2a:0e","RSSI":-84},{"SSID":"eduroam","BSSID":"ac:3a:67:08:25:8e","RSSI":-84},{"SSID":"MeetInLeeds","BSSID":"5c:a6:2d:ce:bf:0d","RSSI":-84},{"SSID":"eduroam","BSSID":"ac:3a:67:08:0b:4e","RSSI":-85},{"SSID":"MeetInLeeds","BSSID":"ac:3a:67:08:2a:0d","RSSI":-85},{"SSID":"MeetInLeeds","BSSID":"ac:3a:67:08:25:8d","RSSI":-85},{"SSID":"Adham’s iPhone","BSSID":"86:18:5b:11:bd:1d","RSSI":-90}],[{"SSID":"MeetInLeeds","BSSID":"5c:a6:2d:86:69:cd","RSSI":-44},{"SSID":"eduroam","BSSID":"5c:a6:2d:86:69:ce","RSSI":-44},{"SSID":"MeetInLeeds","BSSID":"5c:a6:2d:86:69:c2","RSSI":-48},{"SSID":"MeetInLeeds","BSSID":"5c:a6:2d:cf:c4:e2","RSSI":-48},{"SSID":"MeetInLeeds","BSSID":"5c:a6:2d:ce:ac:22","RSSI":-49},{"SSID":"eduroam","BSSID":"5c:a6:2d:ce:ac:21","RSSI":-50},{"SSID":"eduroam","BSSID":"5c:a6:2d:45:dc:a1","RSSI":-51},{"SSID":"MeetInLeeds","BSSID":"5c:a6:2d:45:dc:a2","RSSI":-51},{"SSID":"MeetInLeeds","BSSID":"5c:a6:2d:86:6b:8d","RSSI":-53},{"SSID":"eduroam","BSSID":"5c:a6:2d:cf:c4:ee","RSSI":-53},{"SSID":"eduroam","BSSID":"5c:a6:2d:86:69:21","RSSI":-53},{"SSID":"MeetInLeeds","BSSID":"5c:a6:2d:cf:c4:ed","RSSI":-54},{"SSID":"MeetInLeeds","BSSID":"5c:a6:2d:ce:ac:2d","RSSI":-54},{"SSID":"eduroam","BSSID":"5c:a6:2d:86:6b:8e","RSSI":-55},{"SSID":"eduroam","BSSID":"5c:a6:2d:86:6b:81","RSSI":-55},{"SSID":"MeetInLeeds","BSSID":"5c:a6:2d:86:6b:82","RSSI":-55},{"SSID":"eduroam","BSSID":"5c:a6:2d:ce:ac:2e","RSSI":-58},{"SSID":"eduroam","BSSID":"5c:a6:2d:86:69:2e","RSSI":-59},{"SSID":"eduroam","BSSID":"5c:a6:2d:1e:08:ee","RSSI":-60},{"SSID":"MeetInLeeds","BSSID":"5c:a6:2d:86:69:2d","RSSI":-60},{"SSID":"eduroam","BSSID":"5c:a6:2d:ce:c1:ee","RSSI":-60},{"SSID":"MeetInLeeds","BSSID":"5c:a6:2d:ce:c1:ed","RSSI":-60},{"SSID":"eduroam","BSSID":"5c:a6:2d:45:dc:ae","RSSI":-61},{"SSID":"MeetInLeeds","BSSID":"5c:a6:2d:45:dc:ad","RSSI":-61},{"SSID":"MeetInLeeds","BSSID":"5c:a6:2d:1e:08:ed","RSSI":-62},{"SSID":"MeetInLeeds","BSSID":"5c:a6:2d:ce:c1:e2","RSSI":-64},{"SSID":"eduroam","BSSID":"5c:a6:2d:ce:c1:e1","RSSI":-64},{"SSID":"MeetInLeeds","BSSID":"5c:a6:2d:86:69:22","RSSI":-64},{"SSID":"MeetInLeeds","BSSID":"5c:a6:2d:cf:bf:c2","RSSI":-66},{"SSID":"eduroam","BSSID":"5c:a6:2d:cf:bf:c1","RSSI":-66},{"SSID":"MeetInLeeds","BSSID":"5c:a6:2d:af:8e:a2","RSSI":-66},{"SSID":"MeetInLeeds","BSSID":"5c:a6:2d:cf:c1:6d","RSSI":-67},{"SSID":"MeetInLeeds","BSSID":"5c:a6:2d:5d:2e:02","RSSI":-67},{"SSID":"MeetInLeeds","BSSID":"ac:3a:67:07:f8:62","RSSI":-68},{"SSID":"MeetInLeeds","BSSID":"5c:a6:2d:cf:c1:62","RSSI":-68},{"SSID":"eduroam","BSSID":"5c:a6:2d:cf:c1:61","RSSI":-68},{"SSID":"eduroam","BSSID":"5c:a6:2d:cf:bf:ce","RSSI":-68},{"SSID":"MeetInLeeds","BSSID":"5c:a6:2d:b6:46:42","RSSI":-70},{"SSID":"MeetInLeeds","BSSID":"5c:a6:2d:cf:bf:cd","RSSI":-70},{"SSID":"eduroam","BSSID":"5c:a6:2d:b6:46:4e","RSSI":-71},{"SSID":"MeetInLeeds","BSSID":"ac:3a:67:07:f8:6d","RSSI":-71},{"SSID":"eduroam","BSSID":"ac:3a:67:07:f8:6e","RSSI":-72},{"SSID":"MeetInLeeds","BSSID":"5c:a6:2d:ce:8e:a2","RSSI":-73},{"SSID":"eduroam","BSSID":"5c:a6:2d:ce:8e:a1","RSSI":-73},{"SSID":"MeetInLeeds","BSSID":"5c:a6:2d:86:6a:62","RSSI":-73},{"SSID":"eduroam","BSSID":"5c:a6:2d:86:6a:61","RSSI":-73},{"SSID":"MeetInLeeds","BSSID":"5c:a6:2d:af:8f:42","RSSI":-73},{"SSID":"MeetInLeeds","BSSID":"5c:a6:2d:af:91:4d","RSSI":-73},{"SSID":"eduroam","BSSID":"ac:3a:67:08:0b:41","RSSI":-74},{"SSID":"MeetInLeeds","BSSID":"5c:a6:2d:86:6f:22","RSSI":-74},{"SSID":"MeetInLeeds","BSSID":"5c:a6:2d:86:6c:42","RSSI":-74},{"SSID":"MeetInLeeds","BSSID":"ac:3a:67:08:25:82","RSSI":-74},{"SSID":"Vertical_Axis","BSSID":"3c:71:bf:84:d7:51","RSSI":-74},{"SSID":"MeetInLeeds","BSSID":"5c:a6:2d:86:6c:4d","RSSI":-75},{"SSID":"eduroam","BSSID":"ac:3a:67:07:f9:21","RSSI":-75},{"SSID":"MeetInLeeds","BSSID":"5c:a6:2d:ce:a1:c2","RSSI":-75},{"SSID":"MeetInLeeds","BSSID":"5c:a6:2d:5d:2e:0d","RSSI":-75},{"SSID":"eduroam","BSSID":"5c:a6:2d:86:6c:41","RSSI":-75},{"SSID":"eduroam","BSSID":"5c:a6:2d:ce:a1:ce","RSSI":-76},{"SSID":"MeetInLeeds","BSSID":"5c:a6:2d:ce:a1:cd","RSSI":-76},{"SSID":"MeetInLeeds","BSSID":"ac:3a:67:07:f9:22","RSSI":-76},{"SSID":"eduroam","BSSID":"5c:a6:2d:ce:a1:c1","RSSI":-76},{"SSID":"MeetInLeeds","BSSID":"5c:a6:2d:ce:8e:ad","RSSI":-76},{"SSID":"MeetInLeeds","BSSID":"5c:a6:2d:cf:c1:82","RSSI":-78},{"SSID":"MeetInLeeds","BSSID":"5c:a6:2d:cf:e5:ad","RSSI":-79},{"SSID":"MeetInLeeds","BSSID":"5c:a6:2d:ef:4a:ad","RSSI":-79},{"SSID":"MeetInLeeds","BSSID":"5c:a6:2d:86:6f:2d","RSSI":-79},{"SSID":"MeetInLeeds","BSSID":"5c:a6:2d:cf:e5:a2","RSSI":-80},{"SSID":"eduroam","BSSID":"5c:a6:2d:ef:4a:ae","RSSI":-80},{"SSID":"BEARD OF ZEUS","BSSID":"26:c3:dd:71:58:6c","RSSI":-81},{"SSID":"MeetInLeeds","BSSID":"ac:3a:67:08:25:8d","RSSI":-82},{"SSID":"MeetInLeeds","BSSID":"5c:a6:2d:5d:ab:6d","RSSI":-82},{"SSID":"MeetInLeeds","BSSID":"5c:a6:2d:5d:ab:62","RSSI":-83},{"SSID":"eduroam","BSSID":"5c:a6:2d:86:6a:6e","RSSI":-83},{"SSID":"MeetInLeeds","BSSID":"5c:a6:2d:86:6a:6d","RSSI":-83},{"SSID":"eduroam","BSSID":"5c:a6:2d:ce:bf:0e","RSSI":-83},{"SSID":"eduroam","BSSID":"5c:a6:2d:5d:2c:01","RSSI":-83},{"SSID":"eduroam","BSSID":"ac:3a:67:08:25:8e","RSSI":-84},{"SSID":"MeetInLeeds","BSSID":"5c:a6:2d:ce:bf:0d","RSSI":-84},{"SSID":"MeetInLeeds","BSSID":"5c:a6:2d:af:94:ad","RSSI":-85},{"SSID":"eduroam","BSSID":"5c:a6:2d:af:94:ae","RSSI":-85},{"SSID":"MeetInLeeds","BSSID":"ac:3a:67:08:0b:4d","RSSI":-86},{"SSID":"eduroam","BSSID":"ac:3a:67:08:2a:0e","RSSI":-86},{"SSID":"MeetInLeeds","BSSID":"ac:3a:67:08:2a:0d","RSSI":-87},{"SSID":"eduroam","BSSID":"5c:a6:2d:45:dc:0e","RSSI":-88}],[{"SSID":"MeetInLeeds","BSSID":"5c:a6:2d:86:69:cd","RSSI":-42},{"SSID":"eduroam","BSSID":"5c:a6:2d:86:69:ce","RSSI":-44},{"SSID":"MeetInLeeds","BSSID":"5c:a6:2d:86:69:c2","RSSI":-47},{"SSID":"MeetInLeeds","BSSID":"5c:a6:2d:cf:c4:e2","RSSI":-47},{"SSID":"eduroam","BSSID":"5c:a6:2d:45:dc:a1","RSSI":-50},{"SSID":"MeetInLeeds","BSSID":"5c:a6:2d:45:dc:a2","RSSI":-50},{"SSID":"eduroam","BSSID":"5c:a6:2d:86:69:21","RSSI":-51},{"SSID":"MeetInLeeds","BSSID":"5c:a6:2d:86:69:22","RSSI":-51},{"SSID":"MeetInLeeds","BSSID":"5c:a6:2d:ce:ac:22","RSSI":-52},{"SSID":"eduroam","BSSID":"5c:a6:2d:ce:ac:21","RSSI":-52},{"SSID":"MeetInLeeds","BSSID":"5c:a6:2d:cf:c4:ed","RSSI":-53},{"SSID":"MeetInLeeds","BSSID":"5c:a6:2d:86:6b:8d","RSSI":-54},{"SSID":"eduroam","BSSID":"5c:a6:2d:86:6b:8e","RSSI":-54},{"SSID":"eduroam","BSSID":"5c:a6:2d:cf:c4:ee","RSSI":-54},{"SSID":"eduroam","BSSID":"5c:a6:2d:86:6b:81","RSSI":-54},{"SSID":"MeetInLeeds","BSSID":"5c:a6:2d:86:6b:82","RSSI":-54},{"SSID":"MeetInLeeds","BSSID":"5c:a6:2d:ce:ac:2d","RSSI":-56},{"SSID":"eduroam","BSSID":"5c:a6:2d:ce:ac:2e","RSSI":-56},{"SSID":"eduroam","BSSID":"5c:a6:2d:ce:c1:ee","RSSI":-59},{"SSID":"MeetInLeeds","BSSID":"5c:a6:2d:ce:c1:ed","RSSI":-59},{"SSID":"eduroam","BSSID":"5c:a6:2d:86:69:2e","RSSI":-62},{"SSID":"MeetInLeeds","BSSID":"5c:a6:2d:86:69:2d","RSSI":-62},{"SSID":"eduroam","BSSID":"5c:a6:2d:45:dc:ae","RSSI":-62},{"SSID":"MeetInLeeds","BSSID":"5c:a6:2d:45:dc:ad","RSSI":-62},{"SSID":"MeetInLeeds","BSSID":"5c:a6:2d:ce:c1:e2","RSSI":-63},{"SSID":"eduroam","BSSID":"5c:a6:2d:ce:c1:e1","RSSI":-63},{"SSID":"MeetInLeeds","BSSID":"5c:a6:2d:cf:bf:c2","RSSI":-66},{"SSID":"eduroam","BSSID":"5c:a6:2d:cf:bf:c1","RSSI":-66},{"SSID":"MeetInLeeds","BSSID":"ac:3a:67:07:f8:62","RSSI":-67},{"SSID":"MeetInLeeds","BSSID":"5c:a6:2d:af:8e:a2","RSSI":-67},{"SSID":"eduroam","BSSID":"5c:a6:2d:af:8e:a1","RSSI":-67},{"SSID":"MeetInLeeds","BSSID":"5c:a6:2d:af:8e:ad","RSSI":-69},{"SSID":"MeetInLeeds","BSSID":"5c:a6:2d:cf:c1:6d","RSSI":-69},{"SSID":"eduroam","BSSID":"5c:a6:2d:af:8e:ae","RSSI":-69},{"SSID":"MeetInLeeds","BSSID":"5c:a6:2d:cf:c1:62","RSSI":-69},{"SSID":"eduroam","BSSID":"5c:a6:2d:cf:c1:6e","RSSI":-70},{"SSID":"MeetInLeeds","BSSID":"5c:a6:2d:b6:46:42","RSSI":-70},{"SSID":"eduroam","BSSID":"5c:a6:2d:b6:46:41","RSSI":-70},{"SSID":"MeetInLeeds","BSSID":"5c:a6:2d:af:8f:4d","RSSI":-71},{"SSID":"Vertical_Axis","BSSID":"3c:71:bf:84:d7:51","RSSI":-71},{"SSID":"MeetInLeeds","BSSID":"ac:3a:67:07:f8:6d","RSSI":-72},{"SSID":"eduroam","BSSID":"5c:a6:2d:cf:bf:ce","RSSI":-72},{"SSID":"eduroam","BSSID":"ac:3a:67:07:f8:6e","RSSI":-72},{"SSID":"MeetInLeeds","BSSID":"5c:a6:2d:b6:46:4d","RSSI":-73},{"SSID":"eduroam","BSSID":"5c:a6:2d:86:6f:21","RSSI":-73},{"SSID":"MeetInLeeds","BSSID":"5c:a6:2d:cf:bf:cd","RSSI":-73},{"SSID":"MeetInLeeds","BSSID":"5c:a6:2d:5d:2e:0d","RSSI":-73},{"SSID":"MeetInLeeds","BSSID":"5c:a6:2d:86:6a:62","RSSI":-74},{"SSID":"eduroam","BSSID":"ac:3a:67:08:0b:41","RSSI":-74},{"SSID":"MeetInLeeds","BSSID":"5c:a6:2d:86:6f:22","RSSI":-74},{"SSID":"MeetInLeeds","BSSID":"5c:a6:2d:af:8f:42","RSSI":-74},{"SSID":"eduroam","BSSID":"5c:a6:2d:af:8f:41","RSSI":-74},{"SSID":"eduroam","BSSID":"5c:a6:2d:86:6c:41","RSSI":-74},{"SSID":"MeetInLeeds","BSSID":"5c:a6:2d:86:6c:42","RSSI":-74},{"SSID":"MeetInLeeds","BSSID":"ac:3a:67:08:0b:42","RSSI":-75},{"SSID":"MeetInLeeds","BSSID":"5c:a6:2d:af:91:4d","RSSI":-75},{"SSID":"MeetInLeeds","BSSID":"5c:a6:2d:ce:a1:cd","RSSI":-76},{"SSID":"eduroam","BSSID":"ac:3a:67:07:f9:21","RSSI":-76},{"SSID":"MeetInLeeds","BSSID":"ac:3a:67:07:f9:22","RSSI":-76},{"SSID":"MeetInLeeds","BSSID":"5c:a6:2d:ce:a1:c2","RSSI":-76},{"SSID":"eduroam","BSSID":"5c:a6:2d:ce:a1:ce","RSSI":-77},{"SSID":"eduroam","BSSID":"5c:a6:2d:ce:8e:a1","RSSI":-77},{"SSID":"MeetInLeeds","BSSID":"5c:a6:2d:cf:c1:82","RSSI":-77},{"SSID":"MeetInLeeds","BSSID":"5c:a6:2d:cf:e5:a2","RSSI":-78},{"SSID":"MeetInLeeds","BSSID":"5c:a6:2d:ce:8e:a2","RSSI":-78},{"SSID":"eduroam","BSSID":"5c:a6:2d:cf:c1:81","RSSI":-78},{"SSID":"MeetInLeeds","BSSID":"5c:a6:2d:af:91:42","RSSI":-78},{"SSID":"MeetInLeeds","BSSID":"5c:a6:2d:86:6f:2d","RSSI":-78},{"SSID":"MeetInLeeds","BSSID":"5c:a6:2d:cf:e5:ad","RSSI":-79},{"SSID":"BEARD OF ZEUS","BSSID":"26:c3:dd:71:58:6c","RSSI":-80},{"SSID":"eduroam","BSSID":"5c:a6:2d:ef:4a:ae","RSSI":-80},{"SSID":"MeetInLeeds","BSSID":"5c:a6:2d:ef:4a:ad","RSSI":-80},{"SSID":"DESKTOP-73NVV7R 4141","BSSID":"f2:6e:0b:b7:46:4e","RSSI":-82},{"SSID":"MeetInLeeds","BSSID":"5c:a6:2d:ce:71:02","RSSI":-83},{"SSID":"eduroam","BSSID":"5c:a6:2d:af:8f:ce","RSSI":-84},{"SSID":"MeetInLeeds","BSSID":"ac:3a:67:08:25:8d","RSSI":-87},{"SSID":"eduroam","BSSID":"ac:3a:67:08:25:8e","RSSI":-87}],[{"SSID":"MeetInLeeds","BSSID":"5c:a6:2d:86:69:cd","RSSI":-44},{"SSID":"eduroam","BSSID":"5c:a6:2d:86:69:ce","RSSI":-44},{"SSID":"MeetInLeeds","BSSID":"5c:a6:2d:86:69:c2","RSSI":-47},{"SSID":"MeetInLeeds","BSSID":"5c:a6:2d:cf:c4:e2","RSSI":-48},{"SSID":"eduroam","BSSID":"5c:a6:2d:45:dc:a1","RSSI":-50},{"SSID":"MeetInLeeds","BSSID":"5c:a6:2d:45:dc:a2","RSSI":-50},{"SSID":"eduroam","BSSID":"5c:a6:2d:86:69:21","RSSI":-50},{"SSID":"MeetInLeeds","BSSID":"5c:a6:2d:86:69:22","RSSI":-50},{"SSID":"MeetInLeeds","BSSID":"5c:a6:2d:ce:ac:22","RSSI":-51},{"SSID":"eduroam","BSSID":"5c:a6:2d:ce:ac:21","RSSI":-52},{"SSID":"MeetInLeeds","BSSID":"5c:a6:2d:86:6b:8d","RSSI":-54},{"SSID":"eduroam","BSSID":"5c:a6:2d:86:6b:8e","RSSI":-54},{"SSID":"MeetInLeeds","BSSID":"5c:a6:2d:cf:c4:ed","RSSI":-54},{"SSID":"eduroam","BSSID":"5c:a6:2d:cf:c4:ee","RSSI":-54},{"SSID":"eduroam","BSSID":"5c:a6:2d:86:6b:81","RSSI":-54},{"SSID":"MeetInLeeds","BSSID":"5c:a6:2d:86:6b:82","RSSI":-54},{"SSID":"MeetInLeeds","BSSID":"5c:a6:2d:ce:ac:2d","RSSI":-56},{"SSID":"eduroam","BSSID":"5c:a6:2d:ce:ac:2e","RSSI":-56},{"SSID":"MeetInLeeds","BSSID":"5c:a6:2d:1e:08:ed","RSSI":-62},{"SSID":"MeetInLeeds","BSSID":"5c:a6:2d:ce:c1:e2","RSSI":-63},{"SSID":"eduroam","BSSID":"5c:a6:2d:ce:c1:e1","RSSI":-63},{"SSID":"eduroam","BSSID":"5c:a6:2d:1e:08:ee","RSSI":-63},{"SSID":"eduroam","BSSID":"5c:a6:2d:45:dc:ae","RSSI":-63},{"SSID":"MeetInLeeds","BSSID":"5c:a6:2d:45:dc:ad","RSSI":-63},{"SSID":"MeetInLeeds","BSSID":"5c:a6:2d:cf:bf:c2","RSSI":-65},{"SSID":"eduroam","BSSID":"5c:a6:2d:cf:bf:c1","RSSI":-65},{"SSID":"MeetInLeeds","BSSID":"5c:a6:2d:5d:2e:02","RSSI":-65},{"SSID":"MeetInLeeds","BSSID":"5c:a6:2d:86:69:2d","RSSI":-65},{"SSID":"eduroam","BSSID":"5c:a6:2d:86:69:2e","RSSI":-66},{"SSID":"MeetInLeeds","BSSID":"ac:3a:67:07:f8:62","RSSI":-67},{"SSID":"MeetInLeeds","BSSID":"5c:a6:2d:af:8e:a2","RSSI":-67},{"SSID":"MeetInLeeds","BSSID":"5c:a6:2d:af:8e:ad","RSSI":-69},{"SSID":"eduroam","BSSID":"5c:a6:2d:af:8e:ae","RSSI":-69},{"SSID":"MeetInLeeds","BSSID":"5c:a6:2d:b6:46:42","RSSI":-70},{"SSID":"eduroam","BSSID":"5c:a6:2d:b6:46:41","RSSI":-70},{"SSID":"MeetInLeeds","BSSID":"5c:a6:2d:af:8f:4d","RSSI":-71},{"SSID":"eduroam","BSSID":"5c:a6:2d:cf:bf:ce","RSSI":-72},{"SSID":"MeetInLeeds","BSSID":"5c:a6:2d:ce:8e:a2","RSSI":-73},{"SSID":"eduroam","BSSID":"5c:a6:2d:ce:8e:a1","RSSI":-73},{"SSID":"MeetInLeeds","BSSID":"5c:a6:2d:86:6a:62","RSSI":-73},{"SSID":"eduroam","BSSID":"5c:a6:2d:86:6a:61","RSSI":-73},{"SSID":"eduroam","BSSID":"5c:a6:2d:cf:c1:6e","RSSI":-73},{"SSID":"eduroam","BSSID":"5c:a6:2d:af:8f:41","RSSI":-73},{"SSID":"MeetInLeeds","BSSID":"5c:a6:2d:cf:bf:cd","RSSI":-73},{"SSID":"MeetInLeeds","BSSID":"5c:a6:2d:86:6c:42","RSSI":-73},{"SSID":"eduroam","BSSID":"ac:3a:67:07:f8:6e","RSSI":-73},{"SSID":"Vertical_Axis","BSSID":"3c:71:bf:84:d7:51","RSSI":-73},{"SSID":"MeetInLeeds","BSSID":"5c:a6:2d:cf:c1:6d","RSSI":-74},{"SSID":"MeetInLeeds","BSSID":"5c:a6:2d:cf:c1:62","RSSI":-74},{"SSID":"MeetInLeeds","BSSID":"ac:3a:67:08:0b:42","RSSI":-74},{"SSID":"MeetInLeeds","BSSID":"5c:a6:2d:af:8f:42","RSSI":-74},{"SSID":"eduroam","BSSID":"5c:a6:2d:86:6f:21","RSSI":-74},{"SSID":"eduroam","BSSID":"5c:a6:2d:86:6c:41","RSSI":-74},{"SSID":"MeetInLeeds","BSSID":"ac:3a:67:07:f8:6d","RSSI":-74},{"SSID":"MeetInLeeds","BSSID":"5c:a6:2d:b6:46:4d","RSSI":-75},{"SSID":"eduroam","BSSID":"ac:3a:67:07:f9:21","RSSI":-76},{"SSID":"eduroam","BSSID":"ac:3a:67:08:25:81","RSSI":-76},{"SSID":"eduroam","BSSID":"5c:a6:2d:ce:a1:ce","RSSI":-77},{"SSID":"MeetInLeeds","BSSID":"5c:a6:2d:ce:a1:cd","RSSI":-77},{"SSID":"eduroam","BSSID":"5c:a6:2d:cf:c1:81","RSSI":-77},{"SSID":"MeetInLeeds","BSSID":"5c:a6:2d:ce:8e:ad","RSSI":-77},{"SSID":"MeetInLeeds","BSSID":"5c:a6:2d:5d:2e:0d","RSSI":-77},{"SSID":"MeetInLeeds","BSSID":"ac:3a:67:08:25:82","RSSI":-77},{"SSID":"eduroam","BSSID":"5c:a6:2d:5d:2e:0e","RSSI":-77},{"SSID":"eduroam","BSSID":"5c:a6:2d:b6:46:4e","RSSI":-78},{"SSID":"MeetInLeeds","BSSID":"5c:a6:2d:cf:c1:82","RSSI":-78},{"SSID":"eduroam","BSSID":"5c:a6:2d:cf:e5:ae","RSSI":-79},{"SSID":"eduroam","BSSID":"5c:a6:2d:ef:4a:ae","RSSI":-79},{"SSID":"MeetInLeeds","BSSID":"5c:a6:2d:cf:e5:a2","RSSI":-80},{"SSID":"MeetInLeeds","BSSID":"5c:a6:2d:ef:4a:ad","RSSI":-80},{"SSID":"eduroam","BSSID":"5c:a6:2d:cf:e5:a1","RSSI":-81},{"SSID":"eduroam","BSSID":"ac:3a:67:08:26:01","RSSI":-82},{"SSID":"MeetInLeeds","BSSID":"ac:3a:67:08:26:02","RSSI":-82},{"SSID":"MeetInLeeds","BSSID":"5c:a6:2d:5d:ab:6d","RSSI":-82},{"SSID":"DESKTOP-73NVV7R 4141","BSSID":"f2:6e:0b:b7:46:4e","RSSI":-83},{"SSID":"eduroam","BSSID":"5c:a6:2d:5d:ab:6e","RSSI":-83},{"SSID":"eduroam","BSSID":"ac:3a:67:08:29:2e","RSSI":-84},{"SSID":"MeetInLeeds","BSSID":"ac:3a:67:08:25:8d","RSSI":-84},{"SSID":"eduroam","BSSID":"ac:3a:67:08:25:8e","RSSI":-86},{"SSID":"MeetInLeeds","BSSID":"5c:a6:2d:cf:e5:4d","RSSI":-87}]]