[[{"SSID":"eduroam","BSSID":"ac:3a:67:08:25:81","RSSI":-53},{"SSID":"MeetInLeeds","BSSID":"ac:3a:67:08:25:82","RSSI":-54},{"SSID":"MeetInLeeds","BSSID":"5c:a6:2d:cf:c1:62","RSSI":-59},{"SSID":"MeetInLeeds","BSSID":"ac:3a:67:08:25:8d","RSSI":-60},{"SSID":"eduroam","BSSID":"ac:3a:67:08:25:8e","RSSI":-60},{"SSID":"MeetInLeeds","BSSID":"5c:a6:2d:cf:e0:02","RSSI":-63},{"SSID":"MeetInLeeds","BSSID":"ac:3a:67:08:03:8d","RSSI":-63},{"SSID":"MeetInLeeds","BSSID":"5c:a6:2d:cf:b3:e2","RSSI":-63},{"SSID":"eduroam","BSSID":"ac:3a:67:08:03:8e","RSSI":-64},{"SSID":"eduroam","BSSID":"5c:a6:2d:cf:b3:e1","RSSI":-64},{"SSID":"MeetInLeeds","BSSID":"5c:a6:2d:cf:e5:42","RSSI":-65},{"SSID":"eduroam","BSSID":"5c:a6:2d:1e:08:ee","RSSI":-66},{"SSID":"MeetInLeeds","BSSID":"5c:a6:2d:1e:08:ed","RSSI":-66},{"SSID":"eduroam","BSSID":"5c:a6:2d:cf:e5:41","RSSI":-67},{"SSID":"eduroam","BSSID":"5c:a6:2d:cf:b3:ee","RSSI":-69},{"SSID":"MeetInLeeds","BSSID":"5c:a6:2d:cf:e5:4d","RSSI":-69},{"SSID":"MeetInLeeds","BSSID":"5c:a6:2d:cf:e0:0d","RSSI":-70},{"SSID":"eduroam","BSSID":"5c:a6:2d:cf:e5:4e","RSSI":-70},{"SSID":"eduroam","BSSID":"5c:a6:2d:cf:e0:0e","RSSI":-72},{"SSID":"MeetInLeeds","BSSID":"5c:a6:2d:1e:08:e2","RSSI":-73},{"SSID":"MeetInLeeds","BSSID":"5c:a6:2d:cf:c1:6d","RSSI":-73},{"SSID":"eduroam","BSSID":"ac:3a:67:08:03:81","RSSI":-73},{"SSID":"MeetInLeeds","BSSID":"ac:3a:67:08:03:82","RSSI":-73},{"SSID":"eduroam","BSSID":"5c:a6:2d:cf:c1:6e","RSSI":-74},{"SSID":"MeetInLeeds","BSSID":"ac:3a:67:08:31:02","RSSI":-75},{"SSID":"MeetInLeeds","BSSID":"5c:a6:2d:ce:8e:a2","RSSI":-76},{"SSID":"eduroam","BSSID":"5c:a6:2d:ce:8e:a1","RSSI":-76},{"SSID":"MeetInLeeds","BSSID":"5c:a6:2d:cf:e7:4d","RSSI":-76},{"SSID":"MeetInLeeds","BSSID":"5c:a6:2d:5d:2e:c2","RSSI":-76},{"SSID":"eduroam","BSSID":"5c:a6:2d:45:dc:01","RSSI":-77},{"SSID":"MeetInLeeds","BSSID":"5c:a6:2d:45:dc:0d","RSSI":-78},{"SSID":"eduroam","BSSID":"5c:a6:2d:45:dc:0e","RSSI":-78},{"SSID":"eduroam","BSSID":"5c:a6:2d:cf:e7:41","RSSI":-78},{"SSID":"eduroam","BSSID":"5c:a6:2d:ce:8e:ae","RSSI":-78},{"SSID":"MeetInLeeds","BSSID":"5c:a6:2d:5d:2c:02","RSSI":-78},{"SSID":"eduroam","BSSID":"5c:a6:2d:5d:2c:01","RSSI":-78},{"SSID":"MeetInLeeds","BSSID":"5c:a6:2d:cf:e7:42","RSSI":-79},{"SSID":"eduroam","BSSID":"5c:a6:2d:cf:e8:0e","RSSI":-79},{"SSID":"MeetInLeeds","BSSID":"5c:a6:2d:cf:e8:0d","RSSI":-79},{"SSID":"MeetInLeeds","BSSID":"5c:a6:2d:ce:8e:ad","RSSI":-79},{"SSID":"eduroam","BSSID":"5c:a6:2d:cf:e5:01","RSSI":-81},{"SSID":"MeetInLeeds","BSSID":"5c:a6:2d:86:6b:e2","RSSI":-81},{"SSID":"MeetInLeeds","BSSID":"5c:a6:2d:cf:e6:22","RSSI":-81},{"SSID":"MeetInLeeds","BSSID":"5c:a6:2d:cf:e5:02","RSSI":-82},{"SSID":"eduroam","BSSID":"5c:a6:2d:cf:e6:21","RSSI":-82},{"SSID":"eduroam","BSSID":"5c:a6:2d:86:6b:e1","RSSI":-83},{"SSID":"MeetInLeeds","BSSID":"ac:3a:67:08:0c:82","RSSI":-83},{"SSID":"MeetInLeeds","BSSID":"5c:a6:2d:cf:b3:6d","RSSI":-84},{"SSID":"eduroam","BSSID":"5c:a6:2d:cf:e8:01","RSSI":-84},{"SSID":"MeetInLeeds","BSSID":"5c:a6:2d:86:69:2d","RSSI":-84},{"SSID":"MeetInLeeds","BSSID":"ac:3a:67:08:28:42","RSSI":-85},{"SSID":"eduroam","BSSID":"5c:a6:2d:cf:e6:2e","RSSI":-86}],[{"SSID":"MeetInLeeds","BSSID":"ac:3a:67:08:25:82","RSSI":-52},{"SSID":"eduroam","BSSID":"ac:3a:67:08:25:81","RSSI":-52},{"SSID":"MeetInLeeds","BSSID":"ac:3a:67:08:25:8d","RSSI":-58},{"SSID":"eduroam","BSSID":"ac:3a:67:08:25:8e","RSSI":-58},{"SSID":"MeetInLeeds","BSSID":"5c:a6:2d:cf:c1:62","RSSI":-60},{"SSID":"eduroam","BSSID":"5c:a6:2d:cf:c1:61","RSSI":-60},{"SSID":"MeetInLeeds","BSSID":"5c:a6:2d:cf:e5:42","RSSI":-61},{"SSID":"eduroam","BSSID":"5c:a6:2d:cf:e5:4e","RSSI":-64},{"SSID":"MeetInLeeds","BSSID":"5c:a6:2d:cf:e5:4d","RSSI":-64},{"SSID":"eduroam","BSSID":"5c:a6:2d:1e:08:ee","RSSI":-65},{"SSID":"MeetInLeeds","BSSID":"5c:a6:2d:1e:08:ed","RSSI":-65},{"SSID":"eduroam","BSSID":"5c:a6:2d:cf:b3:e1","RSSI":-65},{"SSID":"eduroam","BSSID":"5c:a6:2d:cf:c1:6e","RSSI":-66},{"SSID":"MeetInLeeds","BSSID":"5c:a6:2d:cf:c1:6d","RSSI":-66},{"SSID":"MeetInLeeds","BSSID":"ac:3a:67:08:03:82","RSSI":-66},{"SSID":"MeetInLeeds","BSSID":"5c:a6:2d:cf:b3:e2","RSSI":-66},{"SSID":"MeetInLeeds","BSSID":"5c:a6:2d:cf:e0:02","RSSI":-67},{"SSID":"MeetInLeeds","BSSID":"5c:a6:2d:1e:08:e2","RSSI":-68},{"SSID":"eduroam","BSSID":"5c:a6:2d:1e:08:e1","RSSI":-68},{"SSID":"eduroam","BSSID":"5c:a6:2d:cf:e0:01","RSSI":-68},{"SSID":"eduroam","BSSID":"ac:3a:67:08:03:81","RSSI":-68},{"SSID":"MeetInLeeds","BSSID":"5c:a6:2d:cf:b3:ed","RSSI":-72},{"SSID":"MeetInLeeds","BSSID":"5c:a6:2d:5d:2c:02","RSSI":-72},{"SSID":"MeetInLeeds","BSSID":"5c:a6:2d:ce:8e:a2","RSSI":-73},{"SSID":"MeetInLeeds","BSSID":"5c:a6:2d:cf:e0:0d","RSSI":-73},{"SSID":"eduroam","BSSID":"5c:a6:2d:cf:e7:4e","RSSI":-73},{"SSID":"eduroam","BSSID":"ac:3a:67:08:31:01","RSSI":-74},{"SSID":"MeetInLeeds","BSSID":"ac:3a:67:08:31:02","RSSI":-74},{"SSID":"eduroam","BSSID":"5c:a6:2d:cf:e0:0e","RSSI":-74},{"SSID":"eduroam","BSSID":"5c:a6:2d:1e:0a:01","RSSI":-74},{"SSID":"MeetInLeeds","BSSID":"5c:a6:2d:1e:0a:02","RSSI":-74},{"SSID":"eduroam","BSSID":"5c:a6:2d:cf:b3:ee","RSSI":-75},{"SSID":"eduroam","BSSID":"5c:a6:2d:5d:2c:01","RSSI":-75},{"SSID":"MeetInLeeds","BSSID":"5c:a6:2d:45:dc:0d","RSSI":-76},{"SSID":"eduroam","BSSID":"5c:a6:2d:45:dc:0e","RSSI":-76},{"SSID":"eduroam","BSSID":"5c:a6:2d:1e:0a:0e","RSSI":-76},{"SSID":"MeetInLeeds","BSSID":"5c:a6:2d:cf:e7:4d","RSSI":-76},{"SSID":"MeetInLeeds","BSSID":"5c:a6:2d:1e:0a:0d","RSSI":-77},{"SSID":"MeetInLeeds","BSSID":"5c:a6:2d:cf:e7:42","RSSI":-78},{"SSID":"eduroam","BSSID":"ac:3a:67:08:31:0e","RSSI":-78},{"SSID":"eduroam","BSSID":"5c:a6:2d:5d:2e:c1","RSSI":-79},{"SSID":"MeetInLeeds","BSSID":"5c:a6:2d:5d:2c:0d","RSSI":-80},{"SSID":"eduroam","BSSID":"5c:a6:2d:86:6b:ee","RSSI":-80},{"SSID":"MeetInLeeds","BSSID":"5c:a6:2d:5d:2e:c2","RSSI":-80},{"SSID":"MeetInLeeds","BSSID":"5c:a6:2d:cf:b3:62","RSSI":-81},{"SSID":"MeetInLeeds","BSSID":"5c:a6:2d:86:6b:ed","RSSI":-81},{"SSID":"MeetInLeeds","BSSID":"5c:a6:2d:cf:e5:02","RSSI":-82},{"SSID":"MeetInLeeds","BSSID":"ac:3a:67:08:28:42","RSSI":-82},{"SSID":"eduroam","BSSID":"5c:a6:2d:cf:e5:01","RSSI":-83},{"SSID":"eduroam","BSSID":"ac:3a:67:08:0c:81","RSSI":-83},{"SSID":"MeetInLeeds","BSSID":"5c:a6:2d:cf:e8:02","RSSI":-84},{"SSID":"MeetInLeeds","BSSID":"5c:a6:2d:5d:2e:cd","RSSI":-85},{"SSID":"eduroam","BSSID":"5c:a6:2d:5d:2e:ce","RSSI":-85},{"SSID":"eduroam","BSSID":"5c:a6:2d:86:69:2e","RSSI":-85},{"SSID":"MeetInLeeds","BSSID":"5c:a6:2d:86:69:2d","RSSI":-86}],[{"SSID":"MeetInLeeds","BSSID":"5c:a6:2d:cf:c1:62","RSSI":-56},{"SSID":"eduroam","BSSID":"5c:a6:2d:cf:c1:61","RSSI":-56},{"SSID":"eduroam","BSSID":"ac:3a:67:08:25:8e","RSSI":-62},{"SSID":"MeetInLeeds","BSSID":"ac:3a:67:08:25:8d","RSSI":-63},{"SSID":"eduroam","BSSID":"5c:a6:2d:cf:e5:4e","RSSI":-63},{"SSID":"MeetInLeeds","BSSID":"5c:a6:2d:cf:e5:4d","RSSI":-63},{"SSID":"eduroam","BSSID":"5c:a6:2d:1e:08:ee","RSSI":-64},{"SSID":"MeetInLeeds","BSSID":"5c:a6:2d:1e:08:ed","RSSI":-64},{"SSID":"MeetInLeeds","BSSID":"5c:a6:2d:1e:08:e2","RSSI":-65},{"SSID":"eduroam","BSSID":"5c:a6:2d:1e:08:e1","RSSI":-65},{"SSID":"MeetInLeeds","BSSID":"5c:a6:2d:cf:e0:02","RSSI":-65},{"SSID":"eduroam","BSSID":"5c:a6:2d:cf:e0:01","RSSI":-65},{"SSID":"MeetInLeeds","BSSID":"5c:a6:2d:cf:b3:e2","RSSI":-65},{"SSID":"eduroam","BSSID":"ac:3a:67:08:03:81","RSSI":-66},{"SSID":"MeetInLeeds","BSSID":"ac:3a:67:08:03:82","RSSI":-66},{"SSID":"eduroam","BSSID":"5c:a6:2d:cf:b3:e1","RSSI":-66},{"SSID":"MeetInLeeds","BSSID":"5c:a6:2d:ce:8e:a2","RSSI":-69},{"SSID":"MeetInLeeds","BSSID":"5c:a6:2d:cf:e5:42","RSSI":-70},{"SSID":"MeetInLeeds","BSSID":"5c:a6:2d:cf:b3:ed","RSSI":-74},{"SSID":"eduroam","BSSID":"5c:a6:2d:cf:e0:0e","RSSI":-74},{"SSID":"eduroam","BSSID":"5c:a6:2d:1e:0a:01","RSSI":-74},{"SSID":"MeetInLeeds","BSSID":"5c:a6:2d:1e:0a:02","RSSI":-74},{"SSID":"MeetInLeeds","BSSID":"5c:a6:2d:5d:2c:02","RSSI":-74},{"SSID":"MeetInLeeds","BSSID":"5c:a6:2d:1e:0a:0d","RSSI":-76},{"SSID":"MeetInLeeds","BSSID":"5c:a6:2d:45:dc:02","RSSI":-76},{"SSID":"eduroam","BSSID":"5c:a6:2d:cf:b3:ee","RSSI":-77},{"SSID":"eduroam","BSSID":"5c:a6:2d:1e:0a:0e","RSSI":-77},{"SSID":"MeetInLeeds","BSSID":"5c:a6:2d:cf:c1:6d","RSSI":-77},{"SSID":"MeetInLeeds","BSSID":"5c:a6:2d:cf:e0:0d","RSSI":-77},{"SSID":"MeetInLeeds","BSSID":"5c:a6:2d:cf:e7:4d","RSSI":-78},{"SSID":"eduroam","BSSID":"5c:a6:2d:cf:e7:4e","RSSI":-78},{"SSID":"eduroam","BSSID":"5c:a6:2d:cf:e8:01","RSSI":-79},{"SSID":"MeetInLeeds","BSSID":"5c:a6:2d:cf:e8:02","RSSI":-79},{"SSID":"eduroam","BSSID":"5c:a6:2d:cf:e7:41","RSSI":-79},{"SSID":"MeetInLeeds","BSSID":"5c:a6:2d:cf:e7:42","RSSI":-79},{"SSID":"MeetInLeeds","BSSID":"5c:a6:2d:86:6b:ed","RSSI":-80},{"SSID":"MeetInLeeds","BSSID":"ac:3a:67:08:31:0d","RSSI":-81},{"SSID":"eduroam","BSSID":"ac:3a:67:08:31:0e","RSSI":-81},{"SSID":"MeetInLeeds","BSSID":"5c:a6:2d:5d:2e:cd","RSSI":-82},{"SSID":"eduroam","BSSID":"5c:a6:2d:5d:2e:ce","RSSI":-83},{"SSID":"MeetInLeeds","BSSID":"5c:a6:2d:cf:b3:62","RSSI":-83}],[{"SSID":"MeetInLeeds","BSSID":"ac:3a:67:08:25:82","RSSI":-53},{"SSID":"eduroam","BSSID":"ac:3a:67:08:25:81","RSSI":-53},{"SSID":"MeetInLeeds","BSSID":"5c:a6:2d:cf:c1:62","RSSI":-62},{"SSID":"eduroam","BSSID":"5c:a6:2d:cf:c1:61","RSSI":-62},{"SSID":"MeetInLeeds","BSSID":"ac:3a:67:08:25:8d","RSSI":-64},{"SSID":"eduroam","BSSID":"ac:3a:67:08:25:8e","RSSI":-64},{"SSID":"eduroam","BSSID":"5c:a6:2d:1e:08:ee","RSSI":-65},{"SSID":"MeetInLeeds","BSSID":"5c:a6:2d:1e:08:ed","RSSI":-65},{"SSID":"eduroam","BSSID":"5c:a6:2d:cf:b3:e1","RSSI":-65},{"SSID":"MeetInLeeds","BSSID":"5c:a6:2d:cf:b3:e2","RSSI":-65},{"SSID":"eduroam","BSSID":"5c:a6:2d:cf:e5:4e","RSSI":-66},{"SSID":"MeetInLeeds","BSSID":"5c:a6:2d:cf:e5:4d","RSSI":-66},{"SSID":"eduroam","BSSID":"5c:a6:2d:1e:08:e1","RSSI":-68},{"SSID":"MeetInLeeds","BSSID":"5c:a6:2d:cf:e0:02","RSSI":-68},{"SSID":"eduroam","BSSID":"5c:a6:2d:cf:e0:01","RSSI":-68},{"SSID":"MeetInLeeds","BSSID":"ac:3a:67:08:03:82","RSSI":-68},{"SSID":"MeetInLeeds","BSSID":"5c:a6:2d:cf:e5:42","RSSI":-68},{"SSID":"MeetInLeeds","BSSID":"5c:a6:2d:1e:08:e2","RSSI":-69},{"SSID":"MeetInLeeds","BSSID":"5c:a6:2d:cf:c1:6d","RSSI":-69},{"SSID":"eduroam","BSSID":"ac:3a:67:08:03:81","RSSI":-69},{"SSID":"eduroam","BSSID":"5c:a6:2d:cf:c1:6e","RSSI":-70},{"SSID":"MeetInLeeds","BSSID":"5c:a6:2d:5d:2c:02","RSSI":-74},{"SSID":"MeetInLeeds","BSSID":"5c:a6:2d:1e:0a:0d","RSSI":-75},{"SSID":"eduroam","BSSID":"5c:a6:2d:5d:2e:c1","RSSI":-75},{"SSID":"MeetInLeeds","BSSID":"5c:a6:2d:5d:2e:c2","RSSI":-75},{"SSID":"eduroam","BSSID":"ac:3a:67:08:31:0e","RSSI":-76},{"SSID":"MeetInLeeds","BSSID":"5c:a6:2d:ce:8e:a2","RSSI":-77},{"SSID":"eduroam","BSSID":"5c:a6:2d:ce:8e:a1","RSSI":-77},{"SSID":"eduroam","BSSID":"ac:3a:67:08:31:01","RSSI":-78},{"SSID":"MeetInLeeds","BSSID":"ac:3a:67:08:31:02","RSSI":-78},{"SSID":"eduroam","BSSID":"5c:a6:2d:cf:b3:ee","RSSI":-78},{"SSID":"MeetInLeeds","BSSID":"ac:3a:67:08:31:0d","RSSI":-78},{"SSID":"MeetInLeeds","BSSID":"5c:a6:2d:45:dc:02","RSSI":-78},{"SSID":"eduroam","BSSID":"5c:a6:2d:cf:e7:41","RSSI":-79},{"SSID":"MeetInLeeds","BSSID":"5c:a6:2d:cf:e7:42","RSSI":-79},{"SSID":"MeetInLeeds","BSSID":"5c:a6:2d:45:dc:0d","RSSI":-82},{"SSID":"eduroam","BSSID":"5c:a6:2d:45:dc:0e","RSSI":-82},{"SSID":"MeetInLeeds","BSSID":"5c:a6:2d:cf:e7:4d","RSSI":-82},{"SSID":"MeetInLeeds","BSSID":"5c:a6:2d:86:6b:ed","RSSI":-82},{"SSID":"eduroam","BSSID":"5c:a6:2d:1e:0a:01","RSSI":-82},{"SSID":"MeetInLeeds","BSSID":"5c:a6:2d:1e:0a:02","RSSI":-82},{"SSID":"MeetInLeeds","BSSID":"5c:a6:2d:cf:e0:0d","RSSI":-85},{"SSID":"eduroam","BSSID":"5c:a6:2d:cf:e0:0e","RSSI":-85},{"SSID":"MeetInLeeds","BSSID":"5c:a6:2d:86:69:2d","RSSI":-86}],[{"SSID":"MeetInLeeds","BSSID":"ac:3a:67:08:25:82","RSSI":-53},{"SSID":"eduroam","BSSID":"ac:3a:67:08:25:81","RSSI":-53},{"SSID":"MeetInLeeds","BSSID":"5c:a6:2d:cf:c1:62","RSSI":-58},{"SSID":"eduroam","BSSID":"ac:3a:67:08:25:8e","RSSI":-61},{"SSID":"MeetInLeeds","BSSID":"ac:3a:67:08:25:8d","RSSI":-62},{"SSID":"eduroam","BSSID":"5c:a6:2d:cf:b3:e1","RSSI":-64},{"SSID":"MeetInLeeds","BSSID":"5c:a6:2d:cf:b3:e2","RSSI":-64},{"SSID":"eduroam","BSSID":"5c:a6:2d:cf:e5:4e","RSSI":-66},{"SSID":"MeetInLeeds","BSSID":"5c:a6:2d:cf:e5:4d","RSSI":-66},{"SSID":"MeetInLeeds","BSSID":"5c:a6:2d:cf:e0:02","RSSI":-67},{"SSID":"eduroam","BSSID":"5c:a6:2d:cf:e0:01","RSSI":-67},{"SSID":"MeetInLeeds","BSSID":"5c:a6:2d:cf:e5:42","RSSI":-67},{"SSID":"MeetInLeeds","BSSID":"ac:3a:67:08:03:82","RSSI":-68},{"SSID":"MeetInLeeds","BSSID":"5c:a6:2d:1e:08:e2","RSSI":-69},{"SSID":"eduroam","BSSID":"5c:a6:2d:1e:08:e1","RSSI":-70},{"SSID":"eduroam","BSSID":"5c:a6:2d:1e:08:ee","RSSI":-70},{"SSID":"MeetInLeeds","BSSID":"5c:a6:2d:1e:08:ed","RSSI":-70},{"SSID":"eduroam","BSSID":"5c:a6:2d:cf:c1:6e","RSSI":-70},{"SSID":"MeetInLeeds","BSSID":"5c:a6:2d:cf:c1:6d","RSSI":-70},{"SSID":"MeetInLeeds","BSSID":"5c:a6:2d:45:dc:02","RSSI":-72},{"SSID":"eduroam","BSSID":"5c:a6:2d:45:dc:01","RSSI":-72},{"SSID":"MeetInLeeds","BSSID":"5c:a6:2d:ce:8e:a2","RSSI":-74},{"SSID":"eduroam","BSSID":"5c:a6:2d:ce:8e:a1","RSSI":-74},{"SSID":"MeetInLeeds","BSSID":"5c:a6:2d:1e:0a:0d","RSSI":-74},{"SSID":"MeetInLeeds","BSSID":"5c:a6:2d:5d:2e:c2","RSSI":-75},{"SSID":"MeetInLeeds","BSSID":"5c:a6:2d:cf:b3:ed","RSSI":-76},{"SSID":"MeetInLeeds","BSSID":"ac:3a:67:08:31:0d","RSSI":-76},{"SSID":"eduroam","BSSID":"5c:a6:2d:cf:e7:4e","RSSI":-76},{"SSID":"eduroam","BSSID":"ac:3a:67:08:31:01","RSSI":-78},{"SSID":"MeetInLeeds","BSSID":"ac:3a:67:08:31:02","RSSI":-78},{"SSID":"eduroam","BSSID":"5c:a6:2d:cf:e7:41","RSSI":-78},{"SSID":"MeetInLeeds","BSSID":"5c:a6:2d:cf:e7:42","RSSI":-78},{"SSID":"eduroam","BSSID":"5c:a6:2d:cf:e0:0e","RSSI":-78},{"SSID":"MeetInLeeds","BSSID":"5c:a6:2d:1e:0a:02","RSSI":-78},{"SSID":"eduroam","BSSID":"5c:a6:2d:cf:b3:ee","RSSI":-79},{"SSID":"MeetInLeeds","BSSID":"5c:a6:2d:cf:e0:0d","RSSI":-79},{"SSID":"eduroam","BSSID":"5c:a6:2d:86:6b:ee","RSSI":-79},{"SSID":"MeetInLeeds","BSSID":"5c:a6:2d:45:dc:0d","RSSI":-80},{"SSID":"MeetInLeeds","BSSID":"5c:a6:2d:86:6b:ed","RSSI":-80},{"SSID":"MeetInLeeds","BSSID":"5c:a6:2d:cf:e5:02","RSSI":-81},{"SSID":"eduroam","BSSID":"5c:a6:2d:ce:8e:ae","RSSI":-82},{"SSID":"MeetInLeeds","BSSID":"5c:a6:2d:ce:8e:ad","RSSI":-82},{"SSID":"MeetInLeeds","BSSID":"5c:a6:2d:5d:2c:0d","RSSI":-83},{"SSID":"MeetInLeeds","BSSID":"5c:a6:2d:cf:e6:22","RSSI":-83},{"SSID":"MeetInLeeds","BSSID":"5c:a6:2d:cf:e8:0d","RSSI":-84},{"SSID":"eduroam","BSSID":"ac:3a:67:08:0c:81","RSSI":-86}],[{"SSID":"eduroam","BSSID":"ac:3a:67:08:25:81","RSSI":-54},{"SSID":"MeetInLeeds","BSSID":"ac:3a:67:08:25:82","RSSI":-55},{"SSID":"MeetInLeeds","BSSID":"5c:a6:2d:cf:c1:62","RSSI":-59},{"SSID":"MeetInLeeds","BSSID":"ac:3a:67:08:25:8d","RSSI":-60},{"SSID":"eduroam","BSSID":"ac:3a:67:08:25:8e","RSSI":-60},{"SSID":"eduroam","BSSID":"5c:a6:2d:cf:b3:e1","RSSI":-63},{"SSID":"MeetInLeeds","BSSID":"5c:a6:2d:cf:b3:e2","RSSI":-63},{"SSID":"MeetInLeeds","BSSID":"5c:a6:2d:cf:e5:42","RSSI":-66},{"SSID":"MeetInLeeds","BSSID":"5c:a6:2d:cf:e5:4d","RSSI":-66},{"SSID":"MeetInLeeds","BSSID":"5c:a6:2d:cf:c1:6d","RSSI":-67},{"SSID":"eduroam","BSSID":"5c:a6:2d:cf:e5:4e","RSSI":-67},{"SSID":"eduroam","BSSID":"5c:a6:2d:1e:08:e1","RSSI":-68},{"SSID":"MeetInLeeds","BSSID":"5c:a6:2d:1e:08:e2","RSSI":-69},{"SSID":"eduroam","BSSID":"5c:a6:2d:1e:08:ee","RSSI":-69},{"SSID":"MeetInLeeds","BSSID":"5c:a6:2d:1e:08:ed","RSSI":-69},{"SSID":"eduroam","BSSID":"ac:3a:67:08:03:81","RSSI":-69},{"SSID":"MeetInLeeds","BSSID":"ac:3a:67:08:03:82","RSSI":-69},{"SSID":"MeetInLeeds","BSSID":"5c:a6:2d:45:dc:02","RSSI":-70},{"SSID":"MeetInLeeds","BSSID":"5c:a6:2d:cf:e0:02","RSSI":-71},{"SSID":"eduroam","BSSID":"5c:a6:2d:45:dc:01","RSSI":-71},{"SSID":"MeetInLeeds","BSSID":"5c:a6:2d:ce:8e:a2","RSSI":-73},{"SSID":"eduroam","BSSID":"5c:a6:2d:ce:8e:a1","RSSI":-73},{"SSID":"eduroam","BSSID":"5c:a6:2d:5d:2e:c1","RSSI":-74},{"SSID":"eduroam","BSSID":"ac:3a:67:08:31:0e","RSSI":-75},{"SSID":"MeetInLeeds","BSSID":"5c:a6:2d:5d:2e:c2","RSSI":-75},{"SSID":"eduroam","BSSID":"5c:a6:2d:cf:c1:6e","RSSI":-76},{"SSID":"MeetInLeeds","BSSID":"ac:3a:67:08:31:0d","RSSI":-77},{"SSID":"MeetInLeeds","BSSID":"5c:a6:2d:1e:0a:02","RSSI":-77},{"SSID":"MeetInLeeds","BSSID":"5c:a6:2d:5d:2c:02","RSSI":-78},{"SSID":"MeetInLeeds","BSSID":"ac:3a:67:08:31:02","RSSI":-79},{"SSID":"MeetInLeeds","BSSID":"5c:a6:2d:cf:b3:ed","RSSI":-79},{"SSID":"eduroam","BSSID":"5c:a6:2d:1e:0a:0e","RSSI":-79},{"SSID":"MeetInLeeds","BSSID":"5c:a6:2d:1e:0a:0d","RSSI":-79},{"SSID":"eduroam","BSSID":"5c:a6:2d:5d:2c:01","RSSI":-79},{"SSID":"eduroam","BSSID":"5c:a6:2d:cf:e5:01","RSSI":-80},{"SSID":"eduroam","BSSID":"5c:a6:2d:cf:e7:41","RSSI":-80},{"SSID":"MeetInLeeds","BSSID":"5c:a6:2d:cf:e0:0d","RSSI":-80},{"SSID":"eduroam","BSSID":"5c:a6:2d:cf:e0:0e","RSSI":-80},{"SSID":"eduroam","BSSID":"5c:a6:2d:86:6b:ee","RSSI":-80},{"SSID":"MeetInLeeds","BSSID":"5c:a6:2d:cf:e5:02","RSSI":-81},{"SSID":"MeetInLeeds","BSSID":"5c:a6:2d:cf:e7:42","RSSI":-81},{"SSID":"MeetInLeeds","BSSID":"5c:a6:2d:86:6b:ed","RSSI":-81},{"SSID":"MeetInLeeds","BSSID":"ac:3a:67:08:0c:82","RSSI":-82},{"SSID":"eduroam","BSSID":"5c:a6:2d:45:dc:0e","RSSI":-84},{"SSID":"MeetInLeeds","BSSID":"5c:a6:2d:cf:e6:2d","RSSI":-84},{"SSID":"MeetInLeeds","BSSID":"5c:a6:2d:45:dc:0d","RSSI":-85},{"SSID":"eduroam","BSSID":"5c:a6:2d:5d:2c:0e","RSSI":-85},{"SSID":"MeetInLeeds","BSSID":"5c:a6:2d:5d:2c:0d","RSSI":-85},{"SSID":"eduroam","BSSID":"5c:a6:2d:cf:e8:0e","RSSI":-85},{"SSID":"MeetInLeeds","BSSID":"5c:a6:2d:ce:8e:ad","RSSI":-85},{"SSID":"eduroam","BSSID":"5c:a6:2d:cf:e6:2e","RSSI":-85}],[{"SSID":"MeetInLeeds","BSSID":"ac:3a:67:08:25:82","RSSI":-55},{"SSID":"MeetInLeeds","BSSID":"5c:a6:2d:cf:c1:62","RSSI":-58},{"SSID":"eduroam","BSSID":"5c:a6:2d:cf:c1:61","RSSI":-58},{"SSID":"MeetInLeeds","BSSID":"ac:3a:67:08:25:8d","RSSI":-60},{"SSID":"eduroam","BSSID":"ac:3a:67:08:25:8e","RSSI":-60},{"SSID":"eduroam","BSSID":"5c:a6:2d:cf:e5:4e","RSSI":-63},{"SSID":"MeetInLeeds","BSSID":"5c:a6:2d:cf:e5:4d","RSSI":-63},{"SSID":"eduroam","BSSID":"5c:a6:2d:cf:b3:e1","RSSI":-65},{"SSID":"MeetInLeeds","BSSID":"5c:a6:2d:cf:b3:e2","RSSI":-65},{"SSID":"eduroam","BSSID":"5c:a6:2d:cf:e5:41","RSSI":-65},{"SSID":"MeetInLeeds","BSSID":"5c:a6:2d:cf:e5:42","RSSI":-65},{"SSID":"MeetInLeeds","BSSID":"5c:a6:2d:1e:08:e2","RSSI":-66},{"SSID":"eduroam","BSSID":"5c:a6:2d:1e:08:e1","RSSI":-66},{"SSID":"eduroam","BSSID":"5c:a6:2d:cf:c1:6e","RSSI":-66},{"SSID":"MeetInLeeds","BSSID":"5c:a6:2d:cf:c1:6d","RSSI":-66},{"SSID":"eduroam","BSSID":"5c:a6:2d:1e:08:ee","RSSI":-68},{"SSID":"MeetInLeeds","BSSID":"5c:a6:2d:1e:08:ed","RSSI":-68},{"SSID":"MeetInLeeds","BSSID":"ac:3a:67:08:03:82","RSSI":-69},{"SSID":"MeetInLeeds","BSSID":"5c:a6:2d:cf:e0:02","RSSI":-70},{"SSID":"eduroam","BSSID":"5c:a6:2d:cf:e0:01","RSSI":-70},{"SSID":"MeetInLeeds","BSSID":"5c:a6:2d:45:dc:02","RSSI":-72},{"SSID":"MeetInLeeds","BSSID":"5c:a6:2d:ce:8e:a2","RSSI":-73},{"SSID":"eduroam","BSSID":"5c:a6:2d:ce:8e:a1","RSSI":-73},{"SSID":"MeetInLeeds","BSSID":"5c:a6:2d:cf:b3:ed","RSSI":-73},{"SSID":"MeetInLeeds","BSSID":"5c:a6:2d:5d:2e:c2","RSSI":-74},{"SSID":"eduroam","BSSID":"ac:3a:67:08:31:01","RSSI":-75},{"SSID":"MeetInLeeds","BSSID":"ac:3a:67:08:31:02","RSSI":-76},{"SSID":"MeetInLeeds","BSSID":"5c:a6:2d:cf:e0:0d","RSSI":-76},{"SSID":"eduroam","BSSID":"5c:a6:2d:cf:e0:0e","RSSI":-76},{"SSID":"MeetInLeeds","BSSID":"5c:a6:2d:5d:2c:02","RSSI":-76},{"SSID":"MeetInLeeds","BSSID":"5c:a6:2d:cf:e7:4d","RSSI":-77},{"SSID":"eduroam","BSSID":"5c:a6:2d:5d:2c:01","RSSI":-77},{"SSID":"eduroam","BSSID":"ac:3a:67:08:31:0e","RSSI":-78},{"SSID":"eduroam","BSSID":"5c:a6:2d:1e:0a:01","RSSI":-78},{"SSID":"MeetInLeeds","BSSID":"5c:a6:2d:1e:0a:02","RSSI":-78},{"SSID":"MeetInLeeds","BSSID":"ac:3a:67:08:31:0d","RSSI":-79},{"SSID":"MeetInLeeds","BSSID":"5c:a6:2d:cf:e8:0d","RSSI":-79},{"SSID":"eduroam","BSSID":"5c:a6:2d:86:6b:ee","RSSI":-79},{"SSID":"MeetInLeeds","BSSID":"5c:a6:2d:45:dc:0d","RSSI":-80},{"SSID":"MeetInLeeds","BSSID":"5c:a6:2d:86:6b:ed","RSSI":-80},{"SSID":"MeetInLeeds","BSSID":"5c:a6:2d:cf:e5:02","RSSI":-81},{"SSID":"MeetInLeeds","BSSID":"5c:a6:2d:cf:e6:2d","RSSI":-81},{"SSID":"eduroam","BSSID":"5c:a6:2d:45:dc:0e","RSSI":-82},{"SSID":"MeetInLeeds","BSSID":"5c:a6:2d:cf:e7:42","RSSI":-82},{"SSID":"MeetInLeeds","BSSID":"ac:3a:67:08:0c:82","RSSI":-82},{"SSID":"eduroam","BSSID":"5c:a6:2d:cf:e6:2e","RSSI":-82},{"SSID":"MeetInLeeds","BSSID":"ac:3a:67:08:0e:e2","RSSI":-84},{"SSID":"MeetInLeeds","BSSID":"5c:a6:2d:86:69:2d","RSSI":-86}],[{"SSID":"eduroam","BSSID":"ac:3a:67:08:25:8e","RSSI":-56},{"SSID":"MeetInLeeds","BSSID":"ac:3a:67:08:25:82","RSSI":-56},{"SSID":"eduroam","BSSID":"ac:3a:67:08:25:81","RSSI":-56},{"SSID":"MeetInLeeds","BSSID":"ac:3a:67:08:25:8d","RSSI":-57},{"SSID":"MeetInLeeds","BSSID":"5c:a6:2d:cf:c1:62","RSSI":-58},{"SSID":"eduroam","BSSID":"5c:a6:2d:cf:c1:61","RSSI":-58},{"SSID":"eduroam","BSSID":"5c:a6:2d:cf:e5:4e","RSSI":-59},{"SSID":"MeetInLeeds","BSSID":"5c:a6:2d:cf:e5:4d","RSSI":-60},{"SSID":"eduroam","BSSID":"5c:a6:2d:cf:c1:6e","RSSI":-65},{"SSID":"eduroam","BSSID":"5c:a6:2d:cf:b3:e1","RSSI":-65},{"SSID":"MeetInLeeds","BSSID":"5c:a6:2d:cf:b3:e2","RSSI":-65},{"SSID":"eduroam","BSSID":"5c:a6:2d:1e:08:ee","RSSI":-66},{"SSID":"MeetInLeeds","BSSID":"5c:a6:2d:1e:08:ed","RSSI":-66},{"SSID":"MeetInLeeds","BSSID":"5c:a6:2d:cf:c1:6d","RSSI":-66},{"SSID":"MeetInLeeds","BSSID":"5c:a6:2d:cf:e5:42","RSSI":-66},{"SSID":"MeetInLeeds","BSSID":"5c:a6:2d:1e:08:e2","RSSI":-67},{"SSID":"eduroam","BSSID":"5c:a6:2d:1e:08:e1","RSSI":-67},{"SSID":"MeetInLeeds","BSSID":"5c:a6:2d:cf:e0:0d","RSSI":-67},{"SSID":"eduroam","BSSID":"5c:a6:2d:cf:e0:0e","RSSI":-67},{"SSID":"MeetInLeeds","BSSID":"ac:3a:67:08:03:82","RSSI":-68},{"SSID":"MeetInLeeds","BSSID":"5c:a6:2d:cf:e7:4d","RSSI":-71},{"SSID":"MeetInLeeds","BSSID":"5c:a6:2d:cf:b3:ed","RSSI":-72},{"SSID":"eduroam","BSSID":"5c:a6:2d:cf:b3:ee","RSSI":-72},{"SSID":"MeetInLeeds","BSSID":"5c:a6:2d:1e:0a:02","RSSI":-72},{"SSID":"eduroam","BSSID":"5c:a6:2d:45:dc:01","RSSI":-73},{"SSID":"MeetInLeeds","BSSID":"5c:a6:2d:ce:8e:a2","RSSI":-74},{"SSID":"eduroam","BSSID":"5c:a6:2d:ce:8e:a1","RSSI":-74},{"SSID":"MeetInLeeds","BSSID":"5c:a6:2d:45:dc:02","RSSI":-74},{"SSID":"MeetInLeeds","BSSID":"5c:a6:2d:cf:e0:02","RSSI":-75},{"SSID":"eduroam","BSSID":"5c:a6:2d:cf:e7:4e","RSSI":-75},{"SSID":"eduroam","BSSID":"5c:a6:2d:1e:0a:01","RSSI":-75},{"SSID":"eduroam","BSSID":"ac:3a:67:08:31:01","RSSI":-76},{"SSID":"MeetInLeeds","BSSID":"5c:a6:2d:5d:2e:c2","RSSI":-76},{"SSID":"MeetInLeeds","BSSID":"5c:a6:2d:5d:2c:02","RSSI":-76},{"SSID":"eduroam","BSSID":"5c:a6:2d:5d:2c:01","RSSI":-76},{"SSID":"MeetInLeeds","BSSID":"ac:3a:67:08:31:02","RSSI":-77},{"SSID":"eduroam","BSSID":"5c:a6:2d:cf:e7:41","RSSI":-77},{"SSID":"MeetInLeeds","BSSID":"5c:a6:2d:cf:e7:42","RSSI":-77},{"SSID":"MeetInLeeds","BSSID":"5c:a6:2d:45:dc:0d","RSSI":-80},{"SSID":"MeetInLeeds","BSSID":"5c:a6:2d:cf:e8:02","RSSI":-80},{"SSID":"eduroam","BSSID":"5c:a6:2d:86:6b:e1","RSSI":-80},{"SSID":"eduroam","BSSID":"ac:3a:67:08:31:0e","RSSI":-80},{"SSID":"MeetInLeeds","BSSID":"5c:a6:2d:ce:8e:ad","RSSI":-80},{"SSID":"eduroam","BSSID":"5c:a6:2d:45:dc:0e","RSSI":-81},{"SSID":"eduroam","BSSID":"5c:a6:2d:cf:e8:01","RSSI":-81},{"SSID":"MeetInLeeds","BSSID":"ac:3a:67:08:31:0d","RSSI":-81},{"SSID":"MeetInLeeds","BSSID":"5c:a6:2d:86:6b:e2","RSSI":-81},{"SSID":"MeetInLeeds","BSSID":"ac:3a:67:08:0e:e2","RSSI":-81},{"SSID":"MeetInLeeds","BSSID":"5c:a6:2d:5d:2e:cd","RSSI":-82},{"SSID":"eduroam","BSSID":"5c:a6:2d:5d:2e:ce","RSSI":-82},{"SSID":"eduroam","BSSID":"5c:a6:2d:5d:2c:0e","RSSI":-82},{"SSID":"eduroam","BSSID":"5c:a6:2d:ce:8e:ae","RSSI":-82},{"SSID":"eduroam","BSSID":"5c:a6:2d:86:6b:ee","RSSI":-82},{"SSID":"MeetInLeeds","BSSID":"ac:3a:67:08:0c:82","RSSI":-82},{"SSID":"eduroam","BSSID":"ac:3a:67:08:0c:81","RSSI":-82},{"SSID":"MeetInLeeds","BSSID":"5c:a6:2d:86:69:2d","RSSI":-82},{"SSID":"MeetInLeeds","BSSID":"5c:a6:2d:5d:2c:0d","RSSI":-83},{"SSID":"MeetInLeeds","BSSID":"5c:a6:2d:cf:b3:62","RSSI":-83},{"SSID":"eduroam","BSSID":"5c:a6:2d:cf:e6:2e","RSSI":-85}],[{"SSID":"MeetInLeeds","BSSID":"ac:3a:67:08:25:82","RSSI":-51},{"SSID":"MeetInLeeds","BSSID":"5c:a6:2d:cf:c1:62","RSSI":-53},{"SSID":"eduroam","BSSID":"5c:a6:2d:cf:c1:61","RSSI":-53},{"SSID":"MeetInLeeds","BSSID":"ac:3a:67:08:25:8d","RSSI":-57},{"SSID":"eduroam","BSSID":"ac:3a:67:08:25:8e","RSSI":-57},{"SSID":"MeetInLeeds","BSSID":"5c:a6:2d:cf:e5:4d","RSSI":-59},{"SSID":"eduroam","BSSID":"5c:a6:2d:cf:b3:e1","RSSI":-60},{"SSID":"MeetInLeeds","BSSID":"5c:a6:2d:cf:b3:e2","RSSI":-60},{"SSID":"eduroam","BSSID":"5c:a6:2d:cf:e5:4e","RSSI":-60},{"SSID":"eduroam","BSSID":"5c:a6:2d:cf:c1:6e","RSSI":-62},{"SSID":"MeetInLeeds","BSSID":"5c:a6:2d:cf:c1:6d","RSSI":-62},{"SSID":"eduroam","BSSID":"5c:a6:2d:1e:08:ee","RSSI":-63},{"SSID":"MeetInLeeds","BSSID":"5c:a6:2d:1e:08:ed","RSSI":-63},{"SSID":"MeetInLeeds","BSSID":"5c:a6:2d:cf:e5:42","RSSI":-66},{"SSID":"MeetInLeeds","BSSID":"5c:a6:2d:1e:08:e2","RSSI":-67},{"SSID":"eduroam","BSSID":"5c:a6:2d:1e:08:e1","RSSI":-67},{"SSID":"eduroam","BSSID":"5c:a6:2d:cf:e0:01","RSSI":-68},{"SSID":"MeetInLeeds","BSSID":"5c:a6:2d:cf:e0:02","RSSI":-69},{"SSID":"eduroam","BSSID":"5c:a6:2d:45:dc:01","RSSI":-69},{"SSID":"MeetInLeeds","BSSID":"5c:a6:2d:45:dc:02","RSSI":-70},{"SSID":"eduroam","BSSID":"ac:3a:67:08:31:01","RSSI":-73},{"SSID":"MeetInLeeds","BSSID":"ac:3a:67:08:31:02","RSSI":-73},{"SSID":"MeetInLeeds","BSSID":"5c:a6:2d:cf:e0:0d","RSSI":-73},{"SSID":"eduroam","BSSID":"5c:a6:2d:cf:e0:0e","RSSI":-73},{"SSID":"eduroam","BSSID":"5c:a6:2d:cf:e7:41","RSSI":-74},{"SSID":"MeetInLeeds","BSSID":"5c:a6:2d:cf:e7:42","RSSI":-74},{"SSID":"eduroam","BSSID":"5c:a6:2d:1e:0a:01","RSSI":-74},{"SSID":"eduroam","BSSID":"5c:a6:2d:cf:e5:01","RSSI":-75},{"SSID":"MeetInLeeds","BSSID":"5c:a6:2d:cf:b3:ed","RSSI":-75},{"SSID":"eduroam","BSSID":"5c:a6:2d:cf:b3:ee","RSSI":-75},{"SSID":"MeetInLeeds","BSSID":"5c:a6:2d:1e:0a:02","RSSI":-75},{"SSID":"MeetInLeeds","BSSID":"5c:a6:2d:5d:2e:c2","RSSI":-75},{"SSID":"MeetInLeeds","BSSID":"ac:3a:67:08:03:82","RSSI":-76},{"SSID":"MeetInLeeds","BSSID":"5c:a6:2d:cf:e8:0d","RSSI":-77},{"SSID":"MeetInLeeds","BSSID":"ac:3a:67:08:31:0d","RSSI":-78},{"SSID":"MeetInLeeds","BSSID":"5c:a6:2d:5d:2c:02","RSSI":-78},{"SSID":"eduroam","BSSID":"5c:a6:2d:5d:2c:01","RSSI":-78},{"SSID":"MeetInLeeds","BSSID":"5c:a6:2d:5d:2c:0d","RSSI":-79},{"SSID":"MeetInLeeds","BSSID":"5c:a6:2d:45:dc:0d","RSSI":-80},{"SSID":"eduroam","BSSID":"5c:a6:2d:45:dc:0e","RSSI":-80},{"SSID":"eduroam","BSSID":"5c:a6:2d:1e:0a:0e","RSSI":-81},{"SSID":"MeetInLeeds","BSSID":"5c:a6:2d:1e:0a:0d","RSSI":-81},{"SSID":"eduroam","BSSID":"5c:a6:2d:86:69:2e","RSSI":-81},{"SSID":"eduroam","BSSID":"5c:a6:2d:86:69:21","RSSI":-81},{"SSID":"MeetInLeeds","BSSID":"5c:a6:2d:86:69:22","RSSI":-81},{"SSID":"eduroam","BSSID":"5c:a6:2d:5d:2c:0e","RSSI":-82},{"SSID":"MeetInLeeds","BSSID":"5c:a6:2d:cf:e6:22","RSSI":-83},{"SSID":"MeetInLeeds","BSSID":"5c:a6:2d:86:69:2d","RSSI":-83},{"SSID":"eduroam","BSSID":"5c:a6:2d:cf:e6:2e","RSSI":-85},{"SSID":"MeetInLeeds","BSSID":"5c:a6:2d:cf:e6:2d","RSSI":-85},{"SSID":"MeetInLeeds","BSSID":"5c:a6:2d:ce:8e:ad","RSSI":-87},{"SSID":"eduroam","BSSID":"5c:a6:2d:cf:b3:6e","RSSI":-88}],[{"SSID":"MeetInLeeds","BSSID":"5c:a6:2d:cf:c1:62","RSSI":-55},{"SSID":"eduroam","BSSID":"5c:a6:2d:cf:c1:61","RSSI":-55},{"SSID":"MeetInLeeds","BSSID":"5c:a6:2d:cf:b3:e2","RSSI":-60},{"SSID":"eduroam","BSSID":"5c:a6:2d:cf:b3:e1","RSSI":-61},{"SSID":"MeetInLeeds","BSSID":"5c:a6:2d:cf:e5:42","RSSI":-62},{"SSID":"MeetInLeeds","BSSID":"ac:3a:67:08:25:8d","RSSI":-63},{"SSID":"eduroam","BSSID":"ac:3a:67:08:25:8e","RSSI":-64},{"SSID":"MeetInLeeds","BSSID":"5c:a6:2d:1e:08:e2","RSSI":-65},{"SSID":"eduroam","BSSID":"5c:a6:2d:1e:08:e1","RSSI":-65},{"SSID":"MeetInLeeds","BSSID":"5c:a6:2d:cf:e0:02","RSSI":-66},{"SSID":"MeetInLeeds","BSSID":"5c:a6:2d:1e:08:ed","RSSI":-67},{"SSID":"eduroam","BSSID":"5c:a6:2d:cf:c1:6e","RSSI":-67},{"SSID":"eduroam","BSSID":"5c:a6:2d:cf:e5:4e","RSSI":-67},{"SSID":"eduroam","BSSID":"5c:a6:2d:1e:08:ee","RSSI":-68},{"SSID":"MeetInLeeds","BSSID":"5c:a6:2d:cf:c1:6d","RSSI":-68},{"SSID":"MeetInLeeds","BSSID":"5c:a6:2d:cf:e5:4d","RSSI":-68},{"SSID":"MeetInLeeds","BSSID":"5c:a6:2d:cf:b3:ed","RSSI":-71},{"SSID":"MeetInLeeds","BSSID":"5c:a6:2d:1e:0a:02","RSSI":-71},{"SSID":"eduroam","BSSID":"5c:a6:2d:1e:0a:01","RSSI":-72},{"SSID":"MeetInLeeds","BSSID":"5c:a6:2d:45:dc:02","RSSI":-72},{"SSID":"eduroam","BSSID":"5c:a6:2d:cf:b3:ee","RSSI":-73},{"SSID":"MeetInLeeds","BSSID":"5c:a6:2d:cf:e0:0d","RSSI":-73},{"SSID":"eduroam","BSSID":"5c:a6:2d:cf:e0:0e","RSSI":-73},{"SSID":"MeetInLeeds","BSSID":"ac:3a:67:08:03:82","RSSI":-73},{"SSID":"eduroam","BSSID":"5c:a6:2d:45:dc:01","RSSI":-73},{"SSID":"MeetInLeeds","BSSID":"5c:a6:2d:ce:8e:a2","RSSI":-74},{"SSID":"eduroam","BSSID":"5c:a6:2d:cf:e7:41","RSSI":-74},{"SSID":"MeetInLeeds","BSSID":"5c:a6:2d:cf:e7:42","RSSI":-74},{"SSID":"eduroam","BSSID":"5c:a6:2d:ce:8e:a1","RSSI":-75},{"SSID":"MeetInLeeds","BSSID":"5c:a6:2d:5d:2c:02","RSSI":-76},{"SSID":"MeetInLeeds","BSSID":"5c:a6:2d:5d:2c:0d","RSSI":-77},{"SSID":"MeetInLeeds","BSSID":"5c:a6:2d:1e:0a:0d","RSSI":-77},{"SSID":"MeetInLeeds","BSSID":"ac:3a:67:08:31:0d","RSSI":-80},{"SSID":"MeetInLeeds","BSSID":"5c:a6:2d:86:69:22","RSSI":-80},{"SSID":"MeetInLeeds","BSSID":"5c:a6:2d:86:6b:ed","RSSI":-82},{"SSID":"MeetInLeeds","BSSID":"5c:a6:2d:86:6b:e2","RSSI":-83},{"SSID":"eduroam","BSSID":"5c:a6:2d:ce:8e:ae","RSSI":-83},{"SSID":"MeetInLeeds","BSSID":"5c:a6:2d:ce:8e:ad","RSSI":-83},{"SSID":"MeetInLeeds","BSSID":"5c:a6:2d:af:92:ed","RSSI":-85},{"SSID":"MeetInLeeds","BSSID":"5c:a6:2d:86:69:2d","RSSI":-85},{"SSID":"eduroam","BSSID":"5c:a6:2d:af:92:ee","RSSI":-87}]]