[[{"SSID":"MeetInLeeds","BSSID":"5c:a6:2d:86:6c:22","RSSI":-46},{"SSID":"MeetInLeeds","BSSID":"5c:a6:2d:af:8e:02","RSSI":-57},{"SSID":"MeetInLeeds","BSSID":"5c:a6:2d:86:6d:02","RSSI":-58},{"SSID":"MeetInLeeds","BSSID":"ac:3a:67:07:fb:02","RSSI":-60},{"SSID":"eduroam","BSSID":"5c:a6:2d:88:6b:6e","RSSI":-61},{"SSID":"MeetInLeeds","BSSID":"5c:a6:2d:5d:ab:62","RSSI":-62},{"SSID":"MeetInLeeds","BSSID":"5c:a6:2d:86:6c:2d","RSSI":-62},{"SSID":"MeetInLeeds","BSSID":"5c:a6:2d:45:de:82","RSSI":-64},{"SSID":"MeetInLeeds","BSSID":"5c:a6:2d:86:6b:42","RSSI":-65},{"SSID":"eduroam","BSSID":"5c:a6:2d:45:db:81","RSSI":-75},{"SSID":"MeetInLeeds","BSSID":"ac:3a:67:08:0d:82","RSSI":-76},{"SSID":"MeetInLeeds","BSSID":"5c:a6:2d:86:6d:a2","RSSI":-76},{"SSID":"MeetInLeeds","BSSID":"ac:3a:67:07:f5:82","RSSI":-78},{"SSID":"eduroam","BSSID":"5c:a6:2d:ce:a1:ce","RSSI":-79},{"SSID":"MeetInLeeds","BSSID":"5c:a6:2d:ce:a1:cd","RSSI":-79}],[{"SSID":"MeetInLeeds","BSSID":"5c:a6:2d:86:6c:22","RSSI":-49},{"SSID":"MeetInLeeds","BSSID":"5c:a6:2d:88:6b:62","RSSI":-54},{"SSID":"MeetInLeeds","BSSID":"5c:a6:2d:86:6d:02","RSSI":-58},{"SSID":"eduroam","BSSID":"ac:3a:67:07:fb:0e","RSSI":-59},{"SSID":"MeetInLeeds","BSSID":"5c:a6:2d:af:8e:02","RSSI":-59},{"SSID":"MeetInLeeds","BSSID":"5c:a6:2d:88:6b:6d","RSSI":-59},{"SSID":"eduroam","BSSID":"5c:a6:2d:88:6b:6e","RSSI":-59},{"SSID":"MeetInLeeds","BSSID":"ac:3a:67:07:fb:0d","RSSI":-60},{"SSID":"MeetInLeeds","BSSID":"5c:a6:2d:45:de:82","RSSI":-62},{"SSID":"MeetInLeeds","BSSID":"ac:3a:67:07:fb:02","RSSI":-62},{"SSID":"MeetInLeeds","BSSID":"5c:a6:2d:86:6c:2d","RSSI":-64},{"SSID":"MeetInLeeds","BSSID":"5c:a6:2d:86:6b:42","RSSI":-65},{"SSID":"eduroam","BSSID":"5c:a6:2d:86:6c:2e","RSSI":-68},{"SSID":"MeetInLeeds","BSSID":"5c:a6:2d:85:81:c2","RSSI":-70},{"SSID":"MeetInLeeds","BSSID":"5c:a6:2d:af:8e:0d","RSSI":-71},{"SSID":"MeetInLeeds","BSSID":"5c:a6:2d:cf:bf:82","RSSI":-74},{"SSID":"MeetInLeeds","BSSID":"5c:a6:2d:5d:2d:02","RSSI":-77},{"SSID":"MeetInLeeds","BSSID":"5c:a6:2d:cf:bf:8d","RSSI":-78},{"SSID":"MeetInLeeds","BSSID":"5c:a6:2d:ce:a1:c2","RSSI":-79},{"SSID":"MeetInLeeds","BSSID":"5c:a6:2d:ce:a1:cd","RSSI":-80},{"SSID":"eduroam","BSSID":"5c:a6:2d:ce:a1:ce","RSSI":-81},{"SSID":"MeetInLeeds","BSSID":"5c:a6:2d:ce:b4:c2","RSSI":-82}],[{"SSID":"MeetInLeeds","BSSID":"5c:a6:2d:88:6b:6d","RSSI":-58},{"SSID":"eduroam","BSSID":"5c:a6:2d:88:6b:6e","RSSI":-58},{"SSID":"eduroam","BSSID":"ac:3a:67:07:fb:0e","RSSI":-61},{"SSID":"MeetInLeeds","BSSID":"ac:3a:67:07:fb:0d","RSSI":-61},{"SSID":"MeetInLeeds","BSSID":"5c:a6:2d:45:de:82","RSSI":-63},{"SSID":"MeetInLeeds","BSSID":"5c:a6:2d:86:6c:2d","RSSI":-63},{"SSID":"eduroam","BSSID":"5c:a6:2d:86:6c:2e","RSSI":-63},{"SSID":"MeetInLeeds","BSSID":"5c:a6:2d:86:6b:42","RSSI":-64},{"SSID":"eduroam","BSSID":"5c:a6:2d:85:81:c1","RSSI":-68},{"SSID":"eduroam","BSSID":"5c:a6:2d:45:db:8e","RSSI":-73},{"SSID":"MeetInLeeds","BSSID":"5c:a6:2d:45:db:8d","RSSI":-73},{"SSID":"MeetInLeeds","BSSID":"5c:a6:2d:af:8e:0d","RSSI":-76},{"SSID":"MeetInLeeds","BSSID":"5c:a6:2d:cf:bf:8d","RSSI":-77},{"SSID":"MeetInLeeds","BSSID":"5c:a6:2d:ce:a1:cd","RSSI":-78},{"SSID":"MeetInLeeds","BSSID":"5c:a6:2d:5d:2d:02","RSSI":-78},{"SSID":"eduroam","BSSID":"5c:a6:2d:cf:bf:8e","RSSI":-79},{"SSID":"eduroam","BSSID":"5c:a6:2d:cf:c5:e1","RSSI":-80},{"SSID":"eduroam","BSSID":"5c:a6:2d:ce:a1:ce","RSSI":-81},{"SSID":"MeetInLeeds","BSSID":"ac:3a:67:07:f5:8d","RSSI":-87}],[{"SSID":"eduroam","BSSID":"5c:a6:2d:86:6c:21","RSSI":-52},{"SSID":"MeetInLeeds","BSSID":"5c:a6:2d:86:6c:22","RSSI":-53},{"SSID":"MeetInLeeds","BSSID":"5c:a6:2d:af:8e:02","RSSI":-60},{"SSID":"MeetInLeeds","BSSID":"5c:a6:2d:86:6d:02","RSSI":-60},{"SSID":"MeetInLeeds","BSSID":"5c:a6:2d:45:de:82","RSSI":-62},{"SSID":"MeetInLeeds","BSSID":"5c:a6:2d:5d:ab:62","RSSI":-63},{"SSID":"MeetInLeeds","BSSID":"5c:a6:2d:86:6b:42","RSSI":-63},{"SSID":"eduroam","BSSID":"5c:a6:2d:86:6b:41","RSSI":-64},{"SSID":"MeetInLeeds","BSSID":"ac:3a:67:07:fb:02","RSSI":-64},{"SSID":"eduroam","BSSID":"5c:a6:2d:5d:ab:6e","RSSI":-67},{"SSID":"MeetInLeeds","BSSID":"5c:a6:2d:5d:ab:6d","RSSI":-67},{"SSID":"MeetInLeeds","BSSID":"5c:a6:2d:cf:bf:82","RSSI":-70},{"SSID":"eduroam","BSSID":"5c:a6:2d:86:6d:0e","RSSI":-71},{"SSID":"eduroam","BSSID":"5c:a6:2d:45:de:8e","RSSI":-72},{"SSID":"MeetInLeeds","BSSID":"5c:a6:2d:45:de:8d","RSSI":-73},{"SSID":"MeetInLeeds","BSSID":"5c:a6:2d:86:6d:0d","RSSI":-74},{"SSID":"MeetInLeeds","BSSID":"5c:a6:2d:45:db:82","RSSI":-75},{"SSID":"MeetInLeeds","BSSID":"5c:a6:2d:ce:a1:c2","RSSI":-79},{"SSID":"MeetInLeeds","BSSID":"ac:3a:67:07:f5:82","RSSI":-79},{"SSID":"MeetInLeeds","BSSID":"5c:a6:2d:cf:c5:e2","RSSI":-83},{"SSID":"MeetInLeeds","BSSID":"5c:a6:2d:86:6b:4d","RSSI":-83},{"SSID":"MeetInLeeds","BSSID":"ac:3a:67:08:0d:8d","RSSI":-85},{"SSID":"eduroam","BSSID":"5c:a6:2d:af:91:ce","RSSI":-85}],[{"SSID":"MeetInLeeds","BSSID":"5c:a6:2d:86:6c:22","RSSI":-50},{"SSID":"MeetInLeeds","BSSID":"5c:a6:2d:88:6b:62","RSSI":-54},{"SSID":"MeetInLeeds","BSSID":"ac:3a:67:07:fb:0d","RSSI":-56},{"SSID":"eduroam","BSSID":"ac:3a:67:07:fb:0e","RSSI":-57},{"SSID":"MeetInLeeds","BSSID":"5c:a6:2d:5d:ab:62","RSSI":-60},{"SSID":"eduroam","BSSID":"5c:a6:2d:5d:ab:61","RSSI":-60},{"SSID":"eduroam","BSSID":"5c:a6:2d:86:6d:01","RSSI":-62},{"SSID":"MeetInLeeds","BSSID":"5c:a6:2d:af:8e:02","RSSI":-63},{"SSID":"MeetInLeeds","BSSID":"5c:a6:2d:45:de:82","RSSI":-64},{"SSID":"MeetInLeeds","BSSID":"ac:3a:67:07:fb:02","RSSI":-65},{"SSID":"MeetInLeeds","BSSID":"5c:a6:2d:86:6b:42","RSSI":-67},{"SSID":"MeetInLeeds","BSSID":"5c:a6:2d:85:81:c2","RSSI":-71},{"SSID":"MeetInLeeds","BSSID":"5c:a6:2d:af:8e:0d","RSSI":-72},{"SSID":"MeetInLeeds","BSSID":"5c:a6:2d:45:de:8d","RSSI":-72},{"SSID":"eduroam","BSSID":"5c:a6:2d:86:6d:0e","RSSI":-72},{"SSID":"MeetInLeeds","BSSID":"5c:a6:2d:86:6d:0d","RSSI":-72},{"SSID":"eduroam","BSSID":"5c:a6:2d:45:db:81","RSSI":-74},{"SSID":"eduroam","BSSID":"5c:a6:2d:45:db:8e","RSSI":-74},{"SSID":"eduroam","BSSID":"5c:a6:2d:45:de:8e","RSSI":-75},{"SSID":"MeetInLeeds","BSSID":"5c:a6:2d:cf:bf:82","RSSI":-76},{"SSID":"eduroam","BSSID":"5c:a6:2d:cf:bf:8e","RSSI":-78},{"SSID":"MeetInLeeds","BSSID":"5c:a6:2d:cf:bf:8d","RSSI":-78},{"SSID":"MeetInLeeds","BSSID":"ac:3a:67:08:0d:82","RSSI":-79},{"SSID":"MeetInLeeds","BSSID":"ac:3a:67:07:f5:82","RSSI":-79},{"SSID":"MeetInLeeds","BSSID":"ac:3a:67:08:04:22","RSSI":-81}],[{"SSID":"eduroam","BSSID":"5c:a6:2d:86:6c:21","RSSI":-48},{"SSID":"MeetInLeeds","BSSID":"5c:a6:2d:86:6c:22","RSSI":-48},{"SSID":"MeetInLeeds","BSSID":"5c:a6:2d:88:6b:62","RSSI":-52},{"SSID":"eduroam","BSSID":"ac:3a:67:07:fb:0e","RSSI":-55},{"SSID":"MeetInLeeds","BSSID":"ac:3a:67:07:fb:0d","RSSI":-55},{"SSID":"MeetInLeeds","BSSID":"5c:a6:2d:86:6d:02","RSSI":-59},{"SSID":"eduroam","BSSID":"5c:a6:2d:86:6d:01","RSSI":-59},{"SSID":"MeetInLeeds","BSSID":"5c:a6:2d:5d:ab:62","RSSI":-62},{"SSID":"MeetInLeeds","BSSID":"ac:3a:67:07:fb:02","RSSI":-62},{"SSID":"MeetInLeeds","BSSID":"5c:a6:2d:86:6b:42","RSSI":-63},{"SSID":"eduroam","BSSID":"5c:a6:2d:45:de:81","RSSI":-63},{"SSID":"MeetInLeeds","BSSID":"5c:a6:2d:45:de:82","RSSI":-63},{"SSID":"MeetInLeeds","BSSID":"5c:a6:2d:af:8e:02","RSSI":-64},{"SSID":"eduroam","BSSID":"5c:a6:2d:af:8e:0e","RSSI":-71},{"SSID":"MeetInLeeds","BSSID":"5c:a6:2d:af:8e:0d","RSSI":-71},{"SSID":"MeetInLeeds","BSSID":"5c:a6:2d:cf:bf:82","RSSI":-74},{"SSID":"MeetInLeeds","BSSID":"5c:a6:2d:45:db:82","RSSI":-74},{"SSID":"MeetInLeeds","BSSID":"5c:a6:2d:45:db:8d","RSSI":-75},{"SSID":"MeetInLeeds","BSSID":"5c:a6:2d:86:6d:a2","RSSI":-76},{"SSID":"eduroam","BSSID":"5c:a6:2d:cf:bf:8e","RSSI":-77},{"SSID":"MeetInLeeds","BSSID":"5c:a6:2d:5d:2d:02","RSSI":-77},{"SSID":"MeetInLeeds","BSSID":"ac:3a:67:07:f5:82","RSSI":-79},{"SSID":"MeetInLeeds","BSSID":"5c:a6:2d:cf:bf:8d","RSSI":-80}],[{"SSID":"MeetInLeeds","BSSID":"5c:a6:2d:86:6c:22","RSSI":-48},{"SSID":"eduroam","BSSID":"5c:a6:2d:86:6c:21","RSSI":-49},{"SSID":"MeetInLeeds","BSSID":"5c:a6:2d:88:6b:62","RSSI":-51},{"SSID":"MeetInLeeds","BSSID":"5c:a6:2d:86:6d:02","RSSI":-57},{"SSID":"MeetInLeeds","BSSID":"5c:a6:2d:88:6b:6d","RSSI":-58},{"SSID":"eduroam","BSSID":"5c:a6:2d:88:6b:6e","RSSI":-59},{"SSID":"MeetInLeeds","BSSID":"5c:a6:2d:af:8e:02","RSSI":-61},{"SSID":"MeetInLeeds","BSSID":"5c:a6:2d:45:de:82","RSSI":-63},{"SSID":"eduroam","BSSID":"5c:a6:2d:86:6b:41","RSSI":-66},{"SSID":"MeetInLeeds","BSSID":"5c:a6:2d:86:6c:2d","RSSI":-66},{"SSID":"MeetInLeeds","BSSID":"ac:3a:67:07:fb:02","RSSI":-66},{"SSID":"eduroam","BSSID":"5c:a6:2d:86:6c:2e","RSSI":-69},{"SSID":"MeetInLeeds","BSSID":"5c:a6:2d:5d:ab:62","RSSI":-70},{"SSID":"MeetInLeeds","BSSID":"5c:a6:2d:cf:bf:82","RSSI":-71},{"SSID":"eduroam","BSSID":"5c:a6:2d:ce:a1:c1","RSSI":-76},{"SSID":"MeetInLeeds","BSSID":"5c:a6:2d:5d:2d:02","RSSI":-77},{"SSID":"MeetInLeeds","BSSID":"5c:a6:2d:ce:a1:c2","RSSI":-77},{"SSID":"MeetInLeeds","BSSID":"ac:3a:67:08:2a:02","RSSI":-79},{"SSID":"MeetInLeeds","BSSID":"ac:3a:67:07:f5:82","RSSI":-79},{"SSID":"MeetInLeeds","BSSID":"5c:a6:2d:ce:b4:c2","RSSI":-82}],[{"SSID":"MeetInLeeds","BSSID":"5c:a6:2d:86:6c:22","RSSI":-50},{"SSID":"eduroam","BSSID":"5c:a6:2d:88:6b:61","RSSI":-53},{"SSID":"MeetInLeeds","BSSID":"5c:a6:2d:88:6b:62","RSSI":-53},{"SSID":"MeetInLeeds","BSSID":"5c:a6:2d:af:8e:02","RSSI":-57},{"SSID":"eduroam","BSSID":"5c:a6:2d:88:6b:6e","RSSI":-58},{"SSID":"MeetInLeeds","BSSID":"ac:3a:67:07:fb:0d","RSSI":-59},{"SSID":"eduroam","BSSID":"ac:3a:67:07:fb:0e","RSSI":-60},{"SSID":"MeetInLeeds","BSSID":"5c:a6:2d:5d:ab:62","RSSI":-61},{"SSID":"MeetInLeeds","BSSID":"5c:a6:2d:86:6d:02","RSSI":-61},{"SSID":"MeetInLeeds","BSSID":"5c:a6:2d:45:de:82","RSSI":-63},{"SSID":"MeetInLeeds","BSSID":"5c:a6:2d:86:6b:42","RSSI":-66},{"SSID":"MeetInLeeds","BSSID":"5c:a6:2d:88:6b:6d","RSSI":-66},{"SSID":"MeetInLeeds","BSSID":"5c:a6:2d:86:6c:2d","RSSI":-66},{"SSID":"eduroam","BSSID":"5c:a6:2d:86:6c:2e","RSSI":-66},{"SSID":"MeetInLeeds","BSSID":"ac:3a:67:07:fb:02","RSSI":-67},{"SSID":"eduroam","BSSID":"5c:a6:2d:af:8e:0e","RSSI":-71},{"SSID":"MeetInLeeds","BSSID":"5c:a6:2d:af:8e:0d","RSSI":-71},{"SSID":"eduroam","BSSID":"5c:a6:2d:45:de:8e","RSSI":-72},{"SSID":"MeetInLeeds","BSSID":"5c:a6:2d:85:81:c2","RSSI":-72},{"SSID":"MeetInLeeds","BSSID":"5c:a6:2d:cf:bf:82","RSSI":-73},{"SSID":"MeetInLeeds","BSSID":"5c:a6:2d:45:de:8d","RSSI":-73},{"SSID":"MeetInLeeds","BSSID":"5c:a6:2d:86:6d:0d","RSSI":-74},{"SSID":"MeetInLeeds","BSSID":"5c:a6:2d:ce:a1:c2","RSSI":-75},{"SSID":"MeetInLeeds","BSSID":"5c:a6:2d:45:db:8d","RSSI":-75},{"SSID":"eduroam","BSSID":"5c:a6:2d:86:6d:0e","RSSI":-75},{"SSID":"MeetInLeeds","BSSID":"5c:a6:2d:cf:bf:8d","RSSI":-77},{"SSID":"MeetInLeeds","BSSID":"5c:a6:2d:45:db:82","RSSI":-77},{"SSID":"MeetInLeeds","BSSID":"ac:3a:67:07:fc:42","RSSI":-77},{"SSID":"MeetInLeeds","BSSID":"5c:a6:2d:ce:a1:cd","RSSI":-78},{"SSID":"eduroam","BSSID":"5c:a6:2d:45:db:81","RSSI":-78},{"SSID":"eduroam","BSSID":"ac:3a:67:07:f5:81","RSSI":-80},{"SSID":"MeetInLeeds","BSSID":"5c:a6:2d:cf:c5:e2","RSSI":-81},{"SSID":"eduroam","BSSID":"5c:a6:2d:ce:a1:ce","RSSI":-82},{"SSID":"MeetInLeeds","BSSID":"ac:3a:67:07:f5:8d","RSSI":-85},{"SSID":"eduroam","BSSID":"ac:3a:67:07:f5:8e","RSSI":-87}],[{"SSID":"eduroam","BSSID":"ac:3a:67:07:fb:0e","RSSI":-55},{"SSID":"MeetInLeeds","BSSID":"ac:3a:67:07:fb:0d","RSSI":-55},{"SSID":"eduroam","BSSID":"5c:a6:2d:af:8e:01","RSSI":-58},{"SSID":"MeetInLeeds","BSSID":"5c:a6:2d:af:8e:02","RSSI":-58},{"SSID":"MeetInLeeds","BSSID":"5c:a6:2d:88:6b:6d","RSSI":-58},{"SSID":"eduroam","BSSID":"5c:a6:2d:88:6b:6e","RSSI":-58},{"SSID":"MeetInLeeds","BSSID":"5c:a6:2d:86:6c:22","RSSI":-60},{"SSID":"MeetInLeeds","BSSID":"5c:a6:2d:86:6d:02","RSSI":-61},{"SSID":"MeetInLeeds","BSSID":"5c:a6:2d:5d:ab:62","RSSI":-63},{"SSID":"MeetInLeeds","BSSID":"5c:a6:2d:45:de:82","RSSI":-63},{"SSID":"eduroam","BSSID":"5c:a6:2d:86:6b:41","RSSI":-64},{"SSID":"MeetInLeeds","BSSID":"5c:a6:2d:86:6b:42","RSSI":-64},{"SSID":"MeetInLeeds","BSSID":"ac:3a:67:07:fb:02","RSSI":-66},{"SSID":"MeetInLeeds","BSSID":"5c:a6:2d:86:6c:2d","RSSI":-67},{"SSID":"eduroam","BSSID":"5c:a6:2d:5d:ab:6e","RSSI":-69},{"SSID":"MeetInLeeds","BSSID":"5c:a6:2d:5d:ab:6d","RSSI":-70},{"SSID":"eduroam","BSSID":"5c:a6:2d:86:6c:2e","RSSI":-70},{"SSID":"eduroam","BSSID":"5c:a6:2d:af:8e:0e","RSSI":-71},{"SSID":"MeetInLeeds","BSSID":"5c:a6:2d:af:8e:0d","RSSI":-71},{"SSID":"eduroam","BSSID":"5c:a6:2d:45:db:8e","RSSI":-75},{"SSID":"MeetInLeeds","BSSID":"5c:a6:2d:45:db:8d","RSSI":-75},{"SSID":"MeetInLeeds","BSSID":"5c:a6:2d:ce:a1:c2","RSSI":-76},{"SSID":"MeetInLeeds","BSSID":"5c:a6:2d:cf:bf:8d","RSSI":-78},{"SSID":"eduroam","BSSID":"5c:a6:2d:ce:a1:ce","RSSI":-78},{"SSID":"MeetInLeeds","BSSID":"ac:3a:67:07:fc:42","RSSI":-78},{"SSID":"eduroam","BSSID":"5c:a6:2d:cf:bf:8e","RSSI":-79},{"SSID":"eduroam","BSSID":"5c:a6:2d:45:db:81","RSSI":-79},{"SSID":"MeetInLeeds","BSSID":"5c:a6:2d:45:db:82","RSSI":-80},{"SSID":"MeetInLeeds","BSSID":"5c:a6:2d:ce:a1:cd","RSSI":-81},{"SSID":"eduroam","BSSID":"5c:a6:2d:86:6b:4e","RSSI":-81},{"SSID":"MeetInLeeds","BSSID":"ac:3a:67:08:04:22","RSSI":-82},{"SSID":"MeetInLeeds","BSSID":"ac:3a:67:08:0d:8d","RSSI":-83},{"SSID":"MeetInLeeds","BSSID":"5c:a6:2d:86:6b:4d","RSSI":-83}],[{"SSID":"MeetInLeeds","BSSID":"5c:a6:2d:86:6c:22","RSSI":-50},{"SSID":"MeetInLeeds","BSSID":"ac:3a:67:07:fb:0d","RSSI":-55},{"SSID":"eduroam","BSSID":"ac:3a:67:07:fb:0e","RSSI":-56},{"SSID":"eduroam","BSSID":"5c:a6:2d:af:8e:01","RSSI":-58},{"SSID":"MeetInLeeds","BSSID":"5c:a6:2d:af:8e:02","RSSI":-58},{"SSID":"eduroam","BSSID":"5c:a6:2d:88:6b:6e","RSSI":-58},{"SSID":"MeetInLeeds","BSSID":"5c:a6:2d:86:6d:02","RSSI":-60},{"SSID":"MeetInLeeds","BSSID":"5c:a6:2d:88:6b:6d","RSSI":-61},{"SSID":"eduroam","BSSID":"5c:a6:2d:5d:ab:61","RSSI":-62},{"SSID":"MeetInLeeds","BSSID":"5c:a6:2d:86:6c:2d","RSSI":-66},{"SSID":"eduroam","BSSID":"5c:a6:2d:86:6c:2e","RSSI":-66},{"SSID":"MeetInLeeds","BSSID":"ac:3a:67:07:fb:02","RSSI":-66},{"SSID":"eduroam","BSSID":"5c:a6:2d:af:8e:0e","RSSI":-70},{"SSID":"MeetInLeeds","BSSID":"5c:a6:2d:af:8e:0d","RSSI":-70},{"SSID":"MeetInLeeds","BSSID":"5c:a6:2d:85:81:c2","RSSI":-70},{"SSID":"MeetInLeeds","BSSID":"5c:a6:2d:cf:bf:82","RSSI":-72},{"SSID":"eduroam","BSSID":"5c:a6:2d:ce:a1:c1","RSSI":-76},{"SSID":"MeetInLeeds","BSSID":"5c:a6:2d:ce:a1:c2","RSSI":-76},{"SSID":"eduroam","BSSID":"5c:a6:2d:45:db:8e","RSSI":-76},{"SSID":"MeetInLeeds","BSSID":"5c:a6:2d:45:db:8d","RSSI":-76},{"SSID":"eduroam","BSSID":"ac:3a:67:07:fc:41","RSSI":-77},{"SSID":"MeetInLeeds","BSSID":"5c:a6:2d:86:6d:a2","RSSI":-77},{"SSID":"eduroam","BSSID":"5c:a6:2d:cf:bf:8e","RSSI":-78},{"SSID":"eduroam","BSSID":"5c:a6:2d:ce:a1:ce","RSSI":-79},{"SSID":"MeetInLeeds","BSSID":"5c:a6:2d:ce:a1:cd","RSSI":-79},{"SSID":"MeetInLeeds","BSSID":"ac:3a:67:08:0d:82","RSSI":-79},{"SSID":"eduroam","BSSID":"ac:3a:67:08:0d:81","RSSI":-79},{"SSID":"eduroam","BSSID":"ac:3a:67:07:f5:81","RSSI":-79},{"SSID":"eduroam","BSSID":"5c:a6:2d:5d:2d:01","RSSI":-80},{"SSID":"MeetInLeeds","BSSID":"ac:3a:67:07:f5:82","RSSI":-80},{"SSID":"MeetInLeeds","BSSID":"5c:a6:2d:cf:bf:8d","RSSI":-81},{"SSID":"MeetInLeeds","BSSID":"ac:3a:67:08:04:22","RSSI":-81}]]