[[{"SSID":"MeetInLeeds","BSSID":"5c:a6:2d:45:dc:a2","RSSI":-60},{"SSID":"MeetInLeeds","BSSID":"5c:a6:2d:86:6f:2d","RSSI":-65},{"SSID":"Vertical_Axis","BSSID":"3c:71:bf:84:d7:51","RSSI":-65},{"SSID":"MeetInLeeds","BSSID":"5c:a6:2d:cf:e5:ad","RSSI":-66},{"SSID":"eduroam","BSSID":"5c:a6:2d:45:dc:ae","RSSI":-67},{"SSID":"MeetInLeeds","BSSID":"5c:a6:2d:45:dc:ad","RSSI":-67},{"SSID":"MeetInLeeds","BSSID":"5c:a6:2d:b6:46:42","RSSI":-68},{"SSID":"eduroam","BSSID":"5c:a6:2d:86:6f:2e","RSSI":-68},{"SSID":"eduroam","BSSID":"5c:a6:2d:cf:bf:c1","RSSI":-69},{"SSID":"eduroam","BSSID":"5c:a6:2d:cf:e5:ae","RSSI":-69},{"SSID":"eduroam","BSSID":"5c:a6:2d:cf:e5:a1","RSSI":-70},{"SSID":"MeetInLeeds","BSSID":"5c:a6:2d:cf:bf:c2","RSSI":-70},{"SSID":"MeetInLeeds","BSSID":"5c:a6:2d:cf:bf:cd","RSSI":-70},{"SSID":"eduroam","BSSID":"5c:a6:2d:cf:bf:ce","RSSI":-70},{"SSID":"MeetInLeeds","BSSID":"5c:a6:2d:cf:e5:a2","RSSI":-71},{"SSID":"MeetInLeeds","BSSID":"5c:a6:2d:86:69:cd","RSSI":-71},{"SSID":"eduroam","BSSID":"5c:a6:2d:86:69:ce","RSSI":-71},{"SSID":"MeetInLeeds","BSSID":"5c:a6:2d:cf:c4:ed","RSSI":-74},{"SSID":"MeetInLeeds","BSSID":"5c:a6:2d:86:6f:22","RSSI":-74},{"SSID":"eduroam","BSSID":"5c:a6:2d:cf:c4:ee","RSSI":-75},{"SSID":"MeetInLeeds","BSSID":"5c:a6:2d:86:69:c2","RSSI":-77},{"SSID":"eduroam","BSSID":"5c:a6:2d:86:69:c1","RSSI":-77},{"SSID":"MeetInLeeds","BSSID":"5c:a6:2d:b6:46:4d","RSSI":-77},{"SSID":"eduroam","BSSID":"5c:a6:2d:b6:46:4e","RSSI":-77},{"SSID":"MeetInLeeds","BSSID":"5c:a6:2d:cf:c4:e2","RSSI":-78},{"SSID":"eduroam","BSSID":"5c:a6:2d:cf:c4:e1","RSSI":-79},{"SSID":"eduroam","BSSID":"5c:a6:2d:86:6b:81","RSSI":-80},{"SSID":"MeetInLeeds","BSSID":"5c:a6:2d:86:6b:82","RSSI":-80},{"SSID":"eduroam","BSSID":"5c:a6:2d:86:6b:8e","RSSI":-82},{"SSID":"MeetInLeeds","BSSID":"5c:a6:2d:af:8f:42","RSSI":-82},{"SSID":"MeetInLeeds","BSSID":"5c:a6:2d:5d:2c:02","RSSI":-82},{"SSID":"MeetInLeeds","BSSID":"5c:a6:2d:86:6b:8d","RSSI":-83},{"SSID":"MeetInLeeds","BSSID":"5c:a6:2d:5d:2e:cd","RSSI":-85},{"SSID":"eduroam","BSSID":"5c:a6:2d:af:8f:4e","RSSI":-85},{"SSID":"MeetInLeeds","BSSID":"5c:a6:2d:af:8f:4d","RSSI":-85},{"SSID":"eduroam","BSSID":"ac:3a:67:07:f8:6e","RSSI":-85},{"SSID":"MeetInLeeds","BSSID":"ac:3a:67:07:f8:6d","RSSI":-86},{"SSID":"eduroam","BSSID":"5c:a6:2d:5d:2e:ce","RSSI":-87},{"SSID":"MeetInLeeds","BSSID":"5c:a6:2d:af:8e:ad","RSSI":-87},{"SSID":"MeetInLeeds","BSSID":"5c:a6:2d:ce:c1:ed","RSSI":-88}],[{"SSID":"eduroam","BSSID":"5c:a6:2d:45:dc:a1","RSSI":-60},{"SSID":"MeetInLeeds","BSSID":"5c:a6:2d:45:dc:a2","RSSI":-60},{"SSID":"Vertical_Axis","BSSID":"3c:71:bf:84:d7:51","RSSI":-62},{"SSID":"MeetInLeeds","BSSID":"5c:a6:2d:b6:46:42","RSSI":-68},{"SSID":"eduroam","BSSID":"5c:a6:2d:b6:46:41","RSSI":-68},{"SSID":"MeetInLeeds","BSSID":"5c:a6:2d:86:6f:2d","RSSI":-68},{"SSID":"eduroam","BSSID":"5c:a6:2d:86:6f:2e","RSSI":-69},{"SSID":"eduroam","BSSID":"5c:a6:2d:cf:bf:c1","RSSI":-70},{"SSID":"MeetInLeeds","BSSID":"5c:a6:2d:cf:bf:c2","RSSI":-71},{"SSID":"eduroam","BSSID":"5c:a6:2d:cf:e5:ae","RSSI":-73},{"SSID":"MeetInLeeds","BSSID":"5c:a6:2d:cf:e5:ad","RSSI":-73},{"SSID":"eduroam","BSSID":"5c:a6:2d:cf:e5:a1","RSSI":-74},{"SSID":"MeetInLeeds","BSSID":"5c:a6:2d:cf:bf:cd","RSSI":-74},{"SSID":"eduroam","BSSID":"5c:a6:2d:cf:bf:ce","RSSI":-74},{"SSID":"MeetInLeeds","BSSID":"5c:a6:2d:86:69:c2","RSSI":-75},{"SSID":"MeetInLeeds","BSSID":"5c:a6:2d:cf:e5:a2","RSSI":-75},{"SSID":"MeetInLeeds","BSSID":"5c:a6:2d:86:6f:22","RSSI":-76},{"SSID":"eduroam","BSSID":"5c:a6:2d:86:6f:21","RSSI":-76},{"SSID":"MeetInLeeds","BSSID":"5c:a6:2d:86:69:cd","RSSI":-76},{"SSID":"MeetInLeeds","BSSID":"5c:a6:2d:cf:c4:e2","RSSI":-80},{"SSID":"MeetInLeeds","BSSID":"5c:a6:2d:86:6b:82","RSSI":-80},{"SSID":"eduroam","BSSID":"5c:a6:2d:af:8f:41","RSSI":-81},{"SSID":"MeetInLeeds","BSSID":"5c:a6:2d:5d:2c:02","RSSI":-81},{"SSID":"eduroam","BSSID":"5c:a6:2d:86:6b:81","RSSI":-81},{"SSID":"MeetInLeeds","BSSID":"5c:a6:2d:af:8f:42","RSSI":-82},{"SSID":"MeetInLeeds","BSSID":"5c:a6:2d:ce:ac:22","RSSI":-82},{"SSID":"eduroam","BSSID":"ac:3a:67:07:f8:6e","RSSI":-82},{"SSID":"MeetInLeeds","BSSID":"5c:a6:2d:86:6b:8d","RSSI":-83},{"SSID":"eduroam","BSSID":"5c:a6:2d:86:6b:8e","RSSI":-83},{"SSID":"MeetInLeeds","BSSID":"5c:a6:2d:af:8f:4d","RSSI":-83},{"SSID":"MeetInLeeds","BSSID":"ac:3a:67:07:f8:6d","RSSI":-83},{"SSID":"eduroam","BSSID":"5c:a6:2d:af:8f:4e","RSSI":-84},{"SSID":"eduroam","BSSID":"5c:a6:2d:ce:c1:ee","RSSI":-84},{"SSID":"MeetInLeeds","BSSID":"5c:a6:2d:af:8e:ad","RSSI":-85},{"SSID":"MeetInLeeds","BSSID":"5c:a6:2d:ce:c1:ed","RSSI":-85},{"SSID":"iL-25","BSSID":"00:15:6d:6b:5e:c7","RSSI":-90}],[{"SSID":"MeetInLeeds","BSSID":"5c:a6:2d:45:dc:a2","RSSI":-58},{"SSID":"MeetInLeeds","BSSID":"5c:a6:2d:cf:bf:c2","RSSI":-59},{"SSID":"MeetInLeeds","BSSID":"5c:a6:2d:86:6f:2d","RSSI":-59},{"SSID":"eduroam","BSSID":"5c:a6:2d:86:6f:2e","RSSI":-59},{"SSID":"eduroam","BSSID":"5c:a6:2d:cf:bf:c1","RSSI":-60},{"SSID":"eduroam","BSSID":"5c:a6:2d:45:dc:ae","RSSI":-61},{"SSID":"MeetInLeeds","BSSID":"5c:a6:2d:45:dc:ad","RSSI":-61},{"SSID":"MeetInLeeds","BSSID":"5c:a6:2d:b6:46:42","RSSI":-62},{"SSID":"eduroam","BSSID":"5c:a6:2d:b6:46:41","RSSI":-62},{"SSID":"MeetInLeeds","BSSID":"5c:a6:2d:cf:bf:cd","RSSI":-62},{"SSID":"eduroam","BSSID":"5c:a6:2d:cf:bf:ce","RSSI":-62},{"SSID":"MeetInLeeds","BSSID":"5c:a6:2d:cf:e5:ad","RSSI":-63},{"SSID":"eduroam","BSSID":"5c:a6:2d:86:6f:21","RSSI":-63},{"SSID":"eduroam","BSSID":"5c:a6:2d:cf:e5:ae","RSSI":-64},{"SSID":"eduroam","BSSID":"5c:a6:2d:b6:46:4e","RSSI":-65},{"SSID":"MeetInLeeds","BSSID":"5c:a6:2d:86:69:c2","RSSI":-66},{"SSID":"eduroam","BSSID":"5c:a6:2d:86:69:c1","RSSI":-66},{"SSID":"MeetInLeeds","BSSID":"5c:a6:2d:b6:46:4d","RSSI":-66},{"SSID":"MeetInLeeds","BSSID":"5c:a6:2d:86:6f:22","RSSI":-67},{"SSID":"eduroam","BSSID":"5c:a6:2d:86:69:ce","RSSI":-68},{"SSID":"Vertical_Axis","BSSID":"3c:71:bf:84:d7:51","RSSI":-68},{"SSID":"MeetInLeeds","BSSID":"5c:a6:2d:86:69:cd","RSSI":-69},{"SSID":"MeetInLeeds","BSSID":"5c:a6:2d:86:6b:8d","RSSI":-70},{"SSID":"MeetInLeeds","BSSID":"5c:a6:2d:cf:e5:a2","RSSI":-71},{"SSID":"eduroam","BSSID":"5c:a6:2d:86:6b:8e","RSSI":-71},{"SSID":"eduroam","BSSID":"5c:a6:2d:af:8e:a1","RSSI":-73},{"SSID":"eduroam","BSSID":"5c:a6:2d:86:6b:81","RSSI":-73},{"SSID":"MeetInLeeds","BSSID":"5c:a6:2d:86:6b:82","RSSI":-73},{"SSID":"MeetInLeeds","BSSID":"5c:a6:2d:af:8e:a2","RSSI":-74},{"SSID":"MeetInLeeds","BSSID":"5c:a6:2d:5d:2c:02","RSSI":-74},{"SSID":"eduroam","BSSID":"5c:a6:2d:5d:2c:01","RSSI":-74},{"SSID":"MeetInLeeds","BSSID":"5c:a6:2d:cf:c4:e2","RSSI":-75},{"SSID":"eduroam","BSSID":"5c:a6:2d:cf:c4:e1","RSSI":-75},{"SSID":"eduroam","BSSID":"5c:a6:2d:ce:c1:ee","RSSI":-75},{"SSID":"MeetInLeeds","BSSID":"5c:a6:2d:af:8e:ad","RSSI":-76},{"SSID":"eduroam","BSSID":"5c:a6:2d:ce:ac:21","RSSI":-77},{"SSID":"MeetInLeeds","BSSID":"ac:3a:67:07:f8:6d","RSSI":-77},{"SSID":"MeetInLeeds","BSSID":"5c:a6:2d:45:dc:02","RSSI":-77},{"SSID":"eduroam","BSSID":"5c:a6:2d:45:dc:0e","RSSI":-78},{"SSID":"MeetInLeeds","BSSID":"5c:a6:2d:cf:c4:ed","RSSI":-78},{"SSID":"eduroam","BSSID":"5c:a6:2d:cf:c4:ee","RSSI":-78},{"SSID":"MeetInLeeds","BSSID":"5c:a6:2d:ce:ac:22","RSSI":-78},{"SSID":"eduroam","BSSID":"ac:3a:67:07:f8:61","RSSI":-79},{"SSID":"eduroam","BSSID":"ac:3a:67:07:f8:6e","RSSI":-79},{"SSID":"MeetInLeeds","BSSID":"5c:a6:2d:86:6c:4d","RSSI":-80},{"SSID":"MeetInLeeds","BSSID":"5c:a6:2d:ef:4a:ad","RSSI":-80},{"SSID":"MeetInLeeds","BSSID":"5c:a6:2d:af:8f:42","RSSI":-80},{"SSID":"MeetInLeeds","BSSID":"ac:3a:67:07:f8:62","RSSI":-81},{"SSID":"eduroam","BSSID":"5c:a6:2d:ef:4a:ae","RSSI":-81},{"SSID":"eduroam","BSSID":"5c:a6:2d:af:8f:41","RSSI":-81},{"SSID":"eduroam","BSSID":"5c:a6:2d:86:6c:41","RSSI":-83},{"SSID":"MeetInLeeds","BSSID":"5c:a6:2d:86:6c:42","RSSI":-83},{"SSID":"eduroam","BSSID":"5c:a6:2d:5d:2e:0e","RSSI":-83},{"SSID":"MeetInLeeds","BSSID":"5c:a6:2d:af:8f:4d","RSSI":-84},{"SSID":"MeetInLeeds","BSSID":"5c:a6:2d:5d:2e:0d","RSSI":-84},{"SSID":"MeetInLeeds","BSSID":"5c:a6:2d:5d:2c:0d","RSSI":-85},{"SSID":"eduroam","BSSID":"5c:a6:2d:86:69:2e","RSSI":-86},{"SSID":"MeetInLeeds","BSSID":"5c:a6:2d:ce:ac:2d","RSSI":-88},{"SSID":"MeetInLeeds","BSSID":"5c:a6:2d:86:69:2d","RSSI":-88}],[{"SSID":"MeetInLeeds","BSSID":"5c:a6:2d:cf:bf:cd","RSSI":-58},{"SSID":"eduroam","BSSID":"5c:a6:2d:45:dc:ae","RSSI":-58},{"SSID":"MeetInLeeds","BSSID":"5c:a6:2d:45:dc:ad","RSSI":-59},{"SSID":"eduroam","BSSID":"5c:a6:2d:cf:bf:ce","RSSI":-59},{"SSID":"eduroam","BSSID":"5c:a6:2d:45:dc:a1","RSSI":-60},{"SSID":"MeetInLeeds","BSSID":"5c:a6:2d:45:dc:a2","RSSI":-60},{"SSID":"eduroam","BSSID":"5c:a6:2d:cf:e5:ae","RSSI":-61},{"SSID":"MeetInLeeds","BSSID":"5c:a6:2d:cf:e5:ad","RSSI":-61},{"SSID":"MeetInLeeds","BSSID":"5c:a6:2d:86:6f:2d","RSSI":-63},{"SSID":"eduroam","BSSID":"5c:a6:2d:86:6f:2e","RSSI":-63},{"SSID":"eduroam","BSSID":"5c:a6:2d:cf:e5:a1","RSSI":-64},{"SSID":"MeetInLeeds","BSSID":"5c:a6:2d:cf:bf:c2","RSSI":-64},{"SSID":"MeetInLeeds","BSSID":"5c:a6:2d:cf:e5:a2","RSSI":-65},{"SSID":"eduroam","BSSID":"5c:a6:2d:cf:bf:c1","RSSI":-65},{"SSID":"MeetInLeeds","BSSID":"5c:a6:2d:86:69:cd","RSSI":-65},{"SSID":"eduroam","BSSID":"5c:a6:2d:86:69:ce","RSSI":-65},{"SSID":"MeetInLeeds","BSSID":"5c:a6:2d:86:69:c2","RSSI":-68},{"SSID":"eduroam","BSSID":"5c:a6:2d:86:69:c1","RSSI":-68},{"SSID":"MeetInLeeds","BSSID":"5c:a6:2d:b6:46:4d","RSSI":-68},{"SSID":"eduroam","BSSID":"5c:a6:2d:b6:46:4e","RSSI":-68},{"SSID":"Vertical_Axis","BSSID":"3c:71:bf:84:d7:51","RSSI":-69},{"SSID":"MeetInLeeds","BSSID":"5c:a6:2d:b6:46:42","RSSI":-71},{"SSID":"eduroam","BSSID":"5c:a6:2d:b6:46:41","RSSI":-71},{"SSID":"eduroam","BSSID":"5c:a6:2d:cf:c4:ee","RSSI":-71},{"SSID":"MeetInLeeds","BSSID":"5c:a6:2d:86:6f:22","RSSI":-72},{"SSID":"MeetInLeeds","BSSID":"5c:a6:2d:5d:2c:0d","RSSI":-73},{"SSID":"MeetInLeeds","BSSID":"5c:a6:2d:86:6b:8d","RSSI":-73},{"SSID":"eduroam","BSSID":"5c:a6:2d:86:6b:8e","RSSI":-73},{"SSID":"eduroam","BSSID":"5c:a6:2d:86:6f:21","RSSI":-73},{"SSID":"MeetInLeeds","BSSID":"5c:a6:2d:cf:c4:e2","RSSI":-75},{"SSID":"eduroam","BSSID":"5c:a6:2d:5d:2c:0e","RSSI":-77},{"SSID":"MeetInLeeds","BSSID":"ac:3a:67:07:f8:6d","RSSI":-77},{"SSID":"eduroam","BSSID":"ac:3a:67:07:f8:6e","RSSI":-77},{"SSID":"MeetInLeeds","BSSID":"5c:a6:2d:af:8f:4d","RSSI":-79},{"SSID":"MeetInLeeds","BSSID":"5c:a6:2d:45:dc:02","RSSI":-79},{"SSID":"eduroam","BSSID":"5c:a6:2d:ef:4a:ae","RSSI":-80},{"SSID":"MeetInLeeds","BSSID":"5c:a6:2d:ef:4a:ad","RSSI":-80},{"SSID":"eduroam","BSSID":"5c:a6:2d:af:8f:41","RSSI":-80},{"SSID":"MeetInLeeds","BSSID":"5c:a6:2d:86:6c:4d","RSSI":-81},{"SSID":"MeetInLeeds","BSSID":"5c:a6:2d:af:8f:42","RSSI":-81},{"SSID":"eduroam","BSSID":"5c:a6:2d:5d:2c:01","RSSI":-81},{"SSID":"MeetInLeeds","BSSID":"5c:a6:2d:af:8e:a2","RSSI":-82},{"SSID":"MeetInLeeds","BSSID":"ac:3a:67:07:f8:62","RSSI":-83},{"SSID":"eduroam","BSSID":"5c:a6:2d:86:6c:4e","RSSI":-83},{"SSID":"MeetInLeeds","BSSID":"5c:a6:2d:5d:2c:02","RSSI":-83},{"SSID":"MeetInLeeds","BSSID":"5c:a6:2d:cf:c4:ed","RSSI":-84},{"SSID":"eduroam","BSSID":"5c:a6:2d:86:69:2e","RSSI":-84},{"SSID":"MeetInLeeds","BSSID":"5c:a6:2d:86:69:2d","RSSI":-84},{"SSID":"MeetInLeeds","BSSID":"5c:a6:2d:5d:2e:0d","RSSI":-86},{"SSID":"eduroam","BSSID":"5c:a6:2d:5d:2e:0e","RSSI":-86},{"SSID":"DESKTOP-73NVV7R 4141","BSSID":"f2:6e:0b:b7:46:4e","RSSI":-87},{"SSID":"MeetInLeeds","BSSID":"ac:3a:67:08:0c:8d","RSSI":-87}],[{"SSID":"MeetInLeeds","BSSID":"5c:a6:2d:45:dc:a2","RSSI":-53},{"SSID":"MeetInLeeds","BSSID":"5c:a6:2d:cf:bf:c2","RSSI":-54},{"SSID":"eduroam","BSSID":"5c:a6:2d:cf:bf:c1","RSSI":-54},{"SSID":"eduroam","BSSID":"5c:a6:2d:cf:bf:ce","RSSI":-56},{"SSID":"MeetInLeeds","BSSID":"5c:a6:2d:86:6f:22","RSSI":-57},{"SSID":"MeetInLeeds","BSSID":"5c:a6:2d:cf:bf:cd","RSSI":-57},{"SSID":"MeetInLeeds","BSSID":"5c:a6:2d:cf:e5:a2","RSSI":-60},{"SSID":"eduroam","BSSID":"5c:a6:2d:cf:e5:a1","RSSI":-60},{"SSID":"MeetInLeeds","BSSID":"5c:a6:2d:b6:46:42","RSSI":-63},{"SSID":"MeetInLeeds","BSSID":"5c:a6:2d:86:6f:2d","RSSI":-63},{"SSID":"MeetInLeeds","BSSID":"5c:a6:2d:86:69:c2","RSSI":-64},{"SSID":"eduroam","BSSID":"5c:a6:2d:86:69:c1","RSSI":-64},{"SSID":"MeetInLeeds","BSSID":"5c:a6:2d:cf:e5:ad","RSSI":-64},{"SSID":"eduroam","BSSID":"5c:a6:2d:45:dc:ae","RSSI":-64},{"SSID":"MeetInLeeds","BSSID":"5c:a6:2d:45:dc:ad","RSSI":-64},{"SSID":"eduroam","BSSID":"5c:a6:2d:86:6f:2e","RSSI":-64},{"SSID":"eduroam","BSSID":"5c:a6:2d:cf:e5:ae","RSSI":-65},{"SSID":"Vertical_Axis","BSSID":"3c:71:bf:84:d7:51","RSSI":-66},{"SSID":"MeetInLeeds","BSSID":"5c:a6:2d:b6:46:4d","RSSI":-67},{"SSID":"eduroam","BSSID":"5c:a6:2d:b6:46:4e","RSSI":-68},{"SSID":"MeetInLeeds","BSSID":"5c:a6:2d:86:69:cd","RSSI":-69},{"SSID":"eduroam","BSSID":"5c:a6:2d:86:69:ce","RSSI":-69},{"SSID":"eduroam","BSSID":"5c:a6:2d:af:8e:a1","RSSI":-71},{"SSID":"eduroam","BSSID":"5c:a6:2d:86:6b:81","RSSI":-71},{"SSID":"MeetInLeeds","BSSID":"5c:a6:2d:86:6b:82","RSSI":-71},{"SSID":"MeetInLeeds","BSSID":"5c:a6:2d:cf:c4:e2","RSSI":-72},{"SSID":"eduroam","BSSID":"5c:a6:2d:cf:c4:e1","RSSI":-72},{"SSID":"eduroam","BSSID":"5c:a6:2d:cf:c4:ee","RSSI":-73},{"SSID":"MeetInLeeds","BSSID":"5c:a6:2d:af:8e:a2","RSSI":-73},{"SSID":"MeetInLeeds","BSSID":"5c:a6:2d:86:6b:8d","RSSI":-74},{"SSID":"MeetInLeeds","BSSID":"5c:a6:2d:ce:c1:e2","RSSI":-74},{"SSID":"MeetInLeeds","BSSID":"5c:a6:2d:cf:c4:ed","RSSI":-74},{"SSID":"eduroam","BSSID":"5c:a6:2d:86:6b:8e","RSSI":-75},{"SSID":"MeetInLeeds","BSSID":"5c:a6:2d:ce:ac:22","RSSI":-76},{"SSID":"eduroam","BSSID":"5c:a6:2d:ce:ac:21","RSSI":-76},{"SSID":"MeetInLeeds","BSSID":"5c:a6:2d:86:6c:4d","RSSI":-77},{"SSID":"MeetInLeeds","BSSID":"5c:a6:2d:5d:2c:02","RSSI":-77},{"SSID":"MeetInLeeds","BSSID":"5c:a6:2d:45:dc:02","RSSI":-77},{"SSID":"eduroam","BSSID":"5c:a6:2d:45:dc:01","RSSI":-77},{"SSID":"eduroam","BSSID":"5c:a6:2d:86:6c:41","RSSI":-78},{"SSID":"MeetInLeeds","BSSID":"5c:a6:2d:86:6c:42","RSSI":-78},{"SSID":"MeetInLeeds","BSSID":"ac:3a:67:07:f8:6d","RSSI":-78},{"SSID":"eduroam","BSSID":"5c:a6:2d:5d:2c:01","RSSI":-78},{"SSID":"eduroam","BSSID":"ac:3a:67:07:f9:21","RSSI":-79},{"SSID":"MeetInLeeds","BSSID":"ac:3a:67:07:f9:22","RSSI":-79},{"SSID":"eduroam","BSSID":"5c:a6:2d:86:69:21","RSSI":-79},{"SSID":"MeetInLeeds","BSSID":"5c:a6:2d:ef:4a:a2","RSSI":-81},{"SSID":"eduroam","BSSID":"5c:a6:2d:ef:4a:a1","RSSI":-81},{"SSID":"eduroam","BSSID":"5c:a6:2d:cf:c1:81","RSSI":-82},{"SSID":"eduroam","BSSID":"5c:a6:2d:ef:4a:ae","RSSI":-82},{"SSID":"MeetInLeeds","BSSID":"5c:a6:2d:5d:2e:02","RSSI":-82},{"SSID":"MeetInLeeds","BSSID":"5c:a6:2d:ef:4a:ad","RSSI":-83},{"SSID":"MeetInLeeds","BSSID":"5c:a6:2d:ce:ac:2d","RSSI":-83},{"SSID":"MeetInLeeds","BSSID":"5c:a6:2d:5d:2c:0d","RSSI":-85},{"SSID":"iL-25","BSSID":"00:15:6d:6b:5e:c7","RSSI":-85},{"SSID":"eduroam","BSSID":"ac:3a:67:08:2a:0e","RSSI":-85},{"SSID":"eduroam","BSSID":"5c:a6:2d:5d:2e:0e","RSSI":-85},{"SSID":"eduroam","BSSID":"5c:a6:2d:ce:a1:ce","RSSI":-86},{"SSID":"MeetInLeeds","BSSID":"5c:a6:2d:cf:c1:8d","RSSI":-86},{"SSID":"MeetInLeeds","BSSID":"ac:3a:67:08:2a:0d","RSSI":-86},{"SSID":"MeetInLeeds","BSSID":"5c:a6:2d:5d:2e:0d","RSSI":-86},{"SSID":"eduroam","BSSID":"5c:a6:2d:86:69:2e","RSSI":-87},{"SSID":"MeetInLeeds","BSSID":"5c:a6:2d:86:69:2d","RSSI":-87}],[{"SSID":"MeetInLeeds","BSSID":"5c:a6:2d:45:dc:a2","RSSI":-52},{"SSID":"eduroam","BSSID":"5c:a6:2d:45:dc:a1","RSSI":-53},{"SSID":"MeetInLeeds","BSSID":"5c:a6:2d:cf:bf:c2","RSSI":-56},{"SSID":"eduroam","BSSID":"5c:a6:2d:cf:bf:c1","RSSI":-56},{"SSID":"eduroam","BSSID":"5c:a6:2d:86:6f:21","RSSI":-56},{"SSID":"MeetInLeeds","BSSID":"5c:a6:2d:86:6f:22","RSSI":-57},{"SSID":"MeetInLeeds","BSSID":"5c:a6:2d:cf:e5:a2","RSSI":-60},{"SSID":"eduroam","BSSID":"5c:a6:2d:cf:e5:a1","RSSI":-61},{"SSID":"eduroam","BSSID":"5c:a6:2d:45:dc:ae","RSSI":-61},{"SSID":"MeetInLeeds","BSSID":"5c:a6:2d:45:dc:ad","RSSI":-61},{"SSID":"eduroam","BSSID":"5c:a6:2d:cf:e5:ae","RSSI":-62},{"SSID":"MeetInLeeds","BSSID":"5c:a6:2d:cf:e5:ad","RSSI":-62},{"SSID":"MeetInLeeds","BSSID":"5c:a6:2d:b6:46:42","RSSI":-62},{"SSID":"eduroam","BSSID":"5c:a6:2d:86:6f:2e","RSSI":-62},{"SSID":"MeetInLeeds","BSSID":"5c:a6:2d:cf:bf:cd","RSSI":-63},{"SSID":"MeetInLeeds","BSSID":"5c:a6:2d:b6:46:4d","RSSI":-64},{"SSID":"eduroam","BSSID":"5c:a6:2d:cf:bf:ce","RSSI":-64},{"SSID":"MeetInLeeds","BSSID":"5c:a6:2d:86:6f:2d","RSSI":-64},{"SSID":"MeetInLeeds","BSSID":"5c:a6:2d:86:69:c2","RSSI":-67},{"SSID":"eduroam","BSSID":"5c:a6:2d:86:69:c1","RSSI":-67},{"SSID":"MeetInLeeds","BSSID":"5c:a6:2d:86:69:cd","RSSI":-70},{"SSID":"eduroam","BSSID":"5c:a6:2d:86:69:ce","RSSI":-70},{"SSID":"Vertical_Axis","BSSID":"3c:71:bf:84:d7:51","RSSI":-70},{"SSID":"MeetInLeeds","BSSID":"5c:a6:2d:af:8e:ad","RSSI":-71},{"SSID":"MeetInLeeds","BSSID":"5c:a6:2d:86:6b:8d","RSSI":-72},{"SSID":"eduroam","BSSID":"5c:a6:2d:86:6b:8e","RSSI":-72},{"SSID":"MeetInLeeds","BSSID":"5c:a6:2d:cf:c4:e2","RSSI":-72},{"SSID":"eduroam","BSSID":"5c:a6:2d:cf:c4:e1","RSSI":-72},{"SSID":"MeetInLeeds","BSSID":"5c:a6:2d:cf:c4:ed","RSSI":-74},{"SSID":"eduroam","BSSID":"5c:a6:2d:cf:c4:ee","RSSI":-74},{"SSID":"MeetInLeeds","BSSID":"5c:a6:2d:af:8e:a2","RSSI":-74},{"SSID":"eduroam","BSSID":"5c:a6:2d:ce:c1:e1","RSSI":-75},{"SSID":"eduroam","BSSID":"5c:a6:2d:af:8f:41","RSSI":-75},{"SSID":"MeetInLeeds","BSSID":"5c:a6:2d:5d:2c:02","RSSI":-75},{"SSID":"eduroam","BSSID":"5c:a6:2d:5d:2c:01","RSSI":-75},{"SSID":"MeetInLeeds","BSSID":"5c:a6:2d:5d:2c:0d","RSSI":-76},{"SSID":"eduroam","BSSID":"5c:a6:2d:b6:46:4e","RSSI":-76},{"SSID":"MeetInLeeds","BSSID":"5c:a6:2d:af:8f:42","RSSI":-76},{"SSID":"eduroam","BSSID":"5c:a6:2d:86:6c:41","RSSI":-76},{"SSID":"MeetInLeeds","BSSID":"5c:a6:2d:86:6c:42","RSSI":-76},{"SSID":"MeetInLeeds","BSSID":"5c:a6:2d:ef:4a:ad","RSSI":-77},{"SSID":"MeetInLeeds","BSSID":"ac:3a:67:07:f8:6d","RSSI":-77},{"SSID":"eduroam","BSSID":"ac:3a:67:07:f8:61","RSSI":-78},{"SSID":"MeetInLeeds","BSSID":"5c:a6:2d:45:dc:0d","RSSI":-78},{"SSID":"eduroam","BSSID":"ac:3a:67:07:f8:6e","RSSI":-78},{"SSID":"MeetInLeeds","BSSID":"ac:3a:67:07:f8:62","RSSI":-79},{"SSID":"MeetInLeeds","BSSID":"ac:3a:67:07:f9:22","RSSI":-80},{"SSID":"eduroam","BSSID":"5c:a6:2d:cf:c1:81","RSSI":-80},{"SSID":"MeetInLeeds","BSSID":"5c:a6:2d:cf:c1:82","RSSI":-80},{"SSID":"MeetInLeeds","BSSID":"5c:a6:2d:45:dc:02","RSSI":-80},{"SSID":"MeetInLeeds","BSSID":"5c:a6:2d:5d:2e:cd","RSSI":-81},{"SSID":"iL-25","BSSID":"00:15:6d:6b:5e:c7","RSSI":-81},{"SSID":"eduroam","BSSID":"5c:a6:2d:ce:ac:2e","RSSI":-81},{"SSID":"MeetInLeeds","BSSID":"5c:a6:2d:ce:ac:2d","RSSI":-82},{"SSID":"MeetInLeeds","BSSID":"5c:a6:2d:5d:2e:0d","RSSI":-85},{"SSID":"DESKTOP-73NVV7R 4141","BSSID":"f2:6e:0b:b7:46:4e","RSSI":-86},{"SSID":"eduroam","BSSID":"5c:a6:2d:86:69:2e","RSSI":-86}],[{"SSID":"MeetInLeeds","BSSID":"5c:a6:2d:86:6f:22","RSSI":-55},{"SSID":"MeetInLeeds","BSSID":"5c:a6:2d:cf:bf:cd","RSSI":-55},{"SSID":"eduroam","BSSID":"5c:a6:2d:cf:bf:ce","RSSI":-55},{"SSID":"MeetInLeeds","BSSID":"5c:a6:2d:45:dc:a2","RSSI":-55},{"SSID":"MeetInLeeds","BSSID":"5c:a6:2d:cf:bf:c2","RSSI":-58},{"SSID":"eduroam","BSSID":"5c:a6:2d:cf:bf:c1","RSSI":-59},{"SSID":"MeetInLeeds","BSSID":"5c:a6:2d:cf:e5:a2","RSSI":-62},{"SSID":"MeetInLeeds","BSSID":"5c:a6:2d:86:6f:2d","RSSI":-62},{"SSID":"MeetInLeeds","BSSID":"5c:a6:2d:b6:46:42","RSSI":-63},{"SSID":"eduroam","BSSID":"5c:a6:2d:b6:46:41","RSSI":-63},{"SSID":"eduroam","BSSID":"5c:a6:2d:86:6f:2e","RSSI":-64},{"SSID":"eduroam","BSSID":"5c:a6:2d:45:dc:ae","RSSI":-65},{"SSID":"MeetInLeeds","BSSID":"5c:a6:2d:45:dc:ad","RSSI":-65},{"SSID":"MeetInLeeds","BSSID":"5c:a6:2d:86:69:c2","RSSI":-66},{"SSID":"eduroam","BSSID":"5c:a6:2d:86:69:c1","RSSI":-66},{"SSID":"MeetInLeeds","BSSID":"5c:a6:2d:b6:46:4d","RSSI":-66},{"SSID":"eduroam","BSSID":"5c:a6:2d:86:69:ce","RSSI":-66},{"SSID":"eduroam","BSSID":"5c:a6:2d:b6:46:4e","RSSI":-67},{"SSID":"eduroam","BSSID":"5c:a6:2d:cf:e5:ae","RSSI":-67},{"SSID":"MeetInLeeds","BSSID":"5c:a6:2d:cf:e5:ad","RSSI":-67},{"SSID":"MeetInLeeds","BSSID":"5c:a6:2d:86:69:cd","RSSI":-67},{"SSID":"Vertical_Axis","BSSID":"3c:71:bf:84:d7:51","RSSI":-67},{"SSID":"eduroam","BSSID":"5c:a6:2d:86:6b:8e","RSSI":-70},{"SSID":"MeetInLeeds","BSSID":"5c:a6:2d:86:6b:8d","RSSI":-71},{"SSID":"MeetInLeeds","BSSID":"5c:a6:2d:cf:c4:e2","RSSI":-71},{"SSID":"MeetInLeeds","BSSID":"5c:a6:2d:af:8e:a2","RSSI":-73},{"SSID":"eduroam","BSSID":"5c:a6:2d:af:8e:a1","RSSI":-73},{"SSID":"eduroam","BSSID":"5c:a6:2d:af:8f:41","RSSI":-73},{"SSID":"MeetInLeeds","BSSID":"5c:a6:2d:af:8e:ad","RSSI":-74},{"SSID":"MeetInLeeds","BSSID":"5c:a6:2d:af:8f:42","RSSI":-74},{"SSID":"eduroam","BSSID":"5c:a6:2d:86:6b:81","RSSI":-74},{"SSID":"MeetInLeeds","BSSID":"5c:a6:2d:86:6b:82","RSSI":-74},{"SSID":"eduroam","BSSID":"5c:a6:2d:cf:c4:ee","RSSI":-75},{"SSID":"eduroam","BSSID":"5c:a6:2d:5d:2c:01","RSSI":-75},{"SSID":"MeetInLeeds","BSSID":"5c:a6:2d:ce:c1:e2","RSSI":-76},{"SSID":"MeetInLeeds","BSSID":"5c:a6:2d:cf:c4:ed","RSSI":-77},{"SSID":"MeetInLeeds","BSSID":"5c:a6:2d:86:6c:42","RSSI":-77},{"SSID":"MeetInLeeds","BSSID":"ac:3a:67:07:f8:62","RSSI":-78},{"SSID":"eduroam","BSSID":"ac:3a:67:07:f8:61","RSSI":-78},{"SSID":"MeetInLeeds","BSSID":"5c:a6:2d:ef:4a:ad","RSSI":-78},{"SSID":"MeetInLeeds","BSSID":"5c:a6:2d:ce:ac:22","RSSI":-78},{"SSID":"eduroam","BSSID":"5c:a6:2d:ce:ac:21","RSSI":-78},{"SSID":"eduroam","BSSID":"ac:3a:67:07:f8:6e","RSSI":-78},{"SSID":"MeetInLeeds","BSSID":"5c:a6:2d:45:dc:02","RSSI":-78},{"SSID":"MeetInLeeds","BSSID":"5c:a6:2d:5d:2c:0d","RSSI":-79},{"SSID":"eduroam","BSSID":"ac:3a:67:07:f9:21","RSSI":-79},{"SSID":"MeetInLeeds","BSSID":"5c:a6:2d:86:6c:4d","RSSI":-80},{"SSID":"MeetInLeeds","BSSID":"ac:3a:67:07:f8:6d","RSSI":-80},{"SSID":"MeetInLeeds","BSSID":"5c:a6:2d:86:69:22","RSSI":-80},{"SSID":"eduroam","BSSID":"5c:a6:2d:ce:ac:2e","RSSI":-81},{"SSID":"eduroam","BSSID":"5c:a6:2d:5d:2e:ce","RSSI":-82},{"SSID":"MeetInLeeds","BSSID":"5c:a6:2d:5d:2e:0d","RSSI":-84},{"SSID":"eduroam","BSSID":"5c:a6:2d:5d:2e:0e","RSSI":-85},{"SSID":"DESKTOP-73NVV7R 4141","BSSID":"f2:6e:0b:b7:46:4e","RSSI":-88}],[{"SSID":"MeetInLeeds","BSSID":"5c:a6:2d:45:dc:a2","RSSI":-53},{"SSID":"MeetInLeeds","BSSID":"5c:a6:2d:86:6f:22","RSSI":-55},{"SSID":"eduroam","BSSID":"5c:a6:2d:86:6f:21","RSSI":-55},{"SSID":"eduroam","BSSID":"5c:a6:2d:cf:bf:c1","RSSI":-59},{"SSID":"MeetInLeeds","BSSID":"5c:a6:2d:cf:bf:c2","RSSI":-60},{"SSID":"MeetInLeeds","BSSID":"5c:a6:2d:cf:e5:a2","RSSI":-61},{"SSID":"eduroam","BSSID":"5c:a6:2d:cf:e5:ae","RSSI":-61},{"SSID":"MeetInLeeds","BSSID":"5c:a6:2d:cf:e5:ad","RSSI":-61},{"SSID":"MeetInLeeds","BSSID":"5c:a6:2d:b6:46:42","RSSI":-62},{"SSID":"eduroam","BSSID":"5c:a6:2d:b6:46:41","RSSI":-62},{"SSID":"MeetInLeeds","BSSID":"5c:a6:2d:b6:46:4d","RSSI":-65},{"SSID":"eduroam","BSSID":"5c:a6:2d:b6:46:4e","RSSI":-65},{"SSID":"MeetInLeeds","BSSID":"5c:a6:2d:cf:bf:cd","RSSI":-65},{"SSID":"eduroam","BSSID":"5c:a6:2d:cf:bf:ce","RSSI":-65},{"SSID":"MeetInLeeds","BSSID":"5c:a6:2d:86:6f:2d","RSSI":-65},{"SSID":"eduroam","BSSID":"5c:a6:2d:86:6f:2e","RSSI":-65},{"SSID":"Vertical_Axis","BSSID":"3c:71:bf:84:d7:51","RSSI":-65},{"SSID":"MeetInLeeds","BSSID":"5c:a6:2d:86:69:c2","RSSI":-66},{"SSID":"eduroam","BSSID":"5c:a6:2d:86:69:c1","RSSI":-66},{"SSID":"MeetInLeeds","BSSID":"5c:a6:2d:86:69:cd","RSSI":-68},{"SSID":"eduroam","BSSID":"5c:a6:2d:86:69:ce","RSSI":-69},{"SSID":"MeetInLeeds","BSSID":"5c:a6:2d:86:6b:8d","RSSI":-70},{"SSID":"eduroam","BSSID":"5c:a6:2d:86:6b:8e","RSSI":-71},{"SSID":"MeetInLeeds","BSSID":"5c:a6:2d:cf:c4:e2","RSSI":-72},{"SSID":"eduroam","BSSID":"5c:a6:2d:86:6b:81","RSSI":-72},{"SSID":"MeetInLeeds","BSSID":"5c:a6:2d:86:6b:82","RSSI":-72},{"SSID":"eduroam","BSSID":"5c:a6:2d:cf:c4:ee","RSSI":-73},{"SSID":"MeetInLeeds","BSSID":"5c:a6:2d:af:8e:a2","RSSI":-73},{"SSID":"MeetInLeeds","BSSID":"5c:a6:2d:af:8f:42","RSSI":-73},{"SSID":"eduroam","BSSID":"5c:a6:2d:af:8f:41","RSSI":-73},{"SSID":"MeetInLeeds","BSSID":"5c:a6:2d:ce:c1:e2","RSSI":-75},{"SSID":"MeetInLeeds","BSSID":"5c:a6:2d:cf:c4:ed","RSSI":-75},{"SSID":"eduroam","BSSID":"5c:a6:2d:5d:2c:01","RSSI":-75},{"SSID":"MeetInLeeds","BSSID":"5c:a6:2d:86:6c:42","RSSI":-76},{"SSID":"MeetInLeeds","BSSID":"5c:a6:2d:ce:c1:ed","RSSI":-77},{"SSID":"MeetInLeeds","BSSID":"ac:3a:67:07:f8:62","RSSI":-78},{"SSID":"eduroam","BSSID":"ac:3a:67:07:f8:61","RSSI":-78},{"SSID":"MeetInLeeds","BSSID":"5c:a6:2d:cf:c1:82","RSSI":-78},{"SSID":"MeetInLeeds","BSSID":"5c:a6:2d:ce:ac:22","RSSI":-78},{"SSID":"eduroam","BSSID":"5c:a6:2d:ce:ac:21","RSSI":-78},{"SSID":"MeetInLeeds","BSSID":"5c:a6:2d:45:dc:02","RSSI":-78},{"SSID":"MeetInLeeds","BSSID":"ac:3a:67:07:f9:22","RSSI":-79},{"SSID":"MeetInLeeds","BSSID":"5c:a6:2d:ce:ac:2d","RSSI":-79},{"SSID":"MeetInLeeds","BSSID":"ac:3a:67:07:f8:6d","RSSI":-79},{"SSID":"eduroam","BSSID":"ac:3a:67:07:f8:6e","RSSI":-80},{"SSID":"eduroam","BSSID":"5c:a6:2d:86:69:21","RSSI":-80},{"SSID":"MeetInLeeds","BSSID":"5c:a6:2d:86:69:22","RSSI":-80},{"SSID":"MeetInLeeds","BSSID":"5c:a6:2d:86:6c:4d","RSSI":-81},{"SSID":"eduroam","BSSID":"5c:a6:2d:86:6c:4e","RSSI":-81},{"SSID":"MeetInLeeds","BSSID":"5c:a6:2d:af:8f:4d","RSSI":-81},{"SSID":"MeetInLeeds","BSSID":"5c:a6:2d:ef:4a:ad","RSSI":-81},{"SSID":"eduroam","BSSID":"5c:a6:2d:5d:2e:ce","RSSI":-82},{"SSID":"eduroam","BSSID":"5c:a6:2d:5d:2c:0e","RSSI":-82},{"SSID":"eduroam","BSSID":"5c:a6:2d:af:8f:4e","RSSI":-82},{"SSID":"MeetInLeeds","BSSID":"5c:a6:2d:ef:4a:a2","RSSI":-82},{"SSID":"DESKTOP-73NVV7R 4141","BSSID":"f2:6e:0b:b7:46:4e","RSSI":-84},{"SSID":"MeetInLeeds","BSSID":"5c:a6:2d:cf:c1:8d","RSSI":-86}],[{"SSID":"eduroam","BSSID":"5c:a6:2d:45:dc:a1","RSSI":-51},{"SSID":"MeetInLeeds","BSSID":"5c:a6:2d:45:dc:a2","RSSI":-51},{"SSID":"MeetInLeeds","BSSID":"5c:a6:2d:86:6f:22","RSSI":-57},{"SSID":"MeetInLeeds","BSSID":"5c:a6:2d:cf:bf:cd","RSSI":-57},{"SSID":"eduroam","BSSID":"5c:a6:2d:cf:bf:ce","RSSI":-58},{"SSID":"Vertical_Axis","BSSID":"3c:71:bf:84:d7:51","RSSI":-58},{"SSID":"eduroam","BSSID":"5c:a6:2d:45:dc:ae","RSSI":-59},{"SSID":"MeetInLeeds","BSSID":"5c:a6:2d:45:dc:ad","RSSI":-59},{"SSID":"MeetInLeeds","BSSID":"5c:a6:2d:cf:e5:a2","RSSI":-60},{"SSID":"eduroam","BSSID":"5c:a6:2d:cf:e5:a1","RSSI":-60},{"SSID":"MeetInLeeds","BSSID":"5c:a6:2d:86:69:c2","RSSI":-61},{"SSID":"eduroam","BSSID":"5c:a6:2d:86:69:c1","RSSI":-61},{"SSID":"MeetInLeeds","BSSID":"5c:a6:2d:86:6f:2d","RSSI":-61},{"SSID":"eduroam","BSSID":"5c:a6:2d:86:6f:2e","RSSI":-61},{"SSID":"MeetInLeeds","BSSID":"5c:a6:2d:b6:46:42","RSSI":-62},{"SSID":"eduroam","BSSID":"5c:a6:2d:cf:e5:ae","RSSI":-63},{"SSID":"MeetInLeeds","BSSID":"5c:a6:2d:cf:e5:ad","RSSI":-63},{"SSID":"MeetInLeeds","BSSID":"5c:a6:2d:86:69:cd","RSSI":-64},{"SSID":"eduroam","BSSID":"5c:a6:2d:86:69:ce","RSSI":-65},{"SSID":"MeetInLeeds","BSSID":"5c:a6:2d:86:6b:8d","RSSI":-70},{"SSID":"eduroam","BSSID":"5c:a6:2d:86:6b:8e","RSSI":-71},{"SSID":"eduroam","BSSID":"5c:a6:2d:b6:46:4e","RSSI":-71},{"SSID":"MeetInLeeds","BSSID":"5c:a6:2d:86:6b:82","RSSI":-71},{"SSID":"MeetInLeeds","BSSID":"5c:a6:2d:b6:46:4d","RSSI":-72},{"SSID":"MeetInLeeds","BSSID":"5c:a6:2d:5d:2c:0d","RSSI":-73},{"SSID":"MeetInLeeds","BSSID":"5c:a6:2d:af:8e:a2","RSSI":-73},{"SSID":"eduroam","BSSID":"5c:a6:2d:af:8e:a1","RSSI":-73},{"SSID":"MeetInLeeds","BSSID":"5c:a6:2d:af:8f:42","RSSI":-73},{"SSID":"eduroam","BSSID":"5c:a6:2d:af:8f:41","RSSI":-73},{"SSID":"MeetInLeeds","BSSID":"5c:a6:2d:cf:c4:ed","RSSI":-75},{"SSID":"eduroam","BSSID":"5c:a6:2d:cf:c4:ee","RSSI":-75},{"SSID":"MeetInLeeds","BSSID":"5c:a6:2d:45:dc:02","RSSI":-78},{"SSID":"MeetInLeeds","BSSID":"5c:a6:2d:ef:4a:ad","RSSI":-80},{"SSID":"MeetInLeeds","BSSID":"ac:3a:67:07:f8:6d","RSSI":-80},{"SSID":"eduroam","BSSID":"ac:3a:67:07:f8:6e","RSSI":-80},{"SSID":"eduroam","BSSID":"ac:3a:67:07:f9:21","RSSI":-81},{"SSID":"MeetInLeeds","BSSID":"5c:a6:2d:ce:a1:c2","RSSI":-81},{"SSID":"MeetInLeeds","BSSID":"ac:3a:67:07:f9:22","RSSI":-82},{"SSID":"MeetInLeeds","BSSID":"5c:a6:2d:ce:ac:2d","RSSI":-82},{"SSID":"eduroam","BSSID":"5c:a6:2d:5d:2e:ce","RSSI":-84},{"SSID":"MeetInLeeds","BSSID":"5c:a6:2d:cf:c1:8d","RSSI":-85},{"SSID":"eduroam","BSSID":"5c:a6:2d:86:6c:4e","RSSI":-86},{"SSID":"eduroam","BSSID":"5c:a6:2d:86:69:2e","RSSI":-86},{"SSID":"MeetInLeeds","BSSID":"5c:a6:2d:86:69:2d","RSSI":-86},{"SSID":"BEARD OF ZEUS","BSSID":"26:c3:dd:71:58:6c","RSSI":-87},{"SSID":"DESKTOP-73NVV7R 4141","BSSID":"f2:6e:0b:b7:46:4e","RSSI":-87},{"SSID":"MeetInLeeds","BSSID":"5c:a6:2d:5d:2e:0d","RSSI":-88}],[{"SSID":"eduroam","BSSID":"5c:a6:2d:45:dc:a1","RSSI":-51},{"SSID":"MeetInLeeds","BSSID":"5c:a6:2d:45:dc:a2","RSSI":-51},{"SSID":"MeetInLeeds","BSSID":"5c:a6:2d:86:6f:22","RSSI":-54},{"SSID":"eduroam","BSSID":"5c:a6:2d:cf:bf:c1","RSSI":-58},{"SSID":"eduroam","BSSID":"5c:a6:2d:45:dc:ae","RSSI":-58},{"SSID":"MeetInLeeds","BSSID":"5c:a6:2d:cf:bf:c2","RSSI":-59},{"SSID":"MeetInLeeds","BSSID":"5c:a6:2d:45:dc:ad","RSSI":-59},{"SSID":"MeetInLeeds","BSSID":"5c:a6:2d:86:69:c2","RSSI":-60},{"SSID":"eduroam","BSSID":"5c:a6:2d:cf:e5:ae","RSSI":-61},{"SSID":"MeetInLeeds","BSSID":"5c:a6:2d:cf:e5:ad","RSSI":-61},{"SSID":"MeetInLeeds","BSSID":"5c:a6:2d:86:6f:2d","RSSI":-61},{"SSID":"eduroam","BSSID":"5c:a6:2d:86:6f:2e","RSSI":-61},{"SSID":"Vertical_Axis","BSSID":"3c:71:bf:84:d7:51","RSSI":-61},{"SSID":"MeetInLeeds","BSSID":"5c:a6:2d:b6:46:42","RSSI":-62},{"SSID":"MeetInLeeds","BSSID":"5c:a6:2d:cf:e5:a2","RSSI":-63},{"SSID":"eduroam","BSSID":"5c:a6:2d:cf:e5:a1","RSSI":-63},{"SSID":"MeetInLeeds","BSSID":"5c:a6:2d:cf:bf:cd","RSSI":-64},{"SSID":"eduroam","BSSID":"5c:a6:2d:cf:bf:ce","RSSI":-64},{"SSID":"eduroam","BSSID":"5c:a6:2d:86:69:ce","RSSI":-66},{"SSID":"MeetInLeeds","BSSID":"5c:a6:2d:86:69:cd","RSSI":-67},{"SSID":"MeetInLeeds","BSSID":"5c:a6:2d:b6:46:4d","RSSI":-68},{"SSID":"eduroam","BSSID":"5c:a6:2d:b6:46:4e","RSSI":-68},{"SSID":"eduroam","BSSID":"5c:a6:2d:cf:c4:ee","RSSI":-70},{"SSID":"MeetInLeeds","BSSID":"5c:a6:2d:af:8e:a2","RSSI":-70},{"SSID":"MeetInLeeds","BSSID":"5c:a6:2d:cf:c4:e2","RSSI":-70},{"SSID":"eduroam","BSSID":"5c:a6:2d:cf:c4:e1","RSSI":-70},{"SSID":"MeetInLeeds","BSSID":"5c:a6:2d:cf:c4:ed","RSSI":-71},{"SSID":"eduroam","BSSID":"5c:a6:2d:af:8e:a1","RSSI":-71},{"SSID":"eduroam","BSSID":"5c:a6:2d:86:6b:8e","RSSI":-72},{"SSID":"eduroam","BSSID":"5c:a6:2d:86:6b:81","RSSI":-72},{"SSID":"MeetInLeeds","BSSID":"5c:a6:2d:86:6b:8d","RSSI":-73},{"SSID":"MeetInLeeds","BSSID":"5c:a6:2d:ce:c1:e2","RSSI":-73},{"SSID":"MeetInLeeds","BSSID":"5c:a6:2d:86:6b:82","RSSI":-73},{"SSID":"MeetInLeeds","BSSID":"5c:a6:2d:af:8e:ad","RSSI":-74},{"SSID":"eduroam","BSSID":"5c:a6:2d:af:8e:ae","RSSI":-74},{"SSID":"MeetInLeeds","BSSID":"5c:a6:2d:ce:ac:2d","RSSI":-76},{"SSID":"MeetInLeeds","BSSID":"5c:a6:2d:af:8f:42","RSSI":-76},{"SSID":"eduroam","BSSID":"5c:a6:2d:86:6c:41","RSSI":-76},{"SSID":"MeetInLeeds","BSSID":"5c:a6:2d:86:6c:42","RSSI":-76},{"SSID":"eduroam","BSSID":"5c:a6:2d:5d:2c:0e","RSSI":-77},{"SSID":"eduroam","BSSID":"5c:a6:2d:5d:2c:01","RSSI":-77},{"SSID":"MeetInLeeds","BSSID":"5c:a6:2d:ce:c1:ed","RSSI":-77},{"SSID":"MeetInLeeds","BSSID":"5c:a6:2d:ef:4a:ad","RSSI":-78},{"SSID":"eduroam","BSSID":"5c:a6:2d:5d:2e:01","RSSI":-78},{"SSID":"MeetInLeeds","BSSID":"5c:a6:2d:5d:2e:02","RSSI":-78},{"SSID":"MeetInLeeds","BSSID":"5c:a6:2d:ce:ac:22","RSSI":-78},{"SSID":"MeetInLeeds","BSSID":"5c:a6:2d:5d:2c:02","RSSI":-78},{"SSID":"eduroam","BSSID":"5c:a6:2d:45:dc:01","RSSI":-80},{"SSID":"MeetInLeeds","BSSID":"5c:a6:2d:ef:4a:a2","RSSI":-81},{"SSID":"MeetInLeeds","BSSID":"5c:a6:2d:45:dc:02","RSSI":-81},{"SSID":"MeetInLeeds","BSSID":"5c:a6:2d:5d:2e:cd","RSSI":-82},{"SSID":"eduroam","BSSID":"ac:3a:67:07:f9:21","RSSI":-82},{"SSID":"eduroam","BSSID":"5c:a6:2d:ef:4a:a1","RSSI":-82},{"SSID":"MeetInLeeds","BSSID":"5c:a6:2d:af:8f:4d","RSSI":-83},{"SSID":"eduroam","BSSID":"ac:3a:67:07:f8:6e","RSSI":-83},{"SSID":"MeetInLeeds","BSSID":"5c:a6:2d:86:6c:4d","RSSI":-84},{"SSID":"eduroam","BSSID":"5c:a6:2d:86:6c:4e","RSSI":-84},{"SSID":"MeetInLeeds","BSSID":"ac:3a:67:07:f8:6d","RSSI":-84},{"SSID":"MeetInLeeds","BSSID":"ac:3a:67:07:f9:22","RSSI":-86},{"SSID":"MeetInLeeds","BSSID":"5c:a6:2d:86:69:2d","RSSI":-87},{"SSID":"DESKTOP-73NVV7R 4141","BSSID":"f2:6e:0b:b7:46:4e","RSSI":-88},{"SSID":"eduroam","BSSID":"5c:a6:2d:86:69:2e","RSSI":-88}]]