[[{"SSID":"MeetInLeeds","BSSID":"ac:3a:67:08:2a:0d","RSSI":-56},{"SSID":"MeetInLeeds","BSSID":"ac:3a:67:08:2a:02","RSSI":-57},{"SSID":"WiFi Setup - University of Leeds","BSSID":"ac:3a:67:08:2a:03","RSSI":-57},{"SSID":"eduroam","BSSID":"ac:3a:67:08:2a:0e","RSSI":-58},{"SSID":"WiFi Setup - University of Leeds","BSSID":"ac:3a:67:08:2a:0c","RSSI":-58},{"SSID":"MeetInLeeds","BSSID":"5c:a6:2d:af:94:a2","RSSI":-60},{"SSID":"WiFi Setup - University of Leeds","BSSID":"5c:a6:2d:af:94:a3","RSSI":-60},{"SSID":"MeetInLeeds","BSSID":"ac:3a:67:08:29:22","RSSI":-60},{"SSID":"eduroam","BSSID":"5c:a6:2d:af:94:a1","RSSI":-61},{"SSID":"eduroam","BSSID":"5c:a6:2d:ef:4a:ae","RSSI":-61},{"SSID":"WiFi Setup - University of Leeds","BSSID":"ac:3a:67:08:29:23","RSSI":-61},{"SSID":"WiFi Setup - University of Leeds","BSSID":"5c:a6:2d:ef:4a:ac","RSSI":-62},{"SSID":"eduroam","BSSID":"ac:3a:67:08:29:2e","RSSI":-64},{"SSID":"MeetInLeeds","BSSID":"ac:3a:67:08:29:2d","RSSI":-65},{"SSID":"WiFi Setup - University of Leeds","BSSID":"ac:3a:67:08:29:2c","RSSI":-66},{"SSID":"WiFi Setup - University of Leeds","BSSID":"5c:a6:2d:ce:a1:c3","RSSI":-66},{"SSID":"MeetInLeeds","BSSID":"5c:a6:2d:af:8f:cd","RSSI":-66},{"SSID":"MeetInLeeds","BSSID":"5c:a6:2d:af:8f:42","RSSI":-66},{"SSID":"eduroam","BSSID":"5c:a6:2d:ce:c1:ee","RSSI":-66},{"SSID":"eduroam","BSSID":"5c:a6:2d:af:8f:ce","RSSI":-67},{"SSID":"WiFi Setup - University of Leeds","BSSID":"5c:a6:2d:af:8f:cc","RSSI":-67},{"SSID":"WiFi Setup - University of Leeds","BSSID":"5c:a6:2d:af:91:c3","RSSI":-68},{"SSID":"MeetInLeeds","BSSID":"5c:a6:2d:ce:a1:c2","RSSI":-69},{"SSID":"MeetInLeeds","BSSID":"5c:a6:2d:ce:bf:0d","RSSI":-71},{"SSID":"eduroam","BSSID":"5c:a6:2d:ce:bf:0e","RSSI":-71},{"SSID":"WiFi Setup - University of Leeds","BSSID":"5c:a6:2d:ce:bf:0c","RSSI":-72},{"SSID":"WiFi Setup - University of Leeds","BSSID":"5c:a6:2d:86:69:c3","RSSI":-73},{"SSID":"WiFi Setup - University of Leeds","BSSID":"5c:a6:2d:86:6b:6c","RSSI":-73},{"SSID":"MeetInLeeds","BSSID":"5c:a6:2d:ce:b5:02","RSSI":-74},{"SSID":"WiFi Setup - University of Leeds","BSSID":"5c:a6:2d:cf:c4:e3","RSSI":-74},{"SSID":"MeetInLeeds","BSSID":"ac:3a:67:08:32:4d","RSSI":-75},{"SSID":"WiFi Setup - University of Leeds","BSSID":"ac:3a:67:08:01:83","RSSI":-75},{"SSID":"WiFi Setup - University of Leeds","BSSID":"5c:a6:2d:af:91:8c","RSSI":-76},{"SSID":"MeetInLeeds","BSSID":"5c:a6:2d:af:91:8d","RSSI":-76},{"SSID":"MeetInLeeds","BSSID":"5c:a6:2d:af:91:cd","RSSI":-76},{"SSID":"WiFi Setup - University of Leeds","BSSID":"5c:a6:2d:ce:b4:cc","RSSI":-78},{"SSID":"eduroam","BSSID":"5c:a6:2d:af:91:4e","RSSI":-78},{"SSID":"eduroam","BSSID":"ac:3a:67:07:f8:6e","RSSI":-78},{"SSID":"eduroam","BSSID":"ac:3a:67:08:28:2e","RSSI":-79},{"SSID":"WiFi Setup - University of Leeds","BSSID":"5c:a6:2d:86:6b:63","RSSI":-79},{"SSID":"WiFi Setup - University of Leeds","BSSID":"5c:a6:2d:b5:ca:ec","RSSI":-79},{"SSID":"MeetInLeeds","BSSID":"5c:a6:2d:cf:bf:82","RSSI":-80},{"SSID":"WiFi Setup - University of Leeds","BSSID":"5c:a6:2d:5d:2e:2c","RSSI":-81},{"SSID":"MeetInLeeds","BSSID":"5c:a6:2d:ce:a4:cd","RSSI":-81},{"SSID":"WiFi Setup - University of Leeds","BSSID":"5c:a6:2d:45:db:ac","RSSI":-81},{"SSID":"DESKTOP-73NVV7R 4141","BSSID":"f2:6e:0b:b7:46:4e","RSSI":-84}],[{"SSID":"eduroam","BSSID":"5c:a6:2d:ef:4a:ae","RSSI":-56},{"SSID":"MeetInLeeds","BSSID":"5c:a6:2d:ef:4a:ad","RSSI":-57},{"SSID":"WiFi Setup - University of Leeds","BSSID":"5c:a6:2d:ef:4a:ac","RSSI":-58},{"SSID":"MeetInLeeds","BSSID":"ac:3a:67:08:2a:0d","RSSI":-59},{"SSID":"WiFi Setup - University of Leeds","BSSID":"ac:3a:67:08:2a:0c","RSSI":-60},{"SSID":"MeetInLeeds","BSSID":"ac:3a:67:08:29:22","RSSI":-61},{"SSID":"WiFi Setup - University of Leeds","BSSID":"5c:a6:2d:ef:4a:a3","RSSI":-63},{"SSID":"MeetInLeeds","BSSID":"5c:a6:2d:af:8f:42","RSSI":-63},{"SSID":"MeetInLeeds","BSSID":"ac:3a:67:08:29:2d","RSSI":-66},{"SSID":"MeetInLeeds","BSSID":"5c:a6:2d:ce:a1:c2","RSSI":-66},{"SSID":"eduroam","BSSID":"5c:a6:2d:ce:c1:ee","RSSI":-68},{"SSID":"WiFi Setup - University of Leeds","BSSID":"5c:a6:2d:86:6d:23","RSSI":-69},{"SSID":"MeetInLeeds","BSSID":"5c:a6:2d:af:94:ad","RSSI":-69},{"SSID":"WiFi Setup - University of Leeds","BSSID":"5c:a6:2d:af:94:ac","RSSI":-69},{"SSID":"WiFi Setup - University of Leeds","BSSID":"5c:a6:2d:45:db:a3","RSSI":-69},{"SSID":"WiFi Setup - University of Leeds","BSSID":"5c:a6:2d:ef:45:23","RSSI":-71},{"SSID":"WiFi Setup - University of Leeds","BSSID":"5c:a6:2d:b5:ca:e3","RSSI":-71},{"SSID":"MeetInLeeds","BSSID":"5c:a6:2d:b5:ca:e2","RSSI":-72},{"SSID":"WiFi Setup - University of Leeds","BSSID":"5c:a6:2d:86:6c:43","RSSI":-72},{"SSID":"WiFi Setup - University of Leeds","BSSID":"ac:3a:67:08:32:4c","RSSI":-73},{"SSID":"WiFi Setup - University of Leeds","BSSID":"5c:a6:2d:cf:c4:e3","RSSI":-73},{"SSID":"WiFi Setup - University of Leeds","BSSID":"5c:a6:2d:ce:a1:cc","RSSI":-74},{"SSID":"WiFi Setup - University of Leeds","BSSID":"5c:a6:2d:ce:b2:0c","RSSI":-74},{"SSID":"eduroam","BSSID":"5c:a6:2d:ce:b5:01","RSSI":-74},{"SSID":"WiFi Setup - University of Leeds","BSSID":"5c:a6:2d:86:6b:6c","RSSI":-74},{"SSID":"MeetInLeeds","BSSID":"5c:a6:2d:86:6b:6d","RSSI":-74},{"SSID":"eduroam","BSSID":"5c:a6:2d:86:6b:6e","RSSI":-74},{"SSID":"WiFi Setup - University of Leeds","BSSID":"5c:a6:2d:cf:c4:4c","RSSI":-75},{"SSID":"MeetInLeeds","BSSID":"5c:a6:2d:86:6d:2d","RSSI":-76},{"SSID":"WiFi Setup - University of Leeds","BSSID":"5c:a6:2d:86:6d:2c","RSSI":-76},{"SSID":"eduroam","BSSID":"5c:a6:2d:86:6d:2e","RSSI":-76},{"SSID":"MeetInLeeds","BSSID":"5c:a6:2d:ce:bf:0d","RSSI":-76},{"SSID":"WiFi Setup - University of Leeds","BSSID":"5c:a6:2d:ce:bf:0c","RSSI":-76},{"SSID":"MeetInLeeds","BSSID":"5c:a6:2d:ce:b5:0d","RSSI":-77},{"SSID":"WiFi Setup - University of Leeds","BSSID":"5c:a6:2d:af:91:83","RSSI":-77},{"SSID":"MeetInLeeds","BSSID":"5c:a6:2d:70:7b:4d","RSSI":-79},{"SSID":"eduroam","BSSID":"5c:a6:2d:5d:2b:41","RSSI":-79},{"SSID":"WiFi Setup - University of Leeds","BSSID":"ac:3a:67:08:29:ac","RSSI":-79},{"SSID":"WiFi Setup - University of Leeds","BSSID":"5c:a6:2d:cf:c3:23","RSSI":-80},{"SSID":"WiFi Setup - University of Leeds","BSSID":"5c:a6:2d:ce:8e:a3","RSSI":-80},{"SSID":"eduroam","BSSID":"5c:a6:2d:cf:c5:ee","RSSI":-82},{"SSID":"eduroam","BSSID":"5c:a6:2d:85:81:ee","RSSI":-84},{"SSID":"WiFi Setup - University of Leeds","BSSID":"ac:3a:67:08:04:0c","RSSI":-84},{"SSID":"WiFi Setup - University of Leeds","BSSID":"5c:a6:2d:45:db:ac","RSSI":-84},{"SSID":"WiFi Setup - University of Leeds","BSSID":"5c:a6:2d:85:81:ec","RSSI":-85},{"SSID":"MeetInLeeds","BSSID":"5c:a6:2d:cf:bf:cd","RSSI":-85},{"SSID":"WiFi Setup - University of Leeds","BSSID":"5c:a6:2d:cf:bf:cc","RSSI":-85},{"SSID":"MeetInLeeds","BSSID":"5c:a6:2d:85:81:ed","RSSI":-86},{"SSID":"MeetInLeeds","BSSID":"5c:a6:2d:5d:2e:2d","RSSI":-91}],[{"SSID":"MeetInLeeds","BSSID":"ac:3a:67:08:2a:02","RSSI":-54},{"SSID":"WiFi Setup - University of Leeds","BSSID":"ac:3a:67:08:2a:03","RSSI":-54},{"SSID":"MeetInLeeds","BSSID":"ac:3a:67:08:2a:0d","RSSI":-54},{"SSID":"WiFi Setup - University of Leeds","BSSID":"ac:3a:67:08:2a:0c","RSSI":-55},{"SSID":"eduroam","BSSID":"ac:3a:67:08:2a:0e","RSSI":-57},{"SSID":"MeetInLeeds","BSSID":"5c:a6:2d:ef:4a:ad","RSSI":-59},{"SSID":"eduroam","BSSID":"5c:a6:2d:ef:4a:ae","RSSI":-60},{"SSID":"WiFi Setup - University of Leeds","BSSID":"5c:a6:2d:ef:4a:ac","RSSI":-61},{"SSID":"MeetInLeeds","BSSID":"5c:a6:2d:af:8f:42","RSSI":-61},{"SSID":"eduroam","BSSID":"5c:a6:2d:af:8f:41","RSSI":-62},{"SSID":"WiFi Setup - University of Leeds","BSSID":"5c:a6:2d:ef:4a:a3","RSSI":-65},{"SSID":"MeetInLeeds","BSSID":"5c:a6:2d:af:8f:c2","RSSI":-65},{"SSID":"MeetInLeeds","BSSID":"ac:3a:67:08:29:22","RSSI":-65},{"SSID":"WiFi Setup - University of Leeds","BSSID":"ac:3a:67:08:29:23","RSSI":-65},{"SSID":"eduroam","BSSID":"5c:a6:2d:af:94:ae","RSSI":-66},{"SSID":"WiFi Setup - University of Leeds","BSSID":"5c:a6:2d:ce:bf:03","RSSI":-66},{"SSID":"WiFi Setup - University of Leeds","BSSID":"5c:a6:2d:af:8f:c3","RSSI":-66},{"SSID":"WiFi Setup - University of Leeds","BSSID":"5c:a6:2d:ce:c1:e3","RSSI":-67},{"SSID":"eduroam","BSSID":"ac:3a:67:08:29:2e","RSSI":-68},{"SSID":"MeetInLeeds","BSSID":"5c:a6:2d:af:94:ad","RSSI":-68},{"SSID":"WiFi Setup - University of Leeds","BSSID":"5c:a6:2d:ef:45:23","RSSI":-68},{"SSID":"MeetInLeeds","BSSID":"5c:a6:2d:5d:ab:62","RSSI":-68},{"SSID":"MeetInLeeds","BSSID":"5c:a6:2d:af:8f:cd","RSSI":-68},{"SSID":"MeetInLeeds","BSSID":"5c:a6:2d:ce:b2:0d","RSSI":-69},{"SSID":"WiFi Setup - University of Leeds","BSSID":"5c:a6:2d:ce:b2:0c","RSSI":-69},{"SSID":"eduroam","BSSID":"5c:a6:2d:ce:b2:0e","RSSI":-69},{"SSID":"WiFi Setup - University of Leeds","BSSID":"5c:a6:2d:af:8f:cc","RSSI":-69},{"SSID":"MeetInLeeds","BSSID":"5c:a6:2d:ef:45:22","RSSI":-70},{"SSID":"WiFi Setup - University of Leeds","BSSID":"5c:a6:2d:af:91:43","RSSI":-71},{"SSID":"WiFi Setup - University of Leeds","BSSID":"5c:a6:2d:45:db:a3","RSSI":-72},{"SSID":"eduroam","BSSID":"5c:a6:2d:b5:ca:e1","RSSI":-72},{"SSID":"WiFi Setup - University of Leeds","BSSID":"5c:a6:2d:af:8f:4c","RSSI":-74},{"SSID":"eduroam","BSSID":"5c:a6:2d:af:8f:4e","RSSI":-74},{"SSID":"MeetInLeeds","BSSID":"ac:3a:67:08:29:a2","RSSI":-74},{"SSID":"MeetInLeeds","BSSID":"5c:a6:2d:cf:e8:a2","RSSI":-75},{"SSID":"MeetInLeeds","BSSID":"5c:a6:2d:af:8f:4d","RSSI":-75},{"SSID":"WiFi Setup - University of Leeds","BSSID":"5c:a6:2d:cf:c4:4c","RSSI":-76},{"SSID":"WiFi Setup - University of Leeds","BSSID":"5c:a6:2d:cf:e8:a3","RSSI":-77},{"SSID":"eduroam","BSSID":"5c:a6:2d:cf:c4:4e","RSSI":-77},{"SSID":"WiFi Setup - University of Leeds","BSSID":"5c:a6:2d:45:de:83","RSSI":-77},{"SSID":"WiFi Setup - University of Leeds","BSSID":"ac:3a:67:08:32:43","RSSI":-78},{"SSID":"MeetInLeeds","BSSID":"ac:3a:67:08:32:42","RSSI":-79},{"SSID":"MeetInLeeds","BSSID":"5c:a6:2d:ce:a4:c2","RSSI":-79},{"SSID":"WiFi Setup - University of Leeds","BSSID":"5c:a6:2d:ce:a4:c3","RSSI":-79},{"SSID":"MeetInLeeds","BSSID":"5c:a6:2d:cf:c1:82","RSSI":-79},{"SSID":"MeetInLeeds","BSSID":"5c:a6:2d:45:de:82","RSSI":-79},{"SSID":"MeetInLeeds","BSSID":"5c:a6:2d:b5:ca:ed","RSSI":-79},{"SSID":"WiFi Setup - University of Leeds","BSSID":"5c:a6:2d:cf:bf:8c","RSSI":-80},{"SSID":"eduroam","BSSID":"5c:a6:2d:ce:a4:c1","RSSI":-80},{"SSID":"eduroam","BSSID":"5c:a6:2d:cf:c4:ee","RSSI":-80},{"SSID":"DESKTOP-73NVV7R 4141","BSSID":"f2:6e:0b:b7:46:4e","RSSI":-81},{"SSID":"WiFi Setup - University of Leeds","BSSID":"5c:a6:2d:ce:71:0c","RSSI":-82},{"SSID":"eduroam","BSSID":"5c:a6:2d:ce:a4:ce","RSSI":-84},{"SSID":"MeetInLeeds","BSSID":"5c:a6:2d:ce:71:0d","RSSI":-85},{"SSID":"WiFi Setup - University of Leeds","BSSID":"5c:a6:2d:cf:df:6c","RSSI":-86},{"SSID":"WiFi Setup - University of Leeds","BSSID":"5c:a6:2d:86:6b:8c","RSSI":-87}],[{"SSID":"WiFi Setup - University of Leeds","BSSID":"5c:a6:2d:ef:4a:ac","RSSI":-56},{"SSID":"MeetInLeeds","BSSID":"5c:a6:2d:ef:4a:ad","RSSI":-57},{"SSID":"eduroam","BSSID":"5c:a6:2d:ef:4a:ae","RSSI":-58},{"SSID":"MeetInLeeds","BSSID":"ac:3a:67:08:2a:0d","RSSI":-58},{"SSID":"WiFi Setup - University of Leeds","BSSID":"ac:3a:67:08:2a:0c","RSSI":-58},{"SSID":"eduroam","BSSID":"ac:3a:67:08:2a:0e","RSSI":-59},{"SSID":"WiFi Setup - University of Leeds","BSSID":"5c:a6:2d:ce:bf:03","RSSI":-64},{"SSID":"MeetInLeeds","BSSID":"5c:a6:2d:af:8f:42","RSSI":-65},{"SSID":"WiFi Setup - University of Leeds","BSSID":"ac:3a:67:08:29:23","RSSI":-65},{"SSID":"MeetInLeeds","BSSID":"5c:a6:2d:ce:c1:ed","RSSI":-66},{"SSID":"WiFi Setup - University of Leeds","BSSID":"5c:a6:2d:af:91:c3","RSSI":-69},{"SSID":"eduroam","BSSID":"5c:a6:2d:af:8f:ce","RSSI":-69},{"SSID":"eduroam","BSSID":"ac:3a:67:08:29:2e","RSSI":-70},{"SSID":"eduroam","BSSID":"5c:a6:2d:ce:a1:ce","RSSI":-70},{"SSID":"MeetInLeeds","BSSID":"5c:a6:2d:ef:45:22","RSSI":-70},{"SSID":"WiFi Setup - University of Leeds","BSSID":"5c:a6:2d:ce:b5:03","RSSI":-70},{"SSID":"MeetInLeeds","BSSID":"5c:a6:2d:ce:bf:0d","RSSI":-71},{"SSID":"WiFi Setup - University of Leeds","BSSID":"5c:a6:2d:ce:bf:0c","RSSI":-71},{"SSID":"WiFi Setup - University of Leeds","BSSID":"5c:a6:2d:86:6c:43","RSSI":-72},{"SSID":"MeetInLeeds","BSSID":"5c:a6:2d:ce:a1:cd","RSSI":-73},{"SSID":"WiFi Setup - University of Leeds","BSSID":"5c:a6:2d:af:91:83","RSSI":-74},{"SSID":"WiFi Setup - University of Leeds","BSSID":"5c:a6:2d:ce:b2:0c","RSSI":-74},{"SSID":"WiFi Setup - University of Leeds","BSSID":"5c:a6:2d:cf:c4:4c","RSSI":-74},{"SSID":"WiFi Setup - University of Leeds","BSSID":"5c:a6:2d:86:6b:6c","RSSI":-75},{"SSID":"eduroam","BSSID":"5c:a6:2d:ef:45:2e","RSSI":-76},{"SSID":"MeetInLeeds","BSSID":"ac:3a:67:08:29:22","RSSI":-76},{"SSID":"WiFi Setup - University of Leeds","BSSID":"5c:a6:2d:cf:e8:a3","RSSI":-77},{"SSID":"WiFi Setup - University of Leeds","BSSID":"5c:a6:2d:ce:71:03","RSSI":-77},{"SSID":"MeetInLeeds","BSSID":"ac:3a:67:07:f5:82","RSSI":-77},{"SSID":"eduroam","BSSID":"5c:a6:2d:ce:b5:0e","RSSI":-78},{"SSID":"MeetInLeeds","BSSID":"5c:a6:2d:5d:2e:22","RSSI":-78},{"SSID":"WiFi Setup - University of Leeds","BSSID":"5c:a6:2d:af:91:8c","RSSI":-79},{"SSID":"MeetInLeeds","BSSID":"5c:a6:2d:86:6d:2d","RSSI":-79},{"SSID":"WiFi Setup - University of Leeds","BSSID":"5c:a6:2d:86:6d:2c","RSSI":-79},{"SSID":"eduroam","BSSID":"5c:a6:2d:86:6d:2e","RSSI":-79},{"SSID":"MeetInLeeds","BSSID":"5c:a6:2d:cf:c4:42","RSSI":-79},{"SSID":"MeetInLeeds","BSSID":"5c:a6:2d:af:91:8d","RSSI":-80},{"SSID":"MeetInLeeds","BSSID":"5c:a6:2d:86:69:cd","RSSI":-81},{"SSID":"MeetInLeeds","BSSID":"5c:a6:2d:cf:e8:ad","RSSI":-84}],[{"SSID":"MeetInLeeds","BSSID":"ac:3a:67:08:2a:02","RSSI":-55},{"SSID":"WiFi Setup - University of Leeds","BSSID":"ac:3a:67:08:2a:03","RSSI":-56},{"SSID":"MeetInLeeds","BSSID":"5c:a6:2d:af:8f:42","RSSI":-59},{"SSID":"WiFi Setup - University of Leeds","BSSID":"5c:a6:2d:af:8f:43","RSSI":-60},{"SSID":"eduroam","BSSID":"5c:a6:2d:ef:4a:ae","RSSI":-62},{"SSID":"MeetInLeeds","BSSID":"ac:3a:67:08:2a:0d","RSSI":-62},{"SSID":"eduroam","BSSID":"ac:3a:67:08:2a:0e","RSSI":-62},{"SSID":"WiFi Setup - University of Leeds","BSSID":"5c:a6:2d:ef:4a:a3","RSSI":-63},{"SSID":"WiFi Setup - University of Leeds","BSSID":"ac:3a:67:08:2a:0c","RSSI":-63},{"SSID":"eduroam","BSSID":"ac:3a:67:08:29:21","RSSI":-64},{"SSID":"eduroam","BSSID":"ac:3a:67:08:29:2e","RSSI":-67},{"SSID":"MeetInLeeds","BSSID":"5c:a6:2d:5d:ab:62","RSSI":-67},{"SSID":"MeetInLeeds","BSSID":"5c:a6:2d:ce:a1:c2","RSSI":-67},{"SSID":"WiFi Setup - University of Leeds","BSSID":"ac:3a:67:08:29:23","RSSI":-67},{"SSID":"MeetInLeeds","BSSID":"ac:3a:67:08:29:2d","RSSI":-68},{"SSID":"MeetInLeeds","BSSID":"5c:a6:2d:af:94:a2","RSSI":-68},{"SSID":"WiFi Setup - University of Leeds","BSSID":"5c:a6:2d:ce:a1:c3","RSSI":-68},{"SSID":"MeetInLeeds","BSSID":"5c:a6:2d:af:94:ad","RSSI":-69},{"SSID":"eduroam","BSSID":"5c:a6:2d:af:94:ae","RSSI":-69},{"SSID":"eduroam","BSSID":"5c:a6:2d:b5:ca:e1","RSSI":-69},{"SSID":"MeetInLeeds","BSSID":"5c:a6:2d:b5:ca:e2","RSSI":-69},{"SSID":"WiFi Setup - University of Leeds","BSSID":"5c:a6:2d:af:94:a3","RSSI":-70},{"SSID":"eduroam","BSSID":"5c:a6:2d:af:8f:ce","RSSI":-70},{"SSID":"MeetInLeeds","BSSID":"5c:a6:2d:af:8f:cd","RSSI":-70},{"SSID":"WiFi Setup - University of Leeds","BSSID":"5c:a6:2d:af:8f:cc","RSSI":-71},{"SSID":"WiFi Setup - University of Leeds","BSSID":"5c:a6:2d:af:91:43","RSSI":-71},{"SSID":"WiFi Setup - University of Leeds","BSSID":"5c:a6:2d:45:db:a3","RSSI":-72},{"SSID":"WiFi Setup - University of Leeds","BSSID":"5c:a6:2d:ce:bf:0c","RSSI":-72},{"SSID":"WiFi Setup - University of Leeds","BSSID":"5c:a6:2d:86:6c:43","RSSI":-73},{"SSID":"eduroam","BSSID":"5c:a6:2d:cf:c4:4e","RSSI":-74},{"SSID":"WiFi Setup - University of Leeds","BSSID":"5c:a6:2d:cf:df:63","RSSI":-76},{"SSID":"MeetInLeeds","BSSID":"5c:a6:2d:ce:71:02","RSSI":-76},{"SSID":"WiFi Setup - University of Leeds","BSSID":"ac:3a:67:08:29:ac","RSSI":-76},{"SSID":"WiFi Setup - University of Leeds","BSSID":"5c:a6:2d:b5:ca:ec","RSSI":-76},{"SSID":"MeetInLeeds","BSSID":"5c:a6:2d:b5:ca:ed","RSSI":-76},{"SSID":"eduroam","BSSID":"5c:a6:2d:b5:ca:ee","RSSI":-76},{"SSID":"MeetInLeeds","BSSID":"ac:3a:67:08:32:4d","RSSI":-78},{"SSID":"MeetInLeeds","BSSID":"ac:3a:67:08:28:22","RSSI":-78},{"SSID":"WiFi Setup - University of Leeds","BSSID":"5c:a6:2d:cf:dd:c3","RSSI":-79},{"SSID":"DESKTOP-73NVV7R 4141","BSSID":"f2:6e:0b:b7:46:4e","RSSI":-83},{"SSID":"MeetInLeeds","BSSID":"5c:a6:2d:ce:a4:cd","RSSI":-84}],[{"SSID":"WiFi Setup - University of Leeds","BSSID":"ac:3a:67:08:2a:03","RSSI":-56},{"SSID":"MeetInLeeds","BSSID":"ac:3a:67:08:2a:02","RSSI":-57},{"SSID":"eduroam","BSSID":"5c:a6:2d:ef:4a:ae","RSSI":-61},{"SSID":"MeetInLeeds","BSSID":"5c:a6:2d:ef:4a:ad","RSSI":-61},{"SSID":"MeetInLeeds","BSSID":"ac:3a:67:08:2a:0d","RSSI":-61},{"SSID":"WiFi Setup - University of Leeds","BSSID":"ac:3a:67:08:2a:0c","RSSI":-61},{"SSID":"WiFi Setup - University of Leeds","BSSID":"5c:a6:2d:af:8f:43","RSSI":-61},{"SSID":"WiFi Setup - University of Leeds","BSSID":"5c:a6:2d:ef:4a:ac","RSSI":-62},{"SSID":"eduroam","BSSID":"ac:3a:67:08:2a:0e","RSSI":-62},{"SSID":"MeetInLeeds","BSSID":"5c:a6:2d:ce:bf:02","RSSI":-63},{"SSID":"MeetInLeeds","BSSID":"5c:a6:2d:af:8f:42","RSSI":-63},{"SSID":"WiFi Setup - University of Leeds","BSSID":"ac:3a:67:08:29:23","RSSI":-63},{"SSID":"WiFi Setup - University of Leeds","BSSID":"5c:a6:2d:5d:ab:63","RSSI":-65},{"SSID":"WiFi Setup - University of Leeds","BSSID":"5c:a6:2d:ce:a1:c3","RSSI":-66},{"SSID":"MeetInLeeds","BSSID":"ac:3a:67:08:29:2d","RSSI":-67},{"SSID":"eduroam","BSSID":"ac:3a:67:08:29:2e","RSSI":-67},{"SSID":"WiFi Setup - University of Leeds","BSSID":"5c:a6:2d:af:91:c3","RSSI":-67},{"SSID":"MeetInLeeds","BSSID":"5c:a6:2d:ce:a1:c2","RSSI":-67},{"SSID":"MeetInLeeds","BSSID":"5c:a6:2d:af:94:a2","RSSI":-68},{"SSID":"MeetInLeeds","BSSID":"5c:a6:2d:af:94:ad","RSSI":-69},{"SSID":"MeetInLeeds","BSSID":"5c:a6:2d:af:91:c2","RSSI":-69},{"SSID":"eduroam","BSSID":"5c:a6:2d:ce:c1:ee","RSSI":-69},{"SSID":"WiFi Setup - University of Leeds","BSSID":"5c:a6:2d:ce:b2:0c","RSSI":-70},{"SSID":"WiFi Setup - University of Leeds","BSSID":"5c:a6:2d:ce:bf:0c","RSSI":-70},{"SSID":"MeetInLeeds","BSSID":"5c:a6:2d:ce:c1:ed","RSSI":-70},{"SSID":"eduroam","BSSID":"5c:a6:2d:ce:a1:ce","RSSI":-71},{"SSID":"eduroam","BSSID":"5c:a6:2d:ce:b4:c1","RSSI":-71},{"SSID":"MeetInLeeds","BSSID":"5c:a6:2d:ce:b5:0d","RSSI":-72},{"SSID":"MeetInLeeds","BSSID":"5c:a6:2d:86:6c:42","RSSI":-72},{"SSID":"eduroam","BSSID":"5c:a6:2d:af:91:41","RSSI":-72},{"SSID":"WiFi Setup - University of Leeds","BSSID":"5c:a6:2d:cf:c4:4c","RSSI":-73},{"SSID":"WiFi Setup - University of Leeds","BSSID":"5c:a6:2d:86:6b:6c","RSSI":-74},{"SSID":"eduroam","BSSID":"5c:a6:2d:45:db:a1","RSSI":-76},{"SSID":"WiFi Setup - University of Leeds","BSSID":"5c:a6:2d:b5:ca:ec","RSSI":-76},{"SSID":"MeetInLeeds","BSSID":"5c:a6:2d:b5:ca:ed","RSSI":-76},{"SSID":"eduroam","BSSID":"5c:a6:2d:b5:ca:ee","RSSI":-76},{"SSID":"WiFi Setup - University of Leeds","BSSID":"5c:a6:2d:af:91:8c","RSSI":-78},{"SSID":"WiFi Setup - University of Leeds","BSSID":"ac:3a:67:07:f5:83","RSSI":-78},{"SSID":"WiFi Setup - University of Leeds","BSSID":"5c:a6:2d:70:7b:4c","RSSI":-79},{"SSID":"MeetInLeeds","BSSID":"5c:a6:2d:af:91:8d","RSSI":-79},{"SSID":"MeetInLeeds","BSSID":"5c:a6:2d:5d:2e:2d","RSSI":-80},{"SSID":"MeetInLeeds","BSSID":"5c:a6:2d:ce:b4:cd","RSSI":-80},{"SSID":"DESKTOP-73NVV7R 4141","BSSID":"f2:6e:0b:b7:46:4e","RSSI":-81},{"SSID":"WiFi Setup - University of Leeds","BSSID":"5c:a6:2d:ce:b4:cc","RSSI":-81},{"SSID":"WiFi Setup - University of Leeds","BSSID":"5c:a6:2d:5d:2e:2c","RSSI":-83},{"SSID":"WiFi Setup - University of Leeds","BSSID":"5c:a6:2d:cf:bf:83","RSSI":-83},{"SSID":"eduroam","BSSID":"5c:a6:2d:cf:c1:8e","RSSI":-83},{"SSID":"MeetInLeeds","BSSID":"5c:a6:2d:ce:a3:cd","RSSI":-86}],[{"SSID":"WiFi Setup - University of Leeds","BSSID":"ac:3a:67:08:2a:03","RSSI":-56},{"SSID":"MeetInLeeds","BSSID":"ac:3a:67:08:2a:02","RSSI":-57},{"SSID":"MeetInLeeds","BSSID":"5c:a6:2d:ef:4a:ad","RSSI":-58},{"SSID":"eduroam","BSSID":"5c:a6:2d:ef:4a:ae","RSSI":-59},{"SSID":"WiFi Setup - University of Leeds","BSSID":"5c:a6:2d:ef:4a:ac","RSSI":-59},{"SSID":"MeetInLeeds","BSSID":"ac:3a:67:08:2a:0d","RSSI":-61},{"SSID":"eduroam","BSSID":"ac:3a:67:08:2a:0e","RSSI":-61},{"SSID":"WiFi Setup - University of Leeds","BSSID":"ac:3a:67:08:2a:0c","RSSI":-62},{"SSID":"WiFi Setup - University of Leeds","BSSID":"5c:a6:2d:ef:4a:a3","RSSI":-63},{"SSID":"MeetInLeeds","BSSID":"5c:a6:2d:ef:4a:a2","RSSI":-63},{"SSID":"eduroam","BSSID":"5c:a6:2d:ce:c1:ee","RSSI":-65},{"SSID":"WiFi Setup - University of Leeds","BSSID":"5c:a6:2d:ce:c1:ec","RSSI":-65},{"SSID":"eduroam","BSSID":"ac:3a:67:08:29:2e","RSSI":-66},{"SSID":"WiFi Setup - University of Leeds","BSSID":"5c:a6:2d:af:8f:43","RSSI":-66},{"SSID":"MeetInLeeds","BSSID":"5c:a6:2d:af:8f:c2","RSSI":-66},{"SSID":"eduroam","BSSID":"5c:a6:2d:af:8f:c1","RSSI":-66},{"SSID":"MeetInLeeds","BSSID":"ac:3a:67:08:29:2d","RSSI":-67},{"SSID":"MeetInLeeds","BSSID":"5c:a6:2d:ce:a1:c2","RSSI":-67},{"SSID":"MeetInLeeds","BSSID":"5c:a6:2d:ce:c1:ed","RSSI":-67},{"SSID":"WiFi Setup - University of Leeds","BSSID":"ac:3a:67:08:29:2c","RSSI":-68},{"SSID":"MeetInLeeds","BSSID":"5c:a6:2d:ce:c1:e2","RSSI":-68},{"SSID":"MeetInLeeds","BSSID":"5c:a6:2d:5d:ab:62","RSSI":-68},{"SSID":"WiFi Setup - University of Leeds","BSSID":"5c:a6:2d:5d:ab:63","RSSI":-68},{"SSID":"MeetInLeeds","BSSID":"5c:a6:2d:af:94:ad","RSSI":-69},{"SSID":"WiFi Setup - University of Leeds","BSSID":"5c:a6:2d:ce:c1:e3","RSSI":-69},{"SSID":"MeetInLeeds","BSSID":"5c:a6:2d:af:91:c2","RSSI":-69},{"SSID":"MeetInLeeds","BSSID":"5c:a6:2d:ce:bf:0d","RSSI":-69},{"SSID":"MeetInLeeds","BSSID":"5c:a6:2d:ce:b4:c2","RSSI":-69},{"SSID":"WiFi Setup - University of Leeds","BSSID":"5c:a6:2d:af:94:ac","RSSI":-70},{"SSID":"MeetInLeeds","BSSID":"5c:a6:2d:ce:b2:0d","RSSI":-70},{"SSID":"WiFi Setup - University of Leeds","BSSID":"5c:a6:2d:ce:bf:0c","RSSI":-70},{"SSID":"eduroam","BSSID":"5c:a6:2d:ce:bf:0e","RSSI":-70},{"SSID":"WiFi Setup - University of Leeds","BSSID":"5c:a6:2d:86:6c:43","RSSI":-71},{"SSID":"eduroam","BSSID":"5c:a6:2d:af:91:4e","RSSI":-72},{"SSID":"WiFi Setup - University of Leeds","BSSID":"5c:a6:2d:86:6b:6c","RSSI":-72},{"SSID":"MeetInLeeds","BSSID":"5c:a6:2d:86:6b:6d","RSSI":-72},{"SSID":"WiFi Setup - University of Leeds","BSSID":"5c:a6:2d:af:8f:4c","RSSI":-73},{"SSID":"MeetInLeeds","BSSID":"5c:a6:2d:af:91:42","RSSI":-73},{"SSID":"eduroam","BSSID":"5c:a6:2d:86:6b:6e","RSSI":-73},{"SSID":"MeetInLeeds","BSSID":"5c:a6:2d:45:db:a2","RSSI":-74},{"SSID":"WiFi Setup - University of Leeds","BSSID":"5c:a6:2d:af:91:43","RSSI":-74},{"SSID":"WiFi Setup - University of Leeds","BSSID":"5c:a6:2d:cf:c4:4c","RSSI":-75},{"SSID":"WiFi Setup - University of Leeds","BSSID":"5c:a6:2d:cf:c4:43","RSSI":-75},{"SSID":"eduroam","BSSID":"5c:a6:2d:cf:e8:a1","RSSI":-76},{"SSID":"WiFi Setup - University of Leeds","BSSID":"5c:a6:2d:af:91:8c","RSSI":-76},{"SSID":"eduroam","BSSID":"5c:a6:2d:86:6b:61","RSSI":-76},{"SSID":"WiFi Setup - University of Leeds","BSSID":"5c:a6:2d:86:6b:63","RSSI":-76},{"SSID":"eduroam","BSSID":"5c:a6:2d:86:6d:21","RSSI":-76},{"SSID":"eduroam","BSSID":"ac:3a:67:08:32:41","RSSI":-78},{"SSID":"MeetInLeeds","BSSID":"ac:3a:67:08:32:42","RSSI":-78},{"SSID":"eduroam","BSSID":"5c:a6:2d:cf:bf:8e","RSSI":-78},{"SSID":"MeetInLeeds","BSSID":"5c:a6:2d:cf:bf:8d","RSSI":-78},{"SSID":"MeetInLeeds","BSSID":"5c:a6:2d:cf:e8:a2","RSSI":-78},{"SSID":"MeetInLeeds","BSSID":"5c:a6:2d:cf:c4:ed","RSSI":-78},{"SSID":"MeetInLeeds","BSSID":"5c:a6:2d:5d:2e:22","RSSI":-78},{"SSID":"WiFi Setup - University of Leeds","BSSID":"5c:a6:2d:cf:bf:8c","RSSI":-79},{"SSID":"WiFi Setup - University of Leeds","BSSID":"5c:a6:2d:af:92:2c","RSSI":-80},{"SSID":"WiFi Setup - University of Leeds","BSSID":"5c:a6:2d:5d:2e:2c","RSSI":-81},{"SSID":"eduroam","BSSID":"5c:a6:2d:ce:b4:ce","RSSI":-82},{"SSID":"WiFi Setup - University of Leeds","BSSID":"5c:a6:2d:cf:bf:cc","RSSI":-82},{"SSID":"eduroam","BSSID":"5c:a6:2d:cf:bf:ce","RSSI":-84},{"SSID":"WiFi Setup - University of Leeds","BSSID":"5c:a6:2d:cf:e3:4c","RSSI":-86}],[{"SSID":"eduroam","BSSID":"ac:3a:67:08:2a:01","RSSI":-57},{"SSID":"MeetInLeeds","BSSID":"ac:3a:67:08:2a:02","RSSI":-57},{"SSID":"WiFi Setup - University of Leeds","BSSID":"ac:3a:67:08:2a:03","RSSI":-57},{"SSID":"WiFi Setup - University of Leeds","BSSID":"5c:a6:2d:ef:4a:ac","RSSI":-60},{"SSID":"MeetInLeeds","BSSID":"ac:3a:67:08:2a:0d","RSSI":-60},{"SSID":"eduroam","BSSID":"5c:a6:2d:ef:4a:ae","RSSI":-61},{"SSID":"MeetInLeeds","BSSID":"5c:a6:2d:ef:4a:ad","RSSI":-61},{"SSID":"eduroam","BSSID":"ac:3a:67:08:2a:0e","RSSI":-61},{"SSID":"WiFi Setup - University of Leeds","BSSID":"ac:3a:67:08:2a:0c","RSSI":-61},{"SSID":"MeetInLeeds","BSSID":"ac:3a:67:08:29:22","RSSI":-63},{"SSID":"WiFi Setup - University of Leeds","BSSID":"ac:3a:67:08:29:23","RSSI":-63},{"SSID":"MeetInLeeds","BSSID":"ac:3a:67:08:29:2d","RSSI":-66},{"SSID":"WiFi Setup - University of Leeds","BSSID":"5c:a6:2d:ef:4a:a3","RSSI":-66},{"SSID":"MeetInLeeds","BSSID":"5c:a6:2d:5d:ab:62","RSSI":-66},{"SSID":"WiFi Setup - University of Leeds","BSSID":"5c:a6:2d:5d:ab:63","RSSI":-66},{"SSID":"eduroam","BSSID":"5c:a6:2d:ce:bf:01","RSSI":-66},{"SSID":"MeetInLeeds","BSSID":"5c:a6:2d:ce:c1:ed","RSSI":-66},{"SSID":"WiFi Setup - University of Leeds","BSSID":"5c:a6:2d:ce:c1:ec","RSSI":-66},{"SSID":"eduroam","BSSID":"5c:a6:2d:ce:a1:ce","RSSI":-68},{"SSID":"MeetInLeeds","BSSID":"5c:a6:2d:ce:a1:c2","RSSI":-68},{"SSID":"eduroam","BSSID":"5c:a6:2d:af:94:ae","RSSI":-70},{"SSID":"WiFi Setup - University of Leeds","BSSID":"5c:a6:2d:af:94:ac","RSSI":-70},{"SSID":"WiFi Setup - University of Leeds","BSSID":"5c:a6:2d:af:8f:cc","RSSI":-70},{"SSID":"MeetInLeeds","BSSID":"5c:a6:2d:ce:bf:0d","RSSI":-70},{"SSID":"WiFi Setup - University of Leeds","BSSID":"5c:a6:2d:ce:bf:0c","RSSI":-70},{"SSID":"eduroam","BSSID":"5c:a6:2d:ce:bf:0e","RSSI":-70},{"SSID":"WiFi Setup - University of Leeds","BSSID":"5c:a6:2d:af:8f:4c","RSSI":-71},{"SSID":"MeetInLeeds","BSSID":"5c:a6:2d:af:8f:4d","RSSI":-71},{"SSID":"MeetInLeeds","BSSID":"5c:a6:2d:ef:45:22","RSSI":-71},{"SSID":"WiFi Setup - University of Leeds","BSSID":"5c:a6:2d:ce:b4:c3","RSSI":-71},{"SSID":"WiFi Setup - University of Leeds","BSSID":"5c:a6:2d:ce:a1:cc","RSSI":-72},{"SSID":"WiFi Setup - University of Leeds","BSSID":"5c:a6:2d:ce:b5:0c","RSSI":-72},{"SSID":"eduroam","BSSID":"5c:a6:2d:ce:b2:0e","RSSI":-72},{"SSID":"MeetInLeeds","BSSID":"5c:a6:2d:b5:ca:e2","RSSI":-73},{"SSID":"MeetInLeeds","BSSID":"5c:a6:2d:af:91:42","RSSI":-73},{"SSID":"MeetInLeeds","BSSID":"5c:a6:2d:86:69:c2","RSSI":-74},{"SSID":"eduroam","BSSID":"5c:a6:2d:af:8f:4e","RSSI":-74},{"SSID":"WiFi Setup - University of Leeds","BSSID":"5c:a6:2d:cf:c4:4c","RSSI":-74},{"SSID":"MeetInLeeds","BSSID":"5c:a6:2d:cf:c4:4d","RSSI":-74},{"SSID":"WiFi Setup - University of Leeds","BSSID":"5c:a6:2d:af:91:43","RSSI":-74},{"SSID":"MeetInLeeds","BSSID":"5c:a6:2d:86:6b:6d","RSSI":-74},{"SSID":"WiFi Setup - University of Leeds","BSSID":"5c:a6:2d:86:69:c3","RSSI":-75},{"SSID":"eduroam","BSSID":"5c:a6:2d:86:6b:6e","RSSI":-75},{"SSID":"WiFi Setup - University of Leeds","BSSID":"5c:a6:2d:70:7b:4c","RSSI":-76},{"SSID":"WiFi Setup - University of Leeds","BSSID":"5c:a6:2d:86:6b:63","RSSI":-76},{"SSID":"MeetInLeeds","BSSID":"5c:a6:2d:af:94:ad","RSSI":-80},{"SSID":"MeetInLeeds","BSSID":"5c:a6:2d:ce:b4:cd","RSSI":-81},{"SSID":"WiFi Setup - University of Leeds","BSSID":"5c:a6:2d:5d:2e:2c","RSSI":-82},{"SSID":"MeetInLeeds","BSSID":"5c:a6:2d:cf:c1:8d","RSSI":-84},{"SSID":"MeetInLeeds","BSSID":"5c:a6:2d:5d:2e:2d","RSSI":-85}],[{"SSID":"WiFi Setup - University of Leeds","BSSID":"ac:3a:67:08:2a:03","RSSI":-56},{"SSID":"MeetInLeeds","BSSID":"ac:3a:67:08:2a:02","RSSI":-58},{"SSID":"eduroam","BSSID":"5c:a6:2d:ef:4a:ae","RSSI":-60},{"SSID":"MeetInLeeds","BSSID":"5c:a6:2d:ef:4a:ad","RSSI":-60},{"SSID":"WiFi Setup - University of Leeds","BSSID":"5c:a6:2d:ef:4a:ac","RSSI":-61},{"SSID":"MeetInLeeds","BSSID":"ac:3a:67:08:2a:0d","RSSI":-62},{"SSID":"eduroam","BSSID":"ac:3a:67:08:2a:0e","RSSI":-62},{"SSID":"WiFi Setup - University of Leeds","BSSID":"ac:3a:67:08:2a:0c","RSSI":-63},{"SSID":"eduroam","BSSID":"5c:a6:2d:ef:4a:a1","RSSI":-65},{"SSID":"WiFi Setup - University of Leeds","BSSID":"5c:a6:2d:af:8f:43","RSSI":-65},{"SSID":"MeetInLeeds","BSSID":"5c:a6:2d:af:8f:42","RSSI":-66},{"SSID":"eduroam","BSSID":"5c:a6:2d:ce:c1:ee","RSSI":-66},{"SSID":"MeetInLeeds","BSSID":"ac:3a:67:08:29:2d","RSSI":-67},{"SSID":"WiFi Setup - University of Leeds","BSSID":"5c:a6:2d:ce:a1:c3","RSSI":-67},{"SSID":"MeetInLeeds","BSSID":"5c:a6:2d:af:91:c2","RSSI":-68},{"SSID":"eduroam","BSSID":"5c:a6:2d:af:94:ae","RSSI":-69},{"SSID":"WiFi Setup - University of Leeds","BSSID":"5c:a6:2d:ce:c1:ec","RSSI":-69},{"SSID":"WiFi Setup - University of Leeds","BSSID":"5c:a6:2d:ce:b2:0c","RSSI":-71},{"SSID":"WiFi Setup - University of Leeds","BSSID":"5c:a6:2d:af:8f:cc","RSSI":-71},{"SSID":"eduroam","BSSID":"5c:a6:2d:af:8f:ce","RSSI":-72},{"SSID":"MeetInLeeds","BSSID":"5c:a6:2d:cf:c4:4d","RSSI":-73},{"SSID":"MeetInLeeds","BSSID":"ac:3a:67:08:32:4d","RSSI":-74},{"SSID":"WiFi Setup - University of Leeds","BSSID":"ac:3a:67:08:32:4c","RSSI":-74},{"SSID":"WiFi Setup - University of Leeds","BSSID":"5c:a6:2d:cf:c4:4c","RSSI":-74},{"SSID":"eduroam","BSSID":"5c:a6:2d:af:91:4e","RSSI":-74},{"SSID":"MeetInLeeds","BSSID":"ac:3a:67:08:29:ad","RSSI":-78},{"SSID":"eduroam","BSSID":"ac:3a:67:08:29:ae","RSSI":-78},{"SSID":"WiFi Setup - University of Leeds","BSSID":"5c:a6:2d:b5:ca:ec","RSSI":-79},{"SSID":"eduroam","BSSID":"ac:3a:67:07:f8:6e","RSSI":-80},{"SSID":"MeetInLeeds","BSSID":"5c:a6:2d:ce:a4:cd","RSSI":-82},{"SSID":"WiFi Setup - University of Leeds","BSSID":"5c:a6:2d:cf:bf:83","RSSI":-83},{"SSID":"MeetInLeeds","BSSID":"ac:3a:67:08:04:0d","RSSI":-84},{"SSID":"eduroam","BSSID":"ac:3a:67:08:04:0e","RSSI":-86}],[{"SSID":"MeetInLeeds","BSSID":"ac:3a:67:08:2a:02","RSSI":-56},{"SSID":"WiFi Setup - University of Leeds","BSSID":"ac:3a:67:08:2a:03","RSSI":-57},{"SSID":"eduroam","BSSID":"5c:a6:2d:ef:4a:ae","RSSI":-59},{"SSID":"MeetInLeeds","BSSID":"5c:a6:2d:ef:4a:ad","RSSI":-60},{"SSID":"WiFi Setup - University of Leeds","BSSID":"5c:a6:2d:ef:4a:ac","RSSI":-60},{"SSID":"WiFi Setup - University of Leeds","BSSID":"5c:a6:2d:af:8f:43","RSSI":-61},{"SSID":"MeetInLeeds","BSSID":"5c:a6:2d:af:8f:42","RSSI":-61},{"SSID":"MeetInLeeds","BSSID":"ac:3a:67:08:2a:0d","RSSI":-63},{"SSID":"eduroam","BSSID":"ac:3a:67:08:2a:0e","RSSI":-63},{"SSID":"WiFi Setup - University of Leeds","BSSID":"ac:3a:67:08:2a:0c","RSSI":-64},{"SSID":"MeetInLeeds","BSSID":"ac:3a:67:08:29:22","RSSI":-64},{"SSID":"WiFi Setup - University of Leeds","BSSID":"ac:3a:67:08:29:23","RSSI":-64},{"SSID":"WiFi Setup - University of Leeds","BSSID":"5c:a6:2d:ce:a1:c3","RSSI":-66},{"SSID":"MeetInLeeds","BSSID":"5c:a6:2d:af:8f:c2","RSSI":-66},{"SSID":"MeetInLeeds","BSSID":"5c:a6:2d:ce:c1:e2","RSSI":-67},{"SSID":"MeetInLeeds","BSSID":"5c:a6:2d:ce:a1:c2","RSSI":-67},{"SSID":"WiFi Setup - University of Leeds","BSSID":"5c:a6:2d:ce:c1:e3","RSSI":-68},{"SSID":"eduroam","BSSID":"5c:a6:2d:af:94:ae","RSSI":-69},{"SSID":"eduroam","BSSID":"5c:a6:2d:ce:c1:ee","RSSI":-69},{"SSID":"MeetInLeeds","BSSID":"ac:3a:67:08:29:2d","RSSI":-70},{"SSID":"WiFi Setup - University of Leeds","BSSID":"5c:a6:2d:ce:bf:0c","RSSI":-71},{"SSID":"WiFi Setup - University of Leeds","BSSID":"5c:a6:2d:cf:c4:4c","RSSI":-72},{"SSID":"MeetInLeeds","BSSID":"5c:a6:2d:cf:c4:4d","RSSI":-72},{"SSID":"eduroam","BSSID":"5c:a6:2d:ce:b5:0e","RSSI":-73},{"SSID":"WiFi Setup - University of Leeds","BSSID":"ac:3a:67:08:29:a3","RSSI":-73},{"SSID":"MeetInLeeds","BSSID":"5c:a6:2d:b5:ca:e2","RSSI":-73},{"SSID":"MeetInLeeds","BSSID":"5c:a6:2d:af:91:42","RSSI":-73},{"SSID":"eduroam","BSSID":"5c:a6:2d:af:91:41","RSSI":-73},{"SSID":"WiFi Setup - University of Leeds","BSSID":"5c:a6:2d:b5:ca:e3","RSSI":-74},{"SSID":"MeetInLeeds","BSSID":"5c:a6:2d:af:91:4d","RSSI":-74},{"SSID":"WiFi Setup - University of Leeds","BSSID":"5c:a6:2d:b5:ca:ec","RSSI":-74},{"SSID":"MeetInLeeds","BSSID":"5c:a6:2d:b5:ca:ed","RSSI":-75},{"SSID":"WiFi Setup - University of Leeds","BSSID":"5c:a6:2d:86:6b:6c","RSSI":-75},{"SSID":"MeetInLeeds","BSSID":"5c:a6:2d:86:6b:6d","RSSI":-75},{"SSID":"WiFi Setup - University of Leeds","BSSID":"5c:a6:2d:af:91:83","RSSI":-76},{"SSID":"WiFi Setup - University of Leeds","BSSID":"5c:a6:2d:af:91:8c","RSSI":-77},{"SSID":"MeetInLeeds","BSSID":"ac:3a:67:08:32:42","RSSI":-78},{"SSID":"MeetInLeeds","BSSID":"5c:a6:2d:cf:e8:a2","RSSI":-78},{"SSID":"MeetInLeeds","BSSID":"ac:3a:67:07:f8:6d","RSSI":-79},{"SSID":"DESKTOP-73NVV7R 4141","BSSID":"f2:6e:0b:b7:46:4e","RSSI":-80},{"SSID":"WiFi Setup - University of Leeds","BSSID":"5c:a6:2d:cf:bf:83","RSSI":-81},{"SSID":"WiFi Setup - University of Leeds","BSSID":"5c:a6:2d:cf:df:6c","RSSI":-81},{"SSID":"MeetInLeeds","BSSID":"5c:a6:2d:ce:a4:cd","RSSI":-82},{"SSID":"eduroam","BSSID":"5c:a6:2d:cf:c5:ee","RSSI":-84}]]