[[{"SSID":"WiFi Setup - University of Leeds","BSSID":"5c:a6:2d:cf:e8:ac","RSSI":-64},{"SSID":"MeetInLeeds","BSSID":"5c:a6:2d:cf:e8:ad","RSSI":-64},{"SSID":"eduroam","BSSID":"5c:a6:2d:cf:e8:ae","RSSI":-64},{"SSID":"eduroam","BSSID":"5c:a6:2d:87:02:2e","RSSI":-69},{"SSID":"MeetInLeeds","BSSID":"5c:a6:2d:87:02:2d","RSSI":-69},{"SSID":"WiFi Setup - University of Leeds","BSSID":"5c:a6:2d:87:02:2c","RSSI":-70},{"SSID":"eduroam","BSSID":"5c:a6:2d:cf:df:6e","RSSI":-73},{"SSID":"WiFi Setup - University of Leeds","BSSID":"5c:a6:2d:cf:e5:a3","RSSI":-78},{"SSID":"WiFi Setup - University of Leeds","BSSID":"5c:a6:2d:af:8d:8c","RSSI":-78},{"SSID":"eduroam","BSSID":"5c:a6:2d:af:8d:81","RSSI":-78},{"SSID":"MeetInLeeds","BSSID":"5c:a6:2d:af:8d:82","RSSI":-78},{"SSID":"WiFi Setup - University of Leeds","BSSID":"5c:a6:2d:af:8d:83","RSSI":-78},{"SSID":"MeetInLeeds","BSSID":"5c:a6:2d:cf:e5:a2","RSSI":-79},{"SSID":"MeetInLeeds","BSSID":"5c:a6:2d:af:8d:8d","RSSI":-79},{"SSID":"WiFi Setup - University of Leeds","BSSID":"ac:3a:67:07:f8:6c","RSSI":-79},{"SSID":"MeetInLeeds","BSSID":"ac:3a:67:07:f8:6d","RSSI":-79},{"SSID":"eduroam","BSSID":"ac:3a:67:07:f8:6e","RSSI":-79},{"SSID":"WiFi Setup - University of Leeds","BSSID":"5c:a6:2d:ef:4c:03","RSSI":-82},{"SSID":"WiFi Setup - University of Leeds","BSSID":"5c:a6:2d:87:01:43","RSSI":-82},{"SSID":"MeetInLeeds","BSSID":"ac:3a:67:08:28:e2","RSSI":-83},{"SSID":"WiFi Setup - University of Leeds","BSSID":"5c:a6:2d:af:8f:43","RSSI":-83},{"SSID":"eduroam","BSSID":"5c:a6:2d:ef:4a:ae","RSSI":-84},{"SSID":"MeetInLeeds","BSSID":"5c:a6:2d:ef:4a:ad","RSSI":-84},{"SSID":"WiFi Setup - University of Leeds","BSSID":"5c:a6:2d:ef:4a:ac","RSSI":-84},{"SSID":"WiFi Setup - University of Leeds","BSSID":"ac:3a:67:08:26:0c","RSSI":-85},{"SSID":"MeetInLeeds","BSSID":"5c:a6:2d:af:93:4d","RSSI":-86}],[{"SSID":"MeetInLeeds","BSSID":"5c:a6:2d:cf:e8:a2","RSSI":-52},{"SSID":"WiFi Setup - University of Leeds","BSSID":"5c:a6:2d:cf:e8:a3","RSSI":-52},{"SSID":"eduroam","BSSID":"5c:a6:2d:86:6c:41","RSSI":-59},{"SSID":"MeetInLeeds","BSSID":"5c:a6:2d:86:6c:42","RSSI":-60},{"SSID":"WiFi Setup - University of Leeds","BSSID":"5c:a6:2d:87:02:23","RSSI":-61},{"SSID":"WiFi Setup - University of Leeds","BSSID":"5c:a6:2d:86:6c:43","RSSI":-61},{"SSID":"eduroam","BSSID":"5c:a6:2d:cf:e8:ae","RSSI":-62},{"SSID":"MeetInLeeds","BSSID":"5c:a6:2d:87:02:22","RSSI":-62},{"SSID":"MeetInLeeds","BSSID":"5c:a6:2d:86:6c:4d","RSSI":-67},{"SSID":"WiFi Setup - University of Leeds","BSSID":"5c:a6:2d:86:6c:4c","RSSI":-68},{"SSID":"eduroam","BSSID":"5c:a6:2d:86:6c:4e","RSSI":-68},{"SSID":"WiFi Setup - University of Leeds","BSSID":"5c:a6:2d:cf:df:63","RSSI":-69},{"SSID":"MeetInLeeds","BSSID":"5c:a6:2d:cf:df:62","RSSI":-69},{"SSID":"MeetInLeeds","BSSID":"5c:a6:2d:cf:df:6d","RSSI":-74},{"SSID":"WiFi Setup - University of Leeds","BSSID":"ac:3a:67:07:f8:63","RSSI":-75},{"SSID":"eduroam","BSSID":"5c:a6:2d:cf:df:6e","RSSI":-75},{"SSID":"WiFi Setup - University of Leeds","BSSID":"5c:a6:2d:cf:df:6c","RSSI":-75},{"SSID":"MeetInLeeds","BSSID":"ac:3a:67:07:f8:62","RSSI":-76},{"SSID":"MeetInLeeds","BSSID":"5c:a6:2d:cf:e5:a2","RSSI":-76},{"SSID":"MeetInLeeds","BSSID":"5c:a6:2d:ce:ac:02","RSSI":-77},{"SSID":"eduroam","BSSID":"5c:a6:2d:ef:4c:01","RSSI":-77},{"SSID":"WiFi Setup - University of Leeds","BSSID":"5c:a6:2d:ef:4c:03","RSSI":-78},{"SSID":"MeetInLeeds","BSSID":"ac:3a:67:08:2a:02","RSSI":-78},{"SSID":"WiFi Setup - University of Leeds","BSSID":"ac:3a:67:08:2a:03","RSSI":-78},{"SSID":"WiFi Setup - University of Leeds","BSSID":"5c:a6:2d:af:8d:83","RSSI":-78},{"SSID":"WiFi Setup - University of Leeds","BSSID":"5c:a6:2d:ef:4a:a3","RSSI":-79},{"SSID":"MeetInLeeds","BSSID":"5c:a6:2d:ef:4c:02","RSSI":-79},{"SSID":"WiFi Setup - University of Leeds","BSSID":"ac:3a:67:08:26:03","RSSI":-79},{"SSID":"eduroam","BSSID":"5c:a6:2d:87:01:41","RSSI":-80},{"SSID":"WiFi Setup - University of Leeds","BSSID":"5c:a6:2d:cf:e5:ac","RSSI":-85},{"SSID":"MeetInLeeds","BSSID":"5c:a6:2d:cf:e5:ad","RSSI":-87},{"SSID":"WiFi Setup - University of Leeds","BSSID":"5c:a6:2d:eb:db:2c","RSSI":-87}],[{"SSID":"WiFi Setup - University of Leeds","BSSID":"5c:a6:2d:cf:e8:a3","RSSI":-56},{"SSID":"MeetInLeeds","BSSID":"5c:a6:2d:cf:e8:a2","RSSI":-57},{"SSID":"MeetInLeeds","BSSID":"5c:a6:2d:86:6c:42","RSSI":-61},{"SSID":"WiFi Setup - University of Leeds","BSSID":"5c:a6:2d:87:02:23","RSSI":-63},{"SSID":"eduroam","BSSID":"5c:a6:2d:87:02:21","RSSI":-63},{"SSID":"WiFi Setup - University of Leeds","BSSID":"5c:a6:2d:cf:df:6c","RSSI":-67},{"SSID":"eduroam","BSSID":"5c:a6:2d:cf:df:6e","RSSI":-68},{"SSID":"MeetInLeeds","BSSID":"5c:a6:2d:cf:df:6d","RSSI":-68},{"SSID":"WiFi Setup - University of Leeds","BSSID":"5c:a6:2d:cf:e5:a3","RSSI":-73},{"SSID":"MeetInLeeds","BSSID":"5c:a6:2d:cf:e5:a2","RSSI":-74},{"SSID":"eduroam","BSSID":"5c:a6:2d:cf:e5:a1","RSSI":-74},{"SSID":"WiFi Setup - University of Leeds","BSSID":"5c:a6:2d:ce:ac:03","RSSI":-77},{"SSID":"MeetInLeeds","BSSID":"ac:3a:67:08:2a:02","RSSI":-77},{"SSID":"WiFi Setup - University of Leeds","BSSID":"ac:3a:67:08:2a:03","RSSI":-77},{"SSID":"WiFi Setup - University of Leeds","BSSID":"ac:3a:67:07:f8:63","RSSI":-78},{"SSID":"WiFi Setup - University of Leeds","BSSID":"ac:3a:67:07:f8:6c","RSSI":-78},{"SSID":"MeetInLeeds","BSSID":"ac:3a:67:07:f8:6d","RSSI":-78},{"SSID":"eduroam","BSSID":"ac:3a:67:07:f8:6e","RSSI":-78},{"SSID":"eduroam","BSSID":"ac:3a:67:08:2a:0e","RSSI":-79},{"SSID":"WiFi Setup - University of Leeds","BSSID":"ac:3a:67:08:26:03","RSSI":-80},{"SSID":"MeetInLeeds","BSSID":"ac:3a:67:08:2a:0d","RSSI":-80},{"SSID":"WiFi Setup - University of Leeds","BSSID":"ac:3a:67:08:2a:0c","RSSI":-80},{"SSID":"eduroam","BSSID":"5c:a6:2d:ef:4a:ae","RSSI":-81},{"SSID":"MeetInLeeds","BSSID":"5c:a6:2d:ef:4a:ad","RSSI":-81},{"SSID":"WiFi Setup - University of Leeds","BSSID":"5c:a6:2d:ef:4a:ac","RSSI":-81},{"SSID":"WiFi Setup - University of Leeds","BSSID":"5c:a6:2d:af:8f:43","RSSI":-82},{"SSID":"WiFi Setup - University of Leeds","BSSID":"ac:3a:67:08:26:0c","RSSI":-84}],[{"SSID":"WiFi Setup - University of Leeds","BSSID":"5c:a6:2d:cf:e8:a3","RSSI":-53},{"SSID":"MeetInLeeds","BSSID":"5c:a6:2d:cf:e8:ad","RSSI":-63},{"SSID":"eduroam","BSSID":"5c:a6:2d:87:02:21","RSSI":-63},{"SSID":"MeetInLeeds","BSSID":"5c:a6:2d:86:6c:4d","RSSI":-74},{"SSID":"eduroam","BSSID":"5c:a6:2d:87:02:2e","RSSI":-75},{"SSID":"MeetInLeeds","BSSID":"5c:a6:2d:87:02:2d","RSSI":-75},{"SSID":"WiFi Setup - University of Leeds","BSSID":"5c:a6:2d:87:02:2c","RSSI":-75},{"SSID":"MeetInLeeds","BSSID":"5c:a6:2d:ce:ac:02","RSSI":-76},{"SSID":"WiFi Setup - University of Leeds","BSSID":"5c:a6:2d:ce:ac:03","RSSI":-76},{"SSID":"WiFi Setup - University of Leeds","BSSID":"5c:a6:2d:cf:e5:a3","RSSI":-76},{"SSID":"WiFi Setup - University of Leeds","BSSID":"ac:3a:67:08:26:03","RSSI":-76},{"SSID":"MeetInLeeds","BSSID":"ac:3a:67:08:26:02","RSSI":-76},{"SSID":"MeetInLeeds","BSSID":"5c:a6:2d:cf:e5:a2","RSSI":-77},{"SSID":"MeetInLeeds","BSSID":"ac:3a:67:08:2a:02","RSSI":-78},{"SSID":"eduroam","BSSID":"5c:a6:2d:cf:df:6e","RSSI":-79},{"SSID":"MeetInLeeds","BSSID":"5c:a6:2d:cf:df:6d","RSSI":-79},{"SSID":"WiFi Setup - University of Leeds","BSSID":"5c:a6:2d:cf:df:6c","RSSI":-79},{"SSID":"WiFi Setup - University of Leeds","BSSID":"ac:3a:67:08:26:0c","RSSI":-81},{"SSID":"eduroam","BSSID":"ac:3a:67:08:2a:0e","RSSI":-81},{"SSID":"WiFi Setup - University of Leeds","BSSID":"ac:3a:67:08:2a:0c","RSSI":-81},{"SSID":"MeetInLeeds","BSSID":"5c:a6:2d:ce:ac:0d","RSSI":-81},{"SSID":"eduroam","BSSID":"5c:a6:2d:ce:ac:0e","RSSI":-81},{"SSID":"MeetInLeeds","BSSID":"ac:3a:67:08:2a:0d","RSSI":-82},{"SSID":"WiFi Setup - University of Leeds","BSSID":"5c:a6:2d:ce:ac:0c","RSSI":-82},{"SSID":"WiFi Setup - University of Leeds","BSSID":"5c:a6:2d:87:01:43","RSSI":-82},{"SSID":"MeetInLeeds","BSSID":"5c:a6:2d:87:01:42","RSSI":-83}],[{"SSID":"MeetInLeeds","BSSID":"5c:a6:2d:cf:e8:a2","RSSI":-56},{"SSID":"WiFi Setup - University of Leeds","BSSID":"5c:a6:2d:cf:e8:a3","RSSI":-57},{"SSID":"eduroam","BSSID":"5c:a6:2d:86:6c:41","RSSI":-58},{"SSID":"WiFi Setup - University of Leeds","BSSID":"5c:a6:2d:86:6c:43","RSSI":-58},{"SSID":"WiFi Setup - University of Leeds","BSSID":"5c:a6:2d:cf:e8:ac","RSSI":-60},{"SSID":"MeetInLeeds","BSSID":"5c:a6:2d:cf:e8:ad","RSSI":-60},{"SSID":"MeetInLeeds","BSSID":"5c:a6:2d:86:6c:42","RSSI":-60},{"SSID":"eduroam","BSSID":"5c:a6:2d:cf:e8:ae","RSSI":-62},{"SSID":"WiFi Setup - University of Leeds","BSSID":"5c:a6:2d:cf:df:63","RSSI":-66},{"SSID":"eduroam","BSSID":"5c:a6:2d:87:02:2e","RSSI":-68},{"SSID":"MeetInLeeds","BSSID":"5c:a6:2d:87:02:2d","RSSI":-69},{"SSID":"MeetInLeeds","BSSID":"5c:a6:2d:cf:df:6d","RSSI":-73},{"SSID":"WiFi Setup - University of Leeds","BSSID":"ac:3a:67:08:26:03","RSSI":-75},{"SSID":"WiFi Setup - University of Leeds","BSSID":"5c:a6:2d:cf:e5:a3","RSSI":-76},{"SSID":"WiFi Setup - University of Leeds","BSSID":"5c:a6:2d:ef:4a:a3","RSSI":-76},{"SSID":"eduroam","BSSID":"5c:a6:2d:cf:df:6e","RSSI":-76},{"SSID":"MeetInLeeds","BSSID":"5c:a6:2d:cf:e5:a2","RSSI":-77},{"SSID":"WiFi Setup - University of Leeds","BSSID":"5c:a6:2d:af:8d:8c","RSSI":-80},{"SSID":"MeetInLeeds","BSSID":"5c:a6:2d:af:8d:8d","RSSI":-81},{"SSID":"WiFi Setup - University of Leeds","BSSID":"5c:a6:2d:87:02:2c","RSSI":-83},{"SSID":"WiFi Setup - University of Leeds","BSSID":"5c:a6:2d:87:01:43","RSSI":-84},{"SSID":"WiFi Setup - University of Leeds","BSSID":"5c:a6:2d:af:8f:4c","RSSI":-85},{"SSID":"MeetInLeeds","BSSID":"5c:a6:2d:af:8f:4d","RSSI":-85},{"SSID":"eduroam","BSSID":"5c:a6:2d:af:8f:4e","RSSI":-86}],[{"SSID":"MeetInLeeds","BSSID":"5c:a6:2d:cf:e8:a2","RSSI":-59},{"SSID":"WiFi Setup - University of Leeds","BSSID":"5c:a6:2d:cf:e8:a3","RSSI":-59},{"SSID":"eduroam","BSSID":"5c:a6:2d:cf:e8:ae","RSSI":-59},{"SSID":"WiFi Setup - University of Leeds","BSSID":"5c:a6:2d:87:02:23","RSSI":-64},{"SSID":"MeetInLeeds","BSSID":"5c:a6:2d:87:02:22","RSSI":-64},{"SSID":"eduroam","BSSID":"5c:a6:2d:87:02:21","RSSI":-64},{"SSID":"eduroam","BSSID":"5c:a6:2d:cf:df:61","RSSI":-68},{"SSID":"MeetInLeeds","BSSID":"5c:a6:2d:cf:df:62","RSSI":-68},{"SSID":"MeetInLeeds","BSSID":"5c:a6:2d:87:02:2d","RSSI":-70},{"SSID":"WiFi Setup - University of Leeds","BSSID":"5c:a6:2d:87:02:2c","RSSI":-70},{"SSID":"WiFi Setup - University of Leeds","BSSID":"ac:3a:67:08:26:03","RSSI":-75},{"SSID":"MeetInLeeds","BSSID":"5c:a6:2d:cf:e5:a2","RSSI":-76},{"SSID":"WiFi Setup - University of Leeds","BSSID":"5c:a6:2d:cf:e5:a3","RSSI":-76},{"SSID":"MeetInLeeds","BSSID":"ac:3a:67:08:26:02","RSSI":-76},{"SSID":"eduroam","BSSID":"5c:a6:2d:ef:4c:01","RSSI":-77},{"SSID":"MeetInLeeds","BSSID":"5c:a6:2d:ef:4c:02","RSSI":-77},{"SSID":"WiFi Setup - University of Leeds","BSSID":"5c:a6:2d:ef:4c:03","RSSI":-77},{"SSID":"WiFi Setup - University of Leeds","BSSID":"5c:a6:2d:ce:ac:03","RSSI":-78},{"SSID":"WiFi Setup - University of Leeds","BSSID":"5c:a6:2d:ef:4a:a3","RSSI":-78},{"SSID":"MeetInLeeds","BSSID":"5c:a6:2d:ef:4a:a2","RSSI":-78},{"SSID":"WiFi Setup - University of Leeds","BSSID":"ac:3a:67:07:f8:6c","RSSI":-79},{"SSID":"WiFi Setup - University of Leeds","BSSID":"5c:a6:2d:ef:4a:ac","RSSI":-80},{"SSID":"MeetInLeeds","BSSID":"ac:3a:67:07:f8:6d","RSSI":-80},{"SSID":"eduroam","BSSID":"ac:3a:67:07:f8:6e","RSSI":-80},{"SSID":"MeetInLeeds","BSSID":"5c:a6:2d:ef:4a:ad","RSSI":-81},{"SSID":"eduroam","BSSID":"5c:a6:2d:ef:4a:ae","RSSI":-82},{"SSID":"WiFi Setup - University of Leeds","BSSID":"5c:a6:2d:cf:e5:ac","RSSI":-84},{"SSID":"eduroam","BSSID":"5c:a6:2d:87:02:2e","RSSI":-84},{"SSID":"WiFi Setup - University of Leeds","BSSID":"5c:a6:2d:ef:4c:0c","RSSI":-87}],[{"SSID":"MeetInLeeds","BSSID":"5c:a6:2d:cf:e8:a2","RSSI":-63},{"SSID":"WiFi Setup - University of Leeds","BSSID":"5c:a6:2d:cf:e8:a3","RSSI":-64},{"SSID":"MeetInLeeds","BSSID":"5c:a6:2d:cf:e8:ad","RSSI":-66},{"SSID":"WiFi Setup - University of Leeds","BSSID":"5c:a6:2d:cf:e8:ac","RSSI":-67},{"SSID":"eduroam","BSSID":"5c:a6:2d:cf:e8:ae","RSSI":-67},{"SSID":"MeetInLeeds","BSSID":"5c:a6:2d:86:6c:42","RSSI":-72},{"SSID":"WiFi Setup - University of Leeds","BSSID":"5c:a6:2d:86:6c:43","RSSI":-72},{"SSID":"WiFi Setup - University of Leeds","BSSID":"5c:a6:2d:cf:e5:a3","RSSI":-73},{"SSID":"MeetInLeeds","BSSID":"5c:a6:2d:cf:e5:a2","RSSI":-74},{"SSID":"WiFi Setup - University of Leeds","BSSID":"5c:a6:2d:cf:df:63","RSSI":-74},{"SSID":"MeetInLeeds","BSSID":"5c:a6:2d:cf:df:62","RSSI":-74},{"SSID":"MeetInLeeds","BSSID":"5c:a6:2d:cf:df:6d","RSSI":-76},{"SSID":"WiFi Setup - University of Leeds","BSSID":"5c:a6:2d:cf:df:6c","RSSI":-76},{"SSID":"eduroam","BSSID":"5c:a6:2d:cf:df:6e","RSSI":-78},{"SSID":"WiFi Setup - University of Leeds","BSSID":"5c:a6:2d:ef:4c:03","RSSI":-80},{"SSID":"WiFi Setup - University of Leeds","BSSID":"5c:a6:2d:af:8d:83","RSSI":-81},{"SSID":"MeetInLeeds","BSSID":"5c:a6:2d:af:8d:8d","RSSI":-82},{"SSID":"WiFi Setup - University of Leeds","BSSID":"ac:3a:67:08:26:0c","RSSI":-84},{"SSID":"WiFi Setup - University of Leeds","BSSID":"5c:a6:2d:cf:bb:ec","RSSI":-88}],[{"SSID":"WiFi Setup - University of Leeds","BSSID":"5c:a6:2d:87:02:23","RSSI":-63},{"SSID":"eduroam","BSSID":"5c:a6:2d:87:02:21","RSSI":-63},{"SSID":"MeetInLeeds","BSSID":"5c:a6:2d:87:02:22","RSSI":-64},{"SSID":"MeetInLeeds","BSSID":"5c:a6:2d:86:6c:42","RSSI":-67},{"SSID":"WiFi Setup - University of Leeds","BSSID":"5c:a6:2d:86:6c:43","RSSI":-67},{"SSID":"eduroam","BSSID":"5c:a6:2d:cf:e8:a1","RSSI":-68},{"SSID":"MeetInLeeds","BSSID":"5c:a6:2d:cf:e8:a2","RSSI":-68},{"SSID":"WiFi Setup - University of Leeds","BSSID":"5c:a6:2d:cf:e8:a3","RSSI":-69},{"SSID":"WiFi Setup - University of Leeds","BSSID":"5c:a6:2d:86:6c:4c","RSSI":-73},{"SSID":"WiFi Setup - University of Leeds","BSSID":"5c:a6:2d:cf:df:63","RSSI":-75},{"SSID":"WiFi Setup - University of Leeds","BSSID":"5c:a6:2d:cf:df:6c","RSSI":-75},{"SSID":"MeetInLeeds","BSSID":"5c:a6:2d:86:6c:4d","RSSI":-76},{"SSID":"eduroam","BSSID":"5c:a6:2d:86:6c:4e","RSSI":-76},{"SSID":"MeetInLeeds","BSSID":"5c:a6:2d:cf:df:62","RSSI":-76},{"SSID":"eduroam","BSSID":"5c:a6:2d:cf:df:6e","RSSI":-79},{"SSID":"WiFi Setup - University of Leeds","BSSID":"5c:a6:2d:cf:e5:a3","RSSI":-81},{"SSID":"eduroam","BSSID":"5c:a6:2d:ce:ac:01","RSSI":-82},{"SSID":"MeetInLeeds","BSSID":"5c:a6:2d:ce:ac:02","RSSI":-83},{"SSID":"MeetInLeeds","BSSID":"5c:a6:2d:cf:e5:ad","RSSI":-86}],[{"SSID":"MeetInLeeds","BSSID":"5c:a6:2d:cf:e8:a2","RSSI":-65},{"SSID":"WiFi Setup - University of Leeds","BSSID":"5c:a6:2d:cf:e8:a3","RSSI":-65},{"SSID":"eduroam","BSSID":"5c:a6:2d:cf:e8:ae","RSSI":-66},{"SSID":"WiFi Setup - University of Leeds","BSSID":"5c:a6:2d:cf:e8:ac","RSSI":-67},{"SSID":"MeetInLeeds","BSSID":"5c:a6:2d:cf:e8:ad","RSSI":-67},{"SSID":"MeetInLeeds","BSSID":"5c:a6:2d:87:02:22","RSSI":-70},{"SSID":"WiFi Setup - University of Leeds","BSSID":"5c:a6:2d:86:6c:43","RSSI":-70},{"SSID":"WiFi Setup - University of Leeds","BSSID":"5c:a6:2d:87:02:23","RSSI":-71},{"SSID":"WiFi Setup - University of Leeds","BSSID":"5c:a6:2d:cf:df:63","RSSI":-78},{"SSID":"eduroam","BSSID":"5c:a6:2d:cf:df:61","RSSI":-79},{"SSID":"MeetInLeeds","BSSID":"5c:a6:2d:86:6c:42","RSSI":-79},{"SSID":"WiFi Setup - University of Leeds","BSSID":"5c:a6:2d:af:8d:8c","RSSI":-80},{"SSID":"MeetInLeeds","BSSID":"5c:a6:2d:cf:e5:a2","RSSI":-81},{"SSID":"WiFi Setup - University of Leeds","BSSID":"5c:a6:2d:cf:e5:a3","RSSI":-81},{"SSID":"WiFi Setup - University of Leeds","BSSID":"ac:3a:67:07:f8:63","RSSI":-82},{"SSID":"WiFi Setup - University of Leeds","BSSID":"ac:3a:67:08:26:03","RSSI":-84}],[{"SSID":"WiFi Setup - University of Leeds","BSSID":"5c:a6:2d:cf:e8:ac","RSSI":-64},{"SSID":"eduroam","BSSID":"5c:a6:2d:cf:e8:ae","RSSI":-65},{"SSID":"MeetInLeeds","BSSID":"5c:a6:2d:cf:e8:ad","RSSI":-66},{"SSID":"eduroam","BSSID":"5c:a6:2d:cf:e8:a1","RSSI":-67},{"SSID":"MeetInLeeds","BSSID":"5c:a6:2d:cf:e8:a2","RSSI":-67},{"SSID":"WiFi Setup - University of Leeds","BSSID":"5c:a6:2d:cf:e8:a3","RSSI":-67},{"SSID":"WiFi Setup - University of Leeds","BSSID":"5c:a6:2d:87:02:23","RSSI":-70},{"SSID":"MeetInLeeds","BSSID":"5c:a6:2d:87:02:22","RSSI":-70},{"SSID":"MeetInLeeds","BSSID":"5c:a6:2d:86:6c:42","RSSI":-71},{"SSID":"WiFi Setup - University of Leeds","BSSID":"5c:a6:2d:86:6c:43","RSSI":-72},{"SSID":"MeetInLeeds","BSSID":"5c:a6:2d:cf:e5:a2","RSSI":-80},{"SSID":"WiFi Setup - University of Leeds","BSSID":"5c:a6:2d:cf:df:63","RSSI":-80},{"SSID":"MeetInLeeds","BSSID":"5c:a6:2d:cf:df:62","RSSI":-80},{"SSID":"MeetInLeeds","BSSID":"5c:a6:2d:ce:ac:02","RSSI":-81},{"SSID":"WiFi Setup - University of Leeds","BSSID":"5c:a6:2d:ce:ac:03","RSSI":-81},{"SSID":"WiFi Setup - University of Leeds","BSSID":"5c:a6:2d:cf:e5:a3","RSSI":-81},{"SSID":"WiFi Setup - University of Leeds","BSSID":"ac:3a:67:07:f8:63","RSSI":-82},{"SSID":"eduroam","BSSID":"5c:a6:2d:cf:e5:a1","RSSI":-82}]]