[[{"SSID":"MeetInLeeds","BSSID":"ac:3a:67:08:0c:8d","RSSI":-35},{"SSID":"MeetInLeeds","BSSID":"ac:3a:67:08:0c:82","RSSI":-35},{"SSID":"eduroam","BSSID":"ac:3a:67:08:0c:81","RSSI":-35},{"SSID":"eduroam","BSSID":"ac:3a:67:08:0c:8e","RSSI":-36},{"SSID":"MeetInLeeds","BSSID":"5c:a6:2d:5d:2e:c2","RSSI":-49},{"SSID":"MeetInLeeds","BSSID":"5c:a6:2d:5d:2e:cd","RSSI":-50},{"SSID":"eduroam","BSSID":"5c:a6:2d:5d:2e:ce","RSSI":-50},{"SSID":"eduroam","BSSID":"5c:a6:2d:5d:2e:c1","RSSI":-50},{"SSID":"eduroam","BSSID":"5c:a6:2d:45:dc:01","RSSI":-55},{"SSID":"MeetInLeeds","BSSID":"5c:a6:2d:cf:b3:e2","RSSI":-56},{"SSID":"MeetInLeeds","BSSID":"5c:a6:2d:45:dc:02","RSSI":-56},{"SSID":"eduroam","BSSID":"5c:a6:2d:cf:b3:e1","RSSI":-57},{"SSID":"MeetInLeeds","BSSID":"5c:a6:2d:cf:b3:ed","RSSI":-59},{"SSID":"eduroam","BSSID":"5c:a6:2d:cf:b3:ee","RSSI":-59},{"SSID":"MeetInLeeds","BSSID":"5c:a6:2d:45:dc:0d","RSSI":-63},{"SSID":"eduroam","BSSID":"5c:a6:2d:45:dc:0e","RSSI":-63},{"SSID":"MeetInLeeds","BSSID":"5c:a6:2d:5d:2c:02","RSSI":-66},{"SSID":"MeetInLeeds","BSSID":"5c:a6:2d:ce:8e:a2","RSSI":-68},{"SSID":"eduroam","BSSID":"5c:a6:2d:ce:8e:a1","RSSI":-68},{"SSID":"eduroam","BSSID":"5c:a6:2d:1e:08:ee","RSSI":-68},{"SSID":"eduroam","BSSID":"5c:a6:2d:5d:2c:0e","RSSI":-69},{"SSID":"MeetInLeeds","BSSID":"5c:a6:2d:5d:2c:0d","RSSI":-69},{"SSID":"MeetInLeeds","BSSID":"5c:a6:2d:1e:08:ed","RSSI":-69},{"SSID":"eduroam","BSSID":"5c:a6:2d:ce:8e:ae","RSSI":-71},{"SSID":"MeetInLeeds","BSSID":"5c:a6:2d:ce:8e:ad","RSSI":-71},{"SSID":"MeetInLeeds","BSSID":"ac:3a:67:08:31:0d","RSSI":-75},{"SSID":"eduroam","BSSID":"ac:3a:67:08:31:0e","RSSI":-75},{"SSID":"MeetInLeeds","BSSID":"5c:a6:2d:1e:08:e2","RSSI":-76},{"SSID":"MeetInLeeds","BSSID":"5c:a6:2d:cf:e5:a2","RSSI":-78},{"SSID":"MeetInLeeds","BSSID":"5c:a6:2d:86:69:22","RSSI":-78},{"SSID":"eduroam","BSSID":"5c:a6:2d:cf:e5:a1","RSSI":-79},{"SSID":"MeetInLeeds","BSSID":"ac:3a:67:08:31:02","RSSI":-80},{"SSID":"MeetInLeeds","BSSID":"5c:a6:2d:cf:c1:62","RSSI":-80},{"SSID":"eduroam","BSSID":"5c:a6:2d:86:69:2e","RSSI":-80},{"SSID":"MeetInLeeds","BSSID":"5c:a6:2d:86:69:2d","RSSI":-80},{"SSID":"eduroam","BSSID":"ac:3a:67:08:31:01","RSSI":-81},{"SSID":"eduroam","BSSID":"ac:3a:67:08:03:81","RSSI":-81},{"SSID":"MeetInLeeds","BSSID":"ac:3a:67:08:03:82","RSSI":-81},{"SSID":"MeetInLeeds","BSSID":"5c:a6:2d:ce:bf:02","RSSI":-81},{"SSID":"eduroam","BSSID":"5c:a6:2d:86:69:c1","RSSI":-82},{"SSID":"eduroam","BSSID":"5c:a6:2d:ce:bf:01","RSSI":-82},{"SSID":"MeetInLeeds","BSSID":"5c:a6:2d:86:69:c2","RSSI":-83},{"SSID":"eduroam","BSSID":"ac:3a:67:08:03:8e","RSSI":-83},{"SSID":"eduroam","BSSID":"ac:3a:67:08:25:81","RSSI":-83},{"SSID":"eduroam","BSSID":"ac:3a:67:08:25:8e","RSSI":-84},{"SSID":"MeetInLeeds","BSSID":"ac:3a:67:08:03:8d","RSSI":-85},{"SSID":"MeetInLeeds","BSSID":"5c:a6:2d:cf:e0:0d","RSSI":-85},{"SSID":"MeetInLeeds","BSSID":"ac:3a:67:08:25:8d","RSSI":-86}],[{"SSID":"MeetInLeeds","BSSID":"ac:3a:67:08:0c:82","RSSI":-38},{"SSID":"eduroam","BSSID":"5c:a6:2d:5d:2e:ce","RSSI":-45},{"SSID":"MeetInLeeds","BSSID":"5c:a6:2d:5d:2e:c2","RSSI":-45},{"SSID":"MeetInLeeds","BSSID":"5c:a6:2d:5d:2e:cd","RSSI":-46},{"SSID":"MeetInLeeds","BSSID":"5c:a6:2d:45:dc:0d","RSSI":-54},{"SSID":"eduroam","BSSID":"5c:a6:2d:45:dc:0e","RSSI":-54},{"SSID":"eduroam","BSSID":"5c:a6:2d:cf:b3:e1","RSSI":-54},{"SSID":"MeetInLeeds","BSSID":"5c:a6:2d:cf:b3:e2","RSSI":-55},{"SSID":"eduroam","BSSID":"5c:a6:2d:45:dc:01","RSSI":-57},{"SSID":"MeetInLeeds","BSSID":"5c:a6:2d:45:dc:02","RSSI":-58},{"SSID":"eduroam","BSSID":"5c:a6:2d:cf:b3:ee","RSSI":-61},{"SSID":"MeetInLeeds","BSSID":"5c:a6:2d:cf:b3:ed","RSSI":-65},{"SSID":"MeetInLeeds","BSSID":"5c:a6:2d:5d:2c:0d","RSSI":-70},{"SSID":"eduroam","BSSID":"5c:a6:2d:ce:8e:ae","RSSI":-71},{"SSID":"MeetInLeeds","BSSID":"5c:a6:2d:ce:8e:ad","RSSI":-71},{"SSID":"MeetInLeeds","BSSID":"5c:a6:2d:5d:2c:02","RSSI":-71},{"SSID":"MeetInLeeds","BSSID":"5c:a6:2d:1e:08:e2","RSSI":-73},{"SSID":"eduroam","BSSID":"5c:a6:2d:5d:2c:0e","RSSI":-74},{"SSID":"MeetInLeeds","BSSID":"ac:3a:67:08:31:0d","RSSI":-75},{"SSID":"eduroam","BSSID":"ac:3a:67:08:31:0e","RSSI":-75},{"SSID":"MeetInLeeds","BSSID":"5c:a6:2d:86:69:22","RSSI":-75},{"SSID":"MeetInLeeds","BSSID":"5c:a6:2d:cf:e5:a2","RSSI":-76},{"SSID":"eduroam","BSSID":"5c:a6:2d:cf:e5:a1","RSSI":-76},{"SSID":"eduroam","BSSID":"ac:3a:67:08:03:8e","RSSI":-76},{"SSID":"MeetInLeeds","BSSID":"ac:3a:67:08:03:8d","RSSI":-76},{"SSID":"eduroam","BSSID":"5c:a6:2d:1e:08:ee","RSSI":-79},{"SSID":"MeetInLeeds","BSSID":"5c:a6:2d:1e:08:ed","RSSI":-80},{"SSID":"MeetInLeeds","BSSID":"5c:a6:2d:ce:bf:0d","RSSI":-80},{"SSID":"eduroam","BSSID":"5c:a6:2d:ce:bf:0e","RSSI":-80},{"SSID":"MeetInLeeds","BSSID":"ac:3a:67:08:25:82","RSSI":-80},{"SSID":"eduroam","BSSID":"ac:3a:67:08:25:81","RSSI":-80},{"SSID":"MeetInLeeds","BSSID":"5c:a6:2d:cf:c1:62","RSSI":-82},{"SSID":"eduroam","BSSID":"5c:a6:2d:cf:c1:61","RSSI":-82},{"SSID":"MeetInLeeds","BSSID":"5c:a6:2d:cf:e0:02","RSSI":-83},{"SSID":"eduroam","BSSID":"ac:3a:67:08:31:01","RSSI":-84}],[{"SSID":"MeetInLeeds","BSSID":"ac:3a:67:08:0c:82","RSSI":-34},{"SSID":"eduroam","BSSID":"ac:3a:67:08:0c:81","RSSI":-35},{"SSID":"MeetInLeeds","BSSID":"ac:3a:67:08:0c:8d","RSSI":-38},{"SSID":"eduroam","BSSID":"ac:3a:67:08:0c:8e","RSSI":-38},{"SSID":"eduroam","BSSID":"5c:a6:2d:5d:2e:c1","RSSI":-45},{"SSID":"MeetInLeeds","BSSID":"5c:a6:2d:5d:2e:c2","RSSI":-45},{"SSID":"MeetInLeeds","BSSID":"5c:a6:2d:5d:2e:cd","RSSI":-55},{"SSID":"eduroam","BSSID":"5c:a6:2d:5d:2e:ce","RSSI":-55},{"SSID":"MeetInLeeds","BSSID":"5c:a6:2d:cf:b3:ed","RSSI":-55},{"SSID":"eduroam","BSSID":"5c:a6:2d:cf:b3:ee","RSSI":-55},{"SSID":"MeetInLeeds","BSSID":"5c:a6:2d:cf:b3:e2","RSSI":-58},{"SSID":"MeetInLeeds","BSSID":"5c:a6:2d:45:dc:02","RSSI":-62},{"SSID":"eduroam","BSSID":"5c:a6:2d:45:dc:01","RSSI":-62},{"SSID":"MeetInLeeds","BSSID":"5c:a6:2d:45:dc:0d","RSSI":-65},{"SSID":"eduroam","BSSID":"5c:a6:2d:45:dc:0e","RSSI":-65},{"SSID":"MeetInLeeds","BSSID":"5c:a6:2d:5d:2c:02","RSSI":-66},{"SSID":"eduroam","BSSID":"5c:a6:2d:5d:2c:01","RSSI":-66},{"SSID":"MeetInLeeds","BSSID":"5c:a6:2d:1e:08:e2","RSSI":-69},{"SSID":"eduroam","BSSID":"5c:a6:2d:1e:08:ee","RSSI":-70},{"SSID":"MeetInLeeds","BSSID":"5c:a6:2d:1e:08:ed","RSSI":-70},{"SSID":"MeetInLeeds","BSSID":"5c:a6:2d:86:69:22","RSSI":-70},{"SSID":"MeetInLeeds","BSSID":"5c:a6:2d:ce:8e:a2","RSSI":-71},{"SSID":"eduroam","BSSID":"5c:a6:2d:ce:8e:a1","RSSI":-72},{"SSID":"MeetInLeeds","BSSID":"ac:3a:67:08:31:0d","RSSI":-73},{"SSID":"eduroam","BSSID":"ac:3a:67:08:31:0e","RSSI":-73},{"SSID":"MeetInLeeds","BSSID":"5c:a6:2d:ce:8e:ad","RSSI":-73},{"SSID":"eduroam","BSSID":"5c:a6:2d:5d:2c:0e","RSSI":-74},{"SSID":"eduroam","BSSID":"5c:a6:2d:ce:8e:ae","RSSI":-74},{"SSID":"MeetInLeeds","BSSID":"ac:3a:67:08:25:82","RSSI":-74},{"SSID":"MeetInLeeds","BSSID":"5c:a6:2d:5d:2c:0d","RSSI":-75},{"SSID":"eduroam","BSSID":"ac:3a:67:08:25:81","RSSI":-75},{"SSID":"eduroam","BSSID":"5c:a6:2d:cf:e5:a1","RSSI":-78},{"SSID":"eduroam","BSSID":"ac:3a:67:08:03:8e","RSSI":-78},{"SSID":"MeetInLeeds","BSSID":"ac:3a:67:08:03:8d","RSSI":-78},{"SSID":"MeetInLeeds","BSSID":"5c:a6:2d:cf:e5:a2","RSSI":-79},{"SSID":"MeetInLeeds","BSSID":"5c:a6:2d:86:69:2d","RSSI":-79},{"SSID":"eduroam","BSSID":"5c:a6:2d:ce:bf:0e","RSSI":-80},{"SSID":"MeetInLeeds","BSSID":"5c:a6:2d:cf:e5:ad","RSSI":-81},{"SSID":"MeetInLeeds","BSSID":"5c:a6:2d:ce:bf:02","RSSI":-81},{"SSID":"eduroam","BSSID":"5c:a6:2d:cf:e5:ae","RSSI":-82},{"SSID":"MeetInLeeds","BSSID":"5c:a6:2d:cf:c1:62","RSSI":-82},{"SSID":"MeetInLeeds","BSSID":"5c:a6:2d:cf:bf:c2","RSSI":-83},{"SSID":"MeetInLeeds","BSSID":"ac:3a:67:08:25:8d","RSSI":-83},{"SSID":"MeetInLeeds","BSSID":"5c:a6:2d:ce:bf:0d","RSSI":-83},{"SSID":"eduroam","BSSID":"ac:3a:67:08:25:8e","RSSI":-84}],[{"SSID":"eduroam","BSSID":"ac:3a:67:08:0c:81","RSSI":-34},{"SSID":"MeetInLeeds","BSSID":"ac:3a:67:08:0c:82","RSSI":-35},{"SSID":"MeetInLeeds","BSSID":"5c:a6:2d:5d:2e:c2","RSSI":-46},{"SSID":"MeetInLeeds","BSSID":"5c:a6:2d:5d:2e:cd","RSSI":-49},{"SSID":"eduroam","BSSID":"5c:a6:2d:5d:2e:ce","RSSI":-49},{"SSID":"MeetInLeeds","BSSID":"5c:a6:2d:45:dc:02","RSSI":-57},{"SSID":"eduroam","BSSID":"5c:a6:2d:45:dc:01","RSSI":-57},{"SSID":"MeetInLeeds","BSSID":"5c:a6:2d:45:dc:0d","RSSI":-58},{"SSID":"eduroam","BSSID":"5c:a6:2d:45:dc:0e","RSSI":-58},{"SSID":"MeetInLeeds","BSSID":"5c:a6:2d:cf:b3:ed","RSSI":-59},{"SSID":"eduroam","BSSID":"5c:a6:2d:cf:b3:ee","RSSI":-59},{"SSID":"eduroam","BSSID":"5c:a6:2d:cf:b3:e1","RSSI":-60},{"SSID":"MeetInLeeds","BSSID":"5c:a6:2d:cf:b3:e2","RSSI":-61},{"SSID":"MeetInLeeds","BSSID":"5c:a6:2d:5d:2c:02","RSSI":-63},{"SSID":"eduroam","BSSID":"5c:a6:2d:86:69:21","RSSI":-68},{"SSID":"MeetInLeeds","BSSID":"5c:a6:2d:86:69:22","RSSI":-68},{"SSID":"eduroam","BSSID":"5c:a6:2d:1e:08:ee","RSSI":-69},{"SSID":"MeetInLeeds","BSSID":"5c:a6:2d:1e:08:ed","RSSI":-69},{"SSID":"MeetInLeeds","BSSID":"5c:a6:2d:1e:08:e2","RSSI":-71},{"SSID":"eduroam","BSSID":"5c:a6:2d:1e:08:e1","RSSI":-71},{"SSID":"MeetInLeeds","BSSID":"5c:a6:2d:ce:8e:a2","RSSI":-72},{"SSID":"eduroam","BSSID":"5c:a6:2d:ce:8e:a1","RSSI":-72},{"SSID":"eduroam","BSSID":"ac:3a:67:08:31:0e","RSSI":-72},{"SSID":"eduroam","BSSID":"5c:a6:2d:ce:8e:ae","RSSI":-72},{"SSID":"MeetInLeeds","BSSID":"5c:a6:2d:ce:8e:ad","RSSI":-72},{"SSID":"MeetInLeeds","BSSID":"ac:3a:67:08:31:0d","RSSI":-73},{"SSID":"MeetInLeeds","BSSID":"5c:a6:2d:5d:2c:0d","RSSI":-74},{"SSID":"eduroam","BSSID":"5c:a6:2d:5d:2c:0e","RSSI":-75},{"SSID":"MeetInLeeds","BSSID":"ac:3a:67:08:25:82","RSSI":-75},{"SSID":"eduroam","BSSID":"ac:3a:67:08:25:81","RSSI":-75},{"SSID":"MeetInLeeds","BSSID":"5c:a6:2d:cf:e5:ad","RSSI":-79},{"SSID":"eduroam","BSSID":"5c:a6:2d:ce:bf:01","RSSI":-79},{"SSID":"eduroam","BSSID":"5c:a6:2d:cf:e5:ae","RSSI":-80},{"SSID":"eduroam","BSSID":"ac:3a:67:08:03:8e","RSSI":-80},{"SSID":"MeetInLeeds","BSSID":"ac:3a:67:08:03:8d","RSSI":-80},{"SSID":"eduroam","BSSID":"5c:a6:2d:cf:e5:a1","RSSI":-81},{"SSID":"MeetInLeeds","BSSID":"5c:a6:2d:cf:bf:c2","RSSI":-81},{"SSID":"MeetInLeeds","BSSID":"5c:a6:2d:cf:e5:a2","RSSI":-82},{"SSID":"eduroam","BSSID":"5c:a6:2d:ce:bf:0e","RSSI":-82},{"SSID":"MeetInLeeds","BSSID":"5c:a6:2d:ce:bf:0d","RSSI":-84}],[{"SSID":"MeetInLeeds","BSSID":"ac:3a:67:08:0c:82","RSSI":-37},{"SSID":"eduroam","BSSID":"ac:3a:67:08:0c:81","RSSI":-37},{"SSID":"eduroam","BSSID":"5c:a6:2d:5d:2e:c1","RSSI":-45},{"SSID":"MeetInLeeds","BSSID":"5c:a6:2d:5d:2e:c2","RSSI":-45},{"SSID":"MeetInLeeds","BSSID":"5c:a6:2d:5d:2e:cd","RSSI":-50},{"SSID":"eduroam","BSSID":"5c:a6:2d:5d:2e:ce","RSSI":-50},{"SSID":"MeetInLeeds","BSSID":"5c:a6:2d:45:dc:02","RSSI":-57},{"SSID":"eduroam","BSSID":"5c:a6:2d:45:dc:0e","RSSI":-59},{"SSID":"eduroam","BSSID":"5c:a6:2d:cf:b3:e1","RSSI":-59},{"SSID":"MeetInLeeds","BSSID":"5c:a6:2d:cf:b3:e2","RSSI":-59},{"SSID":"MeetInLeeds","BSSID":"5c:a6:2d:45:dc:0d","RSSI":-60},{"SSID":"MeetInLeeds","BSSID":"5c:a6:2d:cf:b3:ed","RSSI":-62},{"SSID":"eduroam","BSSID":"5c:a6:2d:cf:b3:ee","RSSI":-62},{"SSID":"MeetInLeeds","BSSID":"5c:a6:2d:5d:2c:02","RSSI":-62},{"SSID":"eduroam","BSSID":"5c:a6:2d:5d:2c:01","RSSI":-63},{"SSID":"MeetInLeeds","BSSID":"5c:a6:2d:86:69:22","RSSI":-68},{"SSID":"eduroam","BSSID":"5c:a6:2d:1e:08:e1","RSSI":-69},{"SSID":"eduroam","BSSID":"5c:a6:2d:86:69:21","RSSI":-69},{"SSID":"MeetInLeeds","BSSID":"5c:a6:2d:1e:08:e2","RSSI":-70},{"SSID":"eduroam","BSSID":"5c:a6:2d:1e:08:ee","RSSI":-70},{"SSID":"MeetInLeeds","BSSID":"5c:a6:2d:1e:08:ed","RSSI":-70},{"SSID":"MeetInLeeds","BSSID":"5c:a6:2d:ce:8e:a2","RSSI":-71},{"SSID":"eduroam","BSSID":"5c:a6:2d:ce:8e:ae","RSSI":-72},{"SSID":"MeetInLeeds","BSSID":"5c:a6:2d:ce:8e:ad","RSSI":-72},{"SSID":"eduroam","BSSID":"5c:a6:2d:ce:8e:a1","RSSI":-73},{"SSID":"MeetInLeeds","BSSID":"5c:a6:2d:5d:2c:0d","RSSI":-74},{"SSID":"eduroam","BSSID":"5c:a6:2d:5d:2c:0e","RSSI":-75},{"SSID":"MeetInLeeds","BSSID":"ac:3a:67:08:31:0d","RSSI":-75},{"SSID":"eduroam","BSSID":"ac:3a:67:08:31:0e","RSSI":-75},{"SSID":"MeetInLeeds","BSSID":"ac:3a:67:08:25:82","RSSI":-75},{"SSID":"MeetInLeeds","BSSID":"5c:a6:2d:cf:e5:a2","RSSI":-78},{"SSID":"eduroam","BSSID":"5c:a6:2d:ce:bf:01","RSSI":-78},{"SSID":"eduroam","BSSID":"5c:a6:2d:cf:e5:ae","RSSI":-79},{"SSID":"MeetInLeeds","BSSID":"5c:a6:2d:ce:bf:02","RSSI":-79},{"SSID":"MeetInLeeds","BSSID":"5c:a6:2d:cf:e5:ad","RSSI":-80},{"SSID":"eduroam","BSSID":"ac:3a:67:08:03:8e","RSSI":-80},{"SSID":"MeetInLeeds","BSSID":"5c:a6:2d:ce:bf:0d","RSSI":-80},{"SSID":"eduroam","BSSID":"5c:a6:2d:ce:bf:0e","RSSI":-81},{"SSID":"MeetInLeeds","BSSID":"ac:3a:67:08:03:8d","RSSI":-82},{"SSID":"MeetInLeeds","BSSID":"ac:3a:67:08:31:02","RSSI":-84},{"SSID":"MeetInLeeds","BSSID":"ac:3a:67:08:03:82","RSSI":-85},{"SSID":"MeetInLeeds","BSSID":"5c:a6:2d:af:91:4d","RSSI":-87}],[{"SSID":"MeetInLeeds","BSSID":"ac:3a:67:08:0c:82","RSSI":-35},{"SSID":"eduroam","BSSID":"ac:3a:67:08:0c:81","RSSI":-35},{"SSID":"MeetInLeeds","BSSID":"5c:a6:2d:5d:2e:c2","RSSI":-45},{"SSID":"MeetInLeeds","BSSID":"5c:a6:2d:5d:2e:cd","RSSI":-50},{"SSID":"eduroam","BSSID":"5c:a6:2d:5d:2e:ce","RSSI":-50},{"SSID":"eduroam","BSSID":"5c:a6:2d:cf:b3:ee","RSSI":-58},{"SSID":"MeetInLeeds","BSSID":"5c:a6:2d:cf:b3:ed","RSSI":-59},{"SSID":"MeetInLeeds","BSSID":"5c:a6:2d:45:dc:0d","RSSI":-61},{"SSID":"eduroam","BSSID":"5c:a6:2d:45:dc:0e","RSSI":-62},{"SSID":"MeetInLeeds","BSSID":"5c:a6:2d:5d:2c:02","RSSI":-62},{"SSID":"eduroam","BSSID":"5c:a6:2d:86:69:21","RSSI":-68},{"SSID":"MeetInLeeds","BSSID":"5c:a6:2d:86:69:22","RSSI":-68},{"SSID":"eduroam","BSSID":"5c:a6:2d:1e:08:e1","RSSI":-71},{"SSID":"MeetInLeeds","BSSID":"5c:a6:2d:1e:08:e2","RSSI":-72},{"SSID":"eduroam","BSSID":"5c:a6:2d:5d:2c:0e","RSSI":-72},{"SSID":"MeetInLeeds","BSSID":"5c:a6:2d:5d:2c:0d","RSSI":-72},{"SSID":"eduroam","BSSID":"5c:a6:2d:ce:8e:ae","RSSI":-73},{"SSID":"MeetInLeeds","BSSID":"5c:a6:2d:ce:8e:ad","RSSI":-73},{"SSID":"eduroam","BSSID":"5c:a6:2d:1e:08:ee","RSSI":-75},{"SSID":"MeetInLeeds","BSSID":"ac:3a:67:08:31:0d","RSSI":-75},{"SSID":"eduroam","BSSID":"ac:3a:67:08:31:0e","RSSI":-75},{"SSID":"MeetInLeeds","BSSID":"5c:a6:2d:1e:08:ed","RSSI":-76},{"SSID":"eduroam","BSSID":"ac:3a:67:08:25:81","RSSI":-76},{"SSID":"MeetInLeeds","BSSID":"5c:a6:2d:cf:e5:a2","RSSI":-77},{"SSID":"eduroam","BSSID":"5c:a6:2d:cf:e5:a1","RSSI":-77},{"SSID":"MeetInLeeds","BSSID":"ac:3a:67:08:25:82","RSSI":-77},{"SSID":"MeetInLeeds","BSSID":"5c:a6:2d:cf:e5:ad","RSSI":-78},{"SSID":"eduroam","BSSID":"ac:3a:67:08:03:8e","RSSI":-80},{"SSID":"MeetInLeeds","BSSID":"ac:3a:67:08:03:8d","RSSI":-80},{"SSID":"eduroam","BSSID":"5c:a6:2d:ce:bf:0e","RSSI":-81},{"SSID":"MeetInLeeds","BSSID":"5c:a6:2d:ce:bf:0d","RSSI":-82},{"SSID":"eduroam","BSSID":"ac:3a:67:08:31:01","RSSI":-83},{"SSID":"MeetInLeeds","BSSID":"ac:3a:67:08:31:02","RSSI":-83},{"SSID":"eduroam","BSSID":"5c:a6:2d:cf:bf:c1","RSSI":-84},{"SSID":"MeetInLeeds","BSSID":"5c:a6:2d:af:91:4d","RSSI":-84}],[{"SSID":"MeetInLeeds","BSSID":"ac:3a:67:08:0c:82","RSSI":-34},{"SSID":"MeetInLeeds","BSSID":"ac:3a:67:08:0c:8d","RSSI":-38},{"SSID":"eduroam","BSSID":"ac:3a:67:08:0c:8e","RSSI":-38},{"SSID":"eduroam","BSSID":"5c:a6:2d:5d:2e:c1","RSSI":-46},{"SSID":"MeetInLeeds","BSSID":"5c:a6:2d:5d:2e:c2","RSSI":-47},{"SSID":"MeetInLeeds","BSSID":"5c:a6:2d:5d:2e:cd","RSSI":-51},{"SSID":"eduroam","BSSID":"5c:a6:2d:5d:2e:ce","RSSI":-51},{"SSID":"MeetInLeeds","BSSID":"5c:a6:2d:45:dc:02","RSSI":-55},{"SSID":"eduroam","BSSID":"5c:a6:2d:45:dc:01","RSSI":-55},{"SSID":"MeetInLeeds","BSSID":"5c:a6:2d:cf:b3:e2","RSSI":-57},{"SSID":"MeetInLeeds","BSSID":"5c:a6:2d:cf:b3:ed","RSSI":-58},{"SSID":"eduroam","BSSID":"5c:a6:2d:cf:b3:ee","RSSI":-58},{"SSID":"eduroam","BSSID":"5c:a6:2d:45:dc:0e","RSSI":-59},{"SSID":"MeetInLeeds","BSSID":"5c:a6:2d:45:dc:0d","RSSI":-60},{"SSID":"MeetInLeeds","BSSID":"5c:a6:2d:5d:2c:02","RSSI":-62},{"SSID":"MeetInLeeds","BSSID":"5c:a6:2d:86:69:22","RSSI":-67},{"SSID":"eduroam","BSSID":"5c:a6:2d:86:69:21","RSSI":-68},{"SSID":"MeetInLeeds","BSSID":"5c:a6:2d:1e:08:e2","RSSI":-70},{"SSID":"eduroam","BSSID":"5c:a6:2d:1e:08:e1","RSSI":-70},{"SSID":"MeetInLeeds","BSSID":"5c:a6:2d:ce:8e:a2","RSSI":-70},{"SSID":"eduroam","BSSID":"5c:a6:2d:ce:8e:ae","RSSI":-70},{"SSID":"MeetInLeeds","BSSID":"5c:a6:2d:ce:8e:ad","RSSI":-70},{"SSID":"eduroam","BSSID":"5c:a6:2d:5d:2c:0e","RSSI":-71},{"SSID":"MeetInLeeds","BSSID":"5c:a6:2d:5d:2c:0d","RSSI":-71},{"SSID":"eduroam","BSSID":"5c:a6:2d:ce:8e:a1","RSSI":-71},{"SSID":"MeetInLeeds","BSSID":"ac:3a:67:08:25:82","RSSI":-75},{"SSID":"eduroam","BSSID":"5c:a6:2d:1e:08:ee","RSSI":-76},{"SSID":"MeetInLeeds","BSSID":"5c:a6:2d:1e:08:ed","RSSI":-76},{"SSID":"MeetInLeeds","BSSID":"ac:3a:67:08:31:0d","RSSI":-76},{"SSID":"eduroam","BSSID":"ac:3a:67:08:31:0e","RSSI":-76},{"SSID":"MeetInLeeds","BSSID":"5c:a6:2d:cf:e5:a2","RSSI":-79},{"SSID":"eduroam","BSSID":"5c:a6:2d:cf:e5:ae","RSSI":-80},{"SSID":"MeetInLeeds","BSSID":"5c:a6:2d:ce:bf:0d","RSSI":-80},{"SSID":"eduroam","BSSID":"ac:3a:67:08:03:8e","RSSI":-81},{"SSID":"MeetInLeeds","BSSID":"5c:a6:2d:86:69:2d","RSSI":-81},{"SSID":"MeetInLeeds","BSSID":"ac:3a:67:08:03:8d","RSSI":-82},{"SSID":"MeetInLeeds","BSSID":"ac:3a:67:08:03:82","RSSI":-82},{"SSID":"eduroam","BSSID":"5c:a6:2d:ce:bf:0e","RSSI":-82},{"SSID":"eduroam","BSSID":"ac:3a:67:08:31:01","RSSI":-83},{"SSID":"MeetInLeeds","BSSID":"ac:3a:67:08:31:02","RSSI":-83},{"SSID":"MeetInLeeds","BSSID":"5c:a6:2d:cf:c1:62","RSSI":-83},{"SSID":"MeetInLeeds","BSSID":"5c:a6:2d:af:91:4d","RSSI":-85},{"SSID":"eduroam","BSSID":"5c:a6:2d:af:91:4e","RSSI":-86},{"SSID":"eduroam","BSSID":"5c:a6:2d:cf:bf:ce","RSSI":-86},{"SSID":"MeetInLeeds","BSSID":"ac:3a:67:08:25:8d","RSSI":-87},{"SSID":"MeetInLeeds","BSSID":"5c:a6:2d:cf:bf:cd","RSSI":-88}],[{"SSID":"MeetInLeeds","BSSID":"ac:3a:67:08:0c:82","RSSI":-35},{"SSID":"eduroam","BSSID":"ac:3a:67:08:0c:81","RSSI":-35},{"SSID":"MeetInLeeds","BSSID":"ac:3a:67:08:0c:8d","RSSI":-38},{"SSID":"eduroam","BSSID":"ac:3a:67:08:0c:8e","RSSI":-38},{"SSID":"MeetInLeeds","BSSID":"5c:a6:2d:5d:2e:cd","RSSI":-48},{"SSID":"eduroam","BSSID":"5c:a6:2d:5d:2e:ce","RSSI":-48},{"SSID":"MeetInLeeds","BSSID":"5c:a6:2d:45:dc:02","RSSI":-55},{"SSID":"eduroam","BSSID":"5c:a6:2d:45:dc:01","RSSI":-55},{"SSID":"MeetInLeeds","BSSID":"5c:a6:2d:cf:b3:ed","RSSI":-58},{"SSID":"eduroam","BSSID":"5c:a6:2d:cf:b3:ee","RSSI":-58},{"SSID":"eduroam","BSSID":"5c:a6:2d:cf:b3:e1","RSSI":-59},{"SSID":"MeetInLeeds","BSSID":"5c:a6:2d:cf:b3:e2","RSSI":-59},{"SSID":"MeetInLeeds","BSSID":"5c:a6:2d:45:dc:0d","RSSI":-61},{"SSID":"eduroam","BSSID":"5c:a6:2d:45:dc:0e","RSSI":-61},{"SSID":"MeetInLeeds","BSSID":"5c:a6:2d:5d:2c:02","RSSI":-62},{"SSID":"eduroam","BSSID":"5c:a6:2d:5d:2c:01","RSSI":-62},{"SSID":"MeetInLeeds","BSSID":"5c:a6:2d:86:69:22","RSSI":-69},{"SSID":"MeetInLeeds","BSSID":"5c:a6:2d:1e:08:e2","RSSI":-70},{"SSID":"MeetInLeeds","BSSID":"5c:a6:2d:ce:8e:a2","RSSI":-72},{"SSID":"eduroam","BSSID":"5c:a6:2d:ce:8e:a1","RSSI":-72},{"SSID":"MeetInLeeds","BSSID":"5c:a6:2d:ce:8e:ad","RSSI":-73},{"SSID":"eduroam","BSSID":"5c:a6:2d:1e:08:ee","RSSI":-74},{"SSID":"MeetInLeeds","BSSID":"5c:a6:2d:1e:08:ed","RSSI":-74},{"SSID":"eduroam","BSSID":"5c:a6:2d:ce:8e:ae","RSSI":-75},{"SSID":"MeetInLeeds","BSSID":"ac:3a:67:08:31:0d","RSSI":-76},{"SSID":"eduroam","BSSID":"ac:3a:67:08:31:0e","RSSI":-77},{"SSID":"eduroam","BSSID":"5c:a6:2d:cf:e5:ae","RSSI":-79},{"SSID":"MeetInLeeds","BSSID":"5c:a6:2d:cf:e5:ad","RSSI":-79},{"SSID":"MeetInLeeds","BSSID":"5c:a6:2d:ce:bf:02","RSSI":-79},{"SSID":"eduroam","BSSID":"5c:a6:2d:ce:bf:01","RSSI":-79},{"SSID":"eduroam","BSSID":"ac:3a:67:08:03:8e","RSSI":-80},{"SSID":"MeetInLeeds","BSSID":"ac:3a:67:08:03:8d","RSSI":-80},{"SSID":"MeetInLeeds","BSSID":"5c:a6:2d:ce:bf:0d","RSSI":-80},{"SSID":"eduroam","BSSID":"5c:a6:2d:86:69:2e","RSSI":-81},{"SSID":"MeetInLeeds","BSSID":"5c:a6:2d:86:69:2d","RSSI":-81},{"SSID":"eduroam","BSSID":"5c:a6:2d:ce:bf:0e","RSSI":-82},{"SSID":"MeetInLeeds","BSSID":"5c:a6:2d:cf:bf:c2","RSSI":-83},{"SSID":"MeetInLeeds","BSSID":"ac:3a:67:08:25:8d","RSSI":-86},{"SSID":"eduroam","BSSID":"ac:3a:67:08:25:8e","RSSI":-86},{"SSID":"MeetInLeeds","BSSID":"5c:a6:2d:af:91:4d","RSSI":-86}],[{"SSID":"MeetInLeeds","BSSID":"ac:3a:67:08:0c:82","RSSI":-36},{"SSID":"MeetInLeeds","BSSID":"ac:3a:67:08:0c:8d","RSSI":-38},{"SSID":"eduroam","BSSID":"ac:3a:67:08:0c:8e","RSSI":-38},{"SSID":"MeetInLeeds","BSSID":"5c:a6:2d:5d:2e:cd","RSSI":-50},{"SSID":"eduroam","BSSID":"5c:a6:2d:5d:2e:ce","RSSI":-50},{"SSID":"eduroam","BSSID":"5c:a6:2d:45:dc:01","RSSI":-55},{"SSID":"MeetInLeeds","BSSID":"5c:a6:2d:45:dc:02","RSSI":-56},{"SSID":"eduroam","BSSID":"5c:a6:2d:cf:b3:ee","RSSI":-57},{"SSID":"MeetInLeeds","BSSID":"5c:a6:2d:cf:b3:ed","RSSI":-58},{"SSID":"MeetInLeeds","BSSID":"5c:a6:2d:45:dc:0d","RSSI":-61},{"SSID":"eduroam","BSSID":"5c:a6:2d:45:dc:0e","RSSI":-61},{"SSID":"MeetInLeeds","BSSID":"5c:a6:2d:cf:b3:e2","RSSI":-61},{"SSID":"MeetInLeeds","BSSID":"5c:a6:2d:5d:2c:02","RSSI":-62},{"SSID":"eduroam","BSSID":"5c:a6:2d:5d:2c:01","RSSI":-62},{"SSID":"eduroam","BSSID":"5c:a6:2d:86:69:21","RSSI":-68},{"SSID":"MeetInLeeds","BSSID":"5c:a6:2d:86:69:22","RSSI":-68},{"SSID":"MeetInLeeds","BSSID":"5c:a6:2d:ce:8e:ad","RSSI":-69},{"SSID":"eduroam","BSSID":"5c:a6:2d:ce:8e:ae","RSSI":-70},{"SSID":"MeetInLeeds","BSSID":"5c:a6:2d:1e:08:e2","RSSI":-71},{"SSID":"eduroam","BSSID":"5c:a6:2d:5d:2c:0e","RSSI":-71},{"SSID":"MeetInLeeds","BSSID":"5c:a6:2d:5d:2c:0d","RSSI":-71},{"SSID":"MeetInLeeds","BSSID":"5c:a6:2d:ce:8e:a2","RSSI":-72},{"SSID":"eduroam","BSSID":"5c:a6:2d:1e:08:ee","RSSI":-73},{"SSID":"MeetInLeeds","BSSID":"5c:a6:2d:1e:08:ed","RSSI":-73},{"SSID":"MeetInLeeds","BSSID":"ac:3a:67:08:31:0d","RSSI":-78},{"SSID":"eduroam","BSSID":"ac:3a:67:08:31:0e","RSSI":-78},{"SSID":"eduroam","BSSID":"5c:a6:2d:ce:bf:01","RSSI":-78},{"SSID":"MeetInLeeds","BSSID":"5c:a6:2d:cf:e5:ad","RSSI":-79},{"SSID":"MeetInLeeds","BSSID":"5c:a6:2d:ce:bf:02","RSSI":-79},{"SSID":"eduroam","BSSID":"ac:3a:67:08:03:8e","RSSI":-81},{"SSID":"MeetInLeeds","BSSID":"ac:3a:67:08:03:8d","RSSI":-81},{"SSID":"MeetInLeeds","BSSID":"5c:a6:2d:ce:bf:0d","RSSI":-81},{"SSID":"eduroam","BSSID":"5c:a6:2d:ce:bf:0e","RSSI":-81},{"SSID":"MeetInLeeds","BSSID":"5c:a6:2d:af:91:4d","RSSI":-82},{"SSID":"MeetInLeeds","BSSID":"5c:a6:2d:86:69:2d","RSSI":-82},{"SSID":"eduroam","BSSID":"5c:a6:2d:af:91:4e","RSSI":-83},{"SSID":"MeetInLeeds","BSSID":"ac:3a:67:08:25:8d","RSSI":-86},{"SSID":"eduroam","BSSID":"ac:3a:67:08:25:8e","RSSI":-88}],[{"SSID":"MeetInLeeds","BSSID":"ac:3a:67:08:0c:82","RSSI":-35},{"SSID":"eduroam","BSSID":"ac:3a:67:08:0c:81","RSSI":-35},{"SSID":"MeetInLeeds","BSSID":"ac:3a:67:08:0c:8d","RSSI":-38},{"SSID":"eduroam","BSSID":"ac:3a:67:08:0c:8e","RSSI":-38},{"SSID":"MeetInLeeds","BSSID":"5c:a6:2d:45:dc:02","RSSI":-55},{"SSID":"eduroam","BSSID":"5c:a6:2d:cf:b3:e1","RSSI":-58},{"SSID":"MeetInLeeds","BSSID":"5c:a6:2d:cf:b3:e2","RSSI":-58},{"SSID":"MeetInLeeds","BSSID":"5c:a6:2d:45:dc:0d","RSSI":-59},{"SSID":"MeetInLeeds","BSSID":"5c:a6:2d:cf:b3:ed","RSSI":-59},{"SSID":"eduroam","BSSID":"5c:a6:2d:cf:b3:ee","RSSI":-59},{"SSID":"eduroam","BSSID":"5c:a6:2d:45:dc:0e","RSSI":-60},{"SSID":"MeetInLeeds","BSSID":"5c:a6:2d:5d:2c:02","RSSI":-61},{"SSID":"eduroam","BSSID":"5c:a6:2d:5d:2c:01","RSSI":-62},{"SSID":"MeetInLeeds","BSSID":"5c:a6:2d:86:69:22","RSSI":-68},{"SSID":"MeetInLeeds","BSSID":"5c:a6:2d:ce:8e:a2","RSSI":-69},{"SSID":"eduroam","BSSID":"5c:a6:2d:ce:8e:a1","RSSI":-70},{"SSID":"eduroam","BSSID":"5c:a6:2d:ce:8e:ae","RSSI":-71},{"SSID":"MeetInLeeds","BSSID":"5c:a6:2d:ce:8e:ad","RSSI":-71},{"SSID":"eduroam","BSSID":"5c:a6:2d:1e:08:e1","RSSI":-72},{"SSID":"MeetInLeeds","BSSID":"5c:a6:2d:5d:2c:0d","RSSI":-72},{"SSID":"MeetInLeeds","BSSID":"5c:a6:2d:1e:08:e2","RSSI":-73},{"SSID":"eduroam","BSSID":"5c:a6:2d:5d:2c:0e","RSSI":-74},{"SSID":"eduroam","BSSID":"5c:a6:2d:1e:08:ee","RSSI":-75},{"SSID":"MeetInLeeds","BSSID":"5c:a6:2d:1e:08:ed","RSSI":-75},{"SSID":"eduroam","BSSID":"ac:3a:67:08:31:0e","RSSI":-78},{"SSID":"MeetInLeeds","BSSID":"ac:3a:67:08:31:0d","RSSI":-79},{"SSID":"eduroam","BSSID":"5c:a6:2d:ce:bf:01","RSSI":-79},{"SSID":"MeetInLeeds","BSSID":"5c:a6:2d:cf:e5:ad","RSSI":-81},{"SSID":"MeetInLeeds","BSSID":"ac:3a:67:08:03:82","RSSI":-81},{"SSID":"MeetInLeeds","BSSID":"5c:a6:2d:cf:bf:c2","RSSI":-82},{"SSID":"eduroam","BSSID":"ac:3a:67:08:03:81","RSSI":-82},{"SSID":"eduroam","BSSID":"5c:a6:2d:cf:c1:61","RSSI":-82},{"SSID":"eduroam","BSSID":"5c:a6:2d:af:91:4e","RSSI":-84},{"SSID":"MeetInLeeds","BSSID":"5c:a6:2d:ce:bf:0d","RSSI":-84},{"SSID":"MeetInLeeds","BSSID":"5c:a6:2d:86:69:2d","RSSI":-84},{"SSID":"MeetInLeeds","BSSID":"5c:a6:2d:af:91:4d","RSSI":-85},{"SSID":"eduroam","BSSID":"5c:a6:2d:ce:bf:0e","RSSI":-85},{"SSID":"eduroam","BSSID":"5c:a6:2d:cf:bf:ce","RSSI":-87},{"SSID":"MeetInLeeds","BSSID":"ac:3a:67:08:25:8d","RSSI":-88},{"SSID":"MeetInLeeds","BSSID":"5c:a6:2d:cf:bf:cd","RSSI":-88}]]