[[{"SSID":"MeetInLeeds","BSSID":"ac:3a:67:08:32:4d","RSSI":-49},{"SSID":"eduroam","BSSID":"ac:3a:67:08:32:4e","RSSI":-49},{"SSID":"WiFi Setup - University of Leeds","BSSID":"ac:3a:67:08:32:4c","RSSI":-49},{"SSID":"MeetInLeeds","BSSID":"ac:3a:67:08:32:42","RSSI":-51},{"SSID":"WiFi Setup - University of Leeds","BSSID":"ac:3a:67:08:32:43","RSSI":-51},{"SSID":"MeetInLeeds","BSSID":"5c:a6:2d:86:6d:22","RSSI":-52},{"SSID":"eduroam","BSSID":"5c:a6:2d:86:6d:21","RSSI":-52},{"SSID":"WiFi Setup - University of Leeds","BSSID":"5c:a6:2d:86:6d:23","RSSI":-53},{"SSID":"MeetInLeeds","BSSID":"5c:a6:2d:af:91:c2","RSSI":-53},{"SSID":"WiFi Setup - University of Leeds","BSSID":"5c:a6:2d:af:91:c3","RSSI":-53},{"SSID":"WiFi Setup - University of Leeds","BSSID":"5c:a6:2d:86:6b:6c","RSSI":-54},{"SSID":"MeetInLeeds","BSSID":"5c:a6:2d:86:6b:6d","RSSI":-54},{"SSID":"eduroam","BSSID":"5c:a6:2d:86:6b:6e","RSSI":-54},{"SSID":"MeetInLeeds","BSSID":"5c:a6:2d:86:6d:2d","RSSI":-55},{"SSID":"eduroam","BSSID":"5c:a6:2d:86:6d:2e","RSSI":-55},{"SSID":"WiFi Setup - University of Leeds","BSSID":"5c:a6:2d:86:6d:2c","RSSI":-57},{"SSID":"WiFi Setup - University of Leeds","BSSID":"5c:a6:2d:af:92:23","RSSI":-59},{"SSID":"WiFi Setup - University of Leeds","BSSID":"ac:3a:67:08:29:ac","RSSI":-59},{"SSID":"MeetInLeeds","BSSID":"5c:a6:2d:af:91:cd","RSSI":-60},{"SSID":"eduroam","BSSID":"5c:a6:2d:af:92:2e","RSSI":-61},{"SSID":"WiFi Setup - University of Leeds","BSSID":"5c:a6:2d:ce:b2:0c","RSSI":-61},{"SSID":"MeetInLeeds","BSSID":"ac:3a:67:08:29:a2","RSSI":-61},{"SSID":"WiFi Setup - University of Leeds","BSSID":"5c:a6:2d:af:8f:cc","RSSI":-61},{"SSID":"WiFi Setup - University of Leeds","BSSID":"5c:a6:2d:ef:45:2c","RSSI":-61},{"SSID":"eduroam","BSSID":"5c:a6:2d:af:91:ce","RSSI":-61},{"SSID":"WiFi Setup - University of Leeds","BSSID":"5c:a6:2d:af:91:cc","RSSI":-61},{"SSID":"eduroam","BSSID":"5c:a6:2d:af:8f:ce","RSSI":-62},{"SSID":"WiFi Setup - University of Leeds","BSSID":"ac:3a:67:08:29:a3","RSSI":-62},{"SSID":"MeetInLeeds","BSSID":"5c:a6:2d:ef:45:2d","RSSI":-62},{"SSID":"MeetInLeeds","BSSID":"5c:a6:2d:af:8f:cd","RSSI":-63},{"SSID":"WiFi Setup - University of Leeds","BSSID":"ac:3a:67:08:01:83","RSSI":-64},{"SSID":"eduroam","BSSID":"5c:a6:2d:ef:45:2e","RSSI":-65},{"SSID":"MeetInLeeds","BSSID":"5c:a6:2d:85:81:ed","RSSI":-66},{"SSID":"WiFi Setup - University of Leeds","BSSID":"5c:a6:2d:85:81:ec","RSSI":-66},{"SSID":"WiFi Setup - University of Leeds","BSSID":"5c:a6:2d:70:7b:4c","RSSI":-67},{"SSID":"WiFi Setup - University of Leeds","BSSID":"5c:a6:2d:ce:c1:e3","RSSI":-67},{"SSID":"eduroam","BSSID":"5c:a6:2d:ce:b5:0e","RSSI":-67},{"SSID":"MeetInLeeds","BSSID":"5c:a6:2d:ce:b5:0d","RSSI":-67},{"SSID":"WiFi Setup - University of Leeds","BSSID":"5c:a6:2d:ce:b5:0c","RSSI":-67},{"SSID":"WiFi Setup - University of Leeds","BSSID":"5c:a6:2d:af:91:4c","RSSI":-67},{"SSID":"WiFi Setup - University of Leeds","BSSID":"5c:a6:2d:b5:ca:ec","RSSI":-67},{"SSID":"WiFi Setup - University of Leeds","BSSID":"5c:a6:2d:af:8f:c3","RSSI":-67},{"SSID":"eduroam","BSSID":"5c:a6:2d:cf:c5:ee","RSSI":-69},{"SSID":"MeetInLeeds","BSSID":"5c:a6:2d:af:94:ad","RSSI":-69},{"SSID":"eduroam","BSSID":"5c:a6:2d:af:94:ae","RSSI":-69},{"SSID":"MeetInLeeds","BSSID":"5c:a6:2d:5d:ab:6d","RSSI":-70},{"SSID":"WiFi Setup - University of Leeds","BSSID":"5c:a6:2d:5d:ab:6c","RSSI":-70},{"SSID":"eduroam","BSSID":"5c:a6:2d:ce:b4:c1","RSSI":-70},{"SSID":"WiFi Setup - University of Leeds","BSSID":"5c:a6:2d:af:90:6c","RSSI":-72},{"SSID":"WiFi Setup - University of Leeds","BSSID":"5c:a6:2d:cf:b0:03","RSSI":-73},{"SSID":"eduroam","BSSID":"5c:a6:2d:ce:a1:c1","RSSI":-73},{"SSID":"WiFi Setup - University of Leeds","BSSID":"5c:a6:2d:af:91:8c","RSSI":-75},{"SSID":"eduroam","BSSID":"5c:a6:2d:af:91:8e","RSSI":-75},{"SSID":"WiFi Setup - University of Leeds","BSSID":"5c:a6:2d:ce:c1:ec","RSSI":-75},{"SSID":"WiFi Setup - University of Leeds","BSSID":"5c:a6:2d:cf:c4:4c","RSSI":-76},{"SSID":"MeetInLeeds","BSSID":"5c:a6:2d:cf:c4:4d","RSSI":-76},{"SSID":"MeetInLeeds","BSSID":"5c:a6:2d:ce:c1:ed","RSSI":-76},{"SSID":"eduroam","BSSID":"5c:a6:2d:cf:b0:0e","RSSI":-79},{"SSID":"eduroam","BSSID":"5c:a6:2d:ce:b4:ce","RSSI":-80},{"SSID":"WiFi Setup - University of Leeds","BSSID":"5c:a6:2d:86:6d:a3","RSSI":-81},{"SSID":"WiFi Setup - University of Leeds","BSSID":"5c:a6:2d:cf:e3:4c","RSSI":-83},{"SSID":"MeetInLeeds","BSSID":"5c:a6:2d:cf:e3:4d","RSSI":-83},{"SSID":"WiFi Setup - University of Leeds","BSSID":"5c:a6:2d:b6:22:4c","RSSI":-84},{"SSID":"MeetInLeeds","BSSID":"5c:a6:2d:b6:22:4d","RSSI":-85},{"SSID":"WiFi Setup - University of Leeds","BSSID":"5c:a6:2d:5d:2e:2c","RSSI":-86},{"SSID":"WiFi Setup - University of Leeds","BSSID":"5c:a6:2d:86:6b:2c","RSSI":-86}],[{"SSID":"MeetInLeeds","BSSID":"5c:a6:2d:ef:45:22","RSSI":-46},{"SSID":"eduroam","BSSID":"5c:a6:2d:af:91:c1","RSSI":-47},{"SSID":"WiFi Setup - University of Leeds","BSSID":"5c:a6:2d:af:91:c3","RSSI":-47},{"SSID":"eduroam","BSSID":"5c:a6:2d:ef:45:21","RSSI":-47},{"SSID":"MeetInLeeds","BSSID":"5c:a6:2d:af:91:c2","RSSI":-48},{"SSID":"WiFi Setup - University of Leeds","BSSID":"5c:a6:2d:ef:45:23","RSSI":-48},{"SSID":"MeetInLeeds","BSSID":"ac:3a:67:08:32:42","RSSI":-49},{"SSID":"WiFi Setup - University of Leeds","BSSID":"ac:3a:67:08:32:43","RSSI":-50},{"SSID":"MeetInLeeds","BSSID":"ac:3a:67:08:32:4d","RSSI":-50},{"SSID":"eduroam","BSSID":"ac:3a:67:08:32:4e","RSSI":-50},{"SSID":"WiFi Setup - University of Leeds","BSSID":"ac:3a:67:08:32:4c","RSSI":-50},{"SSID":"MeetInLeeds","BSSID":"5c:a6:2d:86:6d:22","RSSI":-51},{"SSID":"WiFi Setup - University of Leeds","BSSID":"5c:a6:2d:86:6d:23","RSSI":-52},{"SSID":"MeetInLeeds","BSSID":"5c:a6:2d:af:92:2d","RSSI":-52},{"SSID":"WiFi Setup - University of Leeds","BSSID":"5c:a6:2d:af:92:2c","RSSI":-53},{"SSID":"eduroam","BSSID":"5c:a6:2d:86:6b:61","RSSI":-53},{"SSID":"MeetInLeeds","BSSID":"5c:a6:2d:86:6b:62","RSSI":-53},{"SSID":"WiFi Setup - University of Leeds","BSSID":"5c:a6:2d:b5:ca:e3","RSSI":-54},{"SSID":"MeetInLeeds","BSSID":"5c:a6:2d:86:6d:2d","RSSI":-56},{"SSID":"MeetInLeeds","BSSID":"5c:a6:2d:cf:c3:22","RSSI":-56},{"SSID":"MeetInLeeds","BSSID":"5c:a6:2d:86:6b:6d","RSSI":-56},{"SSID":"eduroam","BSSID":"5c:a6:2d:86:6d:2e","RSSI":-57},{"SSID":"WiFi Setup - University of Leeds","BSSID":"5c:a6:2d:86:6b:6c","RSSI":-57},{"SSID":"eduroam","BSSID":"5c:a6:2d:86:6b:6e","RSSI":-57},{"SSID":"MeetInLeeds","BSSID":"ac:3a:67:08:29:a2","RSSI":-58},{"SSID":"TP-Link_0F14","BSSID":"c0:c9:e3:b8:0f:14","RSSI":-59},{"SSID":"WiFi Setup - University of Leeds","BSSID":"ac:3a:67:08:29:a3","RSSI":-59},{"SSID":"MeetInLeeds","BSSID":"5c:a6:2d:af:8f:cd","RSSI":-59},{"SSID":"MeetInLeeds","BSSID":"5c:a6:2d:af:91:cd","RSSI":-59},{"SSID":"WiFi Setup - University of Leeds","BSSID":"5c:a6:2d:af:91:cc","RSSI":-59},{"SSID":"eduroam","BSSID":"5c:a6:2d:ce:b2:01","RSSI":-60},{"SSID":"WiFi Setup - University of Leeds","BSSID":"5c:a6:2d:ce:b2:0c","RSSI":-61},{"SSID":"MeetInLeeds","BSSID":"5c:a6:2d:ef:45:2d","RSSI":-61},{"SSID":"eduroam","BSSID":"5c:a6:2d:ce:b2:0e","RSSI":-62},{"SSID":"WiFi Setup - University of Leeds","BSSID":"5c:a6:2d:ef:45:2c","RSSI":-62},{"SSID":"WiFi Setup - University of Leeds","BSSID":"ac:3a:67:08:29:ac","RSSI":-62},{"SSID":"WiFi Setup - University of Leeds","BSSID":"5c:a6:2d:5d:ab:63","RSSI":-63},{"SSID":"WiFi Setup - University of Leeds","BSSID":"5c:a6:2d:af:91:4c","RSSI":-64},{"SSID":"MeetInLeeds","BSSID":"5c:a6:2d:af:91:4d","RSSI":-64},{"SSID":"MeetInLeeds","BSSID":"5c:a6:2d:70:7b:42","RSSI":-65},{"SSID":"WiFi Setup - University of Leeds","BSSID":"5c:a6:2d:b5:ca:ec","RSSI":-65},{"SSID":"WiFi Setup - University of Leeds","BSSID":"5c:a6:2d:85:81:ec","RSSI":-66},{"SSID":"eduroam","BSSID":"5c:a6:2d:af:8d:ee","RSSI":-66},{"SSID":"WiFi Setup - University of Leeds","BSSID":"5c:a6:2d:af:8d:ec","RSSI":-66},{"SSID":"eduroam","BSSID":"5c:a6:2d:ce:b5:0e","RSSI":-66},{"SSID":"MeetInLeeds","BSSID":"5c:a6:2d:ce:b5:0d","RSSI":-66},{"SSID":"WiFi Setup - University of Leeds","BSSID":"5c:a6:2d:ce:b5:0c","RSSI":-66},{"SSID":"MeetInLeeds","BSSID":"5c:a6:2d:b5:ca:ed","RSSI":-66},{"SSID":"WiFi Setup - University of Leeds","BSSID":"5c:a6:2d:ce:b4:c3","RSSI":-66},{"SSID":"WiFi Setup - University of Leeds","BSSID":"5c:a6:2d:70:7b:4c","RSSI":-67},{"SSID":"MeetInLeeds","BSSID":"5c:a6:2d:85:81:ed","RSSI":-67},{"SSID":"MeetInLeeds","BSSID":"5c:a6:2d:cf:ab:a2","RSSI":-67},{"SSID":"WiFi Setup - University of Leeds","BSSID":"5c:a6:2d:af:94:ac","RSSI":-69},{"SSID":"WiFi Setup - University of Leeds","BSSID":"5c:a6:2d:ce:bf:0c","RSSI":-70},{"SSID":"eduroam","BSSID":"5c:a6:2d:ce:bf:0e","RSSI":-70},{"SSID":"WiFi Setup - University of Leeds","BSSID":"ac:3a:67:08:01:8c","RSSI":-71},{"SSID":"MeetInLeeds","BSSID":"5c:a6:2d:ce:bf:0d","RSSI":-71},{"SSID":"WiFi Setup - University of Leeds","BSSID":"5c:a6:2d:cf:c5:ec","RSSI":-72},{"SSID":"eduroam","BSSID":"5c:a6:2d:5d:ab:6e","RSSI":-72},{"SSID":"MeetInLeeds","BSSID":"5c:a6:2d:cf:c3:2d","RSSI":-73},{"SSID":"eduroam","BSSID":"5c:a6:2d:cf:c3:2e","RSSI":-73},{"SSID":"MeetInLeeds","BSSID":"5c:a6:2d:ce:a1:cd","RSSI":-74},{"SSID":"eduroam","BSSID":"5c:a6:2d:ce:c1:ee","RSSI":-74},{"SSID":"WiFi Setup - University of Leeds","BSSID":"5c:a6:2d:af:91:8c","RSSI":-75},{"SSID":"WiFi Setup - University of Leeds","BSSID":"ac:3a:67:08:2a:03","RSSI":-75},{"SSID":"eduroam","BSSID":"5c:a6:2d:45:db:8e","RSSI":-75},{"SSID":"eduroam","BSSID":"5c:a6:2d:af:91:8e","RSSI":-76},{"SSID":"WiFi Setup - University of Leeds","BSSID":"5c:a6:2d:ce:b4:cc","RSSI":-76},{"SSID":"WiFi Setup - University of Leeds","BSSID":"5c:a6:2d:cf:e3:4c","RSSI":-80},{"SSID":"eduroam","BSSID":"5c:a6:2d:b6:22:4e","RSSI":-82},{"SSID":"eduroam","BSSID":"ac:3a:67:08:29:01","RSSI":-84},{"SSID":"eduroam","BSSID":"5c:a6:2d:5d:2e:2e","RSSI":-87}],[{"SSID":"WiFi Setup - University of Leeds","BSSID":"5c:a6:2d:86:6d:23","RSSI":-48},{"SSID":"MeetInLeeds","BSSID":"5c:a6:2d:86:6d:22","RSSI":-48},{"SSID":"eduroam","BSSID":"5c:a6:2d:86:6d:21","RSSI":-48},{"SSID":"MeetInLeeds","BSSID":"ac:3a:67:08:32:4d","RSSI":-50},{"SSID":"WiFi Setup - University of Leeds","BSSID":"5c:a6:2d:ef:45:23","RSSI":-51},{"SSID":"MeetInLeeds","BSSID":"5c:a6:2d:ef:45:22","RSSI":-52},{"SSID":"WiFi Setup - University of Leeds","BSSID":"ac:3a:67:08:32:43","RSSI":-53},{"SSID":"MeetInLeeds","BSSID":"5c:a6:2d:86:6b:62","RSSI":-53},{"SSID":"WiFi Setup - University of Leeds","BSSID":"5c:a6:2d:86:6b:63","RSSI":-53},{"SSID":"eduroam","BSSID":"ac:3a:67:08:32:41","RSSI":-54},{"SSID":"MeetInLeeds","BSSID":"ac:3a:67:08:32:42","RSSI":-54},{"SSID":"eduroam","BSSID":"5c:a6:2d:86:6d:2e","RSSI":-55},{"SSID":"MeetInLeeds","BSSID":"5c:a6:2d:b5:ca:e2","RSSI":-55},{"SSID":"eduroam","BSSID":"5c:a6:2d:b5:ca:e1","RSSI":-56},{"SSID":"TP-Link_0F14","BSSID":"c0:c9:e3:b8:0f:14","RSSI":-57},{"SSID":"WiFi Setup - University of Leeds","BSSID":"5c:a6:2d:b5:ca:e3","RSSI":-57},{"SSID":"eduroam","BSSID":"5c:a6:2d:86:6b:6e","RSSI":-57},{"SSID":"WiFi Setup - University of Leeds","BSSID":"5c:a6:2d:af:8f:cc","RSSI":-58},{"SSID":"MeetInLeeds","BSSID":"5c:a6:2d:86:6b:6d","RSSI":-58},{"SSID":"WiFi Setup - University of Leeds","BSSID":"5c:a6:2d:cf:c3:23","RSSI":-59},{"SSID":"MeetInLeeds","BSSID":"5c:a6:2d:af:92:2d","RSSI":-59},{"SSID":"WiFi Setup - University of Leeds","BSSID":"5c:a6:2d:af:92:2c","RSSI":-59},{"SSID":"eduroam","BSSID":"5c:a6:2d:af:92:2e","RSSI":-60},{"SSID":"WiFi Setup - University of Leeds","BSSID":"ac:3a:67:08:32:4c","RSSI":-61},{"SSID":"MeetInLeeds","BSSID":"5c:a6:2d:af:91:cd","RSSI":-61},{"SSID":"WiFi Setup - University of Leeds","BSSID":"5c:a6:2d:ce:b2:0c","RSSI":-62},{"SSID":"WiFi Setup - University of Leeds","BSSID":"ac:3a:67:08:29:ac","RSSI":-62},{"SSID":"WiFi Setup - University of Leeds","BSSID":"5c:a6:2d:85:81:e3","RSSI":-63},{"SSID":"MeetInLeeds","BSSID":"5c:a6:2d:85:81:e2","RSSI":-63},{"SSID":"MeetInLeeds","BSSID":"5c:a6:2d:ef:45:2d","RSSI":-63},{"SSID":"WiFi Setup - University of Leeds","BSSID":"5c:a6:2d:ef:45:2c","RSSI":-63},{"SSID":"eduroam","BSSID":"5c:a6:2d:af:8f:c1","RSSI":-63},{"SSID":"MeetInLeeds","BSSID":"ac:3a:67:08:29:ad","RSSI":-63},{"SSID":"WiFi Setup - University of Leeds","BSSID":"ac:3a:67:08:01:83","RSSI":-64},{"SSID":"eduroam","BSSID":"5c:a6:2d:70:7b:41","RSSI":-64},{"SSID":"MeetInLeeds","BSSID":"5c:a6:2d:af:8f:c2","RSSI":-64},{"SSID":"WiFi Setup - University of Leeds","BSSID":"5c:a6:2d:af:8f:c3","RSSI":-64},{"SSID":"eduroam","BSSID":"5c:a6:2d:70:7b:4e","RSSI":-66},{"SSID":"eduroam","BSSID":"5c:a6:2d:af:8d:ee","RSSI":-66},{"SSID":"WiFi Setup - University of Leeds","BSSID":"5c:a6:2d:af:8d:ec","RSSI":-66},{"SSID":"MeetInLeeds","BSSID":"5c:a6:2d:af:8d:ed","RSSI":-66},{"SSID":"MeetInLeeds","BSSID":"5c:a6:2d:af:91:42","RSSI":-66},{"SSID":"MeetInLeeds","BSSID":"5c:a6:2d:70:7b:4d","RSSI":-67},{"SSID":"eduroam","BSSID":"5c:a6:2d:af:91:4e","RSSI":-67},{"SSID":"WiFi Setup - University of Leeds","BSSID":"5c:a6:2d:ce:c1:e3","RSSI":-68},{"SSID":"WiFi Setup - University of Leeds","BSSID":"5c:a6:2d:ce:b5:0c","RSSI":-68},{"SSID":"eduroam","BSSID":"5c:a6:2d:af:94:ae","RSSI":-69},{"SSID":"MeetInLeeds","BSSID":"5c:a6:2d:ce:c1:e2","RSSI":-69},{"SSID":"eduroam","BSSID":"5c:a6:2d:ce:c1:e1","RSSI":-69},{"SSID":"MeetInLeeds","BSSID":"5c:a6:2d:af:94:ad","RSSI":-70},{"SSID":"eduroam","BSSID":"5c:a6:2d:ce:b5:0e","RSSI":-70},{"SSID":"MeetInLeeds","BSSID":"5c:a6:2d:ce:bf:0d","RSSI":-70},{"SSID":"eduroam","BSSID":"5c:a6:2d:cf:c5:ee","RSSI":-71},{"SSID":"WiFi Setup - University of Leeds","BSSID":"5c:a6:2d:af:94:ac","RSSI":-71},{"SSID":"MeetInLeeds","BSSID":"5c:a6:2d:cf:c5:ed","RSSI":-71},{"SSID":"WiFi Setup - University of Leeds","BSSID":"5c:a6:2d:ce:bf:0c","RSSI":-71},{"SSID":"MeetInLeeds","BSSID":"5c:a6:2d:ce:b5:0d","RSSI":-72},{"SSID":"eduroam","BSSID":"5c:a6:2d:5d:ab:6e","RSSI":-72},{"SSID":"eduroam","BSSID":"5c:a6:2d:cf:ab:ae","RSSI":-73},{"SSID":"WiFi Setup - University of Leeds","BSSID":"5c:a6:2d:86:6b:6c","RSSI":-73},{"SSID":"WiFi Setup - University of Leeds","BSSID":"5c:a6:2d:cf:c4:4c","RSSI":-75},{"SSID":"MeetInLeeds","BSSID":"5c:a6:2d:cf:c4:4d","RSSI":-76},{"SSID":"WiFi Setup - University of Leeds","BSSID":"5c:a6:2d:cf:e3:4c","RSSI":-79},{"SSID":"WiFi Setup - University of Leeds","BSSID":"5c:a6:2d:45:db:a3","RSSI":-79},{"SSID":"eduroam","BSSID":"5c:a6:2d:ce:b9:2e","RSSI":-85},{"SSID":"WiFi Setup - University of Leeds","BSSID":"5c:a6:2d:86:6b:2c","RSSI":-86}],[{"SSID":"WiFi Setup - University of Leeds","BSSID":"5c:a6:2d:86:6d:23","RSSI":-49},{"SSID":"MeetInLeeds","BSSID":"ac:3a:67:08:32:4d","RSSI":-49},{"SSID":"eduroam","BSSID":"ac:3a:67:08:32:4e","RSSI":-49},{"SSID":"MeetInLeeds","BSSID":"5c:a6:2d:86:6d:22","RSSI":-49},{"SSID":"WiFi Setup - University of Leeds","BSSID":"5c:a6:2d:ef:45:23","RSSI":-52},{"SSID":"MeetInLeeds","BSSID":"5c:a6:2d:ef:45:22","RSSI":-52},{"SSID":"MeetInLeeds","BSSID":"5c:a6:2d:b5:ca:e2","RSSI":-53},{"SSID":"WiFi Setup - University of Leeds","BSSID":"5c:a6:2d:af:91:c3","RSSI":-55},{"SSID":"eduroam","BSSID":"5c:a6:2d:b5:ca:e1","RSSI":-55},{"SSID":"WiFi Setup - University of Leeds","BSSID":"5c:a6:2d:b5:ca:e3","RSSI":-55},{"SSID":"MeetInLeeds","BSSID":"5c:a6:2d:86:6d:2d","RSSI":-56},{"SSID":"MeetInLeeds","BSSID":"5c:a6:2d:af:91:c2","RSSI":-56},{"SSID":"TP-Link_0F14","BSSID":"c0:c9:e3:b8:0f:14","RSSI":-57},{"SSID":"MeetInLeeds","BSSID":"5c:a6:2d:86:6b:62","RSSI":-57},{"SSID":"eduroam","BSSID":"5c:a6:2d:af:92:2e","RSSI":-59},{"SSID":"WiFi Setup - University of Leeds","BSSID":"5c:a6:2d:af:91:83","RSSI":-59},{"SSID":"WiFi Setup - University of Leeds","BSSID":"5c:a6:2d:af:91:cc","RSSI":-59},{"SSID":"MeetInLeeds","BSSID":"5c:a6:2d:cf:c3:22","RSSI":-60},{"SSID":"WiFi Setup - University of Leeds","BSSID":"5c:a6:2d:cf:c3:23","RSSI":-60},{"SSID":"WiFi Setup - University of Leeds","BSSID":"5c:a6:2d:af:8d:e3","RSSI":-60},{"SSID":"WiFi Setup - University of Leeds","BSSID":"5c:a6:2d:af:92:2c","RSSI":-60},{"SSID":"MeetInLeeds","BSSID":"5c:a6:2d:af:91:82","RSSI":-60},{"SSID":"eduroam","BSSID":"5c:a6:2d:cf:c4:41","RSSI":-60},{"SSID":"MeetInLeeds","BSSID":"5c:a6:2d:af:92:2d","RSSI":-61},{"SSID":"WiFi Setup - University of Leeds","BSSID":"5c:a6:2d:cf:c4:43","RSSI":-61},{"SSID":"WiFi Setup - University of Leeds","BSSID":"5c:a6:2d:85:81:e3","RSSI":-63},{"SSID":"MeetInLeeds","BSSID":"5c:a6:2d:ce:b2:0d","RSSI":-63},{"SSID":"WiFi Setup - University of Leeds","BSSID":"5c:a6:2d:70:7b:43","RSSI":-64},{"SSID":"eduroam","BSSID":"ac:3a:67:08:29:a1","RSSI":-64},{"SSID":"WiFi Setup - University of Leeds","BSSID":"ac:3a:67:08:29:a3","RSSI":-64},{"SSID":"WiFi Setup - University of Leeds","BSSID":"5c:a6:2d:ce:bf:03","RSSI":-64},{"SSID":"MeetInLeeds","BSSID":"5c:a6:2d:af:91:cd","RSSI":-64},{"SSID":"eduroam","BSSID":"5c:a6:2d:85:81:ee","RSSI":-65},{"SSID":"WiFi Setup - University of Leeds","BSSID":"5c:a6:2d:af:91:43","RSSI":-65},{"SSID":"eduroam","BSSID":"5c:a6:2d:af:8d:ee","RSSI":-66},{"SSID":"WiFi Setup - University of Leeds","BSSID":"5c:a6:2d:af:94:a3","RSSI":-66},{"SSID":"WiFi Setup - University of Leeds","BSSID":"ac:3a:67:08:29:2c","RSSI":-67},{"SSID":"eduroam","BSSID":"5c:a6:2d:5d:ab:61","RSSI":-67},{"SSID":"MeetInLeeds","BSSID":"5c:a6:2d:ce:b5:02","RSSI":-67},{"SSID":"eduroam","BSSID":"5c:a6:2d:ce:b5:01","RSSI":-67},{"SSID":"eduroam","BSSID":"5c:a6:2d:5d:ab:6e","RSSI":-70},{"SSID":"MeetInLeeds","BSSID":"5c:a6:2d:5d:ab:6d","RSSI":-70},{"SSID":"WiFi Setup - University of Leeds","BSSID":"5c:a6:2d:af:91:8c","RSSI":-74},{"SSID":"WiFi Setup - University of Leeds","BSSID":"5c:a6:2d:ce:b4:cc","RSSI":-77},{"SSID":"MeetInLeeds","BSSID":"ac:3a:67:08:01:8d","RSSI":-78},{"SSID":"MeetInLeeds","BSSID":"5c:a6:2d:ce:b4:cd","RSSI":-78}],[{"SSID":"MeetInLeeds","BSSID":"ac:3a:67:08:32:4d","RSSI":-48},{"SSID":"eduroam","BSSID":"ac:3a:67:08:32:4e","RSSI":-49},{"SSID":"WiFi Setup - University of Leeds","BSSID":"ac:3a:67:08:32:4c","RSSI":-50},{"SSID":"WiFi Setup - University of Leeds","BSSID":"5c:a6:2d:ef:45:23","RSSI":-51},{"SSID":"MeetInLeeds","BSSID":"5c:a6:2d:ef:45:22","RSSI":-51},{"SSID":"eduroam","BSSID":"5c:a6:2d:86:6d:2e","RSSI":-54},{"SSID":"MeetInLeeds","BSSID":"5c:a6:2d:86:6d:2d","RSSI":-55},{"SSID":"eduroam","BSSID":"5c:a6:2d:af:91:c1","RSSI":-56},{"SSID":"MeetInLeeds","BSSID":"ac:3a:67:08:32:42","RSSI":-57},{"SSID":"eduroam","BSSID":"5c:a6:2d:86:6b:61","RSSI":-57},{"SSID":"MeetInLeeds","BSSID":"5c:a6:2d:86:6b:62","RSSI":-57},{"SSID":"TP-Link_0F14","BSSID":"c0:c9:e3:b8:0f:14","RSSI":-58},{"SSID":"eduroam","BSSID":"5c:a6:2d:af:92:2e","RSSI":-59},{"SSID":"WiFi Setup - University of Leeds","BSSID":"5c:a6:2d:af:92:2c","RSSI":-59},{"SSID":"MeetInLeeds","BSSID":"5c:a6:2d:af:91:82","RSSI":-59},{"SSID":"MeetInLeeds","BSSID":"5c:a6:2d:af:92:2d","RSSI":-60},{"SSID":"MeetInLeeds","BSSID":"5c:a6:2d:af:8f:cd","RSSI":-61},{"SSID":"MeetInLeeds","BSSID":"5c:a6:2d:ce:b2:02","RSSI":-61},{"SSID":"eduroam","BSSID":"5c:a6:2d:ce:b2:01","RSSI":-61},{"SSID":"WiFi Setup - University of Leeds","BSSID":"ac:3a:67:08:29:ac","RSSI":-61},{"SSID":"eduroam","BSSID":"5c:a6:2d:ce:b2:0e","RSSI":-62},{"SSID":"MeetInLeeds","BSSID":"5c:a6:2d:af:90:62","RSSI":-62},{"SSID":"WiFi Setup - University of Leeds","BSSID":"5c:a6:2d:af:91:cc","RSSI":-62},{"SSID":"MeetInLeeds","BSSID":"5c:a6:2d:ce:b2:0d","RSSI":-63},{"SSID":"WiFi Setup - University of Leeds","BSSID":"5c:a6:2d:ef:45:2c","RSSI":-63},{"SSID":"eduroam","BSSID":"ac:3a:67:08:29:ae","RSSI":-63},{"SSID":"WiFi Setup - University of Leeds","BSSID":"ac:3a:67:08:29:23","RSSI":-63},{"SSID":"MeetInLeeds","BSSID":"5c:a6:2d:af:8f:c2","RSSI":-64},{"SSID":"eduroam","BSSID":"5c:a6:2d:af:8f:c1","RSSI":-64},{"SSID":"WiFi Setup - University of Leeds","BSSID":"5c:a6:2d:b5:ca:ec","RSSI":-64},{"SSID":"MeetInLeeds","BSSID":"5c:a6:2d:af:91:cd","RSSI":-64},{"SSID":"WiFi Setup - University of Leeds","BSSID":"5c:a6:2d:cf:e3:43","RSSI":-65},{"SSID":"eduroam","BSSID":"5c:a6:2d:5d:ab:61","RSSI":-66},{"SSID":"WiFi Setup - University of Leeds","BSSID":"5c:a6:2d:5d:ab:63","RSSI":-66},{"SSID":"eduroam","BSSID":"5c:a6:2d:85:81:ee","RSSI":-68},{"SSID":"WiFi Setup - University of Leeds","BSSID":"5c:a6:2d:85:81:ec","RSSI":-68},{"SSID":"MeetInLeeds","BSSID":"5c:a6:2d:af:94:ad","RSSI":-69},{"SSID":"MeetInLeeds","BSSID":"5c:a6:2d:70:7b:4d","RSSI":-70},{"SSID":"WiFi Setup - University of Leeds","BSSID":"5c:a6:2d:ce:b5:0c","RSSI":-70},{"SSID":"WiFi Setup - University of Leeds","BSSID":"5c:a6:2d:cf:c3:2c","RSSI":-71},{"SSID":"eduroam","BSSID":"5c:a6:2d:af:91:8e","RSSI":-74},{"SSID":"eduroam","BSSID":"5c:a6:2d:ce:bf:0e","RSSI":-74},{"SSID":"MeetInLeeds","BSSID":"5c:a6:2d:5d:2e:22","RSSI":-74},{"SSID":"eduroam","BSSID":"5c:a6:2d:ce:a1:ce","RSSI":-76},{"SSID":"eduroam","BSSID":"5c:a6:2d:ce:b4:ce","RSSI":-77},{"SSID":"WiFi Setup - University of Leeds","BSSID":"ac:3a:67:08:04:03","RSSI":-78},{"SSID":"WiFi Setup - University of Leeds","BSSID":"5c:a6:2d:86:6b:63","RSSI":-80}],[{"SSID":"MeetInLeeds","BSSID":"ac:3a:67:08:32:4d","RSSI":-50},{"SSID":"WiFi Setup - University of Leeds","BSSID":"5c:a6:2d:ef:45:23","RSSI":-50},{"SSID":"eduroam","BSSID":"5c:a6:2d:ef:45:21","RSSI":-50},{"SSID":"eduroam","BSSID":"ac:3a:67:08:32:4e","RSSI":-51},{"SSID":"MeetInLeeds","BSSID":"5c:a6:2d:ef:45:22","RSSI":-51},{"SSID":"WiFi Setup - University of Leeds","BSSID":"5c:a6:2d:86:6d:23","RSSI":-53},{"SSID":"MeetInLeeds","BSSID":"5c:a6:2d:86:6d:22","RSSI":-53},{"SSID":"MeetInLeeds","BSSID":"ac:3a:67:08:32:42","RSSI":-54},{"SSID":"WiFi Setup - University of Leeds","BSSID":"ac:3a:67:08:32:43","RSSI":-54},{"SSID":"MeetInLeeds","BSSID":"5c:a6:2d:86:6b:62","RSSI":-54},{"SSID":"eduroam","BSSID":"5c:a6:2d:af:92:2e","RSSI":-55},{"SSID":"eduroam","BSSID":"5c:a6:2d:86:6b:61","RSSI":-55},{"SSID":"WiFi Setup - University of Leeds","BSSID":"5c:a6:2d:86:6b:63","RSSI":-55},{"SSID":"MeetInLeeds","BSSID":"5c:a6:2d:86:6b:6d","RSSI":-56},{"SSID":"eduroam","BSSID":"5c:a6:2d:86:6b:6e","RSSI":-57},{"SSID":"MeetInLeeds","BSSID":"5c:a6:2d:86:6d:2d","RSSI":-58},{"SSID":"WiFi Setup - University of Leeds","BSSID":"5c:a6:2d:af:91:c3","RSSI":-58},{"SSID":"MeetInLeeds","BSSID":"5c:a6:2d:b5:ca:e2","RSSI":-58},{"SSID":"MeetInLeeds","BSSID":"5c:a6:2d:af:91:c2","RSSI":-59},{"SSID":"WiFi Setup - University of Leeds","BSSID":"5c:a6:2d:86:6b:6c","RSSI":-59},{"SSID":"eduroam","BSSID":"5c:a6:2d:86:6d:2e","RSSI":-60},{"SSID":"MeetInLeeds","BSSID":"5c:a6:2d:af:91:82","RSSI":-60},{"SSID":"WiFi Setup - University of Leeds","BSSID":"5c:a6:2d:af:92:23","RSSI":-60},{"SSID":"WiFi Setup - University of Leeds","BSSID":"5c:a6:2d:af:91:cc","RSSI":-60},{"SSID":"WiFi Setup - University of Leeds","BSSID":"5c:a6:2d:af:91:83","RSSI":-61},{"SSID":"WiFi Setup - University of Leeds","BSSID":"5c:a6:2d:af:8d:e3","RSSI":-62},{"SSID":"eduroam","BSSID":"5c:a6:2d:ef:45:2e","RSSI":-62},{"SSID":"WiFi Setup - University of Leeds","BSSID":"5c:a6:2d:cf:c3:23","RSSI":-63},{"SSID":"MeetInLeeds","BSSID":"5c:a6:2d:af:91:cd","RSSI":-63},{"SSID":"WiFi Setup - University of Leeds","BSSID":"5c:a6:2d:af:91:43","RSSI":-63},{"SSID":"WiFi Setup - University of Leeds","BSSID":"ac:3a:67:08:29:a3","RSSI":-64},{"SSID":"WiFi Setup - University of Leeds","BSSID":"5c:a6:2d:b5:ca:ec","RSSI":-65},{"SSID":"MeetInLeeds","BSSID":"5c:a6:2d:b5:ca:ed","RSSI":-65},{"SSID":"WiFi Setup - University of Leeds","BSSID":"5c:a6:2d:ce:b5:0c","RSSI":-66},{"SSID":"eduroam","BSSID":"5c:a6:2d:af:91:4e","RSSI":-66},{"SSID":"eduroam","BSSID":"5c:a6:2d:85:81:ee","RSSI":-67},{"SSID":"MeetInLeeds","BSSID":"5c:a6:2d:ce:c1:e2","RSSI":-67},{"SSID":"WiFi Setup - University of Leeds","BSSID":"5c:a6:2d:af:91:4c","RSSI":-67},{"SSID":"WiFi Setup - University of Leeds","BSSID":"5c:a6:2d:70:7b:4c","RSSI":-68},{"SSID":"WiFi Setup - University of Leeds","BSSID":"5c:a6:2d:af:91:e3","RSSI":-68},{"SSID":"MeetInLeeds","BSSID":"5c:a6:2d:af:91:e2","RSSI":-68},{"SSID":"MeetInLeeds","BSSID":"5c:a6:2d:ce:b5:0d","RSSI":-69},{"SSID":"WiFi Setup - University of Leeds","BSSID":"5c:a6:2d:5d:ab:63","RSSI":-69},{"SSID":"eduroam","BSSID":"5c:a6:2d:ce:bf:01","RSSI":-69},{"SSID":"WiFi Setup - University of Leeds","BSSID":"5c:a6:2d:af:8f:c3","RSSI":-69},{"SSID":"eduroam","BSSID":"5c:a6:2d:ce:bf:0e","RSSI":-69},{"SSID":"MeetInLeeds","BSSID":"5c:a6:2d:70:7b:4d","RSSI":-70},{"SSID":"eduroam","BSSID":"5c:a6:2d:af:91:8e","RSSI":-70},{"SSID":"MeetInLeeds","BSSID":"5c:a6:2d:af:91:8d","RSSI":-70},{"SSID":"WiFi Setup - University of Leeds","BSSID":"5c:a6:2d:af:91:8c","RSSI":-71},{"SSID":"WiFi Setup - University of Leeds","BSSID":"5c:a6:2d:af:90:6c","RSSI":-71},{"SSID":"WiFi Setup - University of Leeds","BSSID":"5c:a6:2d:5d:ab:6c","RSSI":-71},{"SSID":"WiFi Setup - University of Leeds","BSSID":"5c:a6:2d:ce:bf:0c","RSSI":-71},{"SSID":"eduroam","BSSID":"5c:a6:2d:ce:a1:ce","RSSI":-72},{"SSID":"eduroam","BSSID":"5c:a6:2d:5d:ab:6e","RSSI":-72},{"SSID":"MeetInLeeds","BSSID":"5c:a6:2d:ce:bf:0d","RSSI":-73},{"SSID":"MeetInLeeds","BSSID":"5c:a6:2d:ce:a1:cd","RSSI":-74},{"SSID":"WiFi Setup - University of Leeds","BSSID":"5c:a6:2d:ce:a1:cc","RSSI":-74},{"SSID":"MeetInLeeds","BSSID":"5c:a6:2d:cf:c3:2d","RSSI":-74},{"SSID":"WiFi Setup - University of Leeds","BSSID":"ac:3a:67:08:01:8c","RSSI":-74},{"SSID":"eduroam","BSSID":"5c:a6:2d:ce:b4:ce","RSSI":-78},{"SSID":"WiFi Setup - University of Leeds","BSSID":"5c:a6:2d:cf:c4:4c","RSSI":-78},{"SSID":"eduroam","BSSID":"5c:a6:2d:cf:b0:a1","RSSI":-79},{"SSID":"WiFi Setup - University of Leeds","BSSID":"5c:a6:2d:cf:b0:0c","RSSI":-80},{"SSID":"eduroam","BSSID":"5c:a6:2d:cf:b0:0e","RSSI":-80},{"SSID":"WiFi Setup - University of Leeds","BSSID":"5c:a6:2d:86:6d:a3","RSSI":-80},{"SSID":"eduroam","BSSID":"5c:a6:2d:cf:e3:4e","RSSI":-83}],[{"SSID":"eduroam","BSSID":"ac:3a:67:08:32:4e","RSSI":-49},{"SSID":"MeetInLeeds","BSSID":"5c:a6:2d:af:91:c2","RSSI":-49},{"SSID":"WiFi Setup - University of Leeds","BSSID":"5c:a6:2d:af:91:c3","RSSI":-49},{"SSID":"WiFi Setup - University of Leeds","BSSID":"5c:a6:2d:ef:45:23","RSSI":-49},{"SSID":"MeetInLeeds","BSSID":"ac:3a:67:08:32:42","RSSI":-50},{"SSID":"WiFi Setup - University of Leeds","BSSID":"ac:3a:67:08:32:43","RSSI":-51},{"SSID":"MeetInLeeds","BSSID":"ac:3a:67:08:32:4d","RSSI":-51},{"SSID":"MeetInLeeds","BSSID":"5c:a6:2d:ef:45:22","RSSI":-51},{"SSID":"MeetInLeeds","BSSID":"5c:a6:2d:86:6d:22","RSSI":-53},{"SSID":"eduroam","BSSID":"5c:a6:2d:86:6d:21","RSSI":-53},{"SSID":"TP-Link_0F14","BSSID":"c0:c9:e3:b8:0f:14","RSSI":-57},{"SSID":"MeetInLeeds","BSSID":"5c:a6:2d:86:6d:2d","RSSI":-57},{"SSID":"eduroam","BSSID":"5c:a6:2d:86:6d:2e","RSSI":-57},{"SSID":"WiFi Setup - University of Leeds","BSSID":"5c:a6:2d:cf:c3:23","RSSI":-57},{"SSID":"MeetInLeeds","BSSID":"5c:a6:2d:af:8d:e2","RSSI":-58},{"SSID":"WiFi Setup - University of Leeds","BSSID":"5c:a6:2d:af:8d:e3","RSSI":-58},{"SSID":"eduroam","BSSID":"5c:a6:2d:af:91:ce","RSSI":-58},{"SSID":"WiFi Setup - University of Leeds","BSSID":"5c:a6:2d:af:91:cc","RSSI":-58},{"SSID":"WiFi Setup - University of Leeds","BSSID":"5c:a6:2d:86:6b:6c","RSSI":-58},{"SSID":"MeetInLeeds","BSSID":"5c:a6:2d:86:6b:6d","RSSI":-58},{"SSID":"MeetInLeeds","BSSID":"5c:a6:2d:af:91:cd","RSSI":-59},{"SSID":"MeetInLeeds","BSSID":"5c:a6:2d:af:92:22","RSSI":-60},{"SSID":"eduroam","BSSID":"5c:a6:2d:86:6b:6e","RSSI":-60},{"SSID":"WiFi Setup - University of Leeds","BSSID":"5c:a6:2d:af:92:2c","RSSI":-62},{"SSID":"WiFi Setup - University of Leeds","BSSID":"ac:3a:67:08:29:a3","RSSI":-62},{"SSID":"eduroam","BSSID":"5c:a6:2d:af:92:2e","RSSI":-63},{"SSID":"MeetInLeeds","BSSID":"5c:a6:2d:af:92:2d","RSSI":-63},{"SSID":"WiFi Setup - University of Leeds","BSSID":"5c:a6:2d:b5:ca:ec","RSSI":-63},{"SSID":"MeetInLeeds","BSSID":"5c:a6:2d:b5:ca:ed","RSSI":-63},{"SSID":"MeetInLeeds","BSSID":"5c:a6:2d:5d:ab:62","RSSI":-64},{"SSID":"MeetInLeeds","BSSID":"5c:a6:2d:ef:45:2d","RSSI":-64},{"SSID":"MeetInLeeds","BSSID":"5c:a6:2d:ce:bf:02","RSSI":-65},{"SSID":"eduroam","BSSID":"5c:a6:2d:ce:bf:01","RSSI":-65},{"SSID":"eduroam","BSSID":"ac:3a:67:08:01:81","RSSI":-66},{"SSID":"WiFi Setup - University of Leeds","BSSID":"5c:a6:2d:ce:b5:0c","RSSI":-66},{"SSID":"MeetInLeeds","BSSID":"5c:a6:2d:af:8f:c2","RSSI":-66},{"SSID":"WiFi Setup - University of Leeds","BSSID":"5c:a6:2d:af:8f:c3","RSSI":-66},{"SSID":"WiFi Setup - University of Leeds","BSSID":"5c:a6:2d:ce:b4:c3","RSSI":-66},{"SSID":"WiFi Setup - University of Leeds","BSSID":"5c:a6:2d:85:81:ec","RSSI":-67},{"SSID":"WiFi Setup - University of Leeds","BSSID":"ac:3a:67:08:32:4c","RSSI":-67},{"SSID":"WiFi Setup - University of Leeds","BSSID":"5c:a6:2d:ce:c1:e3","RSSI":-68},{"SSID":"MeetInLeeds","BSSID":"5c:a6:2d:ce:b5:0d","RSSI":-68},{"SSID":"MeetInLeeds","BSSID":"5c:a6:2d:70:7b:4d","RSSI":-69},{"SSID":"WiFi Setup - University of Leeds","BSSID":"5c:a6:2d:70:7b:4c","RSSI":-69},{"SSID":"eduroam","BSSID":"5c:a6:2d:ce:b5:0e","RSSI":-69},{"SSID":"WiFi Setup - University of Leeds","BSSID":"5c:a6:2d:5d:ab:6c","RSSI":-69},{"SSID":"eduroam","BSSID":"5c:a6:2d:ce:bf:0e","RSSI":-69},{"SSID":"eduroam","BSSID":"5c:a6:2d:5d:ab:6e","RSSI":-70},{"SSID":"MeetInLeeds","BSSID":"5c:a6:2d:5d:ab:6d","RSSI":-70},{"SSID":"WiFi Setup - University of Leeds","BSSID":"5c:a6:2d:ce:bf:0c","RSSI":-70},{"SSID":"MeetInLeeds","BSSID":"5c:a6:2d:ce:bf:0d","RSSI":-71},{"SSID":"eduroam","BSSID":"5c:a6:2d:cf:c5:ee","RSSI":-72},{"SSID":"WiFi Setup - University of Leeds","BSSID":"5c:a6:2d:ce:a1:cc","RSSI":-73},{"SSID":"WiFi Setup - University of Leeds","BSSID":"5c:a6:2d:ce:a1:c3","RSSI":-73},{"SSID":"eduroam","BSSID":"5c:a6:2d:ce:a1:ce","RSSI":-74},{"SSID":"WiFi Setup - University of Leeds","BSSID":"5c:a6:2d:af:91:8c","RSSI":-74},{"SSID":"WiFi Setup - University of Leeds","BSSID":"5c:a6:2d:ce:8e:a3","RSSI":-74},{"SSID":"MeetInLeeds","BSSID":"5c:a6:2d:ce:b4:cd","RSSI":-77},{"SSID":"WiFi Setup - University of Leeds","BSSID":"5c:a6:2d:ce:b4:cc","RSSI":-77},{"SSID":"WiFi Setup - University of Leeds","BSSID":"ac:3a:67:08:01:8c","RSSI":-78},{"SSID":"eduroam","BSSID":"5c:a6:2d:ce:b4:ce","RSSI":-78},{"SSID":"MeetInLeeds","BSSID":"5c:a6:2d:cf:c4:4d","RSSI":-78},{"SSID":"WiFi Setup - University of Leeds","BSSID":"5c:a6:2d:cf:b0:0c","RSSI":-79},{"SSID":"eduroam","BSSID":"5c:a6:2d:cf:b0:0e","RSSI":-79},{"SSID":"MeetInLeeds","BSSID":"ac:3a:67:07:fb:02","RSSI":-79},{"SSID":"WiFi Setup - University of Leeds","BSSID":"5c:a6:2d:ce:b9:23","RSSI":-83},{"SSID":"MeetInLeeds","BSSID":"5c:a6:2d:5d:2b:4d","RSSI":-86}],[{"SSID":"MeetInLeeds","BSSID":"ac:3a:67:08:32:4d","RSSI":-49},{"SSID":"MeetInLeeds","BSSID":"5c:a6:2d:af:91:c2","RSSI":-49},{"SSID":"WiFi Setup - University of Leeds","BSSID":"5c:a6:2d:af:91:c3","RSSI":-49},{"SSID":"eduroam","BSSID":"5c:a6:2d:ef:45:21","RSSI":-51},{"SSID":"WiFi Setup - University of Leeds","BSSID":"5c:a6:2d:86:6d:23","RSSI":-52},{"SSID":"MeetInLeeds","BSSID":"ac:3a:67:08:32:42","RSSI":-53},{"SSID":"MeetInLeeds","BSSID":"5c:a6:2d:86:6d:22","RSSI":-53},{"SSID":"eduroam","BSSID":"5c:a6:2d:86:6b:61","RSSI":-54},{"SSID":"MeetInLeeds","BSSID":"5c:a6:2d:86:6b:62","RSSI":-54},{"SSID":"WiFi Setup - University of Leeds","BSSID":"5c:a6:2d:86:6b:63","RSSI":-55},{"SSID":"WiFi Setup - University of Leeds","BSSID":"5c:a6:2d:cf:c3:23","RSSI":-56},{"SSID":"eduroam","BSSID":"5c:a6:2d:86:6b:6e","RSSI":-57},{"SSID":"WiFi Setup - University of Leeds","BSSID":"5c:a6:2d:cf:c4:43","RSSI":-58},{"SSID":"WiFi Setup - University of Leeds","BSSID":"5c:a6:2d:af:91:cc","RSSI":-58},{"SSID":"WiFi Setup - University of Leeds","BSSID":"5c:a6:2d:86:6b:6c","RSSI":-58},{"SSID":"MeetInLeeds","BSSID":"5c:a6:2d:af:8d:e2","RSSI":-59},{"SSID":"MeetInLeeds","BSSID":"5c:a6:2d:af:8f:cd","RSSI":-59},{"SSID":"WiFi Setup - University of Leeds","BSSID":"5c:a6:2d:af:8f:cc","RSSI":-59},{"SSID":"eduroam","BSSID":"5c:a6:2d:af:91:ce","RSSI":-59},{"SSID":"MeetInLeeds","BSSID":"5c:a6:2d:af:91:cd","RSSI":-59},{"SSID":"MeetInLeeds","BSSID":"5c:a6:2d:86:6b:6d","RSSI":-59},{"SSID":"eduroam","BSSID":"ac:3a:67:08:32:4e","RSSI":-60},{"SSID":"MeetInLeeds","BSSID":"5c:a6:2d:b5:ca:e2","RSSI":-60},{"SSID":"WiFi Setup - University of Leeds","BSSID":"5c:a6:2d:b5:ca:e3","RSSI":-60},{"SSID":"MeetInLeeds","BSSID":"ac:3a:67:08:29:22","RSSI":-60},{"SSID":"WiFi Setup - University of Leeds","BSSID":"5c:a6:2d:86:6d:2c","RSSI":-61},{"SSID":"eduroam","BSSID":"5c:a6:2d:af:92:2e","RSSI":-61},{"SSID":"MeetInLeeds","BSSID":"5c:a6:2d:af:92:2d","RSSI":-61},{"SSID":"WiFi Setup - University of Leeds","BSSID":"5c:a6:2d:af:92:2c","RSSI":-61},{"SSID":"eduroam","BSSID":"5c:a6:2d:ce:b2:01","RSSI":-62},{"SSID":"eduroam","BSSID":"ac:3a:67:08:29:21","RSSI":-62},{"SSID":"WiFi Setup - University of Leeds","BSSID":"ac:3a:67:08:29:23","RSSI":-62},{"SSID":"MeetInLeeds","BSSID":"5c:a6:2d:ce:b2:02","RSSI":-63},{"SSID":"MeetInLeeds","BSSID":"5c:a6:2d:ef:45:2d","RSSI":-64},{"SSID":"MeetInLeeds","BSSID":"5c:a6:2d:b5:ca:ed","RSSI":-64},{"SSID":"eduroam","BSSID":"5c:a6:2d:b5:ca:ee","RSSI":-64},{"SSID":"MeetInLeeds","BSSID":"5c:a6:2d:70:7b:42","RSSI":-65},{"SSID":"WiFi Setup - University of Leeds","BSSID":"5c:a6:2d:ce:b5:0c","RSSI":-65},{"SSID":"WiFi Setup - University of Leeds","BSSID":"5c:a6:2d:ce:b5:03","RSSI":-65},{"SSID":"WiFi Setup - University of Leeds","BSSID":"5c:a6:2d:af:91:4c","RSSI":-65},{"SSID":"eduroam","BSSID":"5c:a6:2d:ce:b5:0e","RSSI":-66},{"SSID":"eduroam","BSSID":"5c:a6:2d:ce:c1:e1","RSSI":-67},{"SSID":"MeetInLeeds","BSSID":"5c:a6:2d:ce:b5:0d","RSSI":-67},{"SSID":"WiFi Setup - University of Leeds","BSSID":"5c:a6:2d:af:90:6c","RSSI":-67},{"SSID":"WiFi Setup - University of Leeds","BSSID":"5c:a6:2d:ef:45:2c","RSSI":-67},{"SSID":"MeetInLeeds","BSSID":"5c:a6:2d:70:7b:4d","RSSI":-69},{"SSID":"WiFi Setup - University of Leeds","BSSID":"5c:a6:2d:70:7b:4c","RSSI":-69},{"SSID":"eduroam","BSSID":"5c:a6:2d:85:81:ee","RSSI":-69},{"SSID":"eduroam","BSSID":"5c:a6:2d:af:8d:ee","RSSI":-69},{"SSID":"WiFi Setup - University of Leeds","BSSID":"5c:a6:2d:af:8d:ec","RSSI":-69},{"SSID":"MeetInLeeds","BSSID":"5c:a6:2d:af:8d:ed","RSSI":-69},{"SSID":"MeetInLeeds","BSSID":"5c:a6:2d:af:94:ad","RSSI":-70},{"SSID":"WiFi Setup - University of Leeds","BSSID":"5c:a6:2d:af:94:ac","RSSI":-70},{"SSID":"eduroam","BSSID":"5c:a6:2d:ce:bf:0e","RSSI":-70},{"SSID":"MeetInLeeds","BSSID":"5c:a6:2d:cf:c5:ed","RSSI":-71},{"SSID":"WiFi Setup - University of Leeds","BSSID":"5c:a6:2d:cf:c5:ec","RSSI":-71},{"SSID":"eduroam","BSSID":"5c:a6:2d:5d:ab:6e","RSSI":-71},{"SSID":"MeetInLeeds","BSSID":"5c:a6:2d:ce:bf:0d","RSSI":-71},{"SSID":"WiFi Setup - University of Leeds","BSSID":"ac:3a:67:08:01:8c","RSSI":-73},{"SSID":"eduroam","BSSID":"ac:3a:67:08:01:8e","RSSI":-73},{"SSID":"WiFi Setup - University of Leeds","BSSID":"5c:a6:2d:ce:bf:0c","RSSI":-73},{"SSID":"WiFi Setup - University of Leeds","BSSID":"5c:a6:2d:ce:c1:ec","RSSI":-73},{"SSID":"MeetInLeeds","BSSID":"5c:a6:2d:af:91:8d","RSSI":-74},{"SSID":"WiFi Setup - University of Leeds","BSSID":"5c:a6:2d:45:db:8c","RSSI":-74},{"SSID":"MeetInLeeds","BSSID":"5c:a6:2d:ce:c1:ed","RSSI":-74},{"SSID":"MeetInLeeds","BSSID":"5c:a6:2d:cf:c3:2d","RSSI":-76},{"SSID":"WiFi Setup - University of Leeds","BSSID":"5c:a6:2d:cf:c3:2c","RSSI":-76},{"SSID":"MeetInLeeds","BSSID":"5c:a6:2d:ce:b4:cd","RSSI":-76},{"SSID":"eduroam","BSSID":"5c:a6:2d:ce:b4:ce","RSSI":-77},{"SSID":"WiFi Setup - University of Leeds","BSSID":"5c:a6:2d:ce:b4:cc","RSSI":-77},{"SSID":"WiFi Setup - University of Leeds","BSSID":"ac:3a:67:08:04:03","RSSI":-79},{"SSID":"MeetInLeeds","BSSID":"5c:a6:2d:cf:b0:0d","RSSI":-79},{"SSID":"eduroam","BSSID":"ac:3a:67:08:2a:0e","RSSI":-79},{"SSID":"WiFi Setup - University of Leeds","BSSID":"5c:a6:2d:cf:e3:4c","RSSI":-80},{"SSID":"eduroam","BSSID":"5c:a6:2d:ce:b9:2e","RSSI":-83},{"SSID":"MeetInLeeds","BSSID":"5c:a6:2d:af:92:4d","RSSI":-85}],[{"SSID":"MeetInLeeds","BSSID":"ac:3a:67:08:32:4d","RSSI":-48},{"SSID":"eduroam","BSSID":"ac:3a:67:08:32:4e","RSSI":-49},{"SSID":"MeetInLeeds","BSSID":"5c:a6:2d:af:91:c2","RSSI":-49},{"SSID":"eduroam","BSSID":"5c:a6:2d:af:91:c1","RSSI":-49},{"SSID":"WiFi Setup - University of Leeds","BSSID":"5c:a6:2d:af:91:c3","RSSI":-49},{"SSID":"WiFi Setup - University of Leeds","BSSID":"ac:3a:67:08:32:4c","RSSI":-50},{"SSID":"WiFi Setup - University of Leeds","BSSID":"5c:a6:2d:ef:45:23","RSSI":-51},{"SSID":"MeetInLeeds","BSSID":"5c:a6:2d:ef:45:22","RSSI":-52},{"SSID":"MeetInLeeds","BSSID":"5c:a6:2d:86:6d:22","RSSI":-52},{"SSID":"WiFi Setup - University of Leeds","BSSID":"ac:3a:67:08:32:43","RSSI":-53},{"SSID":"MeetInLeeds","BSSID":"ac:3a:67:08:32:42","RSSI":-54},{"SSID":"eduroam","BSSID":"5c:a6:2d:86:6b:6e","RSSI":-55},{"SSID":"TP-Link_0F14","BSSID":"c0:c9:e3:b8:0f:14","RSSI":-56},{"SSID":"MeetInLeeds","BSSID":"5c:a6:2d:cf:c3:22","RSSI":-57},{"SSID":"eduroam","BSSID":"5c:a6:2d:cf:c4:41","RSSI":-57},{"SSID":"MeetInLeeds","BSSID":"5c:a6:2d:cf:c4:42","RSSI":-57},{"SSID":"MeetInLeeds","BSSID":"5c:a6:2d:86:6d:2d","RSSI":-58},{"SSID":"WiFi Setup - University of Leeds","BSSID":"5c:a6:2d:86:6d:2c","RSSI":-58},{"SSID":"eduroam","BSSID":"5c:a6:2d:86:6d:2e","RSSI":-58},{"SSID":"WiFi Setup - University of Leeds","BSSID":"5c:a6:2d:cf:c3:23","RSSI":-58},{"SSID":"WiFi Setup - University of Leeds","BSSID":"5c:a6:2d:cf:c4:43","RSSI":-58},{"SSID":"eduroam","BSSID":"5c:a6:2d:af:91:ce","RSSI":-58},{"SSID":"eduroam","BSSID":"5c:a6:2d:af:8f:ce","RSSI":-59},{"SSID":"WiFi Setup - University of Leeds","BSSID":"5c:a6:2d:af:91:cc","RSSI":-59},{"SSID":"WiFi Setup - University of Leeds","BSSID":"5c:a6:2d:af:8d:e3","RSSI":-60},{"SSID":"WiFi Setup - University of Leeds","BSSID":"5c:a6:2d:ce:b2:0c","RSSI":-60},{"SSID":"MeetInLeeds","BSSID":"5c:a6:2d:af:91:cd","RSSI":-60},{"SSID":"MeetInLeeds","BSSID":"5c:a6:2d:86:6b:6d","RSSI":-60},{"SSID":"eduroam","BSSID":"5c:a6:2d:af:92:2e","RSSI":-61},{"SSID":"WiFi Setup - University of Leeds","BSSID":"5c:a6:2d:af:91:83","RSSI":-61},{"SSID":"MeetInLeeds","BSSID":"5c:a6:2d:af:92:2d","RSSI":-62},{"SSID":"WiFi Setup - University of Leeds","BSSID":"5c:a6:2d:af:92:2c","RSSI":-62},{"SSID":"MeetInLeeds","BSSID":"5c:a6:2d:af:91:82","RSSI":-62},{"SSID":"MeetInLeeds","BSSID":"5c:a6:2d:af:92:22","RSSI":-62},{"SSID":"eduroam","BSSID":"ac:3a:67:08:29:a1","RSSI":-62},{"SSID":"eduroam","BSSID":"ac:3a:67:08:29:ae","RSSI":-63},{"SSID":"MeetInLeeds","BSSID":"5c:a6:2d:af:94:a2","RSSI":-64},{"SSID":"MeetInLeeds","BSSID":"5c:a6:2d:b5:ca:ed","RSSI":-64},{"SSID":"eduroam","BSSID":"5c:a6:2d:ef:45:2e","RSSI":-65},{"SSID":"eduroam","BSSID":"5c:a6:2d:b5:ca:ee","RSSI":-65},{"SSID":"eduroam","BSSID":"5c:a6:2d:ce:b5:0e","RSSI":-66},{"SSID":"MeetInLeeds","BSSID":"5c:a6:2d:ce:b5:0d","RSSI":-66},{"SSID":"MeetInLeeds","BSSID":"5c:a6:2d:ce:b5:02","RSSI":-66},{"SSID":"WiFi Setup - University of Leeds","BSSID":"5c:a6:2d:af:91:4c","RSSI":-66},{"SSID":"MeetInLeeds","BSSID":"5c:a6:2d:85:81:ed","RSSI":-67},{"SSID":"WiFi Setup - University of Leeds","BSSID":"5c:a6:2d:85:81:ec","RSSI":-67},{"SSID":"WiFi Setup - University of Leeds","BSSID":"5c:a6:2d:ce:b5:0c","RSSI":-67},{"SSID":"eduroam","BSSID":"5c:a6:2d:85:81:ee","RSSI":-68},{"SSID":"eduroam","BSSID":"5c:a6:2d:af:90:6e","RSSI":-69},{"SSID":"MeetInLeeds","BSSID":"5c:a6:2d:ce:bf:0d","RSSI":-69},{"SSID":"eduroam","BSSID":"5c:a6:2d:cf:c5:ee","RSSI":-70},{"SSID":"MeetInLeeds","BSSID":"5c:a6:2d:cf:c5:ed","RSSI":-70},{"SSID":"WiFi Setup - University of Leeds","BSSID":"5c:a6:2d:ce:bf:0c","RSSI":-70},{"SSID":"eduroam","BSSID":"5c:a6:2d:ce:b4:c1","RSSI":-70},{"SSID":"WiFi Setup - University of Leeds","BSSID":"5c:a6:2d:cf:c3:2c","RSSI":-74},{"SSID":"eduroam","BSSID":"5c:a6:2d:ce:b4:ce","RSSI":-74},{"SSID":"WiFi Setup - University of Leeds","BSSID":"5c:a6:2d:af:91:8c","RSSI":-75},{"SSID":"MeetInLeeds","BSSID":"5c:a6:2d:af:91:8d","RSSI":-75},{"SSID":"WiFi Setup - University of Leeds","BSSID":"5c:a6:2d:b5:ca:ec","RSSI":-75},{"SSID":"WiFi Setup - University of Leeds","BSSID":"5c:a6:2d:ce:b4:cc","RSSI":-76},{"SSID":"MeetInLeeds","BSSID":"5c:a6:2d:ce:b4:cd","RSSI":-77},{"SSID":"WiFi Setup - University of Leeds","BSSID":"5c:a6:2d:cf:c4:4c","RSSI":-79},{"SSID":"MeetInLeeds","BSSID":"5c:a6:2d:cf:c4:4d","RSSI":-79},{"SSID":"WiFi Setup - University of Leeds","BSSID":"5c:a6:2d:cf:e3:4c","RSSI":-82},{"SSID":"MeetInLeeds","BSSID":"ac:3a:67:08:2a:0d","RSSI":-82},{"SSID":"WiFi Setup - University of Leeds","BSSID":"ac:3a:67:08:2a:0c","RSSI":-82},{"SSID":"MeetInLeeds","BSSID":"5c:a6:2d:af:91:ed","RSSI":-87}],[{"SSID":"WiFi Setup - University of Leeds","BSSID":"5c:a6:2d:af:91:c3","RSSI":-49},{"SSID":"MeetInLeeds","BSSID":"5c:a6:2d:af:91:c2","RSSI":-50},{"SSID":"MeetInLeeds","BSSID":"5c:a6:2d:ef:45:22","RSSI":-51},{"SSID":"MeetInLeeds","BSSID":"5c:a6:2d:86:6b:62","RSSI":-51},{"SSID":"WiFi Setup - University of Leeds","BSSID":"5c:a6:2d:86:6d:23","RSSI":-52},{"SSID":"WiFi Setup - University of Leeds","BSSID":"ac:3a:67:08:32:43","RSSI":-52},{"SSID":"eduroam","BSSID":"ac:3a:67:08:32:4e","RSSI":-52},{"SSID":"WiFi Setup - University of Leeds","BSSID":"5c:a6:2d:ef:45:23","RSSI":-52},{"SSID":"WiFi Setup - University of Leeds","BSSID":"5c:a6:2d:86:6b:63","RSSI":-52},{"SSID":"MeetInLeeds","BSSID":"5c:a6:2d:86:6d:22","RSSI":-52},{"SSID":"MeetInLeeds","BSSID":"ac:3a:67:08:32:4d","RSSI":-53},{"SSID":"MeetInLeeds","BSSID":"5c:a6:2d:af:92:2d","RSSI":-53},{"SSID":"WiFi Setup - University of Leeds","BSSID":"5c:a6:2d:af:92:2c","RSSI":-53},{"SSID":"WiFi Setup - University of Leeds","BSSID":"ac:3a:67:08:32:4c","RSSI":-54},{"SSID":"eduroam","BSSID":"5c:a6:2d:af:92:2e","RSSI":-56},{"SSID":"MeetInLeeds","BSSID":"5c:a6:2d:cf:c4:42","RSSI":-56},{"SSID":"WiFi Setup - University of Leeds","BSSID":"5c:a6:2d:cf:c3:23","RSSI":-57},{"SSID":"MeetInLeeds","BSSID":"5c:a6:2d:86:6b:6d","RSSI":-57},{"SSID":"WiFi Setup - University of Leeds","BSSID":"5c:a6:2d:cf:c4:43","RSSI":-58},{"SSID":"eduroam","BSSID":"5c:a6:2d:86:6b:6e","RSSI":-58},{"SSID":"WiFi Setup - University of Leeds","BSSID":"5c:a6:2d:86:6b:6c","RSSI":-59},{"SSID":"MeetInLeeds","BSSID":"5c:a6:2d:b5:ca:e2","RSSI":-60},{"SSID":"WiFi Setup - University of Leeds","BSSID":"5c:a6:2d:b5:ca:e3","RSSI":-60},{"SSID":"WiFi Setup - University of Leeds","BSSID":"5c:a6:2d:86:6d:2c","RSSI":-62},{"SSID":"WiFi Setup - University of Leeds","BSSID":"5c:a6:2d:af:92:23","RSSI":-62},{"SSID":"MeetInLeeds","BSSID":"5c:a6:2d:af:90:62","RSSI":-63},{"SSID":"WiFi Setup - University of Leeds","BSSID":"ac:3a:67:08:01:83","RSSI":-64},{"SSID":"MeetInLeeds","BSSID":"5c:a6:2d:ef:45:2d","RSSI":-64},{"SSID":"eduroam","BSSID":"5c:a6:2d:af:91:e1","RSSI":-64},{"SSID":"WiFi Setup - University of Leeds","BSSID":"5c:a6:2d:ef:45:2c","RSSI":-65},{"SSID":"WiFi Setup - University of Leeds","BSSID":"5c:a6:2d:af:91:e3","RSSI":-65},{"SSID":"MeetInLeeds","BSSID":"5c:a6:2d:5d:ab:6d","RSSI":-68},{"SSID":"WiFi Setup - University of Leeds","BSSID":"5c:a6:2d:5d:ab:6c","RSSI":-68},{"SSID":"WiFi Setup - University of Leeds","BSSID":"5c:a6:2d:cf:e3:43","RSSI":-68},{"SSID":"MeetInLeeds","BSSID":"5c:a6:2d:70:7b:4d","RSSI":-69},{"SSID":"WiFi Setup - University of Leeds","BSSID":"5c:a6:2d:70:7b:4c","RSSI":-69},{"SSID":"MeetInLeeds","BSSID":"5c:a6:2d:ce:c1:e2","RSSI":-69},{"SSID":"MeetInLeeds","BSSID":"5c:a6:2d:af:8d:e2","RSSI":-69},{"SSID":"MeetInLeeds","BSSID":"5c:a6:2d:ce:b2:0d","RSSI":-69},{"SSID":"WiFi Setup - University of Leeds","BSSID":"5c:a6:2d:af:94:ac","RSSI":-71},{"SSID":"MeetInLeeds","BSSID":"5c:a6:2d:cf:ab:ad","RSSI":-73},{"SSID":"MeetInLeeds","BSSID":"5c:a6:2d:af:8d:ed","RSSI":-74},{"SSID":"WiFi Setup - University of Leeds","BSSID":"5c:a6:2d:cf:c5:ec","RSSI":-74},{"SSID":"MeetInLeeds","BSSID":"5c:a6:2d:cf:c4:4d","RSSI":-74},{"SSID":"WiFi Setup - University of Leeds","BSSID":"5c:a6:2d:af:8d:ec","RSSI":-75},{"SSID":"eduroam","BSSID":"5c:a6:2d:cf:c5:ee","RSSI":-75},{"SSID":"MeetInLeeds","BSSID":"5c:a6:2d:cf:c5:ed","RSSI":-76},{"SSID":"MeetInLeeds","BSSID":"5c:a6:2d:ce:b4:cd","RSSI":-77},{"SSID":"WiFi Setup - University of Leeds","BSSID":"5c:a6:2d:ce:b4:cc","RSSI":-77},{"SSID":"WiFi Setup - University of Leeds","BSSID":"5c:a6:2d:45:db:8c","RSSI":-80},{"SSID":"eduroam","BSSID":"5c:a6:2d:ce:b9:2e","RSSI":-85},{"SSID":"eduroam","BSSID":"5c:a6:2d:af:8d:ee","RSSI":-86}]]