[[{"SSID":"MeetInLeeds","BSSID":"5c:a6:2d:cf:e5:a2","RSSI":-62},{"SSID":"eduroam","BSSID":"5c:a6:2d:cf:e5:a1","RSSI":-62},{"SSID":"eduroam","BSSID":"5c:a6:2d:cf:e5:ae","RSSI":-62},{"SSID":"MeetInLeeds","BSSID":"5c:a6:2d:cf:e5:ad","RSSI":-62},{"SSID":"MeetInLeeds","BSSID":"5c:a6:2d:af:93:42","RSSI":-83},{"SSID":"MeetInLeeds","BSSID":"5c:a6:2d:87:02:22","RSSI":-83},{"SSID":"eduroam","BSSID":"5c:a6:2d:af:93:4e","RSSI":-87}],[{"SSID":"eduroam","BSSID":"5c:a6:2d:cf:e5:ae","RSSI":-60},{"SSID":"MeetInLeeds","BSSID":"5c:a6:2d:cf:e5:ad","RSSI":-60},{"SSID":"MeetInLeeds","BSSID":"5c:a6:2d:cf:e5:a2","RSSI":-63},{"SSID":"eduroam","BSSID":"5c:a6:2d:cf:e5:a1","RSSI":-63},{"SSID":"MeetInLeeds","BSSID":"5c:a6:2d:af:93:42","RSSI":-82},{"SSID":"Vertical_Axis","BSSID":"3c:71:bf:84:d7:51","RSSI":-86}],[{"SSID":"MeetInLeeds","BSSID":"5c:a6:2d:cf:e5:a2","RSSI":-58},{"SSID":"eduroam","BSSID":"5c:a6:2d:cf:e5:ae","RSSI":-61},{"SSID":"MeetInLeeds","BSSID":"5c:a6:2d:cf:e5:ad","RSSI":-61},{"SSID":"MeetInLeeds","BSSID":"5c:a6:2d:cf:bf:c2","RSSI":-83}],[{"SSID":"MeetInLeeds","BSSID":"5c:a6:2d:cf:e5:a2","RSSI":-59},{"SSID":"eduroam","BSSID":"5c:a6:2d:cf:e5:a1","RSSI":-59},{"SSID":"eduroam","BSSID":"5c:a6:2d:cf:e5:ae","RSSI":-60},{"SSID":"MeetInLeeds","BSSID":"5c:a6:2d:cf:e5:ad","RSSI":-60},{"SSID":"MeetInLeeds","BSSID":"5c:a6:2d:87:02:22","RSSI":-80},{"SSID":"eduroam","BSSID":"5c:a6:2d:87:02:21","RSSI":-80},{"SSID":"eduroam","BSSID":"5c:a6:2d:b6:46:41","RSSI":-81},{"SSID":"MeetInLeeds","BSSID":"5c:a6:2d:cf:bf:c2","RSSI":-82},{"SSID":"eduroam","BSSID":"5c:a6:2d:cf:bf:c1","RSSI":-82},{"SSID":"MeetInLeeds","BSSID":"5c:a6:2d:b6:46:42","RSSI":-82},{"SSID":"MeetInLeeds","BSSID":"5c:a6:2d:86:69:c2","RSSI":-83}],[{"SSID":"eduroam","BSSID":"5c:a6:2d:cf:e5:a1","RSSI":-59},{"SSID":"MeetInLeeds","BSSID":"5c:a6:2d:cf:e5:a2","RSSI":-60},{"SSID":"eduroam","BSSID":"5c:a6:2d:cf:e5:ae","RSSI":-64},{"SSID":"MeetInLeeds","BSSID":"5c:a6:2d:cf:e5:ad","RSSI":-64},{"SSID":"MeetInLeeds","BSSID":"5c:a6:2d:87:02:22","RSSI":-78},{"SSID":"eduroam","BSSID":"5c:a6:2d:87:02:21","RSSI":-79}],[{"SSID":"eduroam","BSSID":"5c:a6:2d:cf:e5:ae","RSSI":-60},{"SSID":"MeetInLeeds","BSSID":"5c:a6:2d:cf:e5:ad","RSSI":-60},{"SSID":"MeetInLeeds","BSSID":"5c:a6:2d:cf:e5:a2","RSSI":-64},{"SSID":"eduroam","BSSID":"5c:a6:2d:cf:e5:a1","RSSI":-65},{"SSID":"MeetInLeeds","BSSID":"5c:a6:2d:cf:bf:c2","RSSI":-84}],[{"SSID":"eduroam","BSSID":"5c:a6:2d:cf:e5:ae","RSSI":-61},{"SSID":"MeetInLeeds","BSSID":"5c:a6:2d:cf:e5:ad","RSSI":-61},{"SSID":"MeetInLeeds","BSSID":"5c:a6:2d:87:02:22","RSSI":-78}],[{"SSID":"eduroam","BSSID":"5c:a6:2d:cf:e5:ae","RSSI":-51},{"SSID":"MeetInLeeds","BSSID":"5c:a6:2d:cf:e5:ad","RSSI":-51},{"SSID":"eduroam","BSSID":"5c:a6:2d:86:69:ce","RSSI":-77},{"SSID":"MeetInLeeds","BSSID":"5c:a6:2d:86:69:cd","RSSI":-78},{"SSID":"eduroam","BSSID":"5c:a6:2d:af:93:4e","RSSI":-78},{"SSID":"MeetInLeeds","BSSID":"5c:a6:2d:cf:bf:cd","RSSI":-79},{"SSID":"MeetInLeeds","BSSID":"5c:a6:2d:af:93:4d","RSSI":-79},{"SSID":"eduroam","BSSID":"5c:a6:2d:cf:bf:ce","RSSI":-80},{"SSID":"eduroam","BSSID":"5c:a6:2d:b6:46:4e","RSSI":-81},{"SSID":"eduroam","BSSID":"5c:a6:2d:af:93:41","RSSI":-82},{"SSID":"MeetInLeeds","BSSID":"5c:a6:2d:af:93:42","RSSI":-82},{"SSID":"MeetInLeeds","BSSID":"5c:a6:2d:b6:46:4d","RSSI":-82},{"SSID":"MeetInLeeds","BSSID":"5c:a6:2d:cf:bf:c2","RSSI":-84},{"SSID":"MeetInLeeds","BSSID":"ac:3a:67:08:28:e2","RSSI":-84},{"SSID":"MeetInLeeds","BSSID":"5c:a6:2d:cf:c4:ed","RSSI":-84},{"SSID":"MeetInLeeds","BSSID":"5c:a6:2d:86:6f:2d","RSSI":-85}],[{"SSID":"eduroam","BSSID":"5c:a6:2d:cf:e5:ae","RSSI":-48},{"SSID":"MeetInLeeds","BSSID":"5c:a6:2d:cf:e5:ad","RSSI":-49},{"SSID":"eduroam","BSSID":"5c:a6:2d:af:93:41","RSSI":-68},{"SSID":"MeetInLeeds","BSSID":"5c:a6:2d:cf:bf:c2","RSSI":-69},{"SSID":"eduroam","BSSID":"5c:a6:2d:cf:bf:c1","RSSI":-69},{"SSID":"MeetInLeeds","BSSID":"5c:a6:2d:af:93:42","RSSI":-69},{"SSID":"MeetInLeeds","BSSID":"5c:a6:2d:cf:bf:cd","RSSI":-74},{"SSID":"eduroam","BSSID":"5c:a6:2d:cf:bf:ce","RSSI":-74},{"SSID":"MeetInLeeds","BSSID":"5c:a6:2d:86:69:c2","RSSI":-76},{"SSID":"eduroam","BSSID":"5c:a6:2d:86:69:c1","RSSI":-76},{"SSID":"MeetInLeeds","BSSID":"5c:a6:2d:87:02:2d","RSSI":-76},{"SSID":"MeetInLeeds","BSSID":"5c:a6:2d:b6:46:42","RSSI":-77},{"SSID":"eduroam","BSSID":"5c:a6:2d:b6:46:41","RSSI":-77},{"SSID":"eduroam","BSSID":"5c:a6:2d:87:02:2e","RSSI":-77},{"SSID":"eduroam","BSSID":"5c:a6:2d:b6:46:4e","RSSI":-78},{"SSID":"MeetInLeeds","BSSID":"5c:a6:2d:86:69:cd","RSSI":-78},{"SSID":"eduroam","BSSID":"5c:a6:2d:86:69:ce","RSSI":-78},{"SSID":"MeetInLeeds","BSSID":"5c:a6:2d:af:93:4d","RSSI":-78},{"SSID":"eduroam","BSSID":"5c:a6:2d:af:93:4e","RSSI":-78},{"SSID":"MeetInLeeds","BSSID":"5c:a6:2d:b6:46:4d","RSSI":-79},{"SSID":"MeetInLeeds","BSSID":"5c:a6:2d:87:02:22","RSSI":-79},{"SSID":"MeetInLeeds","BSSID":"5c:a6:2d:cf:e8:a2","RSSI":-80},{"SSID":"eduroam","BSSID":"5c:a6:2d:87:02:21","RSSI":-80},{"SSID":"MeetInLeeds","BSSID":"5c:a6:2d:cf:e8:ad","RSSI":-82},{"SSID":"eduroam","BSSID":"5c:a6:2d:cf:e8:ae","RSSI":-82},{"SSID":"MeetInLeeds","BSSID":"5c:a6:2d:cf:c4:ed","RSSI":-82},{"SSID":"eduroam","BSSID":"5c:a6:2d:cf:c4:ee","RSSI":-82}],[{"SSID":"eduroam","BSSID":"5c:a6:2d:cf:e5:a1","RSSI":-46},{"SSID":"MeetInLeeds","BSSID":"5c:a6:2d:cf:e5:a2","RSSI":-47},{"SSID":"eduroam","BSSID":"5c:a6:2d:cf:e5:ae","RSSI":-55},{"SSID":"MeetInLeeds","BSSID":"5c:a6:2d:cf:e5:ad","RSSI":-55},{"SSID":"MeetInLeeds","BSSID":"5c:a6:2d:cf:bf:c2","RSSI":-70},{"SSID":"MeetInLeeds","BSSID":"5c:a6:2d:87:02:22","RSSI":-75},{"SSID":"MeetInLeeds","BSSID":"5c:a6:2d:cf:e8:a2","RSSI":-80},{"SSID":"MeetInLeeds","BSSID":"5c:a6:2d:b6:46:42","RSSI":-81},{"SSID":"eduroam","BSSID":"5c:a6:2d:b6:46:41","RSSI":-81},{"SSID":"MeetInLeeds","BSSID":"5c:a6:2d:af:8d:82","RSSI":-81},{"SSID":"MeetInLeeds","BSSID":"5c:a6:2d:86:69:c2","RSSI":-82},{"SSID":"MeetInLeeds","BSSID":"5c:a6:2d:cf:bf:cd","RSSI":-82},{"SSID":"eduroam","BSSID":"5c:a6:2d:cf:bf:ce","RSSI":-82},{"SSID":"eduroam","BSSID":"5c:a6:2d:45:dc:a1","RSSI":-82},{"SSID":"MeetInLeeds","BSSID":"5c:a6:2d:45:dc:a2","RSSI":-82},{"SSID":"Vertical_Axis","BSSID":"3c:71:bf:84:d7:51","RSSI":-82},{"SSID":"eduroam","BSSID":"5c:a6:2d:86:69:c1","RSSI":-83},{"SSID":"MeetInLeeds","BSSID":"ac:3a:67:08:28:e2","RSSI":-83},{"SSID":"MeetInLeeds","BSSID":"5c:a6:2d:b6:46:4d","RSSI":-84},{"SSID":"eduroam","BSSID":"5c:a6:2d:b6:46:4e","RSSI":-84},{"SSID":"MeetInLeeds","BSSID":"5c:a6:2d:86:69:cd","RSSI":-86},{"SSID":"eduroam","BSSID":"5c:a6:2d:86:69:ce","RSSI":-86}]]