[[{"SSID":"eduroam","BSSID":"5c:a6:2d:ce:ab:ce","RSSI":-51},{"SSID":"MeetInLeeds","BSSID":"5c:a6:2d:ce:ab:cd","RSSI":-52},{"SSID":"WiFi Setup - University of Leeds","BSSID":"5c:a6:2d:ce:ab:cc","RSSI":-52},{"SSID":"WiFi Setup - University of Leeds","BSSID":"5c:a6:2d:ce:ab:c3","RSSI":-52},{"SSID":"MeetInLeeds","BSSID":"5c:a6:2d:ce:ab:c2","RSSI":-52},{"SSID":"MeetInLeeds","BSSID":"5c:a6:2d:cf:c4:c2","RSSI":-57},{"SSID":"WiFi Setup - University of Leeds","BSSID":"5c:a6:2d:cf:c4:c3","RSSI":-57},{"SSID":"eduroam","BSSID":"5c:a6:2d:cf:c4:ce","RSSI":-59},{"SSID":"WiFi Setup - University of Leeds","BSSID":"5c:a6:2d:ce:b2:83","RSSI":-70},{"SSID":"MeetInLeeds","BSSID":"5c:a6:2d:a0:4b:ed","RSSI":-72},{"SSID":"MeetInLeeds","BSSID":"5c:a6:2d:5d:2b:42","RSSI":-73},{"SSID":"WiFi Setup - University of Leeds","BSSID":"5c:a6:2d:5d:2b:43","RSSI":-73},{"SSID":"eduroam","BSSID":"5c:a6:2d:a0:4b:ee","RSSI":-73},{"SSID":"WiFi Setup - University of Leeds","BSSID":"5c:a6:2d:ce:c9:6c","RSSI":-73},{"SSID":"WiFi Setup - University of Leeds","BSSID":"5c:a6:2d:a0:4b:ec","RSSI":-73},{"SSID":"MeetInLeeds","BSSID":"5c:a6:2d:ce:c9:6d","RSSI":-74},{"SSID":"MeetInLeeds","BSSID":"5c:a6:2d:ce:c9:62","RSSI":-76},{"SSID":"WiFi Setup - University of Leeds","BSSID":"5c:a6:2d:ce:c9:63","RSSI":-76},{"SSID":"WiFi Setup - University of Leeds","BSSID":"5c:a6:2d:cf:b0:a3","RSSI":-76},{"SSID":"MeetInLeeds","BSSID":"5c:a6:2d:cf:b0:a2","RSSI":-76},{"SSID":"WiFi Setup - University of Leeds","BSSID":"ac:3a:67:08:05:63","RSSI":-79},{"SSID":"MeetInLeeds","BSSID":"5c:a6:2d:cf:b0:ad","RSSI":-79},{"SSID":"eduroam","BSSID":"5c:a6:2d:5d:2b:4e","RSSI":-79},{"SSID":"MeetInLeeds","BSSID":"ac:3a:67:08:05:62","RSSI":-80},{"SSID":"WiFi Setup - University of Leeds","BSSID":"5c:a6:2d:cf:b0:ac","RSSI":-80},{"SSID":"MeetInLeeds","BSSID":"5c:a6:2d:5d:2b:4d","RSSI":-80},{"SSID":"WiFi Setup - University of Leeds","BSSID":"5c:a6:2d:5d:2b:4c","RSSI":-80},{"SSID":"eduroam","BSSID":"5c:a6:2d:cf:c1:8e","RSSI":-82},{"SSID":"WiFi Setup - University of Leeds","BSSID":"5c:a6:2d:cf:c1:8c","RSSI":-83},{"SSID":"MeetInLeeds","BSSID":"5c:a6:2d:cf:c1:8d","RSSI":-85}],[{"SSID":"WiFi Setup - University of Leeds","BSSID":"5c:a6:2d:ef:47:4c","RSSI":-49},{"SSID":"eduroam","BSSID":"5c:a6:2d:ef:47:4e","RSSI":-50},{"SSID":"WiFi Setup - University of Leeds","BSSID":"5c:a6:2d:ce:ab:c3","RSSI":-51},{"SSID":"MeetInLeeds","BSSID":"5c:a6:2d:ce:ab:c2","RSSI":-51},{"SSID":"MeetInLeeds","BSSID":"5c:a6:2d:ef:47:4d","RSSI":-51},{"SSID":"WiFi Setup - University of Leeds","BSSID":"5c:a6:2d:ce:ab:cc","RSSI":-52},{"SSID":"WiFi Setup - University of Leeds","BSSID":"5c:a6:2d:ef:47:43","RSSI":-52},{"SSID":"eduroam","BSSID":"5c:a6:2d:ef:47:41","RSSI":-52},{"SSID":"MeetInLeeds","BSSID":"5c:a6:2d:ef:47:42","RSSI":-52},{"SSID":"MeetInLeeds","BSSID":"5c:a6:2d:ce:ab:cd","RSSI":-53},{"SSID":"eduroam","BSSID":"5c:a6:2d:ce:ab:ce","RSSI":-54},{"SSID":"WiFi Setup - University of Leeds","BSSID":"5c:a6:2d:cf:c4:c3","RSSI":-58},{"SSID":"MeetInLeeds","BSSID":"5c:a6:2d:ce:b2:82","RSSI":-65},{"SSID":"MeetInLeeds","BSSID":"5c:a6:2d:ce:c9:62","RSSI":-73},{"SSID":"WiFi Setup - University of Leeds","BSSID":"5c:a6:2d:ce:c9:63","RSSI":-73},{"SSID":"MeetInLeeds","BSSID":"5c:a6:2d:ce:b2:8d","RSSI":-74},{"SSID":"WiFi Setup - University of Leeds","BSSID":"5c:a6:2d:ce:b2:8c","RSSI":-74},{"SSID":"eduroam","BSSID":"5c:a6:2d:ce:b2:8e","RSSI":-74},{"SSID":"WiFi Setup - University of Leeds","BSSID":"ac:3a:67:08:05:6c","RSSI":-75},{"SSID":"eduroam","BSSID":"5c:a6:2d:a0:4b:ee","RSSI":-76},{"SSID":"WiFi Setup - University of Leeds","BSSID":"5c:a6:2d:a0:4b:ec","RSSI":-76},{"SSID":"WiFi Setup - University of Leeds","BSSID":"ac:3a:67:08:05:63","RSSI":-77},{"SSID":"WiFi Setup - University of Leeds","BSSID":"5c:a6:2d:cf:b0:ac","RSSI":-77},{"SSID":"MeetInLeeds","BSSID":"5c:a6:2d:cf:b0:ad","RSSI":-78},{"SSID":"WiFi Setup - University of Leeds","BSSID":"ac:3a:67:08:01:83","RSSI":-79},{"SSID":"WiFi Setup - University of Leeds","BSSID":"5c:a6:2d:86:6a:63","RSSI":-79},{"SSID":"MeetInLeeds","BSSID":"5c:a6:2d:a0:4b:ed","RSSI":-80},{"SSID":"MeetInLeeds","BSSID":"5c:a6:2d:cf:b0:a2","RSSI":-80},{"SSID":"eduroam","BSSID":"5c:a6:2d:cf:b0:a1","RSSI":-80},{"SSID":"WiFi Setup - University of Leeds","BSSID":"5c:a6:2d:cf:b0:a3","RSSI":-81},{"SSID":"MeetInLeeds","BSSID":"ac:3a:67:08:01:8d","RSSI":-82},{"SSID":"eduroam","BSSID":"ac:3a:67:08:01:8e","RSSI":-82}],[{"SSID":"MeetInLeeds","BSSID":"5c:a6:2d:ce:ab:cd","RSSI":-44},{"SSID":"WiFi Setup - University of Leeds","BSSID":"5c:a6:2d:ce:ab:cc","RSSI":-44},{"SSID":"eduroam","BSSID":"5c:a6:2d:ce:ab:ce","RSSI":-44},{"SSID":"WiFi Setup - University of Leeds","BSSID":"5c:a6:2d:ef:47:43","RSSI":-46},{"SSID":"MeetInLeeds","BSSID":"5c:a6:2d:ef:47:42","RSSI":-46},{"SSID":"WiFi Setup - University of Leeds","BSSID":"5c:a6:2d:ce:ab:c3","RSSI":-48},{"SSID":"MeetInLeeds","BSSID":"5c:a6:2d:ce:ab:c2","RSSI":-48},{"SSID":"MeetInLeeds","BSSID":"5c:a6:2d:cf:c4:cd","RSSI":-65},{"SSID":"eduroam","BSSID":"5c:a6:2d:cf:c4:ce","RSSI":-65},{"SSID":"WiFi Setup - University of Leeds","BSSID":"5c:a6:2d:cf:c4:cc","RSSI":-65},{"SSID":"WiFi Setup - University of Leeds","BSSID":"5c:a6:2d:ce:b2:8c","RSSI":-71},{"SSID":"eduroam","BSSID":"5c:a6:2d:ce:b2:8e","RSSI":-72},{"SSID":"MeetInLeeds","BSSID":"5c:a6:2d:ce:b2:8d","RSSI":-73},{"SSID":"MeetInLeeds","BSSID":"5c:a6:2d:ce:b2:82","RSSI":-74},{"SSID":"WiFi Setup - University of Leeds","BSSID":"5c:a6:2d:ce:b2:83","RSSI":-74},{"SSID":"MeetInLeeds","BSSID":"5c:a6:2d:cf:b0:ad","RSSI":-75},{"SSID":"eduroam","BSSID":"5c:a6:2d:cf:b0:ae","RSSI":-75},{"SSID":"MeetInLeeds","BSSID":"5c:a6:2d:86:6a:62","RSSI":-75},{"SSID":"MeetInLeeds","BSSID":"5c:a6:2d:cf:b0:a2","RSSI":-75},{"SSID":"MeetInLeeds","BSSID":"5c:a6:2d:5d:2b:42","RSSI":-76},{"SSID":"WiFi Setup - University of Leeds","BSSID":"5c:a6:2d:5d:2b:43","RSSI":-76},{"SSID":"WiFi Setup - University of Leeds","BSSID":"5c:a6:2d:86:6a:63","RSSI":-76},{"SSID":"WiFi Setup - University of Leeds","BSSID":"ac:3a:67:08:05:6c","RSSI":-78},{"SSID":"MeetInLeeds","BSSID":"ac:3a:67:08:05:6d","RSSI":-79}],[{"SSID":"WiFi Setup - University of Leeds","BSSID":"5c:a6:2d:ef:47:43","RSSI":-46},{"SSID":"MeetInLeeds","BSSID":"5c:a6:2d:ef:47:42","RSSI":-47},{"SSID":"MeetInLeeds","BSSID":"5c:a6:2d:ce:ab:cd","RSSI":-49},{"SSID":"WiFi Setup - University of Leeds","BSSID":"5c:a6:2d:ce:ab:cc","RSSI":-49},{"SSID":"eduroam","BSSID":"5c:a6:2d:ce:ab:ce","RSSI":-49},{"SSID":"MeetInLeeds","BSSID":"5c:a6:2d:ce:ab:c2","RSSI":-51},{"SSID":"WiFi Setup - University of Leeds","BSSID":"5c:a6:2d:ce:ab:c3","RSSI":-52},{"SSID":"eduroam","BSSID":"5c:a6:2d:cf:c4:ce","RSSI":-56},{"SSID":"eduroam","BSSID":"5c:a6:2d:cf:c4:c1","RSSI":-60},{"SSID":"MeetInLeeds","BSSID":"5c:a6:2d:cf:c4:c2","RSSI":-60},{"SSID":"WiFi Setup - University of Leeds","BSSID":"5c:a6:2d:cf:c4:c3","RSSI":-60},{"SSID":"MeetInLeeds","BSSID":"5c:a6:2d:ce:b2:82","RSSI":-68},{"SSID":"eduroam","BSSID":"5c:a6:2d:ce:b2:81","RSSI":-69},{"SSID":"WiFi Setup - University of Leeds","BSSID":"5c:a6:2d:ce:b2:83","RSSI":-69},{"SSID":"MeetInLeeds","BSSID":"5c:a6:2d:a0:4b:ed","RSSI":-72},{"SSID":"eduroam","BSSID":"5c:a6:2d:a0:4b:ee","RSSI":-73},{"SSID":"WiFi Setup - University of Leeds","BSSID":"5c:a6:2d:a0:4b:e3","RSSI":-74},{"SSID":"WiFi Setup - University of Leeds","BSSID":"5c:a6:2d:a0:4b:ec","RSSI":-74},{"SSID":"eduroam","BSSID":"5c:a6:2d:ce:c9:6e","RSSI":-76},{"SSID":"WiFi Setup - University of Leeds","BSSID":"5c:a6:2d:cf:c5:ec","RSSI":-76},{"SSID":"MeetInLeeds","BSSID":"5c:a6:2d:ce:c9:6d","RSSI":-77},{"SSID":"WiFi Setup - University of Leeds","BSSID":"5c:a6:2d:cf:b0:ac","RSSI":-78},{"SSID":"WiFi Setup - University of Leeds","BSSID":"5c:a6:2d:cf:c1:83","RSSI":-78},{"SSID":"MeetInLeeds","BSSID":"ac:3a:67:08:05:62","RSSI":-79},{"SSID":"WiFi Setup - University of Leeds","BSSID":"ac:3a:67:08:05:63","RSSI":-79},{"SSID":"MeetInLeeds","BSSID":"ac:3a:67:08:01:82","RSSI":-80},{"SSID":"MeetInLeeds","BSSID":"5c:a6:2d:cf:c1:82","RSSI":-80},{"SSID":"MeetInLeeds","BSSID":"5c:a6:2d:5d:2b:4d","RSSI":-81},{"SSID":"MeetInLeeds","BSSID":"5c:a6:2d:cf:b0:a2","RSSI":-81},{"SSID":"eduroam","BSSID":"5c:a6:2d:cf:c1:8e","RSSI":-82},{"SSID":"WiFi Setup - University of Leeds","BSSID":"5c:a6:2d:5d:2b:4c","RSSI":-82},{"SSID":"WiFi Setup - University of Leeds","BSSID":"5c:a6:2d:cf:b0:a3","RSSI":-82},{"SSID":"MeetInLeeds","BSSID":"5c:a6:2d:cf:c1:8d","RSSI":-83},{"SSID":"WiFi Setup - University of Leeds","BSSID":"5c:a6:2d:cf:c1:8c","RSSI":-87}],[{"SSID":"eduroam","BSSID":"5c:a6:2d:ce:ab:ce","RSSI":-48},{"SSID":"MeetInLeeds","BSSID":"5c:a6:2d:ce:ab:cd","RSSI":-49},{"SSID":"WiFi Setup - University of Leeds","BSSID":"5c:a6:2d:ce:ab:cc","RSSI":-49},{"SSID":"WiFi Setup - University of Leeds","BSSID":"5c:a6:2d:ce:ab:c3","RSSI":-52},{"SSID":"MeetInLeeds","BSSID":"5c:a6:2d:ce:ab:c2","RSSI":-52},{"SSID":"eduroam","BSSID":"5c:a6:2d:ce:ab:c1","RSSI":-52},{"SSID":"MeetInLeeds","BSSID":"5c:a6:2d:cf:c4:c2","RSSI":-57},{"SSID":"WiFi Setup - University of Leeds","BSSID":"5c:a6:2d:cf:c4:c3","RSSI":-57},{"SSID":"WiFi Setup - University of Leeds","BSSID":"5c:a6:2d:cf:c4:cc","RSSI":-61},{"SSID":"MeetInLeeds","BSSID":"5c:a6:2d:cf:c4:cd","RSSI":-63},{"SSID":"eduroam","BSSID":"5c:a6:2d:cf:c4:ce","RSSI":-63},{"SSID":"WiFi Setup - University of Leeds","BSSID":"5c:a6:2d:ce:b2:83","RSSI":-68},{"SSID":"MeetInLeeds","BSSID":"5c:a6:2d:ce:b2:82","RSSI":-69},{"SSID":"WiFi Setup - University of Leeds","BSSID":"5c:a6:2d:86:6a:63","RSSI":-77},{"SSID":"MeetInLeeds","BSSID":"5c:a6:2d:ce:c9:6d","RSSI":-78},{"SSID":"WiFi Setup - University of Leeds","BSSID":"5c:a6:2d:cf:b0:a3","RSSI":-78},{"SSID":"MeetInLeeds","BSSID":"5c:a6:2d:cf:b0:a2","RSSI":-78}],[{"SSID":"MeetInLeeds","BSSID":"5c:a6:2d:ce:ab:cd","RSSI":-47},{"SSID":"eduroam","BSSID":"5c:a6:2d:ce:ab:ce","RSSI":-47},{"SSID":"WiFi Setup - University of Leeds","BSSID":"5c:a6:2d:ce:ab:cc","RSSI":-48},{"SSID":"WiFi Setup - University of Leeds","BSSID":"5c:a6:2d:ef:47:43","RSSI":-51},{"SSID":"MeetInLeeds","BSSID":"5c:a6:2d:ef:47:42","RSSI":-51},{"SSID":"WiFi Setup - University of Leeds","BSSID":"5c:a6:2d:ce:ab:c3","RSSI":-53},{"SSID":"MeetInLeeds","BSSID":"5c:a6:2d:ce:ab:c2","RSSI":-53},{"SSID":"WiFi Setup - University of Leeds","BSSID":"5c:a6:2d:cf:c4:c3","RSSI":-56},{"SSID":"MeetInLeeds","BSSID":"5c:a6:2d:cf:c4:c2","RSSI":-57},{"SSID":"MeetInLeeds","BSSID":"5c:a6:2d:cf:c4:cd","RSSI":-63},{"SSID":"WiFi Setup - University of Leeds","BSSID":"5c:a6:2d:cf:c4:cc","RSSI":-63},{"SSID":"WiFi Setup - University of Leeds","BSSID":"5c:a6:2d:ce:b2:83","RSSI":-66},{"SSID":"MeetInLeeds","BSSID":"5c:a6:2d:ce:b2:82","RSSI":-67},{"SSID":"WiFi Setup - University of Leeds","BSSID":"5c:a6:2d:a0:4b:e3","RSSI":-73},{"SSID":"eduroam","BSSID":"5c:a6:2d:a0:4b:ee","RSSI":-73},{"SSID":"WiFi Setup - University of Leeds","BSSID":"5c:a6:2d:a0:4b:ec","RSSI":-73},{"SSID":"MeetInLeeds","BSSID":"5c:a6:2d:a0:4b:ed","RSSI":-73},{"SSID":"WiFi Setup - University of Leeds","BSSID":"5c:a6:2d:ce:c9:63","RSSI":-77},{"SSID":"MeetInLeeds","BSSID":"5c:a6:2d:ce:c9:6d","RSSI":-78},{"SSID":"WiFi Setup - University of Leeds","BSSID":"5c:a6:2d:ce:c9:6c","RSSI":-78},{"SSID":"WiFi Setup - University of Leeds","BSSID":"5c:a6:2d:86:6a:63","RSSI":-78},{"SSID":"WiFi Setup - University of Leeds","BSSID":"5c:a6:2d:cf:b0:a3","RSSI":-78},{"SSID":"WiFi Setup - University of Leeds","BSSID":"ac:3a:67:08:01:83","RSSI":-79},{"SSID":"MeetInLeeds","BSSID":"5c:a6:2d:cf:b0:ad","RSSI":-80},{"SSID":"WiFi Setup - University of Leeds","BSSID":"5c:a6:2d:cf:b0:ac","RSSI":-80},{"SSID":"MeetInLeeds","BSSID":"5c:a6:2d:5d:2b:4d","RSSI":-81},{"SSID":"eduroam","BSSID":"5c:a6:2d:5d:2b:4e","RSSI":-81},{"SSID":"WiFi Setup - University of Leeds","BSSID":"5c:a6:2d:5d:2b:4c","RSSI":-81},{"SSID":"MeetInLeeds","BSSID":"ac:3a:67:08:05:62","RSSI":-82},{"SSID":"WiFi Setup - University of Leeds","BSSID":"ac:3a:67:08:05:63","RSSI":-82},{"SSID":"WiFi Setup - University of Leeds","BSSID":"5c:a6:2d:cf:c5:e3","RSSI":-82},{"SSID":"eduroam","BSSID":"5c:a6:2d:cf:c1:8e","RSSI":-86},{"SSID":"MeetInLeeds","BSSID":"5c:a6:2d:cf:c1:8d","RSSI":-87}],[{"SSID":"MeetInLeeds","BSSID":"5c:a6:2d:ce:ab:cd","RSSI":-48},{"SSID":"WiFi Setup - University of Leeds","BSSID":"5c:a6:2d:ce:ab:cc","RSSI":-48},{"SSID":"eduroam","BSSID":"5c:a6:2d:ce:ab:ce","RSSI":-48},{"SSID":"WiFi Setup - University of Leeds","BSSID":"5c:a6:2d:ef:47:43","RSSI":-50},{"SSID":"MeetInLeeds","BSSID":"5c:a6:2d:ef:47:42","RSSI":-50},{"SSID":"WiFi Setup - University of Leeds","BSSID":"5c:a6:2d:ce:ab:c3","RSSI":-51},{"SSID":"MeetInLeeds","BSSID":"5c:a6:2d:ce:ab:c2","RSSI":-51},{"SSID":"eduroam","BSSID":"5c:a6:2d:ce:ab:c1","RSSI":-52},{"SSID":"WiFi Setup - University of Leeds","BSSID":"5c:a6:2d:cf:c4:c3","RSSI":-55},{"SSID":"MeetInLeeds","BSSID":"5c:a6:2d:cf:c4:c2","RSSI":-56},{"SSID":"WiFi Setup - University of Leeds","BSSID":"5c:a6:2d:cf:c4:cc","RSSI":-59},{"SSID":"MeetInLeeds","BSSID":"5c:a6:2d:cf:c4:cd","RSSI":-60},{"SSID":"eduroam","BSSID":"5c:a6:2d:cf:c4:ce","RSSI":-60},{"SSID":"MeetInLeeds","BSSID":"5c:a6:2d:ce:b2:82","RSSI":-65},{"SSID":"WiFi Setup - University of Leeds","BSSID":"5c:a6:2d:ce:b2:83","RSSI":-65},{"SSID":"MeetInLeeds","BSSID":"5c:a6:2d:5d:2b:42","RSSI":-72},{"SSID":"MeetInLeeds","BSSID":"5c:a6:2d:a0:4b:e2","RSSI":-72},{"SSID":"WiFi Setup - University of Leeds","BSSID":"5c:a6:2d:5d:2b:43","RSSI":-73},{"SSID":"eduroam","BSSID":"5c:a6:2d:a0:4b:ee","RSSI":-74},{"SSID":"WiFi Setup - University of Leeds","BSSID":"5c:a6:2d:a0:4b:ec","RSSI":-74},{"SSID":"MeetInLeeds","BSSID":"5c:a6:2d:a0:4b:ed","RSSI":-74},{"SSID":"MeetInLeeds","BSSID":"5c:a6:2d:ce:c9:6d","RSSI":-77},{"SSID":"MeetInLeeds","BSSID":"ac:3a:67:08:05:6d","RSSI":-77},{"SSID":"WiFi Setup - University of Leeds","BSSID":"ac:3a:67:08:05:6c","RSSI":-77},{"SSID":"eduroam","BSSID":"ac:3a:67:08:01:81","RSSI":-78},{"SSID":"MeetInLeeds","BSSID":"5c:a6:2d:5d:2b:4d","RSSI":-80},{"SSID":"eduroam","BSSID":"5c:a6:2d:5d:2b:4e","RSSI":-80},{"SSID":"WiFi Setup - University of Leeds","BSSID":"5c:a6:2d:5d:2b:4c","RSSI":-80},{"SSID":"MeetInLeeds","BSSID":"5c:a6:2d:cf:c1:82","RSSI":-80},{"SSID":"WiFi Setup - University of Leeds","BSSID":"ac:3a:67:08:05:63","RSSI":-82},{"SSID":"WiFi Setup - University of Leeds","BSSID":"5c:a6:2d:cf:c1:83","RSSI":-82},{"SSID":"WiFi Setup - University of Leeds","BSSID":"5c:a6:2d:cf:c1:8c","RSSI":-84},{"SSID":"MeetInLeeds","BSSID":"5c:a6:2d:cf:c1:8d","RSSI":-85}],[{"SSID":"MeetInLeeds","BSSID":"5c:a6:2d:ce:ab:cd","RSSI":-46},{"SSID":"eduroam","BSSID":"5c:a6:2d:ce:ab:ce","RSSI":-47},{"SSID":"WiFi Setup - University of Leeds","BSSID":"5c:a6:2d:ef:47:43","RSSI":-51},{"SSID":"MeetInLeeds","BSSID":"5c:a6:2d:ef:47:42","RSSI":-52},{"SSID":"WiFi Setup - University of Leeds","BSSID":"5c:a6:2d:ce:ab:c3","RSSI":-53},{"SSID":"MeetInLeeds","BSSID":"5c:a6:2d:ce:ab:c2","RSSI":-53},{"SSID":"eduroam","BSSID":"5c:a6:2d:cf:c4:c1","RSSI":-55},{"SSID":"MeetInLeeds","BSSID":"5c:a6:2d:cf:c4:c2","RSSI":-56},{"SSID":"WiFi Setup - University of Leeds","BSSID":"5c:a6:2d:cf:c4:c3","RSSI":-56},{"SSID":"MeetInLeeds","BSSID":"5c:a6:2d:cf:c4:cd","RSSI":-59},{"SSID":"WiFi Setup - University of Leeds","BSSID":"5c:a6:2d:cf:c4:cc","RSSI":-59},{"SSID":"eduroam","BSSID":"5c:a6:2d:cf:c4:ce","RSSI":-63},{"SSID":"MeetInLeeds","BSSID":"5c:a6:2d:ce:b2:82","RSSI":-64},{"SSID":"WiFi Setup - University of Leeds","BSSID":"5c:a6:2d:ce:b2:83","RSSI":-65},{"SSID":"WiFi Setup - University of Leeds","BSSID":"5c:a6:2d:a0:4b:e3","RSSI":-72},{"SSID":"WiFi Setup - University of Leeds","BSSID":"5c:a6:2d:ce:ab:cc","RSSI":-73},{"SSID":"eduroam","BSSID":"5c:a6:2d:5d:2b:41","RSSI":-74},{"SSID":"eduroam","BSSID":"5c:a6:2d:a0:4b:ee","RSSI":-74},{"SSID":"WiFi Setup - University of Leeds","BSSID":"5c:a6:2d:a0:4b:ec","RSSI":-74},{"SSID":"MeetInLeeds","BSSID":"5c:a6:2d:a0:4b:ed","RSSI":-75},{"SSID":"WiFi Setup - University of Leeds","BSSID":"5c:a6:2d:cf:b0:ac","RSSI":-76},{"SSID":"WiFi Setup - University of Leeds","BSSID":"5c:a6:2d:cf:b0:a3","RSSI":-76},{"SSID":"WiFi Setup - University of Leeds","BSSID":"5c:a6:2d:ce:c9:6c","RSSI":-77},{"SSID":"MeetInLeeds","BSSID":"5c:a6:2d:cf:b0:a2","RSSI":-77},{"SSID":"WiFi Setup - University of Leeds","BSSID":"5c:a6:2d:ce:c9:63","RSSI":-78},{"SSID":"WiFi Setup - University of Leeds","BSSID":"5c:a6:2d:86:6a:63","RSSI":-78},{"SSID":"MeetInLeeds","BSSID":"5c:a6:2d:86:6a:62","RSSI":-80},{"SSID":"MeetInLeeds","BSSID":"ac:3a:67:08:05:6d","RSSI":-80},{"SSID":"WiFi Setup - University of Leeds","BSSID":"ac:3a:67:08:05:6c","RSSI":-80},{"SSID":"WiFi Setup - University of Leeds","BSSID":"5c:a6:2d:5d:2b:4c","RSSI":-81},{"SSID":"MeetInLeeds","BSSID":"5c:a6:2d:5d:2b:4d","RSSI":-82},{"SSID":"eduroam","BSSID":"5c:a6:2d:5d:2b:4e","RSSI":-82},{"SSID":"MeetInLeeds","BSSID":"5c:a6:2d:cf:c5:e2","RSSI":-82},{"SSID":"eduroam","BSSID":"5c:a6:2d:cf:c5:e1","RSSI":-82},{"SSID":"WiFi Setup - University of Leeds","BSSID":"5c:a6:2d:eb:d7:43","RSSI":-82},{"SSID":"MeetInLeeds","BSSID":"5c:a6:2d:eb:d7:42","RSSI":-82},{"SSID":"MeetInLeeds","BSSID":"ac:3a:67:08:05:62","RSSI":-83},{"SSID":"WiFi Setup - University of Leeds","BSSID":"5c:a6:2d:cf:c1:8c","RSSI":-85},{"SSID":"eduroam","BSSID":"5c:a6:2d:cf:c1:8e","RSSI":-85},{"SSID":"MeetInLeeds","BSSID":"5c:a6:2d:cf:c1:8d","RSSI":-86}],[{"SSID":"MeetInLeeds","BSSID":"5c:a6:2d:ce:ab:cd","RSSI":-47},{"SSID":"eduroam","BSSID":"5c:a6:2d:ce:ab:ce","RSSI":-47},{"SSID":"WiFi Setup - University of Leeds","BSSID":"5c:a6:2d:ce:ab:cc","RSSI":-48},{"SSID":"MeetInLeeds","BSSID":"5c:a6:2d:ef:47:42","RSSI":-51},{"SSID":"WiFi Setup - University of Leeds","BSSID":"5c:a6:2d:ef:47:43","RSSI":-52},{"SSID":"WiFi Setup - University of Leeds","BSSID":"5c:a6:2d:ef:47:4c","RSSI":-52},{"SSID":"MeetInLeeds","BSSID":"5c:a6:2d:ef:47:4d","RSSI":-52},{"SSID":"eduroam","BSSID":"5c:a6:2d:ef:47:4e","RSSI":-52},{"SSID":"WiFi Setup - University of Leeds","BSSID":"5c:a6:2d:ce:ab:c3","RSSI":-54},{"SSID":"MeetInLeeds","BSSID":"5c:a6:2d:ce:ab:c2","RSSI":-54},{"SSID":"MeetInLeeds","BSSID":"5c:a6:2d:cf:c4:c2","RSSI":-56},{"SSID":"WiFi Setup - University of Leeds","BSSID":"5c:a6:2d:cf:c4:c3","RSSI":-57},{"SSID":"WiFi Setup - University of Leeds","BSSID":"5c:a6:2d:ce:b2:83","RSSI":-65},{"SSID":"MeetInLeeds","BSSID":"5c:a6:2d:ce:b2:82","RSSI":-70},{"SSID":"MeetInLeeds","BSSID":"5c:a6:2d:a0:4b:e2","RSSI":-71},{"SSID":"MeetInLeeds","BSSID":"5c:a6:2d:5d:2b:42","RSSI":-73},{"SSID":"WiFi Setup - University of Leeds","BSSID":"5c:a6:2d:5d:2b:43","RSSI":-73},{"SSID":"WiFi Setup - University of Leeds","BSSID":"5c:a6:2d:a0:4b:e3","RSSI":-73},{"SSID":"MeetInLeeds","BSSID":"5c:a6:2d:ce:c9:62","RSSI":-75},{"SSID":"WiFi Setup - University of Leeds","BSSID":"5c:a6:2d:ce:c9:63","RSSI":-75},{"SSID":"MeetInLeeds","BSSID":"5c:a6:2d:cf:b0:ad","RSSI":-75},{"SSID":"WiFi Setup - University of Leeds","BSSID":"5c:a6:2d:cf:b0:ac","RSSI":-75},{"SSID":"eduroam","BSSID":"5c:a6:2d:cf:b0:ae","RSSI":-75},{"SSID":"WiFi Setup - University of Leeds","BSSID":"5c:a6:2d:a0:4b:ec","RSSI":-75},{"SSID":"MeetInLeeds","BSSID":"5c:a6:2d:a0:4b:ed","RSSI":-75},{"SSID":"eduroam","BSSID":"5c:a6:2d:a0:4b:ee","RSSI":-76},{"SSID":"WiFi Setup - University of Leeds","BSSID":"5c:a6:2d:cf:b0:a3","RSSI":-77},{"SSID":"WiFi Setup - University of Leeds","BSSID":"ac:3a:67:08:05:6c","RSSI":-77},{"SSID":"MeetInLeeds","BSSID":"5c:a6:2d:86:6a:62","RSSI":-79},{"SSID":"eduroam","BSSID":"5c:a6:2d:5d:2b:4e","RSSI":-81},{"SSID":"WiFi Setup - University of Leeds","BSSID":"5c:a6:2d:5d:2b:4c","RSSI":-81},{"SSID":"WiFi Setup - University of Leeds","BSSID":"5c:a6:2d:cf:c5:e3","RSSI":-81},{"SSID":"MeetInLeeds","BSSID":"5c:a6:2d:eb:d7:42","RSSI":-81},{"SSID":"MeetInLeeds","BSSID":"ac:3a:67:08:05:62","RSSI":-82},{"SSID":"WiFi Setup - University of Leeds","BSSID":"ac:3a:67:08:05:63","RSSI":-82},{"SSID":"WiFi Setup - University of Leeds","BSSID":"5c:a6:2d:eb:d7:43","RSSI":-82},{"SSID":"WiFi Setup - University of Leeds","BSSID":"5c:a6:2d:cf:c1:8c","RSSI":-84},{"SSID":"WiFi Setup - University of Leeds","BSSID":"ac:3a:67:08:28:e3","RSSI":-84},{"SSID":"MeetInLeeds","BSSID":"5c:a6:2d:cf:c1:8d","RSSI":-87}],[{"SSID":"MeetInLeeds","BSSID":"5c:a6:2d:ce:ab:cd","RSSI":-47},{"SSID":"eduroam","BSSID":"5c:a6:2d:ce:ab:ce","RSSI":-47},{"SSID":"WiFi Setup - University of Leeds","BSSID":"5c:a6:2d:ce:ab:cc","RSSI":-48},{"SSID":"MeetInLeeds","BSSID":"5c:a6:2d:ef:47:42","RSSI":-51},{"SSID":"WiFi Setup - University of Leeds","BSSID":"5c:a6:2d:ef:47:43","RSSI":-52},{"SSID":"WiFi Setup - University of Leeds","BSSID":"5c:a6:2d:ce:ab:c3","RSSI":-54},{"SSID":"MeetInLeeds","BSSID":"5c:a6:2d:ce:ab:c2","RSSI":-54},{"SSID":"WiFi Setup - University of Leeds","BSSID":"5c:a6:2d:cf:c4:c3","RSSI":-55},{"SSID":"MeetInLeeds","BSSID":"5c:a6:2d:cf:c4:c2","RSSI":-56},{"SSID":"eduroam","BSSID":"5c:a6:2d:ce:b2:81","RSSI":-65},{"SSID":"WiFi Setup - University of Leeds","BSSID":"5c:a6:2d:a0:4b:e3","RSSI":-72},{"SSID":"MeetInLeeds","BSSID":"5c:a6:2d:a0:4b:e2","RSSI":-72},{"SSID":"WiFi Setup - University of Leeds","BSSID":"5c:a6:2d:5d:2b:43","RSSI":-73},{"SSID":"MeetInLeeds","BSSID":"5c:a6:2d:a0:4b:ed","RSSI":-73},{"SSID":"WiFi Setup - University of Leeds","BSSID":"5c:a6:2d:ce:c9:63","RSSI":-76},{"SSID":"eduroam","BSSID":"5c:a6:2d:a0:4b:ee","RSSI":-76},{"SSID":"eduroam","BSSID":"5c:a6:2d:ce:c9:6e","RSSI":-76},{"SSID":"WiFi Setup - University of Leeds","BSSID":"5c:a6:2d:ce:c9:6c","RSSI":-76},{"SSID":"WiFi Setup - University of Leeds","BSSID":"5c:a6:2d:a0:4b:ec","RSSI":-76},{"SSID":"eduroam","BSSID":"5c:a6:2d:cf:b0:ae","RSSI":-77},{"SSID":"MeetInLeeds","BSSID":"5c:a6:2d:ce:c9:6d","RSSI":-77},{"SSID":"MeetInLeeds","BSSID":"5c:a6:2d:cf:b0:a2","RSSI":-77},{"SSID":"MeetInLeeds","BSSID":"ac:3a:67:08:05:62","RSSI":-79},{"SSID":"MeetInLeeds","BSSID":"ac:3a:67:08:01:82","RSSI":-79},{"SSID":"WiFi Setup - University of Leeds","BSSID":"ac:3a:67:08:05:63","RSSI":-80},{"SSID":"WiFi Setup - University of Leeds","BSSID":"5c:a6:2d:86:6a:63","RSSI":-80},{"SSID":"MeetInLeeds","BSSID":"5c:a6:2d:86:6a:62","RSSI":-80},{"SSID":"eduroam","BSSID":"5c:a6:2d:5d:2b:4e","RSSI":-81},{"SSID":"MeetInLeeds","BSSID":"5c:a6:2d:eb:d7:42","RSSI":-81},{"SSID":"MeetInLeeds","BSSID":"5c:a6:2d:ce:c9:62","RSSI":-82},{"SSID":"WiFi Setup - University of Leeds","BSSID":"5c:a6:2d:eb:d7:43","RSSI":-83},{"SSID":"WiFi Setup - University of Leeds","BSSID":"5c:a6:2d:cf:c1:8c","RSSI":-87}]]