[[{"SSID":"eduroam","BSSID":"5c:a6:2d:cf:c1:81","RSSI":-48},{"SSID":"MeetInLeeds","BSSID":"5c:a6:2d:cf:c1:82","RSSI":-48},{"SSID":"eduroam","BSSID":"5c:a6:2d:5d:2e:21","RSSI":-53},{"SSID":"MeetInLeeds","BSSID":"5c:a6:2d:5d:2e:22","RSSI":-54},{"SSID":"eduroam","BSSID":"5c:a6:2d:cf:c1:8e","RSSI":-57},{"SSID":"MeetInLeeds","BSSID":"5c:a6:2d:cf:c1:8d","RSSI":-57},{"SSID":"MeetInLeeds","BSSID":"ac:3a:67:08:04:02","RSSI":-61},{"SSID":"MeetInLeeds","BSSID":"ac:3a:67:08:29:a2","RSSI":-62},{"SSID":"MeetInLeeds","BSSID":"5c:a6:2d:5d:2e:2d","RSSI":-63},{"SSID":"eduroam","BSSID":"5c:a6:2d:5d:2e:2e","RSSI":-63},{"SSID":"MeetInLeeds","BSSID":"ac:3a:67:07:f9:22","RSSI":-63},{"SSID":"MeetInLeeds","BSSID":"ac:3a:67:08:29:ad","RSSI":-63},{"SSID":"eduroam","BSSID":"ac:3a:67:08:29:ae","RSSI":-64},{"SSID":"MeetInLeeds","BSSID":"5c:a6:2d:ce:ab:c2","RSSI":-65},{"SSID":"DESKTOP-73NVV7R 4141","BSSID":"f2:6e:0b:b7:46:4e","RSSI":-65},{"SSID":"MeetInLeeds","BSSID":"ac:3a:67:08:0b:42","RSSI":-66},{"SSID":"eduroam","BSSID":"5c:a6:2d:70:7b:4e","RSSI":-67},{"SSID":"MeetInLeeds","BSSID":"5c:a6:2d:70:7b:4d","RSSI":-67},{"SSID":"MeetInLeeds","BSSID":"5c:a6:2d:5d:ab:62","RSSI":-67},{"SSID":"MeetInLeeds","BSSID":"ac:3a:67:08:04:0d","RSSI":-69},{"SSID":"eduroam","BSSID":"ac:3a:67:08:04:0e","RSSI":-69},{"SSID":"eduroam","BSSID":"ac:3a:67:08:0b:41","RSSI":-70},{"SSID":"MeetInLeeds","BSSID":"5c:a6:2d:5d:2b:8d","RSSI":-71},{"SSID":"eduroam","BSSID":"5c:a6:2d:5d:2b:8e","RSSI":-71},{"SSID":"MeetInLeeds","BSSID":"5c:a6:2d:af:94:4d","RSSI":-73},{"SSID":"MeetInLeeds","BSSID":"ac:3a:67:08:0b:4d","RSSI":-73},{"SSID":"MeetInLeeds","BSSID":"5c:a6:2d:af:94:42","RSSI":-73},{"SSID":"eduroam","BSSID":"ac:3a:67:08:0b:4e","RSSI":-74},{"SSID":"MeetInLeeds","BSSID":"ac:3a:67:07:f9:2d","RSSI":-74},{"SSID":"eduroam","BSSID":"5c:a6:2d:ce:ab:ce","RSSI":-76},{"SSID":"MeetInLeeds","BSSID":"5c:a6:2d:cf:b3:6d","RSSI":-76},{"SSID":"MeetInLeeds","BSSID":"5c:a6:2d:86:69:c2","RSSI":-77},{"SSID":"eduroam","BSSID":"5c:a6:2d:5d:2e:01","RSSI":-77},{"SSID":"MeetInLeeds","BSSID":"5c:a6:2d:ce:ab:cd","RSSI":-78},{"SSID":"MeetInLeeds","BSSID":"5c:a6:2d:ef:4a:a2","RSSI":-79},{"SSID":"MeetInLeeds","BSSID":"5c:a6:2d:cf:b4:ad","RSSI":-81},{"SSID":"eduroam","BSSID":"5c:a6:2d:cf:b4:ae","RSSI":-81},{"SSID":"eduroam","BSSID":"5c:a6:2d:ce:c1:ee","RSSI":-81},{"SSID":"MeetInLeeds","BSSID":"5c:a6:2d:ce:c1:ed","RSSI":-81},{"SSID":"MeetInLeeds","BSSID":"ac:3a:67:08:29:0d","RSSI":-84},{"SSID":"MeetInLeeds","BSSID":"5c:a6:2d:ce:a1:cd","RSSI":-86}],[{"SSID":"MeetInLeeds","BSSID":"5c:a6:2d:cf:c1:82","RSSI":-48},{"SSID":"eduroam","BSSID":"5c:a6:2d:cf:c1:81","RSSI":-49},{"SSID":"MeetInLeeds","BSSID":"5c:a6:2d:5d:2e:22","RSSI":-52},{"SSID":"MeetInLeeds","BSSID":"5c:a6:2d:cf:c1:8d","RSSI":-53},{"SSID":"eduroam","BSSID":"5c:a6:2d:cf:c1:8e","RSSI":-54},{"SSID":"MeetInLeeds","BSSID":"5c:a6:2d:5d:2e:2d","RSSI":-55},{"SSID":"eduroam","BSSID":"5c:a6:2d:5d:2e:2e","RSSI":-55},{"SSID":"eduroam","BSSID":"ac:3a:67:08:04:01","RSSI":-62},{"SSID":"eduroam","BSSID":"5c:a6:2d:5d:ab:61","RSSI":-62},{"SSID":"MeetInLeeds","BSSID":"ac:3a:67:08:29:ad","RSSI":-62},{"SSID":"eduroam","BSSID":"ac:3a:67:08:29:ae","RSSI":-62},{"SSID":"MeetInLeeds","BSSID":"ac:3a:67:08:04:02","RSSI":-63},{"SSID":"MeetInLeeds","BSSID":"5c:a6:2d:5d:ab:62","RSSI":-63},{"SSID":"eduroam","BSSID":"5c:a6:2d:5d:ab:6e","RSSI":-64},{"SSID":"MeetInLeeds","BSSID":"5c:a6:2d:5d:ab:6d","RSSI":-64},{"SSID":"eduroam","BSSID":"5c:a6:2d:70:7b:4e","RSSI":-65},{"SSID":"MeetInLeeds","BSSID":"5c:a6:2d:70:7b:4d","RSSI":-65},{"SSID":"eduroam","BSSID":"ac:3a:67:08:0b:41","RSSI":-66},{"SSID":"MeetInLeeds","BSSID":"ac:3a:67:08:0b:42","RSSI":-67},{"SSID":"eduroam","BSSID":"5c:a6:2d:5d:2b:41","RSSI":-68},{"SSID":"eduroam","BSSID":"ac:3a:67:07:f9:21","RSSI":-68},{"SSID":"MeetInLeeds","BSSID":"ac:3a:67:07:f9:22","RSSI":-68},{"SSID":"DESKTOP-73NVV7R 4141","BSSID":"f2:6e:0b:b7:46:4e","RSSI":-70},{"SSID":"eduroam","BSSID":"5c:a6:2d:af:94:41","RSSI":-70},{"SSID":"MeetInLeeds","BSSID":"5c:a6:2d:af:94:42","RSSI":-70},{"SSID":"eduroam","BSSID":"ac:3a:67:08:0b:4e","RSSI":-71},{"SSID":"MeetInLeeds","BSSID":"ac:3a:67:08:0b:4d","RSSI":-71},{"SSID":"MeetInLeeds","BSSID":"5c:a6:2d:5d:2b:8d","RSSI":-71},{"SSID":"eduroam","BSSID":"5c:a6:2d:cf:b3:61","RSSI":-73},{"SSID":"MeetInLeeds","BSSID":"5c:a6:2d:5d:2e:02","RSSI":-73},{"SSID":"MeetInLeeds","BSSID":"5c:a6:2d:af:94:4d","RSSI":-74},{"SSID":"eduroam","BSSID":"5c:a6:2d:af:94:4e","RSSI":-74},{"SSID":"eduroam","BSSID":"5c:a6:2d:5d:2e:01","RSSI":-74},{"SSID":"eduroam","BSSID":"5c:a6:2d:5d:2b:8e","RSSI":-74},{"SSID":"MeetInLeeds","BSSID":"5c:a6:2d:ce:ab:cd","RSSI":-75},{"SSID":"eduroam","BSSID":"5c:a6:2d:ce:ab:ce","RSSI":-75},{"SSID":"eduroam","BSSID":"5c:a6:2d:5d:2b:81","RSSI":-75},{"SSID":"MeetInLeeds","BSSID":"ac:3a:67:08:29:02","RSSI":-75},{"SSID":"MeetInLeeds","BSSID":"ac:3a:67:08:04:0d","RSSI":-76},{"SSID":"eduroam","BSSID":"ac:3a:67:08:04:0e","RSSI":-76},{"SSID":"MeetInLeeds","BSSID":"ac:3a:67:07:f9:2d","RSSI":-76},{"SSID":"MeetInLeeds","BSSID":"5c:a6:2d:cf:b4:ad","RSSI":-77},{"SSID":"MeetInLeeds","BSSID":"5c:a6:2d:ce:c1:e2","RSSI":-78},{"SSID":"eduroam","BSSID":"5c:a6:2d:cf:b3:6e","RSSI":-79},{"SSID":"MeetInLeeds","BSSID":"5c:a6:2d:cf:b3:6d","RSSI":-79},{"SSID":"eduroam","BSSID":"5c:a6:2d:cf:b4:ae","RSSI":-79},{"SSID":"MeetInLeeds","BSSID":"5c:a6:2d:cf:bf:cd","RSSI":-79},{"SSID":"eduroam","BSSID":"5c:a6:2d:cf:bf:ce","RSSI":-79},{"SSID":"MeetInLeeds","BSSID":"5c:a6:2d:ce:a1:cd","RSSI":-81},{"SSID":"MeetInLeeds","BSSID":"5c:a6:2d:5d:2b:4d","RSSI":-81},{"SSID":"eduroam","BSSID":"5c:a6:2d:ce:c1:ee","RSSI":-82},{"SSID":"MeetInLeeds","BSSID":"5c:a6:2d:ce:c1:ed","RSSI":-82},{"SSID":"MeetInLeeds","BSSID":"ac:3a:67:08:29:0d","RSSI":-84},{"SSID":"MeetInLeeds","BSSID":"5c:a6:2d:86:69:cd","RSSI":-86},{"SSID":"eduroam","BSSID":"ac:3a:67:08:25:ae","RSSI":-87}],[{"SSID":"MeetInLeeds","BSSID":"5c:a6:2d:5d:2e:22","RSSI":-48},{"SSID":"eduroam","BSSID":"5c:a6:2d:cf:c1:81","RSSI":-49},{"SSID":"MeetInLeeds","BSSID":"5c:a6:2d:cf:c1:82","RSSI":-50},{"SSID":"MeetInLeeds","BSSID":"5c:a6:2d:cf:c1:8d","RSSI":-56},{"SSID":"eduroam","BSSID":"5c:a6:2d:cf:c1:8e","RSSI":-57},{"SSID":"MeetInLeeds","BSSID":"5c:a6:2d:5d:ab:62","RSSI":-58},{"SSID":"eduroam","BSSID":"5c:a6:2d:5d:ab:61","RSSI":-58},{"SSID":"MeetInLeeds","BSSID":"5c:a6:2d:5d:2e:2d","RSSI":-61},{"SSID":"eduroam","BSSID":"5c:a6:2d:5d:2e:2e","RSSI":-61},{"SSID":"MeetInLeeds","BSSID":"ac:3a:67:08:04:02","RSSI":-61},{"SSID":"eduroam","BSSID":"5c:a6:2d:70:7b:4e","RSSI":-62},{"SSID":"MeetInLeeds","BSSID":"ac:3a:67:08:29:a2","RSSI":-62},{"SSID":"MeetInLeeds","BSSID":"5c:a6:2d:70:7b:4d","RSSI":-63},{"SSID":"eduroam","BSSID":"ac:3a:67:08:04:01","RSSI":-63},{"SSID":"MeetInLeeds","BSSID":"5c:a6:2d:5d:ab:6d","RSSI":-63},{"SSID":"MeetInLeeds","BSSID":"ac:3a:67:08:29:ad","RSSI":-63},{"SSID":"eduroam","BSSID":"ac:3a:67:08:29:ae","RSSI":-63},{"SSID":"DESKTOP-73NVV7R 4141","BSSID":"f2:6e:0b:b7:46:4e","RSSI":-64},{"SSID":"eduroam","BSSID":"5c:a6:2d:5d:ab:6e","RSSI":-64},{"SSID":"MeetInLeeds","BSSID":"ac:3a:67:07:f9:22","RSSI":-66},{"SSID":"MeetInLeeds","BSSID":"5c:a6:2d:ce:ab:c2","RSSI":-67},{"SSID":"MeetInLeeds","BSSID":"ac:3a:67:08:0b:42","RSSI":-68},{"SSID":"MeetInLeeds","BSSID":"5c:a6:2d:5d:2b:42","RSSI":-69},{"SSID":"eduroam","BSSID":"5c:a6:2d:5d:2b:41","RSSI":-69},{"SSID":"MeetInLeeds","BSSID":"5c:a6:2d:5d:2b:8d","RSSI":-69},{"SSID":"MeetInLeeds","BSSID":"5c:a6:2d:cf:b3:62","RSSI":-70},{"SSID":"MeetInLeeds","BSSID":"5c:a6:2d:70:7b:42","RSSI":-70},{"SSID":"eduroam","BSSID":"5c:a6:2d:70:7b:41","RSSI":-70},{"SSID":"eduroam","BSSID":"ac:3a:67:08:0b:4e","RSSI":-70},{"SSID":"MeetInLeeds","BSSID":"ac:3a:67:08:0b:4d","RSSI":-70},{"SSID":"MeetInLeeds","BSSID":"ac:3a:67:08:04:0d","RSSI":-71},{"SSID":"MeetInLeeds","BSSID":"5c:a6:2d:ce:ab:cd","RSSI":-72},{"SSID":"eduroam","BSSID":"ac:3a:67:08:04:0e","RSSI":-73},{"SSID":"MeetInLeeds","BSSID":"5c:a6:2d:af:94:4d","RSSI":-73},{"SSID":"eduroam","BSSID":"5c:a6:2d:af:94:4e","RSSI":-73},{"SSID":"eduroam","BSSID":"5c:a6:2d:ce:c1:e1","RSSI":-74},{"SSID":"eduroam","BSSID":"5c:a6:2d:5d:2b:81","RSSI":-74},{"SSID":"MeetInLeeds","BSSID":"5c:a6:2d:af:94:42","RSSI":-74},{"SSID":"MeetInLeeds","BSSID":"5c:a6:2d:5d:2b:82","RSSI":-74},{"SSID":"eduroam","BSSID":"5c:a6:2d:cf:b3:6e","RSSI":-75},{"SSID":"MeetInLeeds","BSSID":"5c:a6:2d:cf:b3:6d","RSSI":-75},{"SSID":"MeetInLeeds","BSSID":"ac:3a:67:07:f9:2d","RSSI":-75},{"SSID":"eduroam","BSSID":"5c:a6:2d:ce:ab:ce","RSSI":-77},{"SSID":"eduroam","BSSID":"5c:a6:2d:5d:2e:01","RSSI":-77},{"SSID":"MeetInLeeds","BSSID":"5c:a6:2d:cf:b4:ad","RSSI":-77},{"SSID":"eduroam","BSSID":"ac:3a:67:07:f9:2e","RSSI":-77},{"SSID":"eduroam","BSSID":"ac:3a:67:08:01:81","RSSI":-78},{"SSID":"MeetInLeeds","BSSID":"5c:a6:2d:af:8f:c2","RSSI":-78},{"SSID":"MeetInLeeds","BSSID":"ac:3a:67:08:29:0d","RSSI":-79},{"SSID":"MeetInLeeds","BSSID":"5c:a6:2d:ef:4a:a2","RSSI":-80},{"SSID":"MeetInLeeds","BSSID":"5c:a6:2d:5d:2b:4d","RSSI":-81},{"SSID":"eduroam","BSSID":"ac:3a:67:08:29:0e","RSSI":-81},{"SSID":"MeetInLeeds","BSSID":"5c:a6:2d:ce:a1:cd","RSSI":-85},{"SSID":"eduroam","BSSID":"5c:a6:2d:ce:c1:ee","RSSI":-85},{"SSID":"MeetInLeeds","BSSID":"5c:a6:2d:ce:c1:ed","RSSI":-85},{"SSID":"eduroam","BSSID":"5c:a6:2d:ce:a1:ce","RSSI":-86},{"SSID":"MeetInLeeds","BSSID":"ac:3a:67:08:01:8d","RSSI":-88}],[{"SSID":"MeetInLeeds","BSSID":"5c:a6:2d:cf:c1:82","RSSI":-46},{"SSID":"eduroam","BSSID":"5c:a6:2d:5d:2e:21","RSSI":-48},{"SSID":"MeetInLeeds","BSSID":"5c:a6:2d:5d:2e:22","RSSI":-49},{"SSID":"MeetInLeeds","BSSID":"5c:a6:2d:5d:2e:2d","RSSI":-57},{"SSID":"eduroam","BSSID":"5c:a6:2d:5d:2e:2e","RSSI":-57},{"SSID":"MeetInLeeds","BSSID":"5c:a6:2d:5d:ab:62","RSSI":-57},{"SSID":"eduroam","BSSID":"5c:a6:2d:5d:ab:6e","RSSI":-59},{"SSID":"MeetInLeeds","BSSID":"5c:a6:2d:5d:ab:6d","RSSI":-59},{"SSID":"eduroam","BSSID":"5c:a6:2d:cf:c1:8e","RSSI":-61},{"SSID":"MeetInLeeds","BSSID":"5c:a6:2d:cf:c1:8d","RSSI":-61},{"SSID":"eduroam","BSSID":"ac:3a:67:08:29:a1","RSSI":-65},{"SSID":"MeetInLeeds","BSSID":"ac:3a:67:08:29:a2","RSSI":-65},{"SSID":"MeetInLeeds","BSSID":"5c:a6:2d:cf:b3:62","RSSI":-66},{"SSID":"MeetInLeeds","BSSID":"ac:3a:67:08:04:02","RSSI":-67},{"SSID":"MeetInLeeds","BSSID":"ac:3a:67:07:f9:22","RSSI":-67},{"SSID":"BEARD OF ZEUS","BSSID":"26:c3:dd:71:58:6c","RSSI":-67},{"SSID":"DESKTOP-73NVV7R 4141","BSSID":"f2:6e:0b:b7:46:4e","RSSI":-67},{"SSID":"MeetInLeeds","BSSID":"ac:3a:67:08:0b:4d","RSSI":-67},{"SSID":"MeetInLeeds","BSSID":"ac:3a:67:08:0b:42","RSSI":-67},{"SSID":"MeetInLeeds","BSSID":"5c:a6:2d:5d:2b:42","RSSI":-68},{"SSID":"eduroam","BSSID":"5c:a6:2d:cf:b3:61","RSSI":-68},{"SSID":"MeetInLeeds","BSSID":"ac:3a:67:08:29:ad","RSSI":-68},{"SSID":"MeetInLeeds","BSSID":"5c:a6:2d:70:7b:4d","RSSI":-69},{"SSID":"eduroam","BSSID":"ac:3a:67:08:0b:4e","RSSI":-69},{"SSID":"eduroam","BSSID":"ac:3a:67:08:0b:41","RSSI":-69},{"SSID":"eduroam","BSSID":"ac:3a:67:08:29:ae","RSSI":-69},{"SSID":"MeetInLeeds","BSSID":"5c:a6:2d:ce:ab:c2","RSSI":-70},{"SSID":"eduroam","BSSID":"5c:a6:2d:70:7b:4e","RSSI":-71},{"SSID":"MeetInLeeds","BSSID":"ac:3a:67:08:04:0d","RSSI":-71},{"SSID":"eduroam","BSSID":"ac:3a:67:08:04:0e","RSSI":-74},{"SSID":"MeetInLeeds","BSSID":"5c:a6:2d:ce:c1:e2","RSSI":-74},{"SSID":"MeetInLeeds","BSSID":"5c:a6:2d:af:94:4d","RSSI":-74},{"SSID":"eduroam","BSSID":"5c:a6:2d:af:94:4e","RSSI":-74},{"SSID":"MeetInLeeds","BSSID":"5c:a6:2d:af:94:42","RSSI":-74},{"SSID":"MeetInLeeds","BSSID":"5c:a6:2d:88:6b:62","RSSI":-74},{"SSID":"MeetInLeeds","BSSID":"5c:a6:2d:5d:2b:82","RSSI":-76},{"SSID":"eduroam","BSSID":"5c:a6:2d:cf:b4:ae","RSSI":-76},{"SSID":"MeetInLeeds","BSSID":"ac:3a:67:07:f9:2d","RSSI":-76},{"SSID":"eduroam","BSSID":"ac:3a:67:07:f9:2e","RSSI":-77},{"SSID":"eduroam","BSSID":"5c:a6:2d:cf:b3:6e","RSSI":-78},{"SSID":"eduroam","BSSID":"5c:a6:2d:5d:2b:81","RSSI":-78},{"SSID":"MeetInLeeds","BSSID":"ac:3a:67:07:fb:0d","RSSI":-79},{"SSID":"MeetInLeeds","BSSID":"5c:a6:2d:cf:b3:6d","RSSI":-79},{"SSID":"MeetInLeeds","BSSID":"ac:3a:67:08:29:0d","RSSI":-79},{"SSID":"eduroam","BSSID":"ac:3a:67:08:29:0e","RSSI":-79},{"SSID":"MeetInLeeds","BSSID":"5c:a6:2d:ce:c1:ed","RSSI":-82},{"SSID":"eduroam","BSSID":"5c:a6:2d:ce:c1:ee","RSSI":-83},{"SSID":"MeetInLeeds","BSSID":"5c:a6:2d:ce:b5:0d","RSSI":-86},{"SSID":"MeetInLeeds","BSSID":"5c:a6:2d:88:6b:6d","RSSI":-87}],[{"SSID":"MeetInLeeds","BSSID":"5c:a6:2d:cf:c1:82","RSSI":-46},{"SSID":"eduroam","BSSID":"5c:a6:2d:5d:2e:21","RSSI":-47},{"SSID":"MeetInLeeds","BSSID":"5c:a6:2d:5d:2e:22","RSSI":-47},{"SSID":"eduroam","BSSID":"5c:a6:2d:cf:c1:8e","RSSI":-55},{"SSID":"MeetInLeeds","BSSID":"5c:a6:2d:cf:c1:8d","RSSI":-55},{"SSID":"MeetInLeeds","BSSID":"5c:a6:2d:5d:ab:62","RSSI":-57},{"SSID":"eduroam","BSSID":"5c:a6:2d:5d:ab:61","RSSI":-58},{"SSID":"MeetInLeeds","BSSID":"ac:3a:67:08:29:a2","RSSI":-59},{"SSID":"eduroam","BSSID":"5c:a6:2d:5d:ab:6e","RSSI":-59},{"SSID":"MeetInLeeds","BSSID":"5c:a6:2d:5d:ab:6d","RSSI":-60},{"SSID":"MeetInLeeds","BSSID":"ac:3a:67:08:29:ad","RSSI":-61},{"SSID":"eduroam","BSSID":"ac:3a:67:08:29:ae","RSSI":-63},{"SSID":"DESKTOP-73NVV7R 4141","BSSID":"f2:6e:0b:b7:46:4e","RSSI":-65},{"SSID":"MeetInLeeds","BSSID":"ac:3a:67:07:f9:22","RSSI":-66},{"SSID":"MeetInLeeds","BSSID":"ac:3a:67:08:0b:42","RSSI":-66},{"SSID":"eduroam","BSSID":"5c:a6:2d:5d:2b:41","RSSI":-67},{"SSID":"eduroam","BSSID":"ac:3a:67:08:04:01","RSSI":-67},{"SSID":"MeetInLeeds","BSSID":"5c:a6:2d:70:7b:42","RSSI":-67},{"SSID":"eduroam","BSSID":"ac:3a:67:08:0b:41","RSSI":-67},{"SSID":"eduroam","BSSID":"5c:a6:2d:70:7b:4e","RSSI":-68},{"SSID":"MeetInLeeds","BSSID":"5c:a6:2d:70:7b:4d","RSSI":-68},{"SSID":"MeetInLeeds","BSSID":"ac:3a:67:08:04:02","RSSI":-68},{"SSID":"MeetInLeeds","BSSID":"5c:a6:2d:af:94:4d","RSSI":-70},{"SSID":"eduroam","BSSID":"5c:a6:2d:af:94:4e","RSSI":-71},{"SSID":"eduroam","BSSID":"ac:3a:67:08:0b:4e","RSSI":-71},{"SSID":"MeetInLeeds","BSSID":"ac:3a:67:08:0b:4d","RSSI":-71},{"SSID":"MeetInLeeds","BSSID":"5c:a6:2d:5d:2b:8d","RSSI":-73},{"SSID":"eduroam","BSSID":"5c:a6:2d:5d:2b:8e","RSSI":-73},{"SSID":"eduroam","BSSID":"ac:3a:67:07:f9:2e","RSSI":-73},{"SSID":"eduroam","BSSID":"5c:a6:2d:af:94:41","RSSI":-74},{"SSID":"MeetInLeeds","BSSID":"5c:a6:2d:af:94:42","RSSI":-74},{"SSID":"MeetInLeeds","BSSID":"ac:3a:67:08:04:0d","RSSI":-76},{"SSID":"eduroam","BSSID":"ac:3a:67:08:04:0e","RSSI":-76},{"SSID":"MeetInLeeds","BSSID":"5c:a6:2d:ce:ab:cd","RSSI":-77},{"SSID":"MeetInLeeds","BSSID":"ac:3a:67:08:01:82","RSSI":-77},{"SSID":"MeetInLeeds","BSSID":"ac:3a:67:08:29:0d","RSSI":-77},{"SSID":"eduroam","BSSID":"5c:a6:2d:cf:b3:6e","RSSI":-78},{"SSID":"MeetInLeeds","BSSID":"5c:a6:2d:cf:bf:c2","RSSI":-78},{"SSID":"MeetInLeeds","BSSID":"5c:a6:2d:cf:b3:6d","RSSI":-78},{"SSID":"MeetInLeeds","BSSID":"5c:a6:2d:5d:2e:02","RSSI":-79},{"SSID":"eduroam","BSSID":"5c:a6:2d:cf:c4:e1","RSSI":-79},{"SSID":"MeetInLeeds","BSSID":"5c:a6:2d:cf:bf:cd","RSSI":-83},{"SSID":"eduroam","BSSID":"5c:a6:2d:cf:bf:ce","RSSI":-83},{"SSID":"MeetInLeeds","BSSID":"5c:a6:2d:ce:a1:cd","RSSI":-86},{"SSID":"MeetInLeeds","BSSID":"5c:a6:2d:86:69:cd","RSSI":-86}],[{"SSID":"eduroam","BSSID":"5c:a6:2d:5d:2e:21","RSSI":-45},{"SSID":"MeetInLeeds","BSSID":"5c:a6:2d:5d:2e:22","RSSI":-46},{"SSID":"MeetInLeeds","BSSID":"5c:a6:2d:cf:c1:82","RSSI":-50},{"SSID":"MeetInLeeds","BSSID":"5c:a6:2d:5d:ab:62","RSSI":-51},{"SSID":"eduroam","BSSID":"5c:a6:2d:5d:ab:61","RSSI":-51},{"SSID":"eduroam","BSSID":"5c:a6:2d:cf:c1:8e","RSSI":-57},{"SSID":"MeetInLeeds","BSSID":"5c:a6:2d:cf:c1:8d","RSSI":-57},{"SSID":"MeetInLeeds","BSSID":"ac:3a:67:08:29:a2","RSSI":-61},{"SSID":"MeetInLeeds","BSSID":"5c:a6:2d:5d:2e:2d","RSSI":-62},{"SSID":"eduroam","BSSID":"5c:a6:2d:5d:2e:2e","RSSI":-62},{"SSID":"eduroam","BSSID":"5c:a6:2d:5d:ab:6e","RSSI":-62},{"SSID":"MeetInLeeds","BSSID":"ac:3a:67:08:29:ad","RSSI":-63},{"SSID":"eduroam","BSSID":"ac:3a:67:08:29:ae","RSSI":-63},{"SSID":"eduroam","BSSID":"5c:a6:2d:70:7b:4e","RSSI":-64},{"SSID":"MeetInLeeds","BSSID":"ac:3a:67:08:04:02","RSSI":-64},{"SSID":"MeetInLeeds","BSSID":"5c:a6:2d:5d:ab:6d","RSSI":-64},{"SSID":"MeetInLeeds","BSSID":"5c:a6:2d:70:7b:4d","RSSI":-65},{"SSID":"eduroam","BSSID":"ac:3a:67:08:04:01","RSSI":-66},{"SSID":"MeetInLeeds","BSSID":"5c:a6:2d:70:7b:42","RSSI":-67},{"SSID":"DESKTOP-73NVV7R 4141","BSSID":"f2:6e:0b:b7:46:4e","RSSI":-67},{"SSID":"eduroam","BSSID":"5c:a6:2d:ce:ab:c1","RSSI":-68},{"SSID":"eduroam","BSSID":"ac:3a:67:08:0b:41","RSSI":-68},{"SSID":"MeetInLeeds","BSSID":"ac:3a:67:08:0b:42","RSSI":-68},{"SSID":"MeetInLeeds","BSSID":"5c:a6:2d:5d:2b:42","RSSI":-69},{"SSID":"BEARD OF ZEUS","BSSID":"26:c3:dd:71:58:6c","RSSI":-69},{"SSID":"eduroam","BSSID":"ac:3a:67:07:f9:21","RSSI":-70},{"SSID":"MeetInLeeds","BSSID":"5c:a6:2d:af:94:4d","RSSI":-70},{"SSID":"eduroam","BSSID":"5c:a6:2d:af:94:4e","RSSI":-70},{"SSID":"MeetInLeeds","BSSID":"ac:3a:67:07:f9:22","RSSI":-71},{"SSID":"MeetInLeeds","BSSID":"5c:a6:2d:5d:2b:82","RSSI":-71},{"SSID":"eduroam","BSSID":"5c:a6:2d:5d:2b:8e","RSSI":-71},{"SSID":"MeetInLeeds","BSSID":"ac:3a:67:08:04:0d","RSSI":-72},{"SSID":"eduroam","BSSID":"5c:a6:2d:af:94:41","RSSI":-72},{"SSID":"MeetInLeeds","BSSID":"5c:a6:2d:af:94:42","RSSI":-72},{"SSID":"eduroam","BSSID":"ac:3a:67:08:0b:4e","RSSI":-73},{"SSID":"MeetInLeeds","BSSID":"ac:3a:67:08:0b:4d","RSSI":-73},{"SSID":"MeetInLeeds","BSSID":"5c:a6:2d:5d:2b:8d","RSSI":-73},{"SSID":"MeetInLeeds","BSSID":"5c:a6:2d:88:6b:62","RSSI":-74},{"SSID":"MeetInLeeds","BSSID":"5c:a6:2d:ce:c1:e2","RSSI":-75},{"SSID":"eduroam","BSSID":"5c:a6:2d:cf:b3:6e","RSSI":-76},{"SSID":"MeetInLeeds","BSSID":"5c:a6:2d:cf:b3:62","RSSI":-76},{"SSID":"eduroam","BSSID":"5c:a6:2d:5d:2e:01","RSSI":-77},{"SSID":"MeetInLeeds","BSSID":"5c:a6:2d:5d:2e:02","RSSI":-77},{"SSID":"MeetInLeeds","BSSID":"5c:a6:2d:af:8f:c2","RSSI":-77},{"SSID":"MeetInLeeds","BSSID":"5c:a6:2d:86:69:c2","RSSI":-78},{"SSID":"eduroam","BSSID":"5c:a6:2d:86:69:c1","RSSI":-78},{"SSID":"MeetInLeeds","BSSID":"5c:a6:2d:cf:bf:c2","RSSI":-78},{"SSID":"MeetInLeeds","BSSID":"5c:a6:2d:cf:b3:6d","RSSI":-78},{"SSID":"MeetInLeeds","BSSID":"5c:a6:2d:cf:b4:ad","RSSI":-78},{"SSID":"MeetInLeeds","BSSID":"ac:3a:67:08:29:0d","RSSI":-78},{"SSID":"eduroam","BSSID":"ac:3a:67:08:29:0e","RSSI":-78},{"SSID":"eduroam","BSSID":"5c:a6:2d:ce:ab:ce","RSSI":-79},{"SSID":"eduroam","BSSID":"5c:a6:2d:ce:b5:01","RSSI":-79},{"SSID":"eduroam","BSSID":"5c:a6:2d:cf:b4:ae","RSSI":-79},{"SSID":"eduroam","BSSID":"ac:3a:67:07:f9:2e","RSSI":-79},{"SSID":"MeetInLeeds","BSSID":"ac:3a:67:07:f9:2d","RSSI":-79},{"SSID":"MeetInLeeds","BSSID":"5c:a6:2d:5d:2b:4d","RSSI":-82},{"SSID":"eduroam","BSSID":"5c:a6:2d:ce:c1:ee","RSSI":-82},{"SSID":"MeetInLeeds","BSSID":"5c:a6:2d:ce:c1:ed","RSSI":-82},{"SSID":"eduroam","BSSID":"5c:a6:2d:5d:2b:4e","RSSI":-83}],[{"SSID":"MeetInLeeds","BSSID":"5c:a6:2d:5d:2e:22","RSSI":-47},{"SSID":"eduroam","BSSID":"5c:a6:2d:cf:c1:81","RSSI":-50},{"SSID":"MeetInLeeds","BSSID":"5c:a6:2d:cf:c1:82","RSSI":-50},{"SSID":"MeetInLeeds","BSSID":"5c:a6:2d:5d:ab:62","RSSI":-53},{"SSID":"eduroam","BSSID":"5c:a6:2d:cf:c1:8e","RSSI":-57},{"SSID":"MeetInLeeds","BSSID":"5c:a6:2d:cf:c1:8d","RSSI":-57},{"SSID":"MeetInLeeds","BSSID":"ac:3a:67:08:29:a2","RSSI":-59},{"SSID":"eduroam","BSSID":"ac:3a:67:08:29:ae","RSSI":-60},{"SSID":"eduroam","BSSID":"5c:a6:2d:5d:2e:2e","RSSI":-61},{"SSID":"MeetInLeeds","BSSID":"ac:3a:67:08:29:ad","RSSI":-61},{"SSID":"MeetInLeeds","BSSID":"5c:a6:2d:5d:2e:2d","RSSI":-62},{"SSID":"eduroam","BSSID":"5c:a6:2d:5d:ab:6e","RSSI":-63},{"SSID":"MeetInLeeds","BSSID":"5c:a6:2d:5d:ab:6d","RSSI":-63},{"SSID":"MeetInLeeds","BSSID":"ac:3a:67:08:04:02","RSSI":-64},{"SSID":"DESKTOP-73NVV7R 4141","BSSID":"f2:6e:0b:b7:46:4e","RSSI":-66},{"SSID":"eduroam","BSSID":"5c:a6:2d:70:7b:4e","RSSI":-68},{"SSID":"MeetInLeeds","BSSID":"5c:a6:2d:70:7b:4d","RSSI":-68},{"SSID":"MeetInLeeds","BSSID":"ac:3a:67:08:04:0d","RSSI":-68},{"SSID":"eduroam","BSSID":"ac:3a:67:08:04:0e","RSSI":-68},{"SSID":"MeetInLeeds","BSSID":"5c:a6:2d:70:7b:42","RSSI":-68},{"SSID":"eduroam","BSSID":"5c:a6:2d:ce:ab:c1","RSSI":-69},{"SSID":"eduroam","BSSID":"5c:a6:2d:70:7b:41","RSSI":-69},{"SSID":"MeetInLeeds","BSSID":"5c:a6:2d:ce:ab:c2","RSSI":-70},{"SSID":"BEARD OF ZEUS","BSSID":"26:c3:dd:71:58:6c","RSSI":-71},{"SSID":"eduroam","BSSID":"ac:3a:67:08:0b:4e","RSSI":-72},{"SSID":"MeetInLeeds","BSSID":"5c:a6:2d:af:94:4d","RSSI":-73},{"SSID":"MeetInLeeds","BSSID":"ac:3a:67:08:0b:4d","RSSI":-73},{"SSID":"MeetInLeeds","BSSID":"5c:a6:2d:5d:2b:8d","RSSI":-73},{"SSID":"eduroam","BSSID":"5c:a6:2d:5d:2b:8e","RSSI":-73},{"SSID":"eduroam","BSSID":"5c:a6:2d:af:94:4e","RSSI":-74},{"SSID":"MeetInLeeds","BSSID":"ac:3a:67:08:29:02","RSSI":-74},{"SSID":"eduroam","BSSID":"5c:a6:2d:ce:ab:ce","RSSI":-75},{"SSID":"MeetInLeeds","BSSID":"5c:a6:2d:5d:2e:02","RSSI":-75},{"SSID":"MeetInLeeds","BSSID":"5c:a6:2d:cf:b3:6d","RSSI":-76},{"SSID":"eduroam","BSSID":"5c:a6:2d:cf:b3:6e","RSSI":-77},{"SSID":"MeetInLeeds","BSSID":"5c:a6:2d:cf:b4:ad","RSSI":-77},{"SSID":"eduroam","BSSID":"ac:3a:67:07:f9:2e","RSSI":-78},{"SSID":"MeetInLeeds","BSSID":"ac:3a:67:07:f9:2d","RSSI":-78},{"SSID":"eduroam","BSSID":"5c:a6:2d:cf:b4:ae","RSSI":-79},{"SSID":"MeetInLeeds","BSSID":"5c:a6:2d:cf:c4:e2","RSSI":-79},{"SSID":"MeetInLeeds","BSSID":"ac:3a:67:08:29:0d","RSSI":-79},{"SSID":"eduroam","BSSID":"5c:a6:2d:ce:c1:ee","RSSI":-84},{"SSID":"MeetInLeeds","BSSID":"5c:a6:2d:ce:c1:ed","RSSI":-85},{"SSID":"eduroam","BSSID":"5c:a6:2d:ce:a1:ce","RSSI":-86}],[{"SSID":"MeetInLeeds","BSSID":"5c:a6:2d:cf:c1:82","RSSI":-49},{"SSID":"MeetInLeeds","BSSID":"5c:a6:2d:5d:2e:22","RSSI":-49},{"SSID":"eduroam","BSSID":"5c:a6:2d:cf:c1:81","RSSI":-50},{"SSID":"MeetInLeeds","BSSID":"5c:a6:2d:5d:ab:62","RSSI":-52},{"SSID":"MeetInLeeds","BSSID":"5c:a6:2d:5d:2e:2d","RSSI":-56},{"SSID":"eduroam","BSSID":"5c:a6:2d:5d:2e:2e","RSSI":-56},{"SSID":"eduroam","BSSID":"ac:3a:67:08:29:a1","RSSI":-57},{"SSID":"MeetInLeeds","BSSID":"ac:3a:67:08:29:a2","RSSI":-57},{"SSID":"MeetInLeeds","BSSID":"5c:a6:2d:5d:ab:6d","RSSI":-60},{"SSID":"eduroam","BSSID":"5c:a6:2d:70:7b:4e","RSSI":-62},{"SSID":"eduroam","BSSID":"5c:a6:2d:5d:ab:6e","RSSI":-63},{"SSID":"MeetInLeeds","BSSID":"5c:a6:2d:70:7b:4d","RSSI":-64},{"SSID":"eduroam","BSSID":"5c:a6:2d:cf:c1:8e","RSSI":-64},{"SSID":"MeetInLeeds","BSSID":"ac:3a:67:08:04:02","RSSI":-65},{"SSID":"eduroam","BSSID":"ac:3a:67:08:04:01","RSSI":-65},{"SSID":"MeetInLeeds","BSSID":"5c:a6:2d:cf:c1:8d","RSSI":-65},{"SSID":"MeetInLeeds","BSSID":"ac:3a:67:08:0b:42","RSSI":-66},{"SSID":"MeetInLeeds","BSSID":"5c:a6:2d:70:7b:42","RSSI":-67},{"SSID":"MeetInLeeds","BSSID":"5c:a6:2d:5d:2b:8d","RSSI":-67},{"SSID":"MeetInLeeds","BSSID":"5c:a6:2d:5d:2b:42","RSSI":-68},{"SSID":"eduroam","BSSID":"5c:a6:2d:5d:2b:8e","RSSI":-68},{"SSID":"MeetInLeeds","BSSID":"ac:3a:67:08:29:ad","RSSI":-68},{"SSID":"MeetInLeeds","BSSID":"ac:3a:67:07:f9:22","RSSI":-69},{"SSID":"MeetInLeeds","BSSID":"5c:a6:2d:ce:ab:c2","RSSI":-69},{"SSID":"eduroam","BSSID":"5c:a6:2d:ce:ab:c1","RSSI":-69},{"SSID":"eduroam","BSSID":"ac:3a:67:08:29:ae","RSSI":-69},{"SSID":"MeetInLeeds","BSSID":"ac:3a:67:08:04:0d","RSSI":-71},{"SSID":"eduroam","BSSID":"ac:3a:67:08:04:0e","RSSI":-71},{"SSID":"MeetInLeeds","BSSID":"5c:a6:2d:af:94:4d","RSSI":-71},{"SSID":"eduroam","BSSID":"5c:a6:2d:af:94:4e","RSSI":-71},{"SSID":"eduroam","BSSID":"ac:3a:67:08:0b:4e","RSSI":-71},{"SSID":"MeetInLeeds","BSSID":"ac:3a:67:08:0b:4d","RSSI":-72},{"SSID":"MeetInLeeds","BSSID":"5c:a6:2d:af:94:42","RSSI":-72},{"SSID":"MeetInLeeds","BSSID":"ac:3a:67:08:29:02","RSSI":-74},{"SSID":"eduroam","BSSID":"5c:a6:2d:88:6b:61","RSSI":-74},{"SSID":"MeetInLeeds","BSSID":"5c:a6:2d:ce:ab:cd","RSSI":-76},{"SSID":"eduroam","BSSID":"5c:a6:2d:cf:bf:c1","RSSI":-76},{"SSID":"MeetInLeeds","BSSID":"5c:a6:2d:cf:b3:6d","RSSI":-77},{"SSID":"MeetInLeeds","BSSID":"5c:a6:2d:cf:b4:ad","RSSI":-77},{"SSID":"eduroam","BSSID":"5c:a6:2d:cf:b4:ae","RSSI":-78},{"SSID":"MeetInLeeds","BSSID":"5c:a6:2d:ce:c1:e2","RSSI":-79},{"SSID":"MeetInLeeds","BSSID":"5c:a6:2d:cf:bf:cd","RSSI":-81},{"SSID":"eduroam","BSSID":"5c:a6:2d:cf:bf:ce","RSSI":-81},{"SSID":"MeetInLeeds","BSSID":"5c:a6:2d:5d:2b:4d","RSSI":-82},{"SSID":"MeetInLeeds","BSSID":"5c:a6:2d:ce:c1:ed","RSSI":-82},{"SSID":"eduroam","BSSID":"5c:a6:2d:ce:c1:ee","RSSI":-83},{"SSID":"eduroam","BSSID":"5c:a6:2d:5d:2b:4e","RSSI":-84},{"SSID":"MeetInLeeds","BSSID":"5c:a6:2d:ce:a1:cd","RSSI":-85},{"SSID":"MeetInLeeds","BSSID":"5c:a6:2d:1e:08:8d","RSSI":-86}],[{"SSID":"eduroam","BSSID":"5c:a6:2d:5d:2e:21","RSSI":-46},{"SSID":"MeetInLeeds","BSSID":"5c:a6:2d:5d:2e:22","RSSI":-47},{"SSID":"eduroam","BSSID":"5c:a6:2d:cf:c1:81","RSSI":-51},{"SSID":"MeetInLeeds","BSSID":"5c:a6:2d:cf:c1:82","RSSI":-51},{"SSID":"eduroam","BSSID":"5c:a6:2d:5d:ab:61","RSSI":-55},{"SSID":"MeetInLeeds","BSSID":"5c:a6:2d:5d:2e:2d","RSSI":-56},{"SSID":"eduroam","BSSID":"5c:a6:2d:5d:2e:2e","RSSI":-56},{"SSID":"MeetInLeeds","BSSID":"5c:a6:2d:5d:ab:62","RSSI":-56},{"SSID":"MeetInLeeds","BSSID":"ac:3a:67:08:29:a2","RSSI":-59},{"SSID":"MeetInLeeds","BSSID":"5c:a6:2d:cf:c1:8d","RSSI":-60},{"SSID":"eduroam","BSSID":"ac:3a:67:08:29:a1","RSSI":-60},{"SSID":"MeetInLeeds","BSSID":"5c:a6:2d:5d:ab:6d","RSSI":-60},{"SSID":"eduroam","BSSID":"5c:a6:2d:5d:ab:6e","RSSI":-61},{"SSID":"eduroam","BSSID":"ac:3a:67:08:29:ae","RSSI":-62},{"SSID":"MeetInLeeds","BSSID":"ac:3a:67:08:04:02","RSSI":-64},{"SSID":"MeetInLeeds","BSSID":"ac:3a:67:08:29:ad","RSSI":-64},{"SSID":"eduroam","BSSID":"ac:3a:67:08:0b:41","RSSI":-66},{"SSID":"MeetInLeeds","BSSID":"ac:3a:67:08:0b:42","RSSI":-66},{"SSID":"MeetInLeeds","BSSID":"ac:3a:67:07:f9:22","RSSI":-67},{"SSID":"MeetInLeeds","BSSID":"5c:a6:2d:70:7b:4d","RSSI":-68},{"SSID":"eduroam","BSSID":"ac:3a:67:07:f9:21","RSSI":-68},{"SSID":"eduroam","BSSID":"5c:a6:2d:70:7b:4e","RSSI":-69},{"SSID":"MeetInLeeds","BSSID":"5c:a6:2d:5d:2b:42","RSSI":-69},{"SSID":"eduroam","BSSID":"5c:a6:2d:5d:2b:41","RSSI":-69},{"SSID":"eduroam","BSSID":"ac:3a:67:08:0b:4e","RSSI":-69},{"SSID":"MeetInLeeds","BSSID":"ac:3a:67:08:0b:4d","RSSI":-69},{"SSID":"MeetInLeeds","BSSID":"5c:a6:2d:ce:ab:c2","RSSI":-70},{"SSID":"eduroam","BSSID":"5c:a6:2d:ce:ab:c1","RSSI":-70},{"SSID":"MeetInLeeds","BSSID":"5c:a6:2d:5d:2b:8d","RSSI":-70},{"SSID":"eduroam","BSSID":"5c:a6:2d:5d:2b:8e","RSSI":-70},{"SSID":"MeetInLeeds","BSSID":"ac:3a:67:08:04:0d","RSSI":-71},{"SSID":"eduroam","BSSID":"5c:a6:2d:88:6b:61","RSSI":-73},{"SSID":"MeetInLeeds","BSSID":"5c:a6:2d:88:6b:62","RSSI":-73},{"SSID":"eduroam","BSSID":"5c:a6:2d:5d:2b:81","RSSI":-74},{"SSID":"MeetInLeeds","BSSID":"5c:a6:2d:5d:2b:82","RSSI":-74},{"SSID":"MeetInLeeds","BSSID":"5c:a6:2d:af:94:42","RSSI":-75},{"SSID":"BEARD OF ZEUS","BSSID":"26:c3:dd:71:58:6c","RSSI":-76},{"SSID":"MeetInLeeds","BSSID":"5c:a6:2d:cf:b3:6d","RSSI":-77},{"SSID":"eduroam","BSSID":"5c:a6:2d:ce:c1:e1","RSSI":-77},{"SSID":"MeetInLeeds","BSSID":"ac:3a:67:08:29:02","RSSI":-77},{"SSID":"MeetInLeeds","BSSID":"5c:a6:2d:cf:b4:ad","RSSI":-77},{"SSID":"eduroam","BSSID":"5c:a6:2d:cf:b4:ae","RSSI":-77},{"SSID":"MeetInLeeds","BSSID":"ac:3a:67:07:f9:2d","RSSI":-77},{"SSID":"MeetInLeeds","BSSID":"5c:a6:2d:ce:ab:cd","RSSI":-78},{"SSID":"MeetInLeeds","BSSID":"5c:a6:2d:af:91:c2","RSSI":-79},{"SSID":"MeetInLeeds","BSSID":"5c:a6:2d:af:8f:c2","RSSI":-79},{"SSID":"eduroam","BSSID":"ac:3a:67:08:29:0e","RSSI":-80},{"SSID":"MeetInLeeds","BSSID":"ac:3a:67:08:29:0d","RSSI":-83},{"SSID":"eduroam","BSSID":"5c:a6:2d:ce:c1:ee","RSSI":-83},{"SSID":"MeetInLeeds","BSSID":"5c:a6:2d:ce:c1:ed","RSSI":-83}],[{"SSID":"eduroam","BSSID":"5c:a6:2d:5d:2e:21","RSSI":-47},{"SSID":"MeetInLeeds","BSSID":"5c:a6:2d:5d:2e:22","RSSI":-47},{"SSID":"eduroam","BSSID":"5c:a6:2d:cf:c1:81","RSSI":-50},{"SSID":"MeetInLeeds","BSSID":"5c:a6:2d:cf:c1:82","RSSI":-50},{"SSID":"MeetInLeeds","BSSID":"5c:a6:2d:5d:2e:2d","RSSI":-54},{"SSID":"eduroam","BSSID":"5c:a6:2d:5d:2e:2e","RSSI":-54},{"SSID":"eduroam","BSSID":"5c:a6:2d:cf:c1:8e","RSSI":-56},{"SSID":"MeetInLeeds","BSSID":"5c:a6:2d:cf:c1:8d","RSSI":-56},{"SSID":"MeetInLeeds","BSSID":"5c:a6:2d:5d:ab:62","RSSI":-56},{"SSID":"eduroam","BSSID":"5c:a6:2d:5d:ab:61","RSSI":-56},{"SSID":"eduroam","BSSID":"ac:3a:67:08:29:a1","RSSI":-57},{"SSID":"MeetInLeeds","BSSID":"ac:3a:67:08:29:a2","RSSI":-57},{"SSID":"eduroam","BSSID":"5c:a6:2d:5d:ab:6e","RSSI":-60},{"SSID":"MeetInLeeds","BSSID":"5c:a6:2d:5d:ab:6d","RSSI":-60},{"SSID":"eduroam","BSSID":"5c:a6:2d:70:7b:4e","RSSI":-64},{"SSID":"DESKTOP-73NVV7R 4141","BSSID":"f2:6e:0b:b7:46:4e","RSSI":-64},{"SSID":"MeetInLeeds","BSSID":"5c:a6:2d:70:7b:4d","RSSI":-65},{"SSID":"MeetInLeeds","BSSID":"ac:3a:67:08:04:02","RSSI":-65},{"SSID":"eduroam","BSSID":"ac:3a:67:08:04:01","RSSI":-65},{"SSID":"MeetInLeeds","BSSID":"ac:3a:67:08:0b:42","RSSI":-66},{"SSID":"MeetInLeeds","BSSID":"ac:3a:67:08:29:ad","RSSI":-66},{"SSID":"eduroam","BSSID":"ac:3a:67:08:29:ae","RSSI":-66},{"SSID":"eduroam","BSSID":"ac:3a:67:07:f9:21","RSSI":-67},{"SSID":"MeetInLeeds","BSSID":"ac:3a:67:07:f9:22","RSSI":-67},{"SSID":"eduroam","BSSID":"ac:3a:67:08:0b:41","RSSI":-67},{"SSID":"MeetInLeeds","BSSID":"5c:a6:2d:5d:2b:42","RSSI":-68},{"SSID":"eduroam","BSSID":"5c:a6:2d:70:7b:41","RSSI":-68},{"SSID":"MeetInLeeds","BSSID":"5c:a6:2d:cf:b3:62","RSSI":-70},{"SSID":"MeetInLeeds","BSSID":"5c:a6:2d:ce:ab:cd","RSSI":-72},{"SSID":"MeetInLeeds","BSSID":"5c:a6:2d:af:94:4d","RSSI":-73},{"SSID":"MeetInLeeds","BSSID":"5c:a6:2d:88:6b:62","RSSI":-73},{"SSID":"eduroam","BSSID":"5c:a6:2d:af:94:4e","RSSI":-74},{"SSID":"MeetInLeeds","BSSID":"ac:3a:67:08:0b:4d","RSSI":-74},{"SSID":"eduroam","BSSID":"5c:a6:2d:af:94:41","RSSI":-74},{"SSID":"MeetInLeeds","BSSID":"5c:a6:2d:af:94:42","RSSI":-74},{"SSID":"eduroam","BSSID":"ac:3a:67:07:f9:2e","RSSI":-74},{"SSID":"MeetInLeeds","BSSID":"ac:3a:67:08:04:0d","RSSI":-75},{"SSID":"eduroam","BSSID":"ac:3a:67:08:04:0e","RSSI":-75},{"SSID":"MeetInLeeds","BSSID":"5c:a6:2d:5d:2e:02","RSSI":-75},{"SSID":"eduroam","BSSID":"5c:a6:2d:5d:2e:01","RSSI":-76},{"SSID":"MeetInLeeds","BSSID":"5c:a6:2d:cf:b4:ad","RSSI":-76},{"SSID":"eduroam","BSSID":"5c:a6:2d:cf:b4:ae","RSSI":-76},{"SSID":"MeetInLeeds","BSSID":"5c:a6:2d:cf:c4:e2","RSSI":-76},{"SSID":"eduroam","BSSID":"5c:a6:2d:cf:c4:e1","RSSI":-76},{"SSID":"MeetInLeeds","BSSID":"ac:3a:67:08:29:0d","RSSI":-77},{"SSID":"MeetInLeeds","BSSID":"ac:3a:67:07:f9:2d","RSSI":-77},{"SSID":"MeetInLeeds","BSSID":"5c:a6:2d:ce:c1:e2","RSSI":-78},{"SSID":"eduroam","BSSID":"5c:a6:2d:5d:2b:81","RSSI":-78},{"SSID":"eduroam","BSSID":"5c:a6:2d:cf:bf:c1","RSSI":-79},{"SSID":"eduroam","BSSID":"ac:3a:67:08:29:0e","RSSI":-79},{"SSID":"MeetInLeeds","BSSID":"5c:a6:2d:5d:2e:0d","RSSI":-82},{"SSID":"MeetInLeeds","BSSID":"5c:a6:2d:ce:c1:ed","RSSI":-83},{"SSID":"eduroam","BSSID":"5c:a6:2d:ce:c1:ee","RSSI":-84},{"SSID":"MeetInLeeds","BSSID":"5c:a6:2d:ef:4c:4d","RSSI":-87}]]