[[{"SSID":"MeetInLeeds","BSSID":"5c:a6:2d:86:6c:a2","RSSI":-43},{"SSID":"MeetInLeeds","BSSID":"5c:a6:2d:af:94:42","RSSI":-58},{"SSID":"eduroam","BSSID":"5c:a6:2d:af:93:41","RSSI":-62},{"SSID":"MeetInLeeds","BSSID":"5c:a6:2d:af:93:42","RSSI":-62},{"SSID":"eduroam","BSSID":"ac:3a:67:07:f9:21","RSSI":-64},{"SSID":"MeetInLeeds","BSSID":"ac:3a:67:07:f9:22","RSSI":-64},{"SSID":"eduroam","BSSID":"5c:a6:2d:af:93:4e","RSSI":-67},{"SSID":"MeetInLeeds","BSSID":"5c:a6:2d:af:94:4d","RSSI":-70},{"SSID":"eduroam","BSSID":"5c:a6:2d:af:94:4e","RSSI":-70},{"SSID":"eduroam","BSSID":"5c:a6:2d:cf:b4:ae","RSSI":-77},{"SSID":"MeetInLeeds","BSSID":"5c:a6:2d:cf:c1:82","RSSI":-81},{"SSID":"eduroam","BSSID":"ac:3a:67:08:25:ae","RSSI":-82},{"SSID":"MeetInLeeds","BSSID":"ac:3a:67:08:25:ad","RSSI":-83},{"SSID":"MeetInLeeds","BSSID":"ac:3a:67:08:25:a2","RSSI":-83},{"SSID":"eduroam","BSSID":"5c:a6:2d:cf:b5:0e","RSSI":-85},{"SSID":"Redmi","BSSID":"7a:dc:24:13:09:d7","RSSI":-89}],[{"SSID":"eduroam","BSSID":"5c:a6:2d:86:6c:ae","RSSI":-49},{"SSID":"MeetInLeeds","BSSID":"5c:a6:2d:86:6c:ad","RSSI":-49},{"SSID":"eduroam","BSSID":"5c:a6:2d:af:94:41","RSSI":-56},{"SSID":"MeetInLeeds","BSSID":"5c:a6:2d:af:94:42","RSSI":-56},{"SSID":"MeetInLeeds","BSSID":"5c:a6:2d:af:93:42","RSSI":-63},{"SSID":"MeetInLeeds","BSSID":"ac:3a:67:07:f9:22","RSSI":-64},{"SSID":"MeetInLeeds","BSSID":"5c:a6:2d:cf:b4:a2","RSSI":-68},{"SSID":"MeetInLeeds","BSSID":"ac:3a:67:08:29:02","RSSI":-73},{"SSID":"MeetInLeeds","BSSID":"ac:3a:67:08:29:0d","RSSI":-82},{"SSID":"eduroam","BSSID":"ac:3a:67:08:29:0e","RSSI":-83}],[{"SSID":"MeetInLeeds","BSSID":"5c:a6:2d:86:6c:a2","RSSI":-43},{"SSID":"MeetInLeeds","BSSID":"5c:a6:2d:af:94:42","RSSI":-59},{"SSID":"MeetInLeeds","BSSID":"5c:a6:2d:af:93:42","RSSI":-62},{"SSID":"MeetInLeeds","BSSID":"5c:a6:2d:cf:b4:a2","RSSI":-65},{"SSID":"MeetInLeeds","BSSID":"ac:3a:67:07:f9:22","RSSI":-66},{"SSID":"MeetInLeeds","BSSID":"ac:3a:67:08:29:02","RSSI":-72},{"SSID":"eduroam","BSSID":"5c:a6:2d:5d:2e:21","RSSI":-84}],[{"SSID":"MeetInLeeds","BSSID":"5c:a6:2d:86:6c:a2","RSSI":-42},{"SSID":"eduroam","BSSID":"5c:a6:2d:86:6c:ae","RSSI":-48},{"SSID":"MeetInLeeds","BSSID":"5c:a6:2d:86:6c:ad","RSSI":-48},{"SSID":"eduroam","BSSID":"5c:a6:2d:af:94:41","RSSI":-56},{"SSID":"MeetInLeeds","BSSID":"5c:a6:2d:af:94:42","RSSI":-57},{"SSID":"MeetInLeeds","BSSID":"5c:a6:2d:cf:b4:a2","RSSI":-66},{"SSID":"MeetInLeeds","BSSID":"ac:3a:67:07:f9:22","RSSI":-67},{"SSID":"MeetInLeeds","BSSID":"5c:a6:2d:af:93:4d","RSSI":-67},{"SSID":"eduroam","BSSID":"5c:a6:2d:af:93:4e","RSSI":-67},{"SSID":"MeetInLeeds","BSSID":"5c:a6:2d:af:94:4d","RSSI":-69},{"SSID":"eduroam","BSSID":"5c:a6:2d:af:94:4e","RSSI":-69},{"SSID":"eduroam","BSSID":"ac:3a:67:07:f9:2e","RSSI":-74},{"SSID":"MeetInLeeds","BSSID":"ac:3a:67:08:29:02","RSSI":-75},{"SSID":"MeetInLeeds","BSSID":"5c:a6:2d:cf:b4:ad","RSSI":-76},{"SSID":"MeetInLeeds","BSSID":"ac:3a:67:08:25:ad","RSSI":-80},{"SSID":"MeetInLeeds","BSSID":"5c:a6:2d:cf:c1:82","RSSI":-81},{"SSID":"eduroam","BSSID":"ac:3a:67:08:25:ae","RSSI":-81},{"SSID":"MeetInLeeds","BSSID":"ac:3a:67:08:29:ad","RSSI":-83},{"SSID":"MeetInLeeds","BSSID":"ac:3a:67:08:29:0d","RSSI":-84},{"SSID":"eduroam","BSSID":"ac:3a:67:08:29:0e","RSSI":-84}],[{"SSID":"MeetInLeeds","BSSID":"5c:a6:2d:86:6c:a2","RSSI":-42},{"SSID":"MeetInLeeds","BSSID":"5c:a6:2d:af:94:42","RSSI":-58},{"SSID":"eduroam","BSSID":"5c:a6:2d:af:93:41","RSSI":-62},{"SSID":"MeetInLeeds","BSSID":"5c:a6:2d:af:93:42","RSSI":-62},{"SSID":"MeetInLeeds","BSSID":"5c:a6:2d:cf:b4:a2","RSSI":-66},{"SSID":"MeetInLeeds","BSSID":"5c:a6:2d:af:93:4d","RSSI":-68},{"SSID":"eduroam","BSSID":"5c:a6:2d:af:93:4e","RSSI":-68},{"SSID":"MeetInLeeds","BSSID":"ac:3a:67:07:f9:22","RSSI":-70},{"SSID":"MeetInLeeds","BSSID":"5c:a6:2d:af:94:4d","RSSI":-71},{"SSID":"eduroam","BSSID":"5c:a6:2d:af:94:4e","RSSI":-71},{"SSID":"MeetInLeeds","BSSID":"ac:3a:67:08:29:02","RSSI":-72},{"SSID":"MeetInLeeds","BSSID":"ac:3a:67:07:f9:2d","RSSI":-74},{"SSID":"eduroam","BSSID":"ac:3a:67:07:f9:2e","RSSI":-75},{"SSID":"MeetInLeeds","BSSID":"5c:a6:2d:cf:b4:ad","RSSI":-77},{"SSID":"eduroam","BSSID":"5c:a6:2d:cf:b4:ae","RSSI":-77},{"SSID":"MeetInLeeds","BSSID":"ac:3a:67:08:25:ad","RSSI":-82},{"SSID":"eduroam","BSSID":"ac:3a:67:08:25:ae","RSSI":-83},{"SSID":"MeetInLeeds","BSSID":"ac:3a:67:08:29:ad","RSSI":-85}],[{"SSID":"MeetInLeeds","BSSID":"5c:a6:2d:86:6c:a2","RSSI":-45},{"SSID":"MeetInLeeds","BSSID":"5c:a6:2d:af:94:42","RSSI":-55},{"SSID":"MeetInLeeds","BSSID":"5c:a6:2d:af:93:42","RSSI":-60},{"SSID":"MeetInLeeds","BSSID":"ac:3a:67:07:f9:22","RSSI":-64},{"SSID":"MeetInLeeds","BSSID":"5c:a6:2d:cf:b4:a2","RSSI":-64},{"SSID":"MeetInLeeds","BSSID":"5c:a6:2d:af:94:4d","RSSI":-67},{"SSID":"eduroam","BSSID":"5c:a6:2d:af:94:4e","RSSI":-67},{"SSID":"eduroam","BSSID":"ac:3a:67:08:29:01","RSSI":-73},{"SSID":"MeetInLeeds","BSSID":"ac:3a:67:08:29:02","RSSI":-73},{"SSID":"MeetInLeeds","BSSID":"5c:a6:2d:cf:b4:ad","RSSI":-75},{"SSID":"MeetInLeeds","BSSID":"5c:a6:2d:cf:c1:82","RSSI":-79},{"SSID":"eduroam","BSSID":"5c:a6:2d:cf:b5:0e","RSSI":-80},{"SSID":"MeetInLeeds","BSSID":"5c:a6:2d:cf:b5:0d","RSSI":-82}],[{"SSID":"MeetInLeeds","BSSID":"5c:a6:2d:86:6c:a2","RSSI":-43},{"SSID":"MeetInLeeds","BSSID":"5c:a6:2d:af:94:42","RSSI":-59},{"SSID":"eduroam","BSSID":"5c:a6:2d:af:93:41","RSSI":-62},{"SSID":"MeetInLeeds","BSSID":"5c:a6:2d:af:93:42","RSSI":-62},{"SSID":"MeetInLeeds","BSSID":"ac:3a:67:07:f9:22","RSSI":-62},{"SSID":"MeetInLeeds","BSSID":"5c:a6:2d:af:93:4d","RSSI":-64},{"SSID":"eduroam","BSSID":"5c:a6:2d:af:93:4e","RSSI":-65},{"SSID":"MeetInLeeds","BSSID":"5c:a6:2d:cf:b4:a2","RSSI":-66},{"SSID":"eduroam","BSSID":"ac:3a:67:08:25:a1","RSSI":-81},{"SSID":"eduroam","BSSID":"ac:3a:67:08:25:ae","RSSI":-82},{"SSID":"MeetInLeeds","BSSID":"ac:3a:67:08:25:ad","RSSI":-82},{"SSID":"MeetInLeeds","BSSID":"ac:3a:67:08:25:a2","RSSI":-82}],[{"SSID":"MeetInLeeds","BSSID":"5c:a6:2d:86:6c:a2","RSSI":-48},{"SSID":"eduroam","BSSID":"5c:a6:2d:86:6c:ae","RSSI":-52},{"SSID":"MeetInLeeds","BSSID":"5c:a6:2d:86:6c:ad","RSSI":-52},{"SSID":"eduroam","BSSID":"5c:a6:2d:af:94:41","RSSI":-56},{"SSID":"MeetInLeeds","BSSID":"5c:a6:2d:af:94:42","RSSI":-58},{"SSID":"MeetInLeeds","BSSID":"5c:a6:2d:af:93:42","RSSI":-61},{"SSID":"MeetInLeeds","BSSID":"ac:3a:67:07:f9:22","RSSI":-64},{"SSID":"MeetInLeeds","BSSID":"5c:a6:2d:af:94:4d","RSSI":-66},{"SSID":"eduroam","BSSID":"5c:a6:2d:af:94:4e","RSSI":-66},{"SSID":"MeetInLeeds","BSSID":"5c:a6:2d:cf:b4:a2","RSSI":-66},{"SSID":"MeetInLeeds","BSSID":"5c:a6:2d:af:93:4d","RSSI":-66},{"SSID":"eduroam","BSSID":"5c:a6:2d:cf:b4:a1","RSSI":-67},{"SSID":"eduroam","BSSID":"5c:a6:2d:af:93:4e","RSSI":-67},{"SSID":"MeetInLeeds","BSSID":"ac:3a:67:07:f9:2d","RSSI":-72},{"SSID":"MeetInLeeds","BSSID":"ac:3a:67:08:29:02","RSSI":-73},{"SSID":"MeetInLeeds","BSSID":"5c:a6:2d:cf:b4:ad","RSSI":-75},{"SSID":"eduroam","BSSID":"5c:a6:2d:cf:b4:ae","RSSI":-75},{"SSID":"eduroam","BSSID":"ac:3a:67:07:f9:2e","RSSI":-75},{"SSID":"eduroam","BSSID":"5c:a6:2d:cf:c1:81","RSSI":-79},{"SSID":"MeetInLeeds","BSSID":"5c:a6:2d:cf:b5:0d","RSSI":-82},{"SSID":"eduroam","BSSID":"5c:a6:2d:cf:b5:0e","RSSI":-82},{"SSID":"MeetInLeeds","BSSID":"5c:a6:2d:cf:b5:02","RSSI":-84},{"SSID":"MeetInLeeds","BSSID":"ac:3a:67:08:25:ad","RSSI":-85},{"SSID":"eduroam","BSSID":"ac:3a:67:08:25:ae","RSSI":-86},{"SSID":"eduroam","BSSID":"ac:3a:67:08:29:0e","RSSI":-86},{"SSID":"MeetInLeeds","BSSID":"ac:3a:67:08:29:0d","RSSI":-87}],[{"SSID":"MeetInLeeds","BSSID":"5c:a6:2d:86:6c:a2","RSSI":-48},{"SSID":"MeetInLeeds","BSSID":"5c:a6:2d:af:94:42","RSSI":-57},{"SSID":"MeetInLeeds","BSSID":"5c:a6:2d:af:93:42","RSSI":-62},{"SSID":"eduroam","BSSID":"5c:a6:2d:cf:b4:a1","RSSI":-64},{"SSID":"MeetInLeeds","BSSID":"5c:a6:2d:cf:b4:a2","RSSI":-64},{"SSID":"eduroam","BSSID":"ac:3a:67:07:f9:21","RSSI":-65},{"SSID":"MeetInLeeds","BSSID":"5c:a6:2d:af:93:4d","RSSI":-67},{"SSID":"eduroam","BSSID":"5c:a6:2d:af:93:4e","RSSI":-67},{"SSID":"eduroam","BSSID":"ac:3a:67:08:29:01","RSSI":-72},{"SSID":"MeetInLeeds","BSSID":"ac:3a:67:08:29:02","RSSI":-72},{"SSID":"MeetInLeeds","BSSID":"5c:a6:2d:cf:b4:ad","RSSI":-73},{"SSID":"eduroam","BSSID":"5c:a6:2d:cf:b4:ae","RSSI":-73},{"SSID":"eduroam","BSSID":"ac:3a:67:07:f9:2e","RSSI":-74},{"SSID":"MeetInLeeds","BSSID":"ac:3a:67:07:f9:2d","RSSI":-74},{"SSID":"MeetInLeeds","BSSID":"ac:3a:67:08:25:a2","RSSI":-82},{"SSID":"MeetInLeeds","BSSID":"5c:a6:2d:cf:b5:0d","RSSI":-83},{"SSID":"MeetInLeeds","BSSID":"ac:3a:67:08:29:ad","RSSI":-84}],[{"SSID":"eduroam","BSSID":"5c:a6:2d:86:6c:a1","RSSI":-48},{"SSID":"MeetInLeeds","BSSID":"5c:a6:2d:86:6c:a2","RSSI":-48},{"SSID":"eduroam","BSSID":"5c:a6:2d:af:94:41","RSSI":-53},{"SSID":"MeetInLeeds","BSSID":"5c:a6:2d:af:94:42","RSSI":-53},{"SSID":"eduroam","BSSID":"ac:3a:67:07:f9:21","RSSI":-65},{"SSID":"MeetInLeeds","BSSID":"5c:a6:2d:cf:b4:a2","RSSI":-66},{"SSID":"MeetInLeeds","BSSID":"5c:a6:2d:af:93:4d","RSSI":-68},{"SSID":"eduroam","BSSID":"5c:a6:2d:af:93:4e","RSSI":-68},{"SSID":"eduroam","BSSID":"ac:3a:67:08:29:01","RSSI":-69},{"SSID":"MeetInLeeds","BSSID":"ac:3a:67:08:29:02","RSSI":-69},{"SSID":"MeetInLeeds","BSSID":"5c:a6:2d:af:94:4d","RSSI":-71},{"SSID":"MeetInLeeds","BSSID":"5c:a6:2d:cf:b4:ad","RSSI":-73},{"SSID":"eduroam","BSSID":"ac:3a:67:07:f9:2e","RSSI":-73},{"SSID":"MeetInLeeds","BSSID":"ac:3a:67:07:f9:2d","RSSI":-73},{"SSID":"eduroam","BSSID":"5c:a6:2d:cf:b4:ae","RSSI":-74},{"SSID":"MeetInLeeds","BSSID":"5c:a6:2d:cf:b5:0d","RSSI":-85},{"SSID":"MeetInLeeds","BSSID":"ac:3a:67:08:29:ad","RSSI":-85}]]