[[{"SSID":"eduroam","BSSID":"5c:a6:2d:b6:22:4e","RSSI":-33},{"SSID":"MeetInLeeds","BSSID":"5c:a6:2d:b6:22:4d","RSSI":-34},{"SSID":"MeetInLeeds","BSSID":"5c:a6:2d:b6:22:42","RSSI":-38},{"SSID":"MeetInLeeds","BSSID":"5c:a6:2d:ce:b2:02","RSSI":-45},{"SSID":"eduroam","BSSID":"5c:a6:2d:cf:b0:a1","RSSI":-46},{"SSID":"eduroam","BSSID":"5c:a6:2d:ce:b2:01","RSSI":-46},{"SSID":"MeetInLeeds","BSSID":"5c:a6:2d:cf:b0:a2","RSSI":-47},{"SSID":"eduroam","BSSID":"5c:a6:2d:ce:b2:0e","RSSI":-50},{"SSID":"MeetInLeeds","BSSID":"5c:a6:2d:ce:b2:0d","RSSI":-51},{"SSID":"eduroam","BSSID":"ac:3a:67:08:05:61","RSSI":-58},{"SSID":"MeetInLeeds","BSSID":"ac:3a:67:08:05:62","RSSI":-59},{"SSID":"MeetInLeeds","BSSID":"5c:a6:2d:cf:e0:22","RSSI":-59},{"SSID":"eduroam","BSSID":"5c:a6:2d:cf:e0:21","RSSI":-59},{"SSID":"eduroam","BSSID":"5c:a6:2d:cf:e0:2e","RSSI":-59},{"SSID":"MeetInLeeds","BSSID":"5c:a6:2d:45:dc:c2","RSSI":-60},{"SSID":"MeetInLeeds","BSSID":"5c:a6:2d:cf:b0:ad","RSSI":-60},{"SSID":"MeetInLeeds","BSSID":"5c:a6:2d:cf:e0:2d","RSSI":-60},{"SSID":"eduroam","BSSID":"5c:a6:2d:cf:b0:ae","RSSI":-61},{"SSID":"MeetInLeeds","BSSID":"ac:3a:67:08:05:6d","RSSI":-61},{"SSID":"MeetInLeeds","BSSID":"5c:a6:2d:af:91:82","RSSI":-62},{"SSID":"eduroam","BSSID":"5c:a6:2d:af:91:81","RSSI":-62},{"SSID":"eduroam","BSSID":"ac:3a:67:08:05:6e","RSSI":-62},{"SSID":"eduroam","BSSID":"5c:a6:2d:b5:ca:ee","RSSI":-64},{"SSID":"eduroam","BSSID":"5c:a6:2d:86:6c:6e","RSSI":-65},{"SSID":"eduroam","BSSID":"5c:a6:2d:a0:4b:e1","RSSI":-66},{"SSID":"MeetInLeeds","BSSID":"5c:a6:2d:a0:4b:e2","RSSI":-67},{"SSID":"eduroam","BSSID":"5c:a6:2d:af:91:8e","RSSI":-67},{"SSID":"MeetInLeeds","BSSID":"5c:a6:2d:86:6c:6d","RSSI":-67},{"SSID":"MeetInLeeds","BSSID":"5c:a6:2d:86:6c:62","RSSI":-68},{"SSID":"MeetInLeeds","BSSID":"5c:a6:2d:5d:2b:4d","RSSI":-68},{"SSID":"MeetInLeeds","BSSID":"5c:a6:2d:af:91:8d","RSSI":-68},{"SSID":"eduroam","BSSID":"5c:a6:2d:5d:2b:4e","RSSI":-69},{"SSID":"eduroam","BSSID":"ac:3a:67:08:25:c1","RSSI":-69},{"SSID":"MeetInLeeds","BSSID":"ac:3a:67:08:25:c2","RSSI":-69},{"SSID":"MeetInLeeds","BSSID":"5c:a6:2d:af:91:c2","RSSI":-70},{"SSID":"MeetInLeeds","BSSID":"5c:a6:2d:45:db:22","RSSI":-70},{"SSID":"MeetInLeeds","BSSID":"5c:a6:2d:45:dc:cd","RSSI":-73},{"SSID":"eduroam","BSSID":"5c:a6:2d:45:db:6e","RSSI":-73},{"SSID":"MeetInLeeds","BSSID":"5c:a6:2d:45:db:6d","RSSI":-73},{"SSID":"MeetInLeeds","BSSID":"5c:a6:2d:86:6a:62","RSSI":-73},{"SSID":"eduroam","BSSID":"ac:3a:67:08:25:ce","RSSI":-73},{"SSID":"MeetInLeeds","BSSID":"ac:3a:67:08:25:cd","RSSI":-73},{"SSID":"eduroam","BSSID":"ac:3a:67:08:01:81","RSSI":-74},{"SSID":"MeetInLeeds","BSSID":"ac:3a:67:08:01:82","RSSI":-74},{"SSID":"MeetInLeeds","BSSID":"5c:a6:2d:af:8f:c2","RSSI":-75},{"SSID":"MeetInLeeds","BSSID":"5c:a6:2d:ce:ab:c2","RSSI":-76},{"SSID":"eduroam","BSSID":"5c:a6:2d:af:8f:c1","RSSI":-76},{"SSID":"MeetInLeeds","BSSID":"5c:a6:2d:b5:ca:ed","RSSI":-76},{"SSID":"eduroam","BSSID":"5c:a6:2d:cf:e3:41","RSSI":-77},{"SSID":"eduroam","BSSID":"5c:a6:2d:ce:ab:c1","RSSI":-78},{"SSID":"eduroam","BSSID":"5c:a6:2d:5d:ab:6e","RSSI":-78},{"SSID":"MeetInLeeds","BSSID":"5c:a6:2d:5d:ab:6d","RSSI":-78},{"SSID":"MeetInLeeds","BSSID":"5c:a6:2d:a0:08:82","RSSI":-78},{"SSID":"eduroam","BSSID":"5c:a6:2d:86:6d:21","RSSI":-78},{"SSID":"MeetInLeeds","BSSID":"5c:a6:2d:af:91:cd","RSSI":-79},{"SSID":"MeetInLeeds","BSSID":"5c:a6:2d:ce:b4:c2","RSSI":-79},{"SSID":"MeetInLeeds","BSSID":"ac:3a:67:08:32:42","RSSI":-80},{"SSID":"MeetInLeeds","BSSID":"5c:a6:2d:86:6d:22","RSSI":-80},{"SSID":"AndroidAPbe18","BSSID":"ce:1e:63:b7:40:a2","RSSI":-81},{"SSID":"MeetInLeeds","BSSID":"5c:a6:2d:a0:4b:ed","RSSI":-81},{"SSID":"eduroam","BSSID":"5c:a6:2d:ef:45:2e","RSSI":-81},{"SSID":"MeetInLeeds","BSSID":"5c:a6:2d:ef:45:2d","RSSI":-81},{"SSID":"eduroam","BSSID":"5c:a6:2d:af:94:a1","RSSI":-82},{"SSID":"eduroam","BSSID":"5c:a6:2d:cf:c5:ee","RSSI":-82},{"SSID":"eduroam","BSSID":"5c:a6:2d:a0:4b:ee","RSSI":-82},{"SSID":"MeetInLeeds","BSSID":"5c:a6:2d:cf:c4:4d","RSSI":-82},{"SSID":"MeetInLeeds","BSSID":"ac:3a:67:08:29:ad","RSSI":-82},{"SSID":"eduroam","BSSID":"ac:3a:67:08:29:ae","RSSI":-82},{"SSID":"MeetInLeeds","BSSID":"ac:3a:67:08:01:8d","RSSI":-83},{"SSID":"MeetInLeeds","BSSID":"5c:a6:2d:cf:c5:ed","RSSI":-83},{"SSID":"MeetInLeeds","BSSID":"5c:a6:2d:cf:c4:cd","RSSI":-83},{"SSID":"MeetInLeeds","BSSID":"5c:a6:2d:ce:ab:cd","RSSI":-84},{"SSID":"eduroam","BSSID":"5c:a6:2d:ce:ab:ce","RSSI":-84},{"SSID":"MeetInLeeds","BSSID":"5c:a6:2d:ce:b5:0d","RSSI":-84},{"SSID":"MeetInLeeds","BSSID":"5c:a6:2d:86:6d:2d","RSSI":-85},{"SSID":"eduroam","BSSID":"5c:a6:2d:ce:b5:0e","RSSI":-86},{"SSID":"eduroam","BSSID":"5c:a6:2d:cf:c4:ce","RSSI":-86}],[{"SSID":"MeetInLeeds","BSSID":"5c:a6:2d:b6:22:4d","RSSI":-32},{"SSID":"eduroam","BSSID":"5c:a6:2d:b6:22:4e","RSSI":-33},{"SSID":"MeetInLeeds","BSSID":"5c:a6:2d:b6:22:42","RSSI":-37},{"SSID":"eduroam","BSSID":"5c:a6:2d:b6:22:41","RSSI":-37},{"SSID":"MeetInLeeds","BSSID":"5c:a6:2d:cf:b0:a2","RSSI":-47},{"SSID":"eduroam","BSSID":"5c:a6:2d:cf:b0:a1","RSSI":-47},{"SSID":"eduroam","BSSID":"5c:a6:2d:ce:b2:0e","RSSI":-47},{"SSID":"MeetInLeeds","BSSID":"5c:a6:2d:ce:b2:0d","RSSI":-48},{"SSID":"MeetInLeeds","BSSID":"5c:a6:2d:ce:b2:02","RSSI":-48},{"SSID":"eduroam","BSSID":"5c:a6:2d:ce:b2:01","RSSI":-48},{"SSID":"MeetInLeeds","BSSID":"5c:a6:2d:5d:2b:42","RSSI":-50},{"SSID":"eduroam","BSSID":"5c:a6:2d:5d:2b:41","RSSI":-50},{"SSID":"MeetInLeeds","BSSID":"5c:a6:2d:b5:ca:e2","RSSI":-51},{"SSID":"MeetInLeeds","BSSID":"5c:a6:2d:cf:b0:ad","RSSI":-54},{"SSID":"eduroam","BSSID":"5c:a6:2d:cf:b0:ae","RSSI":-54},{"SSID":"MeetInLeeds","BSSID":"5c:a6:2d:45:dc:c2","RSSI":-57},{"SSID":"MeetInLeeds","BSSID":"ac:3a:67:08:05:6d","RSSI":-57},{"SSID":"eduroam","BSSID":"ac:3a:67:08:05:6e","RSSI":-57},{"SSID":"eduroam","BSSID":"ac:3a:67:08:05:61","RSSI":-58},{"SSID":"MeetInLeeds","BSSID":"ac:3a:67:08:05:62","RSSI":-58},{"SSID":"eduroam","BSSID":"5c:a6:2d:b5:ca:ee","RSSI":-60},{"SSID":"MeetInLeeds","BSSID":"5c:a6:2d:af:91:82","RSSI":-63},{"SSID":"eduroam","BSSID":"5c:a6:2d:af:91:81","RSSI":-63},{"SSID":"MeetInLeeds","BSSID":"5c:a6:2d:cf:e0:2d","RSSI":-63},{"SSID":"eduroam","BSSID":"5c:a6:2d:cf:e0:2e","RSSI":-63},{"SSID":"MeetInLeeds","BSSID":"5c:a6:2d:b5:ca:ed","RSSI":-63},{"SSID":"eduroam","BSSID":"5c:a6:2d:a0:4b:e1","RSSI":-64},{"SSID":"MeetInLeeds","BSSID":"5c:a6:2d:a0:4b:e2","RSSI":-64},{"SSID":"MeetInLeeds","BSSID":"5c:a6:2d:5d:2b:4d","RSSI":-66},{"SSID":"eduroam","BSSID":"5c:a6:2d:5d:2b:4e","RSSI":-66},{"SSID":"MeetInLeeds","BSSID":"5c:a6:2d:af:91:8d","RSSI":-67},{"SSID":"MeetInLeeds","BSSID":"5c:a6:2d:86:6c:6d","RSSI":-67},{"SSID":"eduroam","BSSID":"5c:a6:2d:86:6c:6e","RSSI":-67},{"SSID":"eduroam","BSSID":"ac:3a:67:08:01:81","RSSI":-69},{"SSID":"MeetInLeeds","BSSID":"ac:3a:67:08:01:82","RSSI":-70},{"SSID":"eduroam","BSSID":"ac:3a:67:08:25:c1","RSSI":-70},{"SSID":"MeetInLeeds","BSSID":"ac:3a:67:08:25:c2","RSSI":-70},{"SSID":"MeetInLeeds","BSSID":"5c:a6:2d:45:dc:cd","RSSI":-72},{"SSID":"eduroam","BSSID":"5c:a6:2d:86:6c:61","RSSI":-72},{"SSID":"eduroam","BSSID":"ac:3a:67:08:25:ce","RSSI":-72},{"SSID":"MeetInLeeds","BSSID":"ac:3a:67:08:25:cd","RSSI":-72},{"SSID":"MeetInLeeds","BSSID":"5c:a6:2d:cf:c4:c2","RSSI":-73},{"SSID":"MeetInLeeds","BSSID":"5c:a6:2d:86:6c:62","RSSI":-73},{"SSID":"MeetInLeeds","BSSID":"5c:a6:2d:ef:45:22","RSSI":-74},{"SSID":"MeetInLeeds","BSSID":"5c:a6:2d:cf:e0:22","RSSI":-74},{"SSID":"eduroam","BSSID":"5c:a6:2d:a0:4b:ee","RSSI":-75},{"SSID":"eduroam","BSSID":"5c:a6:2d:ef:45:21","RSSI":-75},{"SSID":"MeetInLeeds","BSSID":"5c:a6:2d:45:db:22","RSSI":-75},{"SSID":"eduroam","BSSID":"5c:a6:2d:ce:b5:01","RSSI":-75},{"SSID":"MeetInLeeds","BSSID":"5c:a6:2d:5d:ab:6d","RSSI":-75},{"SSID":"eduroam","BSSID":"5c:a6:2d:86:6d:21","RSSI":-75},{"SSID":"MeetInLeeds","BSSID":"5c:a6:2d:45:db:6d","RSSI":-76},{"SSID":"MeetInLeeds","BSSID":"5c:a6:2d:86:6a:62","RSSI":-76},{"SSID":"MeetInLeeds","BSSID":"5c:a6:2d:a0:4b:ed","RSSI":-76},{"SSID":"MeetInLeeds","BSSID":"5c:a6:2d:5d:ab:62","RSSI":-76},{"SSID":"eduroam","BSSID":"5c:a6:2d:45:db:6e","RSSI":-77},{"SSID":"eduroam","BSSID":"5c:a6:2d:45:db:21","RSSI":-77},{"SSID":"eduroam","BSSID":"5c:a6:2d:cf:c4:4e","RSSI":-77},{"SSID":"MeetInLeeds","BSSID":"5c:a6:2d:86:6d:22","RSSI":-77},{"SSID":"MeetInLeeds","BSSID":"5c:a6:2d:45:db:62","RSSI":-78},{"SSID":"eduroam","BSSID":"5c:a6:2d:5d:ab:6e","RSSI":-78},{"SSID":"eduroam","BSSID":"5c:a6:2d:45:db:2e","RSSI":-78},{"SSID":"MeetInLeeds","BSSID":"5c:a6:2d:45:db:2d","RSSI":-78},{"SSID":"MeetInLeeds","BSSID":"5c:a6:2d:cf:c4:42","RSSI":-78},{"SSID":"MeetInLeeds","BSSID":"5c:a6:2d:70:7b:4d","RSSI":-79},{"SSID":"eduroam","BSSID":"5c:a6:2d:af:91:ce","RSSI":-79},{"SSID":"MeetInLeeds","BSSID":"5c:a6:2d:af:91:cd","RSSI":-79},{"SSID":"MeetInLeeds","BSSID":"5c:a6:2d:ce:ab:c2","RSSI":-80},{"SSID":"eduroam","BSSID":"ac:3a:67:08:29:a1","RSSI":-80},{"SSID":"eduroam","BSSID":"5c:a6:2d:cf:c5:ee","RSSI":-81},{"SSID":"MeetInLeeds","BSSID":"ac:3a:67:08:01:8d","RSSI":-81},{"SSID":"MeetInLeeds","BSSID":"5c:a6:2d:cf:c5:ed","RSSI":-81},{"SSID":"MeetInLeeds","BSSID":"5c:a6:2d:ce:b5:0d","RSSI":-81},{"SSID":"MeetInLeeds","BSSID":"ac:3a:67:08:29:a2","RSSI":-81},{"SSID":"MeetInLeeds","BSSID":"5c:a6:2d:af:91:42","RSSI":-81},{"SSID":"eduroam","BSSID":"5c:a6:2d:af:91:41","RSSI":-82},{"SSID":"eduroam","BSSID":"5c:a6:2d:ce:b5:0e","RSSI":-83},{"SSID":"eduroam","BSSID":"5c:a6:2d:cf:c4:ce","RSSI":-83},{"SSID":"MeetInLeeds","BSSID":"ac:3a:67:08:29:2d","RSSI":-84},{"SSID":"MeetInLeeds","BSSID":"5c:a6:2d:ce:a1:cd","RSSI":-84},{"SSID":"MeetInLeeds","BSSID":"5c:a6:2d:cf:89:6d","RSSI":-84},{"SSID":"MeetInLeeds","BSSID":"5c:a6:2d:cf:c4:cd","RSSI":-84},{"SSID":"MeetInLeeds","BSSID":"5c:a6:2d:86:6b:6d","RSSI":-84},{"SSID":"eduroam","BSSID":"5c:a6:2d:ce:ab:ce","RSSI":-85},{"SSID":"eduroam","BSSID":"ac:3a:67:08:29:2e","RSSI":-85},{"SSID":"eduroam","BSSID":"5c:a6:2d:a0:08:8e","RSSI":-85},{"SSID":"MeetInLeeds","BSSID":"5c:a6:2d:af:8f:cd","RSSI":-85},{"SSID":"eduroam","BSSID":"5c:a6:2d:86:6b:6e","RSSI":-85},{"SSID":"eduroam","BSSID":"5c:a6:2d:ce:a1:ce","RSSI":-86},{"SSID":"MeetInLeeds","BSSID":"5c:a6:2d:a0:08:8d","RSSI":-86},{"SSID":"MeetInLeeds","BSSID":"5c:a6:2d:ce:b4:cd","RSSI":-88}],[{"SSID":"eduroam","BSSID":"5c:a6:2d:b6:22:4e","RSSI":-35},{"SSID":"MeetInLeeds","BSSID":"5c:a6:2d:b6:22:4d","RSSI":-35},{"SSID":"MeetInLeeds","BSSID":"5c:a6:2d:b6:22:42","RSSI":-39},{"SSID":"MeetInLeeds","BSSID":"5c:a6:2d:ce:b2:02","RSSI":-45},{"SSID":"MeetInLeeds","BSSID":"5c:a6:2d:cf:b0:a2","RSSI":-46},{"SSID":"eduroam","BSSID":"5c:a6:2d:ce:b2:0e","RSSI":-47},{"SSID":"eduroam","BSSID":"5c:a6:2d:b5:ca:e1","RSSI":-47},{"SSID":"MeetInLeeds","BSSID":"5c:a6:2d:ce:b2:0d","RSSI":-48},{"SSID":"MeetInLeeds","BSSID":"5c:a6:2d:b5:ca:e2","RSSI":-48},{"SSID":"MeetInLeeds","BSSID":"5c:a6:2d:5d:2b:42","RSSI":-53},{"SSID":"MeetInLeeds","BSSID":"ac:3a:67:08:05:62","RSSI":-54},{"SSID":"eduroam","BSSID":"5c:a6:2d:5d:2b:41","RSSI":-54},{"SSID":"MeetInLeeds","BSSID":"5c:a6:2d:cf:b0:ad","RSSI":-54},{"SSID":"eduroam","BSSID":"5c:a6:2d:cf:b0:ae","RSSI":-54},{"SSID":"MeetInLeeds","BSSID":"5c:a6:2d:b5:ca:ed","RSSI":-56},{"SSID":"eduroam","BSSID":"5c:a6:2d:b5:ca:ee","RSSI":-57},{"SSID":"MeetInLeeds","BSSID":"5c:a6:2d:cf:e0:22","RSSI":-58},{"SSID":"eduroam","BSSID":"ac:3a:67:08:05:6e","RSSI":-61},{"SSID":"MeetInLeeds","BSSID":"ac:3a:67:08:05:6d","RSSI":-62},{"SSID":"MeetInLeeds","BSSID":"5c:a6:2d:cf:e0:2d","RSSI":-63},{"SSID":"eduroam","BSSID":"5c:a6:2d:cf:e0:2e","RSSI":-63},{"SSID":"MeetInLeeds","BSSID":"5c:a6:2d:af:91:82","RSSI":-64},{"SSID":"MeetInLeeds","BSSID":"ac:3a:67:08:25:c2","RSSI":-66},{"SSID":"eduroam","BSSID":"5c:a6:2d:45:dc:c1","RSSI":-66},{"SSID":"MeetInLeeds","BSSID":"5c:a6:2d:45:dc:c2","RSSI":-67},{"SSID":"MeetInLeeds","BSSID":"5c:a6:2d:86:6c:6d","RSSI":-67},{"SSID":"MeetInLeeds","BSSID":"5c:a6:2d:a0:4b:e2","RSSI":-68},{"SSID":"MeetInLeeds","BSSID":"5c:a6:2d:5d:2b:4d","RSSI":-68},{"SSID":"eduroam","BSSID":"ac:3a:67:08:01:81","RSSI":-68},{"SSID":"eduroam","BSSID":"5c:a6:2d:a0:4b:e1","RSSI":-69},{"SSID":"MeetInLeeds","BSSID":"5c:a6:2d:86:6c:62","RSSI":-69},{"SSID":"eduroam","BSSID":"5c:a6:2d:86:6c:6e","RSSI":-69},{"SSID":"MeetInLeeds","BSSID":"5c:a6:2d:af:91:8d","RSSI":-70},{"SSID":"MeetInLeeds","BSSID":"5c:a6:2d:45:db:6d","RSSI":-70},{"SSID":"eduroam","BSSID":"5c:a6:2d:45:db:6e","RSSI":-71},{"SSID":"eduroam","BSSID":"5c:a6:2d:af:91:8e","RSSI":-72},{"SSID":"eduroam","BSSID":"5c:a6:2d:45:db:61","RSSI":-73},{"SSID":"MeetInLeeds","BSSID":"ac:3a:67:08:25:cd","RSSI":-73},{"SSID":"eduroam","BSSID":"5c:a6:2d:45:db:21","RSSI":-73},{"SSID":"eduroam","BSSID":"5c:a6:2d:ef:45:2e","RSSI":-73},{"SSID":"MeetInLeeds","BSSID":"5c:a6:2d:ef:45:2d","RSSI":-73},{"SSID":"MeetInLeeds","BSSID":"5c:a6:2d:af:91:c2","RSSI":-74},{"SSID":"MeetInLeeds","BSSID":"5c:a6:2d:cf:c5:e2","RSSI":-74},{"SSID":"eduroam","BSSID":"ac:3a:67:08:25:ce","RSSI":-74},{"SSID":"MeetInLeeds","BSSID":"5c:a6:2d:45:db:22","RSSI":-74},{"SSID":"MeetInLeeds","BSSID":"5c:a6:2d:ef:45:22","RSSI":-75},{"SSID":"eduroam","BSSID":"5c:a6:2d:ef:45:21","RSSI":-75},{"SSID":"eduroam","BSSID":"ac:3a:67:08:01:8e","RSSI":-77},{"SSID":"eduroam","BSSID":"5c:a6:2d:86:6d:21","RSSI":-77},{"SSID":"eduroam","BSSID":"5c:a6:2d:5d:2b:4e","RSSI":-78},{"SSID":"MeetInLeeds","BSSID":"5c:a6:2d:a0:4b:ed","RSSI":-78},{"SSID":"eduroam","BSSID":"5c:a6:2d:a0:4b:ee","RSSI":-79},{"SSID":"MeetInLeeds","BSSID":"5c:a6:2d:ce:ab:c2","RSSI":-79},{"SSID":"MeetInLeeds","BSSID":"5c:a6:2d:cf:c5:ed","RSSI":-79},{"SSID":"eduroam","BSSID":"5c:a6:2d:5d:ab:61","RSSI":-79},{"SSID":"MeetInLeeds","BSSID":"ac:3a:67:08:29:ad","RSSI":-79},{"SSID":"eduroam","BSSID":"5c:a6:2d:cf:89:61","RSSI":-80},{"SSID":"MeetInLeeds","BSSID":"5c:a6:2d:cf:c4:4d","RSSI":-80},{"SSID":"MeetInLeeds","BSSID":"ac:3a:67:08:29:22","RSSI":-80},{"SSID":"MeetInLeeds","BSSID":"5c:a6:2d:70:7b:4d","RSSI":-81},{"SSID":"eduroam","BSSID":"5c:a6:2d:cf:c5:ee","RSSI":-81},{"SSID":"MeetInLeeds","BSSID":"ac:3a:67:08:01:8d","RSSI":-81},{"SSID":"MeetInLeeds","BSSID":"5c:a6:2d:af:8f:c2","RSSI":-81},{"SSID":"eduroam","BSSID":"5c:a6:2d:70:7b:4e","RSSI":-82},{"SSID":"eduroam","BSSID":"5c:a6:2d:ce:a1:ce","RSSI":-82},{"SSID":"MeetInLeeds","BSSID":"5c:a6:2d:ce:bf:02","RSSI":-83},{"SSID":"MeetInLeeds","BSSID":"5c:a6:2d:af:8f:cd","RSSI":-84},{"SSID":"eduroam","BSSID":"5c:a6:2d:5d:ab:6e","RSSI":-84},{"SSID":"MeetInLeeds","BSSID":"5c:a6:2d:5d:ab:6d","RSSI":-84},{"SSID":"MeetInLeeds","BSSID":"5c:a6:2d:cf:c4:cd","RSSI":-84},{"SSID":"MeetInLeeds","BSSID":"5c:a6:2d:86:6d:2d","RSSI":-85},{"SSID":"eduroam","BSSID":"5c:a6:2d:86:6d:2e","RSSI":-86},{"SSID":"eduroam","BSSID":"5c:a6:2d:ce:b5:0e","RSSI":-86},{"SSID":"MeetInLeeds","BSSID":"5c:a6:2d:ce:b5:0d","RSSI":-86},{"SSID":"MeetInLeeds","BSSID":"5c:a6:2d:a0:08:8d","RSSI":-86},{"SSID":"MeetInLeeds","BSSID":"5c:a6:2d:45:db:2d","RSSI":-86},{"SSID":"eduroam","BSSID":"5c:a6:2d:cf:e3:4e","RSSI":-87},{"SSID":"eduroam","BSSID":"ac:3a:67:08:29:2e","RSSI":-87}],[{"SSID":"MeetInLeeds","BSSID":"5c:a6:2d:b6:22:4d","RSSI":-32},{"SSID":"eduroam","BSSID":"5c:a6:2d:b6:22:4e","RSSI":-33},{"SSID":"MeetInLeeds","BSSID":"5c:a6:2d:b6:22:42","RSSI":-39},{"SSID":"eduroam","BSSID":"5c:a6:2d:b6:22:41","RSSI":-39},{"SSID":"MeetInLeeds","BSSID":"5c:a6:2d:ce:b2:0d","RSSI":-41},{"SSID":"eduroam","BSSID":"5c:a6:2d:ce:b2:0e","RSSI":-41},{"SSID":"MeetInLeeds","BSSID":"5c:a6:2d:cf:b0:a2","RSSI":-43},{"SSID":"eduroam","BSSID":"5c:a6:2d:cf:b0:a1","RSSI":-44},{"SSID":"MeetInLeeds","BSSID":"5c:a6:2d:ce:b2:02","RSSI":-46},{"SSID":"AndroidAPbe18","BSSID":"ce:1e:63:b7:40:a2","RSSI":-53},{"SSID":"eduroam","BSSID":"5c:a6:2d:cf:b0:ae","RSSI":-54},{"SSID":"MeetInLeeds","BSSID":"ac:3a:67:08:05:62","RSSI":-55},{"SSID":"MeetInLeeds","BSSID":"5c:a6:2d:cf:b0:ad","RSSI":-55},{"SSID":"MeetInLeeds","BSSID":"5c:a6:2d:b5:ca:ed","RSSI":-57},{"SSID":"MeetInLeeds","BSSID":"ac:3a:67:08:05:6d","RSSI":-57},{"SSID":"eduroam","BSSID":"ac:3a:67:08:05:6e","RSSI":-57},{"SSID":"eduroam","BSSID":"5c:a6:2d:b5:ca:ee","RSSI":-58},{"SSID":"MeetInLeeds","BSSID":"5c:a6:2d:cf:e0:22","RSSI":-61},{"SSID":"MeetInLeeds","BSSID":"5c:a6:2d:cf:e0:2d","RSSI":-61},{"SSID":"eduroam","BSSID":"5c:a6:2d:cf:e0:2e","RSSI":-62},{"SSID":"MeetInLeeds","BSSID":"5c:a6:2d:5d:2b:4d","RSSI":-63},{"SSID":"eduroam","BSSID":"5c:a6:2d:5d:2b:4e","RSSI":-63},{"SSID":"MeetInLeeds","BSSID":"5c:a6:2d:a0:4b:e2","RSSI":-65},{"SSID":"MeetInLeeds","BSSID":"5c:a6:2d:86:6c:6d","RSSI":-65},{"SSID":"eduroam","BSSID":"5c:a6:2d:86:6c:6e","RSSI":-65},{"SSID":"MeetInLeeds","BSSID":"5c:a6:2d:af:91:82","RSSI":-65},{"SSID":"MeetInLeeds","BSSID":"5c:a6:2d:45:db:22","RSSI":-66},{"SSID":"eduroam","BSSID":"5c:a6:2d:86:6c:61","RSSI":-68},{"SSID":"MeetInLeeds","BSSID":"5c:a6:2d:45:dc:cd","RSSI":-70},{"SSID":"MeetInLeeds","BSSID":"ac:3a:67:08:01:82","RSSI":-72},{"SSID":"MeetInLeeds","BSSID":"5c:a6:2d:af:91:cd","RSSI":-72},{"SSID":"MeetInLeeds","BSSID":"5c:a6:2d:af:91:c2","RSSI":-73},{"SSID":"eduroam","BSSID":"ac:3a:67:08:01:81","RSSI":-73},{"SSID":"MeetInLeeds","BSSID":"ac:3a:67:08:25:cd","RSSI":-73},{"SSID":"MeetInLeeds","BSSID":"5c:a6:2d:ef:45:2d","RSSI":-73},{"SSID":"eduroam","BSSID":"5c:a6:2d:a0:4b:ee","RSSI":-74},{"SSID":"MeetInLeeds","BSSID":"5c:a6:2d:45:db:62","RSSI":-75},{"SSID":"MeetInLeeds","BSSID":"5c:a6:2d:a0:4b:ed","RSSI":-75},{"SSID":"eduroam","BSSID":"ac:3a:67:08:25:ce","RSSI":-75},{"SSID":"eduroam","BSSID":"5c:a6:2d:45:db:61","RSSI":-76},{"SSID":"eduroam","BSSID":"5c:a6:2d:45:db:2e","RSSI":-76},{"SSID":"eduroam","BSSID":"5c:a6:2d:af:91:ce","RSSI":-76},{"SSID":"MeetInLeeds","BSSID":"ac:3a:67:08:01:8d","RSSI":-77},{"SSID":"eduroam","BSSID":"ac:3a:67:08:01:8e","RSSI":-77},{"SSID":"MeetInLeeds","BSSID":"5c:a6:2d:70:7b:42","RSSI":-77},{"SSID":"eduroam","BSSID":"5c:a6:2d:70:7b:41","RSSI":-77},{"SSID":"MeetInLeeds","BSSID":"5c:a6:2d:cf:e3:42","RSSI":-77},{"SSID":"MeetInLeeds","BSSID":"5c:a6:2d:45:db:6d","RSSI":-78},{"SSID":"MeetInLeeds","BSSID":"5c:a6:2d:cf:c5:ed","RSSI":-78},{"SSID":"eduroam","BSSID":"5c:a6:2d:cf:e3:41","RSSI":-78},{"SSID":"eduroam","BSSID":"5c:a6:2d:cf:c5:ee","RSSI":-79},{"SSID":"MeetInLeeds","BSSID":"5c:a6:2d:cf:c5:e2","RSSI":-79},{"SSID":"eduroam","BSSID":"5c:a6:2d:cf:c5:e1","RSSI":-79},{"SSID":"MeetInLeeds","BSSID":"5c:a6:2d:cf:c4:4d","RSSI":-79},{"SSID":"MeetInLeeds","BSSID":"5c:a6:2d:45:db:2d","RSSI":-79},{"SSID":"eduroam","BSSID":"ac:3a:67:08:29:ae","RSSI":-79},{"SSID":"eduroam","BSSID":"5c:a6:2d:70:7b:4e","RSSI":-80},{"SSID":"eduroam","BSSID":"5c:a6:2d:86:6d:2e","RSSI":-80},{"SSID":"MeetInLeeds","BSSID":"5c:a6:2d:af:92:22","RSSI":-80},{"SSID":"eduroam","BSSID":"5c:a6:2d:ce:b5:01","RSSI":-80},{"SSID":"MeetInLeeds","BSSID":"5c:a6:2d:5d:ab:6d","RSSI":-80},{"SSID":"MeetInLeeds","BSSID":"5c:a6:2d:70:7b:4d","RSSI":-81},{"SSID":"eduroam","BSSID":"5c:a6:2d:ce:a1:ce","RSSI":-81},{"SSID":"MeetInLeeds","BSSID":"5c:a6:2d:cf:89:62","RSSI":-81},{"SSID":"MeetInLeeds","BSSID":"5c:a6:2d:86:6d:2d","RSSI":-81},{"SSID":"eduroam","BSSID":"5c:a6:2d:ce:b5:0e","RSSI":-81},{"SSID":"MeetInLeeds","BSSID":"5c:a6:2d:85:81:e2","RSSI":-82},{"SSID":"MeetInLeeds","BSSID":"5c:a6:2d:ce:b5:0d","RSSI":-82},{"SSID":"MeetInLeeds","BSSID":"5c:a6:2d:ce:a1:cd","RSSI":-83},{"SSID":"eduroam","BSSID":"ac:3a:67:08:32:4e","RSSI":-83},{"SSID":"eduroam","BSSID":"5c:a6:2d:cf:89:6e","RSSI":-83},{"SSID":"eduroam","BSSID":"5c:a6:2d:cf:c4:41","RSSI":-83},{"SSID":"MeetInLeeds","BSSID":"5c:a6:2d:ce:ab:cd","RSSI":-84},{"SSID":"eduroam","BSSID":"5c:a6:2d:ce:ab:ce","RSSI":-84},{"SSID":"MeetInLeeds","BSSID":"5c:a6:2d:ce:ab:c2","RSSI":-84},{"SSID":"MeetInLeeds","BSSID":"5c:a6:2d:cf:89:6d","RSSI":-84},{"SSID":"eduroam","BSSID":"5c:a6:2d:cf:c4:ce","RSSI":-84},{"SSID":"eduroam","BSSID":"5c:a6:2d:86:6b:6e","RSSI":-84},{"SSID":"eduroam","BSSID":"ac:3a:67:08:29:2e","RSSI":-85},{"SSID":"MeetInLeeds","BSSID":"5c:a6:2d:86:6a:6d","RSSI":-85},{"SSID":"MeetInLeeds","BSSID":"5c:a6:2d:af:8f:cd","RSSI":-85},{"SSID":"MeetInLeeds","BSSID":"5c:a6:2d:cf:c4:cd","RSSI":-85},{"SSID":"MeetInLeeds","BSSID":"5c:a6:2d:86:6b:6d","RSSI":-85}],[{"SSID":"eduroam","BSSID":"5c:a6:2d:b6:22:4e","RSSI":-34},{"SSID":"MeetInLeeds","BSSID":"5c:a6:2d:b6:22:4d","RSSI":-35},{"SSID":"MeetInLeeds","BSSID":"5c:a6:2d:b6:22:42","RSSI":-41},{"SSID":"MeetInLeeds","BSSID":"5c:a6:2d:ce:b2:02","RSSI":-44},{"SSID":"eduroam","BSSID":"5c:a6:2d:ce:b2:01","RSSI":-44},{"SSID":"MeetInLeeds","BSSID":"5c:a6:2d:cf:b0:a2","RSSI":-46},{"SSID":"eduroam","BSSID":"5c:a6:2d:cf:b0:a1","RSSI":-46},{"SSID":"MeetInLeeds","BSSID":"5c:a6:2d:ce:b2:0d","RSSI":-46},{"SSID":"eduroam","BSSID":"5c:a6:2d:ce:b2:0e","RSSI":-46},{"SSID":"MeetInLeeds","BSSID":"5c:a6:2d:5d:2b:42","RSSI":-49},{"SSID":"eduroam","BSSID":"5c:a6:2d:5d:2b:41","RSSI":-49},{"SSID":"AndroidAPbe18","BSSID":"ce:1e:63:b7:40:a2","RSSI":-49},{"SSID":"eduroam","BSSID":"ac:3a:67:08:05:61","RSSI":-54},{"SSID":"MeetInLeeds","BSSID":"ac:3a:67:08:05:62","RSSI":-54},{"SSID":"MeetInLeeds","BSSID":"5c:a6:2d:45:dc:c2","RSSI":-54},{"SSID":"MeetInLeeds","BSSID":"5c:a6:2d:b5:ca:e2","RSSI":-54},{"SSID":"eduroam","BSSID":"5c:a6:2d:45:dc:c1","RSSI":-54},{"SSID":"eduroam","BSSID":"5c:a6:2d:b5:ca:ee","RSSI":-56},{"SSID":"MeetInLeeds","BSSID":"5c:a6:2d:b5:ca:ed","RSSI":-57},{"SSID":"eduroam","BSSID":"5c:a6:2d:cf:b0:ae","RSSI":-63},{"SSID":"eduroam","BSSID":"5c:a6:2d:af:91:81","RSSI":-63},{"SSID":"eduroam","BSSID":"5c:a6:2d:a0:4b:e1","RSSI":-64},{"SSID":"MeetInLeeds","BSSID":"5c:a6:2d:a0:4b:e2","RSSI":-64},{"SSID":"MeetInLeeds","BSSID":"5c:a6:2d:af:91:82","RSSI":-64},{"SSID":"MeetInLeeds","BSSID":"5c:a6:2d:cf:e0:2d","RSSI":-64},{"SSID":"eduroam","BSSID":"5c:a6:2d:cf:e0:2e","RSSI":-64},{"SSID":"eduroam","BSSID":"ac:3a:67:08:05:6e","RSSI":-64},{"SSID":"eduroam","BSSID":"5c:a6:2d:af:91:8e","RSSI":-66},{"SSID":"MeetInLeeds","BSSID":"ac:3a:67:08:01:82","RSSI":-66},{"SSID":"MeetInLeeds","BSSID":"ac:3a:67:08:05:6d","RSSI":-66},{"SSID":"MeetInLeeds","BSSID":"5c:a6:2d:cf:b0:ad","RSSI":-67},{"SSID":"MeetInLeeds","BSSID":"5c:a6:2d:5d:2b:4d","RSSI":-67},{"SSID":"eduroam","BSSID":"5c:a6:2d:5d:2b:4e","RSSI":-67},{"SSID":"MeetInLeeds","BSSID":"5c:a6:2d:af:91:8d","RSSI":-67},{"SSID":"MeetInLeeds","BSSID":"5c:a6:2d:86:6c:6d","RSSI":-68},{"SSID":"eduroam","BSSID":"5c:a6:2d:86:6c:6e","RSSI":-68},{"SSID":"MeetInLeeds","BSSID":"ac:3a:67:08:25:c2","RSSI":-68},{"SSID":"eduroam","BSSID":"5c:a6:2d:45:db:21","RSSI":-69},{"SSID":"MeetInLeeds","BSSID":"5c:a6:2d:45:db:22","RSSI":-69},{"SSID":"MeetInLeeds","BSSID":"5c:a6:2d:cf:c4:c2","RSSI":-71},{"SSID":"eduroam","BSSID":"5c:a6:2d:cf:c4:c1","RSSI":-72},{"SSID":"MeetInLeeds","BSSID":"5c:a6:2d:af:91:c2","RSSI":-72},{"SSID":"eduroam","BSSID":"5c:a6:2d:af:91:c1","RSSI":-73},{"SSID":"eduroam","BSSID":"5c:a6:2d:86:6a:61","RSSI":-74},{"SSID":"eduroam","BSSID":"5c:a6:2d:cf:c5:e1","RSSI":-75},{"SSID":"MeetInLeeds","BSSID":"5c:a6:2d:45:db:62","RSSI":-76},{"SSID":"MeetInLeeds","BSSID":"5c:a6:2d:cf:c5:e2","RSSI":-76},{"SSID":"eduroam","BSSID":"5c:a6:2d:45:db:6e","RSSI":-77},{"SSID":"eduroam","BSSID":"ac:3a:67:08:01:81","RSSI":-77},{"SSID":"MeetInLeeds","BSSID":"5c:a6:2d:5d:ab:62","RSSI":-77},{"SSID":"MeetInLeeds","BSSID":"5c:a6:2d:ef:45:22","RSSI":-78},{"SSID":"MeetInLeeds","BSSID":"5c:a6:2d:45:db:2d","RSSI":-78},{"SSID":"eduroam","BSSID":"5c:a6:2d:af:91:ce","RSSI":-78},{"SSID":"MeetInLeeds","BSSID":"5c:a6:2d:a0:08:82","RSSI":-78},{"SSID":"eduroam","BSSID":"5c:a6:2d:cf:89:61","RSSI":-79},{"SSID":"MeetInLeeds","BSSID":"5c:a6:2d:45:db:6d","RSSI":-79},{"SSID":"eduroam","BSSID":"5c:a6:2d:a0:4b:ee","RSSI":-79},{"SSID":"eduroam","BSSID":"5c:a6:2d:af:8d:e1","RSSI":-79},{"SSID":"eduroam","BSSID":"5c:a6:2d:ef:45:2e","RSSI":-79},{"SSID":"eduroam","BSSID":"5c:a6:2d:45:db:2e","RSSI":-79},{"SSID":"eduroam","BSSID":"5c:a6:2d:af:8f:c1","RSSI":-79},{"SSID":"MeetInLeeds","BSSID":"5c:a6:2d:86:6d:22","RSSI":-79},{"SSID":"MeetInLeeds","BSSID":"5c:a6:2d:a0:4b:ed","RSSI":-80},{"SSID":"MeetInLeeds","BSSID":"5c:a6:2d:cf:c4:42","RSSI":-80},{"SSID":"MeetInLeeds","BSSID":"5c:a6:2d:86:6b:62","RSSI":-81},{"SSID":"MeetInLeeds","BSSID":"5c:a6:2d:cf:e3:42","RSSI":-81},{"SSID":"MeetInLeeds","BSSID":"5c:a6:2d:af:91:42","RSSI":-81},{"SSID":"eduroam","BSSID":"5c:a6:2d:cf:c5:ee","RSSI":-82},{"SSID":"MeetInLeeds","BSSID":"5c:a6:2d:86:6d:2d","RSSI":-82},{"SSID":"MeetInLeeds","BSSID":"5c:a6:2d:ce:ab:c2","RSSI":-82},{"SSID":"MeetInLeeds","BSSID":"5c:a6:2d:cf:c5:ed","RSSI":-82},{"SSID":"MeetInLeeds","BSSID":"5c:a6:2d:af:92:22","RSSI":-82},{"SSID":"eduroam","BSSID":"5c:a6:2d:5d:ab:6e","RSSI":-82},{"SSID":"MeetInLeeds","BSSID":"5c:a6:2d:5d:ab:6d","RSSI":-82},{"SSID":"MeetInLeeds","BSSID":"5c:a6:2d:70:7b:4d","RSSI":-85}],[{"SSID":"MeetInLeeds","BSSID":"5c:a6:2d:b6:22:4d","RSSI":-33},{"SSID":"eduroam","BSSID":"5c:a6:2d:b6:22:4e","RSSI":-35},{"SSID":"AndroidAPbe18","BSSID":"ce:1e:63:b7:40:a2","RSSI":-39},{"SSID":"MeetInLeeds","BSSID":"5c:a6:2d:b6:22:42","RSSI":-39},{"SSID":"MeetInLeeds","BSSID":"5c:a6:2d:cf:b0:a2","RSSI":-47},{"SSID":"MeetInLeeds","BSSID":"5c:a6:2d:ce:b2:02","RSSI":-50},{"SSID":"MeetInLeeds","BSSID":"5c:a6:2d:5d:2b:42","RSSI":-51},{"SSID":"MeetInLeeds","BSSID":"5c:a6:2d:ce:b2:0d","RSSI":-51},{"SSID":"eduroam","BSSID":"5c:a6:2d:ce:b2:0e","RSSI":-52},{"SSID":"MeetInLeeds","BSSID":"5c:a6:2d:b5:ca:e2","RSSI":-56},{"SSID":"MeetInLeeds","BSSID":"ac:3a:67:08:05:62","RSSI":-58},{"SSID":"MeetInLeeds","BSSID":"5c:a6:2d:45:dc:c2","RSSI":-58},{"SSID":"MeetInLeeds","BSSID":"5c:a6:2d:cf:e0:2d","RSSI":-58},{"SSID":"eduroam","BSSID":"5c:a6:2d:cf:e0:2e","RSSI":-58},{"SSID":"MeetInLeeds","BSSID":"5c:a6:2d:b5:ca:ed","RSSI":-58},{"SSID":"eduroam","BSSID":"5c:a6:2d:b5:ca:ee","RSSI":-58},{"SSID":"MeetInLeeds","BSSID":"5c:a6:2d:cf:e0:22","RSSI":-59},{"SSID":"eduroam","BSSID":"5c:a6:2d:5d:2b:4e","RSSI":-60},{"SSID":"eduroam","BSSID":"ac:3a:67:08:05:6e","RSSI":-60},{"SSID":"MeetInLeeds","BSSID":"5c:a6:2d:5d:2b:4d","RSSI":-61},{"SSID":"MeetInLeeds","BSSID":"ac:3a:67:08:05:6d","RSSI":-61},{"SSID":"MeetInLeeds","BSSID":"5c:a6:2d:af:91:82","RSSI":-67},{"SSID":"eduroam","BSSID":"5c:a6:2d:af:91:8e","RSSI":-68},{"SSID":"MeetInLeeds","BSSID":"5c:a6:2d:af:91:8d","RSSI":-69},{"SSID":"MeetInLeeds","BSSID":"5c:a6:2d:86:6c:6d","RSSI":-69},{"SSID":"MeetInLeeds","BSSID":"5c:a6:2d:45:db:22","RSSI":-69},{"SSID":"MeetInLeeds","BSSID":"5c:a6:2d:cf:c4:c2","RSSI":-70},{"SSID":"MeetInLeeds","BSSID":"5c:a6:2d:86:6c:62","RSSI":-70},{"SSID":"eduroam","BSSID":"5c:a6:2d:86:6c:6e","RSSI":-70},{"SSID":"eduroam","BSSID":"5c:a6:2d:86:6c:61","RSSI":-71},{"SSID":"eduroam","BSSID":"5c:a6:2d:45:dc:ce","RSSI":-73},{"SSID":"MeetInLeeds","BSSID":"5c:a6:2d:af:91:c2","RSSI":-74},{"SSID":"MeetInLeeds","BSSID":"5c:a6:2d:45:dc:cd","RSSI":-75},{"SSID":"MeetInLeeds","BSSID":"5c:a6:2d:af:91:cd","RSSI":-75},{"SSID":"eduroam","BSSID":"5c:a6:2d:45:db:61","RSSI":-76},{"SSID":"MeetInLeeds","BSSID":"5c:a6:2d:45:db:62","RSSI":-76},{"SSID":"MeetInLeeds","BSSID":"5c:a6:2d:45:db:6d","RSSI":-76},{"SSID":"eduroam","BSSID":"5c:a6:2d:a0:4b:ee","RSSI":-76},{"SSID":"MeetInLeeds","BSSID":"5c:a6:2d:cf:c5:e2","RSSI":-76},{"SSID":"eduroam","BSSID":"5c:a6:2d:ef:45:2e","RSSI":-76},{"SSID":"MeetInLeeds","BSSID":"5c:a6:2d:ef:45:2d","RSSI":-77},{"SSID":"MeetInLeeds","BSSID":"5c:a6:2d:cf:c5:ed","RSSI":-78},{"SSID":"MeetInLeeds","BSSID":"5c:a6:2d:a0:4b:ed","RSSI":-78},{"SSID":"eduroam","BSSID":"5c:a6:2d:cf:c5:ee","RSSI":-79},{"SSID":"MeetInLeeds","BSSID":"5c:a6:2d:5d:ab:62","RSSI":-79},{"SSID":"MeetInLeeds","BSSID":"5c:a6:2d:ef:45:22","RSSI":-79},{"SSID":"MeetInLeeds","BSSID":"ac:3a:67:08:29:ad","RSSI":-79},{"SSID":"eduroam","BSSID":"ac:3a:67:08:29:ae","RSSI":-79},{"SSID":"MeetInLeeds","BSSID":"5c:a6:2d:86:6d:22","RSSI":-79},{"SSID":"eduroam","BSSID":"5c:a6:2d:af:91:ce","RSSI":-80},{"SSID":"eduroam","BSSID":"5c:a6:2d:af:91:41","RSSI":-80},{"SSID":"MeetInLeeds","BSSID":"5c:a6:2d:cf:89:6d","RSSI":-81},{"SSID":"eduroam","BSSID":"5c:a6:2d:cf:89:6e","RSSI":-81},{"SSID":"eduroam","BSSID":"5c:a6:2d:5d:ab:6e","RSSI":-81},{"SSID":"eduroam","BSSID":"5c:a6:2d:70:7b:41","RSSI":-82},{"SSID":"MeetInLeeds","BSSID":"5c:a6:2d:af:8f:cd","RSSI":-82},{"SSID":"MeetInLeeds","BSSID":"5c:a6:2d:5d:ab:6d","RSSI":-82},{"SSID":"MeetInLeeds","BSSID":"5c:a6:2d:a0:08:82","RSSI":-82},{"SSID":"MeetInLeeds","BSSID":"5c:a6:2d:ce:a1:cd","RSSI":-83},{"SSID":"MeetInLeeds","BSSID":"5c:a6:2d:cf:c4:cd","RSSI":-83},{"SSID":"eduroam","BSSID":"5c:a6:2d:ce:a1:ce","RSSI":-85},{"SSID":"MeetInLeeds","BSSID":"5c:a6:2d:ce:ab:cd","RSSI":-87}],[{"SSID":"eduroam","BSSID":"5c:a6:2d:b6:22:4e","RSSI":-34},{"SSID":"MeetInLeeds","BSSID":"5c:a6:2d:b6:22:4d","RSSI":-34},{"SSID":"MeetInLeeds","BSSID":"5c:a6:2d:b6:22:42","RSSI":-36},{"SSID":"eduroam","BSSID":"5c:a6:2d:b6:22:41","RSSI":-36},{"SSID":"MeetInLeeds","BSSID":"5c:a6:2d:cf:b0:a2","RSSI":-45},{"SSID":"eduroam","BSSID":"5c:a6:2d:cf:b0:a1","RSSI":-45},{"SSID":"MeetInLeeds","BSSID":"5c:a6:2d:ce:b2:02","RSSI":-50},{"SSID":"MeetInLeeds","BSSID":"5c:a6:2d:5d:2b:42","RSSI":-52},{"SSID":"MeetInLeeds","BSSID":"5c:a6:2d:ce:b2:0d","RSSI":-52},{"SSID":"eduroam","BSSID":"5c:a6:2d:ce:b2:0e","RSSI":-52},{"SSID":"eduroam","BSSID":"5c:a6:2d:b5:ca:e1","RSSI":-54},{"SSID":"MeetInLeeds","BSSID":"5c:a6:2d:b5:ca:e2","RSSI":-54},{"SSID":"eduroam","BSSID":"ac:3a:67:08:05:61","RSSI":-55},{"SSID":"MeetInLeeds","BSSID":"ac:3a:67:08:05:62","RSSI":-56},{"SSID":"MeetInLeeds","BSSID":"5c:a6:2d:b5:ca:ed","RSSI":-57},{"SSID":"eduroam","BSSID":"5c:a6:2d:b5:ca:ee","RSSI":-57},{"SSID":"MeetInLeeds","BSSID":"5c:a6:2d:45:dc:c2","RSSI":-58},{"SSID":"AndroidAPbe18","BSSID":"ce:1e:63:b7:40:a2","RSSI":-60},{"SSID":"MeetInLeeds","BSSID":"ac:3a:67:08:05:6d","RSSI":-61},{"SSID":"MeetInLeeds","BSSID":"5c:a6:2d:af:91:82","RSSI":-62},{"SSID":"eduroam","BSSID":"5c:a6:2d:af:91:81","RSSI":-62},{"SSID":"eduroam","BSSID":"ac:3a:67:08:05:6e","RSSI":-62},{"SSID":"MeetInLeeds","BSSID":"5c:a6:2d:5d:2b:4d","RSSI":-64},{"SSID":"eduroam","BSSID":"5c:a6:2d:5d:2b:4e","RSSI":-64},{"SSID":"eduroam","BSSID":"ac:3a:67:08:01:81","RSSI":-66},{"SSID":"MeetInLeeds","BSSID":"5c:a6:2d:cf:e0:22","RSSI":-66},{"SSID":"MeetInLeeds","BSSID":"5c:a6:2d:cf:e0:2d","RSSI":-66},{"SSID":"MeetInLeeds","BSSID":"ac:3a:67:08:01:82","RSSI":-67},{"SSID":"eduroam","BSSID":"5c:a6:2d:cf:e0:2e","RSSI":-67},{"SSID":"eduroam","BSSID":"5c:a6:2d:af:91:8e","RSSI":-68},{"SSID":"MeetInLeeds","BSSID":"5c:a6:2d:af:91:8d","RSSI":-68},{"SSID":"MeetInLeeds","BSSID":"5c:a6:2d:45:dc:cd","RSSI":-69},{"SSID":"MeetInLeeds","BSSID":"5c:a6:2d:86:6a:62","RSSI":-69},{"SSID":"MeetInLeeds","BSSID":"5c:a6:2d:a0:4b:e2","RSSI":-70},{"SSID":"eduroam","BSSID":"5c:a6:2d:86:6c:61","RSSI":-70},{"SSID":"MeetInLeeds","BSSID":"5c:a6:2d:cf:c4:c2","RSSI":-72},{"SSID":"MeetInLeeds","BSSID":"5c:a6:2d:45:db:22","RSSI":-72},{"SSID":"MeetInLeeds","BSSID":"5c:a6:2d:86:6c:6d","RSSI":-73},{"SSID":"eduroam","BSSID":"5c:a6:2d:86:6c:6e","RSSI":-73},{"SSID":"eduroam","BSSID":"ac:3a:67:08:25:ce","RSSI":-73},{"SSID":"eduroam","BSSID":"5c:a6:2d:45:db:6e","RSSI":-74},{"SSID":"MeetInLeeds","BSSID":"5c:a6:2d:45:db:6d","RSSI":-74},{"SSID":"MeetInLeeds","BSSID":"5c:a6:2d:cf:c5:e2","RSSI":-75},{"SSID":"eduroam","BSSID":"5c:a6:2d:cf:c5:e1","RSSI":-75},{"SSID":"MeetInLeeds","BSSID":"5c:a6:2d:ef:45:2d","RSSI":-75},{"SSID":"MeetInLeeds","BSSID":"5c:a6:2d:45:db:62","RSSI":-76},{"SSID":"eduroam","BSSID":"ac:3a:67:08:01:8e","RSSI":-76},{"SSID":"MeetInLeeds","BSSID":"5c:a6:2d:5d:ab:62","RSSI":-76},{"SSID":"eduroam","BSSID":"ac:3a:67:08:29:a1","RSSI":-76},{"SSID":"MeetInLeeds","BSSID":"ac:3a:67:08:29:a2","RSSI":-76},{"SSID":"eduroam","BSSID":"5c:a6:2d:cf:c5:ee","RSSI":-77},{"SSID":"MeetInLeeds","BSSID":"ac:3a:67:08:01:8d","RSSI":-77},{"SSID":"MeetInLeeds","BSSID":"5c:a6:2d:cf:c5:ed","RSSI":-77},{"SSID":"MeetInLeeds","BSSID":"5c:a6:2d:ce:b4:c2","RSSI":-77},{"SSID":"MeetInLeeds","BSSID":"5c:a6:2d:af:8d:e2","RSSI":-78},{"SSID":"MeetInLeeds","BSSID":"5c:a6:2d:ce:b5:02","RSSI":-78},{"SSID":"MeetInLeeds","BSSID":"5c:a6:2d:86:6d:22","RSSI":-78},{"SSID":"eduroam","BSSID":"5c:a6:2d:70:7b:4e","RSSI":-79},{"SSID":"eduroam","BSSID":"5c:a6:2d:ce:b5:01","RSSI":-79},{"SSID":"MeetInLeeds","BSSID":"5c:a6:2d:45:db:2d","RSSI":-79},{"SSID":"MeetInLeeds","BSSID":"5c:a6:2d:af:8f:c2","RSSI":-79},{"SSID":"MeetInLeeds","BSSID":"ac:3a:67:08:29:ad","RSSI":-79},{"SSID":"eduroam","BSSID":"5c:a6:2d:af:91:ce","RSSI":-79},{"SSID":"MeetInLeeds","BSSID":"5c:a6:2d:af:91:cd","RSSI":-79},{"SSID":"MeetInLeeds","BSSID":"5c:a6:2d:af:91:42","RSSI":-79},{"SSID":"MeetInLeeds","BSSID":"5c:a6:2d:70:7b:4d","RSSI":-80},{"SSID":"MeetInLeeds","BSSID":"5c:a6:2d:ce:b5:0d","RSSI":-80},{"SSID":"MeetInLeeds","BSSID":"5c:a6:2d:af:8f:cd","RSSI":-80},{"SSID":"MeetInLeeds","BSSID":"5c:a6:2d:86:6b:62","RSSI":-80},{"SSID":"eduroam","BSSID":"5c:a6:2d:af:91:41","RSSI":-80},{"SSID":"MeetInLeeds","BSSID":"5c:a6:2d:45:db:82","RSSI":-81},{"SSID":"eduroam","BSSID":"5c:a6:2d:45:db:2e","RSSI":-81},{"SSID":"eduroam","BSSID":"5c:a6:2d:a0:4b:ee","RSSI":-82},{"SSID":"MeetInLeeds","BSSID":"5c:a6:2d:a0:4b:ed","RSSI":-82},{"SSID":"MeetInLeeds","BSSID":"5c:a6:2d:cf:c4:4d","RSSI":-82},{"SSID":"eduroam","BSSID":"5c:a6:2d:af:8f:ce","RSSI":-83},{"SSID":"eduroam","BSSID":"5c:a6:2d:a0:08:81","RSSI":-83},{"SSID":"MeetInLeeds","BSSID":"5c:a6:2d:a0:08:82","RSSI":-83},{"SSID":"MeetInLeeds","BSSID":"ac:3a:67:08:29:2d","RSSI":-84},{"SSID":"eduroam","BSSID":"5c:a6:2d:ce:a1:ce","RSSI":-84},{"SSID":"eduroam","BSSID":"5c:a6:2d:cf:89:6e","RSSI":-84},{"SSID":"eduroam","BSSID":"5c:a6:2d:45:db:8e","RSSI":-86},{"SSID":"MeetInLeeds","BSSID":"5c:a6:2d:5d:ab:6d","RSSI":-87}],[{"SSID":"eduroam","BSSID":"5c:a6:2d:b6:22:4e","RSSI":-34},{"SSID":"MeetInLeeds","BSSID":"5c:a6:2d:b6:22:4d","RSSI":-35},{"SSID":"MeetInLeeds","BSSID":"5c:a6:2d:b6:22:42","RSSI":-38},{"SSID":"MeetInLeeds","BSSID":"5c:a6:2d:cf:b0:a2","RSSI":-44},{"SSID":"eduroam","BSSID":"5c:a6:2d:cf:b0:a1","RSSI":-44},{"SSID":"MeetInLeeds","BSSID":"5c:a6:2d:b5:ca:e2","RSSI":-46},{"SSID":"MeetInLeeds","BSSID":"5c:a6:2d:ce:b2:02","RSSI":-46},{"SSID":"MeetInLeeds","BSSID":"5c:a6:2d:ce:b2:0d","RSSI":-47},{"SSID":"eduroam","BSSID":"5c:a6:2d:ce:b2:0e","RSSI":-48},{"SSID":"MeetInLeeds","BSSID":"5c:a6:2d:5d:2b:42","RSSI":-52},{"SSID":"eduroam","BSSID":"ac:3a:67:08:05:61","RSSI":-56},{"SSID":"MeetInLeeds","BSSID":"ac:3a:67:08:05:62","RSSI":-56},{"SSID":"MeetInLeeds","BSSID":"5c:a6:2d:45:dc:c2","RSSI":-57},{"SSID":"AndroidAPbe18","BSSID":"ce:1e:63:b7:40:a2","RSSI":-57},{"SSID":"eduroam","BSSID":"5c:a6:2d:45:dc:c1","RSSI":-57},{"SSID":"MeetInLeeds","BSSID":"5c:a6:2d:b5:ca:ed","RSSI":-58},{"SSID":"MeetInLeeds","BSSID":"ac:3a:67:08:05:6d","RSSI":-58},{"SSID":"eduroam","BSSID":"ac:3a:67:08:05:6e","RSSI":-58},{"SSID":"eduroam","BSSID":"5c:a6:2d:b5:ca:ee","RSSI":-59},{"SSID":"MeetInLeeds","BSSID":"5c:a6:2d:cf:e0:22","RSSI":-61},{"SSID":"eduroam","BSSID":"5c:a6:2d:cf:e0:2e","RSSI":-62},{"SSID":"MeetInLeeds","BSSID":"5c:a6:2d:cf:e0:2d","RSSI":-63},{"SSID":"MeetInLeeds","BSSID":"5c:a6:2d:5d:2b:4d","RSSI":-64},{"SSID":"eduroam","BSSID":"5c:a6:2d:5d:2b:4e","RSSI":-64},{"SSID":"MeetInLeeds","BSSID":"5c:a6:2d:af:91:82","RSSI":-65},{"SSID":"eduroam","BSSID":"5c:a6:2d:af:91:81","RSSI":-65},{"SSID":"eduroam","BSSID":"5c:a6:2d:a0:4b:e1","RSSI":-66},{"SSID":"MeetInLeeds","BSSID":"5c:a6:2d:a0:4b:e2","RSSI":-66},{"SSID":"MeetInLeeds","BSSID":"5c:a6:2d:45:dc:cd","RSSI":-67},{"SSID":"MeetInLeeds","BSSID":"5c:a6:2d:86:6c:62","RSSI":-67},{"SSID":"eduroam","BSSID":"5c:a6:2d:45:db:21","RSSI":-67},{"SSID":"MeetInLeeds","BSSID":"5c:a6:2d:45:db:22","RSSI":-67},{"SSID":"eduroam","BSSID":"ac:3a:67:08:25:c1","RSSI":-67},{"SSID":"MeetInLeeds","BSSID":"ac:3a:67:08:25:c2","RSSI":-67},{"SSID":"eduroam","BSSID":"5c:a6:2d:86:6c:61","RSSI":-68},{"SSID":"eduroam","BSSID":"ac:3a:67:08:01:81","RSSI":-70},{"SSID":"MeetInLeeds","BSSID":"ac:3a:67:08:01:82","RSSI":-70},{"SSID":"MeetInLeeds","BSSID":"5c:a6:2d:86:6a:62","RSSI":-70},{"SSID":"MeetInLeeds","BSSID":"5c:a6:2d:cf:c4:c2","RSSI":-71},{"SSID":"eduroam","BSSID":"5c:a6:2d:af:91:8e","RSSI":-71},{"SSID":"MeetInLeeds","BSSID":"5c:a6:2d:af:91:8d","RSSI":-71},{"SSID":"MeetInLeeds","BSSID":"5c:a6:2d:86:6c:6d","RSSI":-71},{"SSID":"eduroam","BSSID":"5c:a6:2d:86:6c:6e","RSSI":-71},{"SSID":"MeetInLeeds","BSSID":"5c:a6:2d:cf:c5:e2","RSSI":-74},{"SSID":"MeetInLeeds","BSSID":"5c:a6:2d:45:db:62","RSSI":-75},{"SSID":"eduroam","BSSID":"5c:a6:2d:45:db:61","RSSI":-76},{"SSID":"MeetInLeeds","BSSID":"5c:a6:2d:af:91:c2","RSSI":-76},{"SSID":"MeetInLeeds","BSSID":"ac:3a:67:08:01:8d","RSSI":-76},{"SSID":"eduroam","BSSID":"5c:a6:2d:70:7b:41","RSSI":-76},{"SSID":"MeetInLeeds","BSSID":"5c:a6:2d:ef:45:2d","RSSI":-76},{"SSID":"eduroam","BSSID":"5c:a6:2d:af:91:ce","RSSI":-76},{"SSID":"MeetInLeeds","BSSID":"5c:a6:2d:45:db:6d","RSSI":-77},{"SSID":"MeetInLeeds","BSSID":"5c:a6:2d:ef:45:22","RSSI":-77},{"SSID":"MeetInLeeds","BSSID":"5c:a6:2d:86:6d:22","RSSI":-77},{"SSID":"MeetInLeeds","BSSID":"5c:a6:2d:70:7b:4d","RSSI":-78},{"SSID":"eduroam","BSSID":"ac:3a:67:08:29:a1","RSSI":-78},{"SSID":"eduroam","BSSID":"ac:3a:67:08:29:ae","RSSI":-78},{"SSID":"eduroam","BSSID":"5c:a6:2d:70:7b:4e","RSSI":-79},{"SSID":"MeetInLeeds","BSSID":"5c:a6:2d:cf:c5:ed","RSSI":-79},{"SSID":"eduroam","BSSID":"5c:a6:2d:ef:45:21","RSSI":-79},{"SSID":"MeetInLeeds","BSSID":"5c:a6:2d:af:8f:c2","RSSI":-79},{"SSID":"MeetInLeeds","BSSID":"ac:3a:67:08:29:ad","RSSI":-79},{"SSID":"eduroam","BSSID":"5c:a6:2d:ce:b4:c1","RSSI":-79},{"SSID":"eduroam","BSSID":"5c:a6:2d:cf:e3:41","RSSI":-79},{"SSID":"eduroam","BSSID":"5c:a6:2d:cf:c5:ee","RSSI":-80},{"SSID":"MeetInLeeds","BSSID":"5c:a6:2d:ce:ab:c2","RSSI":-80},{"SSID":"MeetInLeeds","BSSID":"5c:a6:2d:45:db:2d","RSSI":-80},{"SSID":"MeetInLeeds","BSSID":"5c:a6:2d:af:91:cd","RSSI":-80},{"SSID":"eduroam","BSSID":"ac:3a:67:08:32:41","RSSI":-81},{"SSID":"eduroam","BSSID":"5c:a6:2d:cf:89:61","RSSI":-81},{"SSID":"eduroam","BSSID":"5c:a6:2d:5d:ab:6e","RSSI":-81},{"SSID":"MeetInLeeds","BSSID":"5c:a6:2d:5d:ab:6d","RSSI":-81},{"SSID":"eduroam","BSSID":"5c:a6:2d:af:8f:c1","RSSI":-81},{"SSID":"eduroam","BSSID":"5c:a6:2d:cf:89:6e","RSSI":-82},{"SSID":"MeetInLeeds","BSSID":"5c:a6:2d:cf:89:6d","RSSI":-84},{"SSID":"MeetInLeeds","BSSID":"5c:a6:2d:af:8f:cd","RSSI":-84},{"SSID":"eduroam","BSSID":"ac:3a:67:08:29:2e","RSSI":-85},{"SSID":"MeetInLeeds","BSSID":"ac:3a:67:08:32:4d","RSSI":-85},{"SSID":"eduroam","BSSID":"ac:3a:67:08:32:4e","RSSI":-85},{"SSID":"eduroam","BSSID":"5c:a6:2d:af:8f:ce","RSSI":-85},{"SSID":"MeetInLeeds","BSSID":"5c:a6:2d:cf:c4:4d","RSSI":-85},{"SSID":"MeetInLeeds","BSSID":"5c:a6:2d:86:6b:6d","RSSI":-85},{"SSID":"MeetInLeeds","BSSID":"5c:a6:2d:45:db:8d","RSSI":-87}],[{"SSID":"MeetInLeeds","BSSID":"5c:a6:2d:b6:22:4d","RSSI":-35},{"SSID":"eduroam","BSSID":"5c:a6:2d:b6:22:4e","RSSI":-36},{"SSID":"eduroam","BSSID":"5c:a6:2d:b6:22:41","RSSI":-37},{"SSID":"MeetInLeeds","BSSID":"5c:a6:2d:b6:22:42","RSSI":-39},{"SSID":"eduroam","BSSID":"5c:a6:2d:b5:ca:e1","RSSI":-48},{"SSID":"MeetInLeeds","BSSID":"5c:a6:2d:b5:ca:e2","RSSI":-48},{"SSID":"MeetInLeeds","BSSID":"5c:a6:2d:ce:b2:02","RSSI":-48},{"SSID":"eduroam","BSSID":"5c:a6:2d:ce:b2:01","RSSI":-48},{"SSID":"MeetInLeeds","BSSID":"5c:a6:2d:cf:b0:a2","RSSI":-50},{"SSID":"MeetInLeeds","BSSID":"5c:a6:2d:ce:b2:0d","RSSI":-54},{"SSID":"MeetInLeeds","BSSID":"5c:a6:2d:5d:2b:42","RSSI":-55},{"SSID":"eduroam","BSSID":"5c:a6:2d:5d:2b:41","RSSI":-55},{"SSID":"eduroam","BSSID":"5c:a6:2d:ce:b2:0e","RSSI":-56},{"SSID":"MeetInLeeds","BSSID":"ac:3a:67:08:05:62","RSSI":-58},{"SSID":"MeetInLeeds","BSSID":"5c:a6:2d:45:dc:c2","RSSI":-59},{"SSID":"eduroam","BSSID":"ac:3a:67:08:05:6e","RSSI":-59},{"SSID":"MeetInLeeds","BSSID":"ac:3a:67:08:05:6d","RSSI":-60},{"SSID":"MeetInLeeds","BSSID":"5c:a6:2d:b5:ca:ed","RSSI":-61},{"SSID":"eduroam","BSSID":"5c:a6:2d:b5:ca:ee","RSSI":-62},{"SSID":"MeetInLeeds","BSSID":"5c:a6:2d:af:91:82","RSSI":-63},{"SSID":"MeetInLeeds","BSSID":"5c:a6:2d:cf:e0:22","RSSI":-63},{"SSID":"eduroam","BSSID":"5c:a6:2d:cf:e0:21","RSSI":-63},{"SSID":"eduroam","BSSID":"5c:a6:2d:cf:e0:2e","RSSI":-64},{"SSID":"MeetInLeeds","BSSID":"5c:a6:2d:86:6c:62","RSSI":-66},{"SSID":"eduroam","BSSID":"5c:a6:2d:af:91:8e","RSSI":-66},{"SSID":"MeetInLeeds","BSSID":"5c:a6:2d:af:91:8d","RSSI":-66},{"SSID":"MeetInLeeds","BSSID":"5c:a6:2d:cf:e0:2d","RSSI":-66},{"SSID":"MeetInLeeds","BSSID":"5c:a6:2d:af:91:c2","RSSI":-67},{"SSID":"eduroam","BSSID":"5c:a6:2d:5d:2b:4e","RSSI":-67},{"SSID":"MeetInLeeds","BSSID":"5c:a6:2d:5d:2b:4d","RSSI":-68},{"SSID":"eduroam","BSSID":"ac:3a:67:08:25:c1","RSSI":-68},{"SSID":"MeetInLeeds","BSSID":"ac:3a:67:08:25:c2","RSSI":-68},{"SSID":"MeetInLeeds","BSSID":"5c:a6:2d:45:dc:cd","RSSI":-70},{"SSID":"eduroam","BSSID":"5c:a6:2d:cf:c4:c1","RSSI":-72},{"SSID":"MeetInLeeds","BSSID":"5c:a6:2d:86:6c:6d","RSSI":-72},{"SSID":"MeetInLeeds","BSSID":"5c:a6:2d:cf:c4:c2","RSSI":-73},{"SSID":"MeetInLeeds","BSSID":"5c:a6:2d:45:db:6d","RSSI":-73},{"SSID":"MeetInLeeds","BSSID":"ac:3a:67:08:25:cd","RSSI":-73},{"SSID":"eduroam","BSSID":"5c:a6:2d:ef:45:2e","RSSI":-74},{"SSID":"MeetInLeeds","BSSID":"5c:a6:2d:ef:45:2d","RSSI":-74},{"SSID":"MeetInLeeds","BSSID":"5c:a6:2d:ef:45:22","RSSI":-75},{"SSID":"MeetInLeeds","BSSID":"5c:a6:2d:5d:ab:62","RSSI":-76},{"SSID":"MeetInLeeds","BSSID":"5c:a6:2d:cf:c5:e2","RSSI":-76},{"SSID":"eduroam","BSSID":"5c:a6:2d:cf:c5:e1","RSSI":-76},{"SSID":"MeetInLeeds","BSSID":"5c:a6:2d:70:7b:42","RSSI":-79},{"SSID":"MeetInLeeds","BSSID":"5c:a6:2d:5d:ab:6d","RSSI":-80},{"SSID":"eduroam","BSSID":"5c:a6:2d:af:8f:c1","RSSI":-80},{"SSID":"MeetInLeeds","BSSID":"ac:3a:67:08:29:ad","RSSI":-80},{"SSID":"eduroam","BSSID":"ac:3a:67:08:29:ae","RSSI":-80},{"SSID":"MeetInLeeds","BSSID":"5c:a6:2d:a0:4b:ed","RSSI":-81},{"SSID":"MeetInLeeds","BSSID":"5c:a6:2d:70:7b:4d","RSSI":-82},{"SSID":"MeetInLeeds","BSSID":"ac:3a:67:08:01:8d","RSSI":-82},{"SSID":"eduroam","BSSID":"5c:a6:2d:70:7b:4e","RSSI":-83},{"SSID":"MeetInLeeds","BSSID":"5c:a6:2d:cf:c5:ed","RSSI":-83},{"SSID":"MeetInLeeds","BSSID":"5c:a6:2d:86:6b:6d","RSSI":-84},{"SSID":"eduroam","BSSID":"5c:a6:2d:86:6b:6e","RSSI":-84},{"SSID":"eduroam","BSSID":"5c:a6:2d:cf:c5:ee","RSSI":-85},{"SSID":"MeetInLeeds","BSSID":"5c:a6:2d:ce:ab:cd","RSSI":-86},{"SSID":"eduroam","BSSID":"ac:3a:67:08:29:2e","RSSI":-86},{"SSID":"eduroam","BSSID":"5c:a6:2d:cf:89:6e","RSSI":-86},{"SSID":"MeetInLeeds","BSSID":"5c:a6:2d:86:6a:6d","RSSI":-86},{"SSID":"MeetInLeeds","BSSID":"5c:a6:2d:45:db:8d","RSSI":-88}],[{"SSID":"eduroam","BSSID":"5c:a6:2d:b6:22:4e","RSSI":-33},{"SSID":"MeetInLeeds","BSSID":"5c:a6:2d:b6:22:4d","RSSI":-35},{"SSID":"MeetInLeeds","BSSID":"5c:a6:2d:b6:22:42","RSSI":-38},{"SSID":"eduroam","BSSID":"5c:a6:2d:b6:22:41","RSSI":-38},{"SSID":"MeetInLeeds","BSSID":"5c:a6:2d:ce:b2:02","RSSI":-48},{"SSID":"eduroam","BSSID":"5c:a6:2d:cf:b0:a1","RSSI":-51},{"SSID":"MeetInLeeds","BSSID":"5c:a6:2d:ce:b2:0d","RSSI":-51},{"SSID":"eduroam","BSSID":"5c:a6:2d:ce:b2:0e","RSSI":-51},{"SSID":"AndroidAPbe18","BSSID":"ce:1e:63:b7:40:a2","RSSI":-52},{"SSID":"MeetInLeeds","BSSID":"5c:a6:2d:cf:b0:a2","RSSI":-52},{"SSID":"eduroam","BSSID":"5c:a6:2d:b5:ca:e1","RSSI":-53},{"SSID":"MeetInLeeds","BSSID":"5c:a6:2d:b5:ca:e2","RSSI":-53},{"SSID":"MeetInLeeds","BSSID":"5c:a6:2d:5d:2b:42","RSSI":-54},{"SSID":"MeetInLeeds","BSSID":"5c:a6:2d:cf:e0:22","RSSI":-57},{"SSID":"eduroam","BSSID":"ac:3a:67:08:05:61","RSSI":-58},{"SSID":"MeetInLeeds","BSSID":"ac:3a:67:08:05:62","RSSI":-58},{"SSID":"MeetInLeeds","BSSID":"5c:a6:2d:cf:e0:2d","RSSI":-59},{"SSID":"eduroam","BSSID":"5c:a6:2d:cf:e0:2e","RSSI":-60},{"SSID":"MeetInLeeds","BSSID":"ac:3a:67:08:05:6d","RSSI":-60},{"SSID":"eduroam","BSSID":"ac:3a:67:08:05:6e","RSSI":-60},{"SSID":"MeetInLeeds","BSSID":"5c:a6:2d:45:dc:c2","RSSI":-63},{"SSID":"MeetInLeeds","BSSID":"5c:a6:2d:b5:ca:ed","RSSI":-63},{"SSID":"eduroam","BSSID":"5c:a6:2d:b5:ca:ee","RSSI":-63},{"SSID":"eduroam","BSSID":"5c:a6:2d:45:dc:c1","RSSI":-63},{"SSID":"MeetInLeeds","BSSID":"5c:a6:2d:af:91:82","RSSI":-64},{"SSID":"MeetInLeeds","BSSID":"5c:a6:2d:a0:4b:e2","RSSI":-65},{"SSID":"MeetInLeeds","BSSID":"5c:a6:2d:5d:2b:4d","RSSI":-65},{"SSID":"eduroam","BSSID":"5c:a6:2d:5d:2b:4e","RSSI":-65},{"SSID":"eduroam","BSSID":"5c:a6:2d:af:91:81","RSSI":-65},{"SSID":"MeetInLeeds","BSSID":"5c:a6:2d:86:6c:62","RSSI":-66},{"SSID":"eduroam","BSSID":"5c:a6:2d:86:6c:61","RSSI":-66},{"SSID":"eduroam","BSSID":"5c:a6:2d:af:91:8e","RSSI":-66},{"SSID":"MeetInLeeds","BSSID":"5c:a6:2d:af:91:8d","RSSI":-66},{"SSID":"MeetInLeeds","BSSID":"5c:a6:2d:af:91:c2","RSSI":-67},{"SSID":"eduroam","BSSID":"ac:3a:67:08:01:81","RSSI":-69},{"SSID":"MeetInLeeds","BSSID":"ac:3a:67:08:01:82","RSSI":-69},{"SSID":"MeetInLeeds","BSSID":"5c:a6:2d:86:6c:6d","RSSI":-69},{"SSID":"MeetInLeeds","BSSID":"ac:3a:67:08:25:c2","RSSI":-69},{"SSID":"eduroam","BSSID":"5c:a6:2d:86:6c:6e","RSSI":-70},{"SSID":"eduroam","BSSID":"5c:a6:2d:ef:45:2e","RSSI":-73},{"SSID":"MeetInLeeds","BSSID":"5c:a6:2d:af:91:cd","RSSI":-73},{"SSID":"MeetInLeeds","BSSID":"5c:a6:2d:ef:45:2d","RSSI":-74},{"SSID":"MeetInLeeds","BSSID":"5c:a6:2d:45:db:62","RSSI":-75},{"SSID":"MeetInLeeds","BSSID":"5c:a6:2d:cf:c4:c2","RSSI":-75},{"SSID":"eduroam","BSSID":"5c:a6:2d:45:db:6e","RSSI":-75},{"SSID":"MeetInLeeds","BSSID":"5c:a6:2d:cf:c5:e2","RSSI":-75},{"SSID":"eduroam","BSSID":"ac:3a:67:08:01:8e","RSSI":-76},{"SSID":"MeetInLeeds","BSSID":"5c:a6:2d:5d:ab:62","RSSI":-76},{"SSID":"eduroam","BSSID":"5c:a6:2d:5d:ab:61","RSSI":-76},{"SSID":"MeetInLeeds","BSSID":"ac:3a:67:08:25:cd","RSSI":-76},{"SSID":"MeetInLeeds","BSSID":"5c:a6:2d:ef:45:22","RSSI":-76},{"SSID":"eduroam","BSSID":"5c:a6:2d:af:91:ce","RSSI":-76},{"SSID":"MeetInLeeds","BSSID":"5c:a6:2d:ce:b5:0d","RSSI":-77},{"SSID":"eduroam","BSSID":"5c:a6:2d:cf:c5:e1","RSSI":-77},{"SSID":"eduroam","BSSID":"ac:3a:67:08:25:ce","RSSI":-77},{"SSID":"eduroam","BSSID":"5c:a6:2d:ef:45:21","RSSI":-77},{"SSID":"eduroam","BSSID":"5c:a6:2d:86:6d:21","RSSI":-77},{"SSID":"eduroam","BSSID":"5c:a6:2d:af:8d:e1","RSSI":-78},{"SSID":"eduroam","BSSID":"5c:a6:2d:ce:b5:0e","RSSI":-78},{"SSID":"eduroam","BSSID":"5c:a6:2d:5d:ab:6e","RSSI":-78},{"SSID":"MeetInLeeds","BSSID":"5c:a6:2d:5d:ab:6d","RSSI":-78},{"SSID":"MeetInLeeds","BSSID":"5c:a6:2d:af:91:4d","RSSI":-78},{"SSID":"MeetInLeeds","BSSID":"5c:a6:2d:45:dc:cd","RSSI":-79},{"SSID":"MeetInLeeds","BSSID":"5c:a6:2d:cf:89:62","RSSI":-79},{"SSID":"MeetInLeeds","BSSID":"5c:a6:2d:af:8d:e2","RSSI":-79},{"SSID":"eduroam","BSSID":"5c:a6:2d:70:7b:41","RSSI":-79},{"SSID":"MeetInLeeds","BSSID":"5c:a6:2d:af:92:22","RSSI":-79},{"SSID":"eduroam","BSSID":"5c:a6:2d:cf:89:61","RSSI":-80},{"SSID":"MeetInLeeds","BSSID":"5c:a6:2d:ce:b4:c2","RSSI":-80},{"SSID":"eduroam","BSSID":"5c:a6:2d:ce:b4:c1","RSSI":-80},{"SSID":"MeetInLeeds","BSSID":"5c:a6:2d:70:7b:4d","RSSI":-81},{"SSID":"MeetInLeeds","BSSID":"ac:3a:67:08:01:8d","RSSI":-81},{"SSID":"MeetInLeeds","BSSID":"5c:a6:2d:a0:4b:ed","RSSI":-81},{"SSID":"MeetInLeeds","BSSID":"5c:a6:2d:ce:bf:02","RSSI":-81},{"SSID":"MeetInLeeds","BSSID":"ac:3a:67:08:29:a2","RSSI":-81},{"SSID":"eduroam","BSSID":"5c:a6:2d:cf:c4:ce","RSSI":-81},{"SSID":"MeetInLeeds","BSSID":"5c:a6:2d:af:8f:c2","RSSI":-81},{"SSID":"MeetInLeeds","BSSID":"5c:a6:2d:cf:c4:cd","RSSI":-82},{"SSID":"MeetInLeeds","BSSID":"5c:a6:2d:a0:08:82","RSSI":-82},{"SSID":"eduroam","BSSID":"5c:a6:2d:cf:c4:41","RSSI":-82},{"SSID":"eduroam","BSSID":"5c:a6:2d:cf:c5:ee","RSSI":-83},{"SSID":"MeetInLeeds","BSSID":"ac:3a:67:08:04:02","RSSI":-83},{"SSID":"eduroam","BSSID":"ac:3a:67:08:04:01","RSSI":-83},{"SSID":"MeetInLeeds","BSSID":"5c:a6:2d:cf:89:6d","RSSI":-83},{"SSID":"MeetInLeeds","BSSID":"5c:a6:2d:cf:c5:ed","RSSI":-83},{"SSID":"MeetInLeeds","BSSID":"5c:a6:2d:86:6a:6d","RSSI":-83},{"SSID":"MeetInLeeds","BSSID":"ac:3a:67:08:29:ad","RSSI":-83},{"SSID":"eduroam","BSSID":"5c:a6:2d:86:6b:6e","RSSI":-83},{"SSID":"eduroam","BSSID":"5c:a6:2d:af:8f:ce","RSSI":-84},{"SSID":"Daisys iPhone","BSSID":"62:77:ce:95:0a:d2","RSSI":-84},{"SSID":"MeetInLeeds","BSSID":"5c:a6:2d:86:6b:6d","RSSI":-84},{"SSID":"MeetInLeeds","BSSID":"5c:a6:2d:af:8f:cd","RSSI":-85},{"SSID":"eduroam","BSSID":"5c:a6:2d:ce:a1:ce","RSSI":-86},{"SSID":"My legs too long for train seats","BSSID":"86:da:33:a3:a5:9d","RSSI":-89}]]