[[{"SSID":"eduroam","BSSID":"5c:a6:2d:ce:bf:01","RSSI":-37},{"SSID":"MeetInLeeds","BSSID":"5c:a6:2d:ce:bf:02","RSSI":-38},{"SSID":"MeetInLeeds","BSSID":"5c:a6:2d:ce:a3:cd","RSSI":-45},{"SSID":"eduroam","BSSID":"5c:a6:2d:ce:a3:ce","RSSI":-46},{"SSID":"MeetInLeeds","BSSID":"5c:a6:2d:ce:a3:c2","RSSI":-48},{"SSID":"MeetInLeeds","BSSID":"ac:3a:67:08:28:22","RSSI":-50},{"SSID":"eduroam","BSSID":"ac:3a:67:08:28:21","RSSI":-50},{"SSID":"MeetInLeeds","BSSID":"5c:a6:2d:ce:8e:a2","RSSI":-51},{"SSID":"MeetInLeeds","BSSID":"5c:a6:2d:ce:bf:0d","RSSI":-52},{"SSID":"eduroam","BSSID":"5c:a6:2d:ce:bf:0e","RSSI":-52},{"SSID":"MeetInLeeds","BSSID":"5c:a6:2d:af:8f:c2","RSSI":-56},{"SSID":"eduroam","BSSID":"5c:a6:2d:af:8f:c1","RSSI":-56},{"SSID":"eduroam","BSSID":"5c:a6:2d:af:8f:ce","RSSI":-58},{"SSID":"MeetInLeeds","BSSID":"5c:a6:2d:af:8f:cd","RSSI":-58},{"SSID":"eduroam","BSSID":"5c:a6:2d:ce:b4:c1","RSSI":-59},{"SSID":"eduroam","BSSID":"ac:3a:67:08:28:2e","RSSI":-60},{"SSID":"MeetInLeeds","BSSID":"ac:3a:67:08:28:2d","RSSI":-60},{"SSID":"eduroam","BSSID":"5c:a6:2d:86:6e:01","RSSI":-61},{"SSID":"MeetInLeeds","BSSID":"5c:a6:2d:86:6e:02","RSSI":-61},{"SSID":"MeetInLeeds","BSSID":"5c:a6:2d:ce:b4:cd","RSSI":-62},{"SSID":"eduroam","BSSID":"5c:a6:2d:ce:b4:ce","RSSI":-62},{"SSID":"MeetInLeeds","BSSID":"5c:a6:2d:45:db:82","RSSI":-63},{"SSID":"eduroam","BSSID":"5c:a6:2d:ce:b9:21","RSSI":-64},{"SSID":"eduroam","BSSID":"5c:a6:2d:ce:b5:c1","RSSI":-65},{"SSID":"MeetInLeeds","BSSID":"5c:a6:2d:ce:b9:22","RSSI":-65},{"SSID":"MeetInLeeds","BSSID":"5c:a6:2d:ce:b5:c2","RSSI":-66},{"SSID":"eduroam","BSSID":"5c:a6:2d:ce:8e:ae","RSSI":-66},{"SSID":"MeetInLeeds","BSSID":"5c:a6:2d:ce:8e:ad","RSSI":-66},{"SSID":"MeetInLeeds","BSSID":"5c:a6:2d:ce:b9:2d","RSSI":-67},{"SSID":"eduroam","BSSID":"5c:a6:2d:ce:b9:2e","RSSI":-67},{"SSID":"LAPTOP-B8KPU0TL 7250","BSSID":"fa:d0:fc:e4:31:a7","RSSI":-68},{"SSID":"MeetInLeeds","BSSID":"5c:a6:2d:af:94:a2","RSSI":-70},{"SSID":"MeetInLeeds","BSSID":"ac:3a:67:08:29:22","RSSI":-70},{"SSID":"MeetInLeeds","BSSID":"5c:a6:2d:ce:b5:cd","RSSI":-71},{"SSID":"MeetInLeeds","BSSID":"5c:a6:2d:ce:b5:02","RSSI":-71},{"SSID":"eduroam","BSSID":"ac:3a:67:08:29:21","RSSI":-71},{"SSID":"eduroam","BSSID":"5c:a6:2d:ce:b5:ce","RSSI":-72},{"SSID":"eduroam","BSSID":"5c:a6:2d:ce:b5:01","RSSI":-72},{"SSID":"eduroam","BSSID":"5c:a6:2d:86:6e:0e","RSSI":-74},{"SSID":"MeetInLeeds","BSSID":"5c:a6:2d:86:6e:0d","RSSI":-74},{"SSID":"MeetInLeeds","BSSID":"5c:a6:2d:45:db:8d","RSSI":-74},{"SSID":"MeetInLeeds","BSSID":"5c:a6:2d:86:69:22","RSSI":-74},{"SSID":"MeetInLeeds","BSSID":"5c:a6:2d:af:94:ad","RSSI":-76},{"SSID":"eduroam","BSSID":"5c:a6:2d:af:94:ae","RSSI":-76},{"SSID":"MeetInLeeds","BSSID":"5c:a6:2d:af:8f:8d","RSSI":-78},{"SSID":"eduroam","BSSID":"5c:a6:2d:af:8f:8e","RSSI":-79},{"SSID":"eduroam","BSSID":"ac:3a:67:08:29:2e","RSSI":-80},{"SSID":"MeetInLeeds","BSSID":"5c:a6:2d:ce:a1:cd","RSSI":-81},{"SSID":"MeetInLeeds","BSSID":"5c:a6:2d:af:90:ad","RSSI":-82},{"SSID":"MeetInLeeds","BSSID":"5c:a6:2d:ce:b5:0d","RSSI":-82},{"SSID":"Nell's Phone","BSSID":"f2:4d:2c:74:57:16","RSSI":-83},{"SSID":"eduroam","BSSID":"5c:a6:2d:1e:09:0e","RSSI":-85},{"SSID":"MeetInLeeds","BSSID":"5c:a6:2d:45:db:ad","RSSI":-85},{"SSID":"eduroam","BSSID":"5c:a6:2d:45:db:ae","RSSI":-85},{"SSID":"MeetInLeeds","BSSID":"5c:a6:2d:1e:09:0d","RSSI":-87}],[{"SSID":"MeetInLeeds","BSSID":"5c:a6:2d:ce:a3:cd","RSSI":-39},{"SSID":"eduroam","BSSID":"5c:a6:2d:ce:a3:ce","RSSI":-39},{"SSID":"eduroam","BSSID":"ac:3a:67:08:28:21","RSSI":-47},{"SSID":"MeetInLeeds","BSSID":"ac:3a:67:08:28:22","RSSI":-48},{"SSID":"eduroam","BSSID":"ac:3a:67:08:28:2e","RSSI":-50},{"SSID":"MeetInLeeds","BSSID":"ac:3a:67:08:28:2d","RSSI":-50},{"SSID":"MeetInLeeds","BSSID":"5c:a6:2d:ce:bf:02","RSSI":-50},{"SSID":"eduroam","BSSID":"5c:a6:2d:ce:bf:01","RSSI":-50},{"SSID":"MeetInLeeds","BSSID":"5c:a6:2d:ce:a3:c2","RSSI":-50},{"SSID":"eduroam","BSSID":"5c:a6:2d:ce:a3:c1","RSSI":-51},{"SSID":"MeetInLeeds","BSSID":"5c:a6:2d:ce:bf:0d","RSSI":-52},{"SSID":"eduroam","BSSID":"5c:a6:2d:ce:bf:0e","RSSI":-52},{"SSID":"eduroam","BSSID":"5c:a6:2d:af:8f:ce","RSSI":-54},{"SSID":"MeetInLeeds","BSSID":"5c:a6:2d:ce:b4:cd","RSSI":-56},{"SSID":"eduroam","BSSID":"5c:a6:2d:ce:b4:ce","RSSI":-56},{"SSID":"MeetInLeeds","BSSID":"5c:a6:2d:af:8f:c2","RSSI":-56},{"SSID":"MeetInLeeds","BSSID":"5c:a6:2d:ce:b4:c2","RSSI":-57},{"SSID":"eduroam","BSSID":"5c:a6:2d:ce:b4:c1","RSSI":-57},{"SSID":"MeetInLeeds","BSSID":"5c:a6:2d:ce:8e:a2","RSSI":-58},{"SSID":"eduroam","BSSID":"5c:a6:2d:af:8f:c1","RSSI":-58},{"SSID":"eduroam","BSSID":"5c:a6:2d:ce:8e:a1","RSSI":-59},{"SSID":"MeetInLeeds","BSSID":"5c:a6:2d:ce:b9:2d","RSSI":-60},{"SSID":"eduroam","BSSID":"5c:a6:2d:ce:b9:2e","RSSI":-60},{"SSID":"eduroam","BSSID":"5c:a6:2d:86:6e:01","RSSI":-62},{"SSID":"eduroam","BSSID":"5c:a6:2d:ce:b5:ce","RSSI":-62},{"SSID":"MeetInLeeds","BSSID":"5c:a6:2d:ce:b9:22","RSSI":-63},{"SSID":"MeetInLeeds","BSSID":"5c:a6:2d:86:6e:02","RSSI":-64},{"SSID":"MeetInLeeds","BSSID":"5c:a6:2d:af:8f:82","RSSI":-64},{"SSID":"eduroam","BSSID":"5c:a6:2d:45:db:81","RSSI":-65},{"SSID":"MeetInLeeds","BSSID":"5c:a6:2d:45:db:82","RSSI":-65},{"SSID":"MeetInLeeds","BSSID":"5c:a6:2d:af:8f:cd","RSSI":-65},{"SSID":"eduroam","BSSID":"5c:a6:2d:ce:8e:ae","RSSI":-66},{"SSID":"MeetInLeeds","BSSID":"5c:a6:2d:ce:8e:ad","RSSI":-66},{"SSID":"eduroam","BSSID":"5c:a6:2d:45:db:8e","RSSI":-66},{"SSID":"MeetInLeeds","BSSID":"5c:a6:2d:86:6e:0d","RSSI":-67},{"SSID":"LAPTOP-B8KPU0TL 7250","BSSID":"fa:d0:fc:e4:31:a7","RSSI":-67},{"SSID":"MeetInLeeds","BSSID":"5c:a6:2d:ce:b5:02","RSSI":-68},{"SSID":"MeetInLeeds","BSSID":"5c:a6:2d:ce:b5:c2","RSSI":-69},{"SSID":"eduroam","BSSID":"5c:a6:2d:af:8f:8e","RSSI":-69},{"SSID":"MeetInLeeds","BSSID":"5c:a6:2d:af:8f:8d","RSSI":-69},{"SSID":"MeetInLeeds","BSSID":"5c:a6:2d:af:90:a2","RSSI":-70},{"SSID":"eduroam","BSSID":"5c:a6:2d:af:90:a1","RSSI":-71},{"SSID":"eduroam","BSSID":"5c:a6:2d:ce:a1:ce","RSSI":-72},{"SSID":"MeetInLeeds","BSSID":"5c:a6:2d:1e:09:02","RSSI":-72},{"SSID":"MeetInLeeds","BSSID":"5c:a6:2d:ce:a1:cd","RSSI":-73},{"SSID":"MeetInLeeds","BSSID":"5c:a6:2d:af:94:ad","RSSI":-75},{"SSID":"eduroam","BSSID":"5c:a6:2d:af:94:ae","RSSI":-75},{"SSID":"MeetInLeeds","BSSID":"5c:a6:2d:45:de:82","RSSI":-75},{"SSID":"MeetInLeeds","BSSID":"5c:a6:2d:45:db:a2","RSSI":-76},{"SSID":"eduroam","BSSID":"5c:a6:2d:45:db:a1","RSSI":-76},{"SSID":"eduroam","BSSID":"5c:a6:2d:ce:a1:c1","RSSI":-76},{"SSID":"MeetInLeeds","BSSID":"5c:a6:2d:45:db:8d","RSSI":-76},{"SSID":"MeetInLeeds","BSSID":"5c:a6:2d:1e:08:e2","RSSI":-77},{"SSID":"eduroam","BSSID":"5c:a6:2d:45:de:81","RSSI":-77},{"SSID":"MeetInLeeds","BSSID":"5c:a6:2d:af:91:42","RSSI":-77},{"SSID":"eduroam","BSSID":"5c:a6:2d:af:90:ae","RSSI":-78},{"SSID":"eduroam","BSSID":"5c:a6:2d:ce:b5:0e","RSSI":-78},{"SSID":"MeetInLeeds","BSSID":"5c:a6:2d:cf:bf:8d","RSSI":-79},{"SSID":"eduroam","BSSID":"5c:a6:2d:5d:ab:61","RSSI":-79},{"SSID":"MeetInLeeds","BSSID":"5c:a6:2d:af:90:ad","RSSI":-80},{"SSID":"MeetInLeeds","BSSID":"5c:a6:2d:ce:b5:0d","RSSI":-80},{"SSID":"MeetInLeeds","BSSID":"5c:a6:2d:1e:08:ed","RSSI":-80},{"SSID":"eduroam","BSSID":"5c:a6:2d:af:91:41","RSSI":-80},{"SSID":"eduroam","BSSID":"5c:a6:2d:cf:bf:8e","RSSI":-81},{"SSID":"eduroam","BSSID":"ac:3a:67:08:29:2e","RSSI":-81},{"SSID":"MeetInLeeds","BSSID":"5c:a6:2d:ce:c1:e2","RSSI":-81},{"SSID":"MeetInLeeds","BSSID":"5c:a6:2d:af:91:c2","RSSI":-81},{"SSID":"eduroam","BSSID":"5c:a6:2d:1e:08:ee","RSSI":-81},{"SSID":"MeetInLeeds","BSSID":"ac:3a:67:08:29:2d","RSSI":-82},{"SSID":"MeetInLeeds","BSSID":"5c:a6:2d:ef:45:22","RSSI":-83},{"SSID":"MeetInLeeds","BSSID":"5c:a6:2d:45:db:ad","RSSI":-84},{"SSID":"eduroam","BSSID":"5c:a6:2d:af:91:ce","RSSI":-84},{"SSID":"MeetInLeeds","BSSID":"5c:a6:2d:af:91:cd","RSSI":-84},{"SSID":"MeetInLeeds","BSSID":"5c:a6:2d:45:dc:0d","RSSI":-85},{"SSID":"MeetInLeeds","BSSID":"5c:a6:2d:cf:c4:4d","RSSI":-85},{"SSID":"Nell's Phone","BSSID":"f2:4d:2c:74:57:16","RSSI":-85},{"SSID":"eduroam","BSSID":"5c:a6:2d:cf:c4:4e","RSSI":-86},{"SSID":"eduroam","BSSID":"5c:a6:2d:45:db:ae","RSSI":-86},{"SSID":"eduroam","BSSID":"5c:a6:2d:5d:2e:ce","RSSI":-87},{"SSID":"eduroam","BSSID":"ac:3a:67:07:fb:0e","RSSI":-87}],[{"SSID":"MeetInLeeds","BSSID":"5c:a6:2d:ce:bf:02","RSSI":-38},{"SSID":"eduroam","BSSID":"5c:a6:2d:ce:bf:01","RSSI":-38},{"SSID":"MeetInLeeds","BSSID":"5c:a6:2d:ce:a3:c2","RSSI":-40},{"SSID":"MeetInLeeds","BSSID":"5c:a6:2d:ce:a3:cd","RSSI":-44},{"SSID":"eduroam","BSSID":"5c:a6:2d:ce:a3:ce","RSSI":-44},{"SSID":"MeetInLeeds","BSSID":"ac:3a:67:08:28:22","RSSI":-47},{"SSID":"eduroam","BSSID":"ac:3a:67:08:28:21","RSSI":-48},{"SSID":"MeetInLeeds","BSSID":"5c:a6:2d:ce:b4:c2","RSSI":-48},{"SSID":"MeetInLeeds","BSSID":"5c:a6:2d:ce:bf:0d","RSSI":-51},{"SSID":"eduroam","BSSID":"5c:a6:2d:ce:bf:0e","RSSI":-51},{"SSID":"MeetInLeeds","BSSID":"5c:a6:2d:ce:8e:a2","RSSI":-52},{"SSID":"eduroam","BSSID":"5c:a6:2d:af:8f:ce","RSSI":-52},{"SSID":"MeetInLeeds","BSSID":"5c:a6:2d:af:8f:cd","RSSI":-52},{"SSID":"MeetInLeeds","BSSID":"5c:a6:2d:af:8f:c2","RSSI":-52},{"SSID":"eduroam","BSSID":"5c:a6:2d:af:8f:c1","RSSI":-52},{"SSID":"MeetInLeeds","BSSID":"ac:3a:67:08:28:2d","RSSI":-55},{"SSID":"MeetInLeeds","BSSID":"5c:a6:2d:86:6e:02","RSSI":-57},{"SSID":"MeetInLeeds","BSSID":"5c:a6:2d:45:db:82","RSSI":-57},{"SSID":"MeetInLeeds","BSSID":"5c:a6:2d:ce:b4:cd","RSSI":-57},{"SSID":"eduroam","BSSID":"5c:a6:2d:ce:b4:ce","RSSI":-57},{"SSID":"eduroam","BSSID":"5c:a6:2d:86:6e:01","RSSI":-58},{"SSID":"eduroam","BSSID":"ac:3a:67:08:28:2e","RSSI":-58},{"SSID":"MeetInLeeds","BSSID":"5c:a6:2d:ce:b9:22","RSSI":-58},{"SSID":"LAPTOP-B8KPU0TL 7250","BSSID":"fa:d0:fc:e4:31:a7","RSSI":-59},{"SSID":"eduroam","BSSID":"5c:a6:2d:ce:b9:21","RSSI":-59},{"SSID":"MeetInLeeds","BSSID":"5c:a6:2d:ce:b9:2d","RSSI":-60},{"SSID":"eduroam","BSSID":"5c:a6:2d:ce:b9:2e","RSSI":-60},{"SSID":"eduroam","BSSID":"5c:a6:2d:ce:b5:ce","RSSI":-61},{"SSID":"MeetInLeeds","BSSID":"5c:a6:2d:af:8f:82","RSSI":-63},{"SSID":"MeetInLeeds","BSSID":"5c:a6:2d:ce:b5:cd","RSSI":-63},{"SSID":"eduroam","BSSID":"5c:a6:2d:ce:8e:ae","RSSI":-65},{"SSID":"MeetInLeeds","BSSID":"5c:a6:2d:ce:b5:c2","RSSI":-66},{"SSID":"MeetInLeeds","BSSID":"5c:a6:2d:af:90:a2","RSSI":-66},{"SSID":"MeetInLeeds","BSSID":"5c:a6:2d:ce:8e:ad","RSSI":-66},{"SSID":"MeetInLeeds","BSSID":"5c:a6:2d:ce:b5:02","RSSI":-67},{"SSID":"eduroam","BSSID":"5c:a6:2d:ce:b5:01","RSSI":-67},{"SSID":"MeetInLeeds","BSSID":"5c:a6:2d:86:6e:0d","RSSI":-68},{"SSID":"eduroam","BSSID":"5c:a6:2d:ce:a1:ce","RSSI":-69},{"SSID":"eduroam","BSSID":"5c:a6:2d:86:6e:0e","RSSI":-69},{"SSID":"MeetInLeeds","BSSID":"5c:a6:2d:af:8f:8d","RSSI":-69},{"SSID":"MeetInLeeds","BSSID":"5c:a6:2d:ce:a1:cd","RSSI":-70},{"SSID":"MeetInLeeds","BSSID":"ac:3a:67:08:29:22","RSSI":-71},{"SSID":"MeetInLeeds","BSSID":"5c:a6:2d:af:94:ad","RSSI":-73},{"SSID":"eduroam","BSSID":"5c:a6:2d:af:94:ae","RSSI":-73},{"SSID":"eduroam","BSSID":"5c:a6:2d:af:8f:8e","RSSI":-73},{"SSID":"MeetInLeeds","BSSID":"5c:a6:2d:1e:08:e2","RSSI":-74},{"SSID":"MeetInLeeds","BSSID":"5c:a6:2d:1e:09:02","RSSI":-74},{"SSID":"MeetInLeeds","BSSID":"5c:a6:2d:af:91:c2","RSSI":-74},{"SSID":"MeetInLeeds","BSSID":"5c:a6:2d:45:db:8d","RSSI":-74},{"SSID":"eduroam","BSSID":"5c:a6:2d:45:db:8e","RSSI":-75},{"SSID":"eduroam","BSSID":"5c:a6:2d:cf:bf:8e","RSSI":-76},{"SSID":"MeetInLeeds","BSSID":"5c:a6:2d:cf:bf:8d","RSSI":-76},{"SSID":"MeetInLeeds","BSSID":"5c:a6:2d:45:de:82","RSSI":-76},{"SSID":"MeetInLeeds","BSSID":"5c:a6:2d:af:91:42","RSSI":-76},{"SSID":"MeetInLeeds","BSSID":"5c:a6:2d:86:69:22","RSSI":-77},{"SSID":"Nell's Phone","BSSID":"f2:4d:2c:74:57:16","RSSI":-79},{"SSID":"eduroam","BSSID":"ac:3a:67:08:25:c1","RSSI":-80},{"SSID":"MeetInLeeds","BSSID":"ac:3a:67:08:29:2d","RSSI":-81},{"SSID":"eduroam","BSSID":"ac:3a:67:08:29:2e","RSSI":-81},{"SSID":"eduroam","BSSID":"5c:a6:2d:ce:b5:0e","RSSI":-81},{"SSID":"MeetInLeeds","BSSID":"5c:a6:2d:ce:b5:0d","RSSI":-81},{"SSID":"MeetInLeeds","BSSID":"5c:a6:2d:1e:08:ed","RSSI":-81},{"SSID":"MeetInLeeds","BSSID":"5c:a6:2d:af:91:cd","RSSI":-81},{"SSID":"MeetInLeeds","BSSID":"5c:a6:2d:cf:c4:42","RSSI":-81},{"SSID":"MeetInLeeds","BSSID":"5c:a6:2d:af:91:4d","RSSI":-82},{"SSID":"eduroam","BSSID":"5c:a6:2d:af:91:ce","RSSI":-82},{"SSID":"MeetInLeeds","BSSID":"5c:a6:2d:1e:09:0d","RSSI":-84},{"SSID":"eduroam","BSSID":"5c:a6:2d:5d:ab:6e","RSSI":-85},{"SSID":"MeetInLeeds","BSSID":"5c:a6:2d:ce:c1:ed","RSSI":-86}],[{"SSID":"MeetInLeeds","BSSID":"5c:a6:2d:ce:bf:02","RSSI":-39},{"SSID":"eduroam","BSSID":"5c:a6:2d:ce:bf:01","RSSI":-40},{"SSID":"MeetInLeeds","BSSID":"5c:a6:2d:ce:a3:c2","RSSI":-41},{"SSID":"MeetInLeeds","BSSID":"5c:a6:2d:ce:a3:cd","RSSI":-44},{"SSID":"eduroam","BSSID":"5c:a6:2d:ce:a3:ce","RSSI":-45},{"SSID":"MeetInLeeds","BSSID":"ac:3a:67:08:28:22","RSSI":-48},{"SSID":"MeetInLeeds","BSSID":"5c:a6:2d:ce:8e:a2","RSSI":-51},{"SSID":"MeetInLeeds","BSSID":"5c:a6:2d:af:8f:c2","RSSI":-52},{"SSID":"MeetInLeeds","BSSID":"5c:a6:2d:af:8f:cd","RSSI":-54},{"SSID":"eduroam","BSSID":"5c:a6:2d:af:8f:ce","RSSI":-55},{"SSID":"MeetInLeeds","BSSID":"5c:a6:2d:ce:bf:0d","RSSI":-55},{"SSID":"eduroam","BSSID":"5c:a6:2d:ce:bf:0e","RSSI":-55},{"SSID":"eduroam","BSSID":"5c:a6:2d:86:6e:01","RSSI":-56},{"SSID":"MeetInLeeds","BSSID":"5c:a6:2d:86:6e:02","RSSI":-56},{"SSID":"LAPTOP-B8KPU0TL 7250","BSSID":"fa:d0:fc:e4:31:a7","RSSI":-57},{"SSID":"eduroam","BSSID":"5c:a6:2d:45:db:81","RSSI":-58},{"SSID":"MeetInLeeds","BSSID":"5c:a6:2d:45:db:82","RSSI":-58},{"SSID":"MeetInLeeds","BSSID":"5c:a6:2d:ce:b4:cd","RSSI":-58},{"SSID":"eduroam","BSSID":"5c:a6:2d:ce:b4:ce","RSSI":-58},{"SSID":"MeetInLeeds","BSSID":"5c:a6:2d:ce:b4:c2","RSSI":-58},{"SSID":"eduroam","BSSID":"5c:a6:2d:ce:b9:21","RSSI":-58},{"SSID":"MeetInLeeds","BSSID":"5c:a6:2d:ce:b9:22","RSSI":-58},{"SSID":"MeetInLeeds","BSSID":"5c:a6:2d:ce:b9:2d","RSSI":-60},{"SSID":"eduroam","BSSID":"5c:a6:2d:ce:b9:2e","RSSI":-60},{"SSID":"eduroam","BSSID":"ac:3a:67:08:28:2e","RSSI":-62},{"SSID":"MeetInLeeds","BSSID":"ac:3a:67:08:28:2d","RSSI":-62},{"SSID":"eduroam","BSSID":"5c:a6:2d:ce:b5:ce","RSSI":-65},{"SSID":"MeetInLeeds","BSSID":"5c:a6:2d:ce:b5:cd","RSSI":-65},{"SSID":"MeetInLeeds","BSSID":"5c:a6:2d:af:8f:82","RSSI":-66},{"SSID":"eduroam","BSSID":"5c:a6:2d:86:6e:0e","RSSI":-66},{"SSID":"MeetInLeeds","BSSID":"5c:a6:2d:ce:b5:02","RSSI":-66},{"SSID":"MeetInLeeds","BSSID":"5c:a6:2d:86:6e:0d","RSSI":-67},{"SSID":"eduroam","BSSID":"5c:a6:2d:ce:b5:01","RSSI":-67},{"SSID":"eduroam","BSSID":"5c:a6:2d:af:8f:81","RSSI":-68},{"SSID":"MeetInLeeds","BSSID":"5c:a6:2d:af:90:a2","RSSI":-68},{"SSID":"eduroam","BSSID":"5c:a6:2d:af:90:a1","RSSI":-68},{"SSID":"eduroam","BSSID":"5c:a6:2d:af:8f:8e","RSSI":-68},{"SSID":"MeetInLeeds","BSSID":"5c:a6:2d:af:8f:8d","RSSI":-68},{"SSID":"eduroam","BSSID":"5c:a6:2d:ce:a1:ce","RSSI":-69},{"SSID":"MeetInLeeds","BSSID":"5c:a6:2d:ce:a1:cd","RSSI":-69},{"SSID":"eduroam","BSSID":"5c:a6:2d:ce:8e:ae","RSSI":-70},{"SSID":"MeetInLeeds","BSSID":"5c:a6:2d:ce:8e:ad","RSSI":-70},{"SSID":"MeetInLeeds","BSSID":"ac:3a:67:08:29:22","RSSI":-71},{"SSID":"eduroam","BSSID":"5c:a6:2d:1e:09:01","RSSI":-73},{"SSID":"eduroam","BSSID":"5c:a6:2d:45:db:8e","RSSI":-73},{"SSID":"MeetInLeeds","BSSID":"5c:a6:2d:45:db:8d","RSSI":-73},{"SSID":"MeetInLeeds","BSSID":"5c:a6:2d:af:94:a2","RSSI":-74},{"SSID":"MeetInLeeds","BSSID":"5c:a6:2d:af:94:ad","RSSI":-74},{"SSID":"MeetInLeeds","BSSID":"5c:a6:2d:af:91:c2","RSSI":-74},{"SSID":"MeetInLeeds","BSSID":"5c:a6:2d:af:91:42","RSSI":-74},{"SSID":"MeetInLeeds","BSSID":"5c:a6:2d:1e:09:02","RSSI":-75},{"SSID":"eduroam","BSSID":"5c:a6:2d:cf:bf:8e","RSSI":-76},{"SSID":"MeetInLeeds","BSSID":"5c:a6:2d:ce:b5:c2","RSSI":-76},{"SSID":"MeetInLeeds","BSSID":"5c:a6:2d:cf:bf:8d","RSSI":-77},{"SSID":"eduroam","BSSID":"5c:a6:2d:1e:08:e1","RSSI":-78},{"SSID":"eduroam","BSSID":"5c:a6:2d:ce:b5:0e","RSSI":-79},{"SSID":"MeetInLeeds","BSSID":"5c:a6:2d:ce:b5:0d","RSSI":-79},{"SSID":"MeetInLeeds","BSSID":"5c:a6:2d:86:69:22","RSSI":-80},{"SSID":"MeetInLeeds","BSSID":"ac:3a:67:07:fb:0d","RSSI":-81},{"SSID":"MeetInLeeds","BSSID":"ac:3a:67:08:29:2d","RSSI":-81},{"SSID":"eduroam","BSSID":"ac:3a:67:08:29:2e","RSSI":-81},{"SSID":"MeetInLeeds","BSSID":"5c:a6:2d:af:90:ad","RSSI":-81},{"SSID":"MeetInLeeds","BSSID":"ac:3a:67:08:25:c2","RSSI":-81},{"SSID":"MeetInLeeds","BSSID":"ac:3a:67:08:0c:82","RSSI":-81},{"SSID":"eduroam","BSSID":"5c:a6:2d:86:6d:21","RSSI":-82},{"SSID":"MeetInLeeds","BSSID":"ac:3a:67:08:0c:8d","RSSI":-83},{"SSID":"eduroam","BSSID":"5c:a6:2d:af:91:4e","RSSI":-84},{"SSID":"eduroam","BSSID":"5c:a6:2d:86:69:2e","RSSI":-84},{"SSID":"MeetInLeeds","BSSID":"5c:a6:2d:86:69:2d","RSSI":-84},{"SSID":"Nell's Phone","BSSID":"f2:4d:2c:74:57:16","RSSI":-84},{"SSID":"eduroam","BSSID":"ac:3a:67:08:0c:8e","RSSI":-85},{"SSID":"MeetInLeeds","BSSID":"5c:a6:2d:1e:09:0d","RSSI":-86},{"SSID":"eduroam","BSSID":"ac:3a:67:08:29:ae","RSSI":-88}],[{"SSID":"eduroam","BSSID":"5c:a6:2d:ce:bf:01","RSSI":-39},{"SSID":"MeetInLeeds","BSSID":"5c:a6:2d:ce:bf:02","RSSI":-40},{"SSID":"MeetInLeeds","BSSID":"5c:a6:2d:ce:a3:cd","RSSI":-44},{"SSID":"eduroam","BSSID":"5c:a6:2d:ce:a3:ce","RSSI":-44},{"SSID":"MeetInLeeds","BSSID":"ac:3a:67:08:28:22","RSSI":-46},{"SSID":"MeetInLeeds","BSSID":"5c:a6:2d:ce:b4:c2","RSSI":-47},{"SSID":"eduroam","BSSID":"5c:a6:2d:ce:b4:c1","RSSI":-48},{"SSID":"MeetInLeeds","BSSID":"5c:a6:2d:ce:b4:cd","RSSI":-51},{"SSID":"MeetInLeeds","BSSID":"5c:a6:2d:af:8f:c2","RSSI":-52},{"SSID":"eduroam","BSSID":"5c:a6:2d:af:8f:c1","RSSI":-52},{"SSID":"eduroam","BSSID":"5c:a6:2d:ce:b4:ce","RSSI":-53},{"SSID":"MeetInLeeds","BSSID":"5c:a6:2d:ce:bf:0d","RSSI":-53},{"SSID":"eduroam","BSSID":"5c:a6:2d:ce:bf:0e","RSSI":-53},{"SSID":"MeetInLeeds","BSSID":"5c:a6:2d:ce:8e:a2","RSSI":-54},{"SSID":"eduroam","BSSID":"5c:a6:2d:ce:8e:a1","RSSI":-54},{"SSID":"eduroam","BSSID":"5c:a6:2d:86:6e:01","RSSI":-56},{"SSID":"eduroam","BSSID":"ac:3a:67:08:28:2e","RSSI":-56},{"SSID":"eduroam","BSSID":"5c:a6:2d:45:db:81","RSSI":-56},{"SSID":"MeetInLeeds","BSSID":"5c:a6:2d:45:db:82","RSSI":-56},{"SSID":"MeetInLeeds","BSSID":"5c:a6:2d:86:6e:02","RSSI":-57},{"SSID":"MeetInLeeds","BSSID":"5c:a6:2d:af:8f:cd","RSSI":-57},{"SSID":"eduroam","BSSID":"5c:a6:2d:ce:b9:21","RSSI":-58},{"SSID":"MeetInLeeds","BSSID":"5c:a6:2d:ce:b9:22","RSSI":-58},{"SSID":"eduroam","BSSID":"5c:a6:2d:ce:b9:2e","RSSI":-60},{"SSID":"MeetInLeeds","BSSID":"5c:a6:2d:ce:b9:2d","RSSI":-62},{"SSID":"MeetInLeeds","BSSID":"5c:a6:2d:af:8f:82","RSSI":-64},{"SSID":"eduroam","BSSID":"5c:a6:2d:af:8f:81","RSSI":-65},{"SSID":"eduroam","BSSID":"5c:a6:2d:86:6e:0e","RSSI":-65},{"SSID":"MeetInLeeds","BSSID":"5c:a6:2d:86:6e:0d","RSSI":-65},{"SSID":"MeetInLeeds","BSSID":"5c:a6:2d:ce:b5:c2","RSSI":-66},{"SSID":"MeetInLeeds","BSSID":"5c:a6:2d:ce:b5:02","RSSI":-67},{"SSID":"eduroam","BSSID":"5c:a6:2d:af:90:a1","RSSI":-67},{"SSID":"MeetInLeeds","BSSID":"5c:a6:2d:af:90:a2","RSSI":-68},{"SSID":"eduroam","BSSID":"5c:a6:2d:ce:8e:ae","RSSI":-69},{"SSID":"MeetInLeeds","BSSID":"5c:a6:2d:ce:8e:ad","RSSI":-69},{"SSID":"eduroam","BSSID":"5c:a6:2d:45:db:8e","RSSI":-69},{"SSID":"eduroam","BSSID":"5c:a6:2d:af:8f:8e","RSSI":-69},{"SSID":"MeetInLeeds","BSSID":"5c:a6:2d:af:8f:8d","RSSI":-69},{"SSID":"MeetInLeeds","BSSID":"ac:3a:67:08:29:22","RSSI":-69},{"SSID":"MeetInLeeds","BSSID":"5c:a6:2d:45:db:8d","RSSI":-70},{"SSID":"eduroam","BSSID":"5c:a6:2d:1e:09:01","RSSI":-71},{"SSID":"MeetInLeeds","BSSID":"5c:a6:2d:1e:09:02","RSSI":-71},{"SSID":"eduroam","BSSID":"ac:3a:67:08:29:21","RSSI":-71},{"SSID":"MeetInLeeds","BSSID":"5c:a6:2d:af:94:a2","RSSI":-72},{"SSID":"MeetInLeeds","BSSID":"5c:a6:2d:cf:bf:8d","RSSI":-73},{"SSID":"MeetInLeeds","BSSID":"5c:a6:2d:ce:a1:cd","RSSI":-73},{"SSID":"eduroam","BSSID":"5c:a6:2d:af:94:ae","RSSI":-73},{"SSID":"MeetInLeeds","BSSID":"5c:a6:2d:ce:a1:c2","RSSI":-73},{"SSID":"MeetInLeeds","BSSID":"5c:a6:2d:ce:a3:c2","RSSI":-73},{"SSID":"eduroam","BSSID":"5c:a6:2d:ce:a1:ce","RSSI":-74},{"SSID":"MeetInLeeds","BSSID":"5c:a6:2d:af:94:ad","RSSI":-74},{"SSID":"MeetInLeeds","BSSID":"5c:a6:2d:af:91:c2","RSSI":-74},{"SSID":"eduroam","BSSID":"5c:a6:2d:45:de:81","RSSI":-74},{"SSID":"eduroam","BSSID":"5c:a6:2d:cf:bf:8e","RSSI":-75},{"SSID":"eduroam","BSSID":"5c:a6:2d:af:91:c1","RSSI":-75},{"SSID":"MeetInLeeds","BSSID":"5c:a6:2d:45:de:82","RSSI":-75},{"SSID":"MeetInLeeds","BSSID":"ac:3a:67:07:fb:02","RSSI":-75},{"SSID":"MeetInLeeds","BSSID":"5c:a6:2d:45:db:a2","RSSI":-76},{"SSID":"eduroam","BSSID":"5c:a6:2d:1e:08:e1","RSSI":-77},{"SSID":"eduroam","BSSID":"5c:a6:2d:af:91:41","RSSI":-77},{"SSID":"eduroam","BSSID":"5c:a6:2d:45:db:a1","RSSI":-78},{"SSID":"eduroam","BSSID":"5c:a6:2d:1e:08:ee","RSSI":-79},{"SSID":"MeetInLeeds","BSSID":"5c:a6:2d:1e:08:ed","RSSI":-79},{"SSID":"eduroam","BSSID":"5c:a6:2d:af:8f:ce","RSSI":-79},{"SSID":"MeetInLeeds","BSSID":"5c:a6:2d:86:69:22","RSSI":-79},{"SSID":"MeetInLeeds","BSSID":"5c:a6:2d:ce:b5:0d","RSSI":-80},{"SSID":"eduroam","BSSID":"5c:a6:2d:b5:ca:e1","RSSI":-80},{"SSID":"eduroam","BSSID":"5c:a6:2d:af:91:4e","RSSI":-80},{"SSID":"eduroam","BSSID":"5c:a6:2d:ce:b5:0e","RSSI":-81},{"SSID":"MeetInLeeds","BSSID":"5c:a6:2d:5d:ab:62","RSSI":-81},{"SSID":"MeetInLeeds","BSSID":"5c:a6:2d:af:91:4d","RSSI":-81},{"SSID":"eduroam","BSSID":"ac:3a:67:08:0c:81","RSSI":-81},{"SSID":"eduroam","BSSID":"ac:3a:67:08:29:2e","RSSI":-82},{"SSID":"MeetInLeeds","BSSID":"5c:a6:2d:af:90:ad","RSSI":-82},{"SSID":"MeetInLeeds","BSSID":"5c:a6:2d:ef:45:2d","RSSI":-82},{"SSID":"eduroam","BSSID":"ac:3a:67:08:0c:8e","RSSI":-83},{"SSID":"eduroam","BSSID":"5c:a6:2d:ef:45:2e","RSSI":-83},{"SSID":"MeetInLeeds","BSSID":"ac:3a:67:08:0c:82","RSSI":-83},{"SSID":"MeetInLeeds","BSSID":"ac:3a:67:08:29:2d","RSSI":-84},{"SSID":"MeetInLeeds","BSSID":"ac:3a:67:08:0c:8d","RSSI":-84},{"SSID":"MeetInLeeds","BSSID":"5c:a6:2d:86:69:2d","RSSI":-84},{"SSID":"MeetInLeeds","BSSID":"5c:a6:2d:86:6d:2d","RSSI":-85},{"SSID":"MeetInLeeds","BSSID":"5c:a6:2d:cf:c4:4d","RSSI":-85},{"SSID":"MeetInLeeds","BSSID":"5c:a6:2d:ce:c1:ed","RSSI":-85},{"SSID":"eduroam","BSSID":"5c:a6:2d:86:6d:2e","RSSI":-86},{"SSID":"eduroam","BSSID":"5c:a6:2d:86:69:2e","RSSI":-86}],[{"SSID":"MeetInLeeds","BSSID":"5c:a6:2d:ce:bf:02","RSSI":-39},{"SSID":"eduroam","BSSID":"5c:a6:2d:ce:bf:01","RSSI":-39},{"SSID":"eduroam","BSSID":"5c:a6:2d:ce:a3:c1","RSSI":-41},{"SSID":"MeetInLeeds","BSSID":"5c:a6:2d:ce:a3:c2","RSSI":-41},{"SSID":"MeetInLeeds","BSSID":"5c:a6:2d:ce:a3:cd","RSSI":-44},{"SSID":"eduroam","BSSID":"5c:a6:2d:ce:a3:ce","RSSI":-44},{"SSID":"MeetInLeeds","BSSID":"ac:3a:67:08:28:22","RSSI":-47},{"SSID":"eduroam","BSSID":"ac:3a:67:08:28:21","RSSI":-47},{"SSID":"eduroam","BSSID":"5c:a6:2d:ce:b4:c1","RSSI":-48},{"SSID":"MeetInLeeds","BSSID":"5c:a6:2d:ce:b4:c2","RSSI":-49},{"SSID":"eduroam","BSSID":"5c:a6:2d:ce:8e:a1","RSSI":-51},{"SSID":"MeetInLeeds","BSSID":"5c:a6:2d:ce:8e:a2","RSSI":-52},{"SSID":"MeetInLeeds","BSSID":"5c:a6:2d:af:8f:c2","RSSI":-52},{"SSID":"eduroam","BSSID":"5c:a6:2d:af:8f:c1","RSSI":-52},{"SSID":"MeetInLeeds","BSSID":"5c:a6:2d:af:8f:cd","RSSI":-54},{"SSID":"MeetInLeeds","BSSID":"5c:a6:2d:ce:bf:0d","RSSI":-54},{"SSID":"eduroam","BSSID":"5c:a6:2d:ce:bf:0e","RSSI":-54},{"SSID":"MeetInLeeds","BSSID":"5c:a6:2d:ce:b4:cd","RSSI":-55},{"SSID":"eduroam","BSSID":"5c:a6:2d:ce:b4:ce","RSSI":-55},{"SSID":"eduroam","BSSID":"5c:a6:2d:af:8f:ce","RSSI":-55},{"SSID":"eduroam","BSSID":"ac:3a:67:08:28:2e","RSSI":-56},{"SSID":"MeetInLeeds","BSSID":"ac:3a:67:08:28:2d","RSSI":-56},{"SSID":"MeetInLeeds","BSSID":"5c:a6:2d:ce:b9:22","RSSI":-56},{"SSID":"eduroam","BSSID":"5c:a6:2d:ce:b9:21","RSSI":-57},{"SSID":"eduroam","BSSID":"5c:a6:2d:45:db:81","RSSI":-58},{"SSID":"MeetInLeeds","BSSID":"5c:a6:2d:45:db:82","RSSI":-59},{"SSID":"MeetInLeeds","BSSID":"5c:a6:2d:ce:b9:2d","RSSI":-62},{"SSID":"eduroam","BSSID":"5c:a6:2d:ce:b9:2e","RSSI":-62},{"SSID":"MeetInLeeds","BSSID":"5c:a6:2d:af:8f:82","RSSI":-64},{"SSID":"MeetInLeeds","BSSID":"5c:a6:2d:ce:b5:c2","RSSI":-65},{"SSID":"eduroam","BSSID":"5c:a6:2d:ce:b5:c1","RSSI":-65},{"SSID":"eduroam","BSSID":"5c:a6:2d:af:90:a1","RSSI":-66},{"SSID":"MeetInLeeds","BSSID":"5c:a6:2d:ce:b5:cd","RSSI":-68},{"SSID":"MeetInLeeds","BSSID":"5c:a6:2d:af:90:a2","RSSI":-68},{"SSID":"eduroam","BSSID":"5c:a6:2d:86:6e:0e","RSSI":-69},{"SSID":"MeetInLeeds","BSSID":"5c:a6:2d:86:6e:0d","RSSI":-69},{"SSID":"MeetInLeeds","BSSID":"5c:a6:2d:ce:8e:ad","RSSI":-69},{"SSID":"eduroam","BSSID":"5c:a6:2d:af:94:a1","RSSI":-70},{"SSID":"eduroam","BSSID":"5c:a6:2d:ce:a1:ce","RSSI":-70},{"SSID":"MeetInLeeds","BSSID":"5c:a6:2d:ce:a1:cd","RSSI":-70},{"SSID":"eduroam","BSSID":"5c:a6:2d:ce:b5:ce","RSSI":-70},{"SSID":"eduroam","BSSID":"5c:a6:2d:ce:8e:ae","RSSI":-70},{"SSID":"eduroam","BSSID":"5c:a6:2d:45:db:8e","RSSI":-70},{"SSID":"MeetInLeeds","BSSID":"5c:a6:2d:af:8f:8d","RSSI":-70},{"SSID":"eduroam","BSSID":"ac:3a:67:08:29:21","RSSI":-70},{"SSID":"eduroam","BSSID":"5c:a6:2d:af:8f:8e","RSSI":-71},{"SSID":"eduroam","BSSID":"5c:a6:2d:45:db:a1","RSSI":-72},{"SSID":"eduroam","BSSID":"5c:a6:2d:1e:09:01","RSSI":-73},{"SSID":"eduroam","BSSID":"5c:a6:2d:45:de:81","RSSI":-73},{"SSID":"eduroam","BSSID":"5c:a6:2d:cf:bf:8e","RSSI":-74},{"SSID":"MeetInLeeds","BSSID":"5c:a6:2d:cf:bf:8d","RSSI":-74},{"SSID":"MeetInLeeds","BSSID":"5c:a6:2d:1e:09:02","RSSI":-74},{"SSID":"MeetInLeeds","BSSID":"5c:a6:2d:af:91:c2","RSSI":-75},{"SSID":"eduroam","BSSID":"5c:a6:2d:af:91:c1","RSSI":-75},{"SSID":"eduroam","BSSID":"5c:a6:2d:af:94:ae","RSSI":-77},{"SSID":"eduroam","BSSID":"ac:3a:67:07:fb:01","RSSI":-77},{"SSID":"MeetInLeeds","BSSID":"ac:3a:67:07:fb:02","RSSI":-77},{"SSID":"MeetInLeeds","BSSID":"5c:a6:2d:af:91:42","RSSI":-77},{"SSID":"MeetInLeeds","BSSID":"5c:a6:2d:cf:c4:42","RSSI":-78},{"SSID":"eduroam","BSSID":"ac:3a:67:08:25:81","RSSI":-78},{"SSID":"eduroam","BSSID":"5c:a6:2d:cf:bf:81","RSSI":-80},{"SSID":"eduroam","BSSID":"5c:a6:2d:ce:b5:0e","RSSI":-80},{"SSID":"MeetInLeeds","BSSID":"5c:a6:2d:1e:08:ed","RSSI":-80},{"SSID":"MeetInLeeds","BSSID":"5c:a6:2d:ce:b5:0d","RSSI":-81},{"SSID":"eduroam","BSSID":"5c:a6:2d:1e:08:ee","RSSI":-81},{"SSID":"eduroam","BSSID":"ac:3a:67:08:25:c1","RSSI":-81},{"SSID":"MeetInLeeds","BSSID":"5c:a6:2d:ce:c1:e2","RSSI":-82},{"SSID":"eduroam","BSSID":"5c:a6:2d:af:90:ae","RSSI":-82},{"SSID":"MeetInLeeds","BSSID":"5c:a6:2d:86:69:2d","RSSI":-82},{"SSID":"MeetInLeeds","BSSID":"ac:3a:67:08:29:2d","RSSI":-83},{"SSID":"MeetInLeeds","BSSID":"5c:a6:2d:af:90:ad","RSSI":-83},{"SSID":"eduroam","BSSID":"5c:a6:2d:af:91:4e","RSSI":-83},{"SSID":"eduroam","BSSID":"5c:a6:2d:ce:c1:ee","RSSI":-84},{"SSID":"eduroam","BSSID":"5c:a6:2d:45:db:ae","RSSI":-85},{"SSID":"MeetInLeeds","BSSID":"5c:a6:2d:ce:c1:ed","RSSI":-85},{"SSID":"Nell's Phone","BSSID":"f2:4d:2c:74:57:16","RSSI":-85},{"SSID":"MeetInLeeds","BSSID":"ac:3a:67:08:0c:8d","RSSI":-86},{"SSID":"MeetInLeeds","BSSID":"5c:a6:2d:af:91:cd","RSSI":-86},{"SSID":"eduroam","BSSID":"5c:a6:2d:45:de:8e","RSSI":-87},{"SSID":"eduroam","BSSID":"5c:a6:2d:af:91:ce","RSSI":-87}],[{"SSID":"MeetInLeeds","BSSID":"5c:a6:2d:ce:bf:02","RSSI":-41},{"SSID":"eduroam","BSSID":"5c:a6:2d:ce:bf:01","RSSI":-41},{"SSID":"MeetInLeeds","BSSID":"5c:a6:2d:ce:a3:c2","RSSI":-41},{"SSID":"MeetInLeeds","BSSID":"5c:a6:2d:ce:a3:cd","RSSI":-45},{"SSID":"eduroam","BSSID":"ac:3a:67:08:28:21","RSSI":-46},{"SSID":"MeetInLeeds","BSSID":"ac:3a:67:08:28:22","RSSI":-47},{"SSID":"MeetInLeeds","BSSID":"5c:a6:2d:ce:b4:c2","RSSI":-47},{"SSID":"eduroam","BSSID":"5c:a6:2d:ce:b4:c1","RSSI":-48},{"SSID":"eduroam","BSSID":"5c:a6:2d:ce:a3:ce","RSSI":-49},{"SSID":"eduroam","BSSID":"5c:a6:2d:ce:8e:a1","RSSI":-51},{"SSID":"MeetInLeeds","BSSID":"5c:a6:2d:ce:8e:a2","RSSI":-52},{"SSID":"MeetInLeeds","BSSID":"5c:a6:2d:ce:b4:cd","RSSI":-52},{"SSID":"eduroam","BSSID":"5c:a6:2d:ce:b4:ce","RSSI":-52},{"SSID":"MeetInLeeds","BSSID":"5c:a6:2d:af:8f:c2","RSSI":-52},{"SSID":"eduroam","BSSID":"5c:a6:2d:af:8f:ce","RSSI":-53},{"SSID":"eduroam","BSSID":"ac:3a:67:08:28:2e","RSSI":-54},{"SSID":"MeetInLeeds","BSSID":"5c:a6:2d:af:8f:cd","RSSI":-54},{"SSID":"MeetInLeeds","BSSID":"ac:3a:67:08:28:2d","RSSI":-55},{"SSID":"MeetInLeeds","BSSID":"5c:a6:2d:ce:b9:22","RSSI":-56},{"SSID":"MeetInLeeds","BSSID":"5c:a6:2d:45:db:82","RSSI":-57},{"SSID":"eduroam","BSSID":"5c:a6:2d:45:db:81","RSSI":-58},{"SSID":"eduroam","BSSID":"5c:a6:2d:86:6e:01","RSSI":-60},{"SSID":"MeetInLeeds","BSSID":"5c:a6:2d:86:6e:02","RSSI":-60},{"SSID":"eduroam","BSSID":"5c:a6:2d:ce:b9:2e","RSSI":-61},{"SSID":"eduroam","BSSID":"5c:a6:2d:af:8f:81","RSSI":-62},{"SSID":"MeetInLeeds","BSSID":"5c:a6:2d:ce:b9:2d","RSSI":-62},{"SSID":"MeetInLeeds","BSSID":"5c:a6:2d:af:8f:82","RSSI":-63},{"SSID":"eduroam","BSSID":"5c:a6:2d:86:6e:0e","RSSI":-65},{"SSID":"MeetInLeeds","BSSID":"5c:a6:2d:86:6e:0d","RSSI":-65},{"SSID":"eduroam","BSSID":"5c:a6:2d:ce:8e:ae","RSSI":-67},{"SSID":"MeetInLeeds","BSSID":"5c:a6:2d:ce:b5:02","RSSI":-67},{"SSID":"eduroam","BSSID":"5c:a6:2d:ce:b5:01","RSSI":-67},{"SSID":"MeetInLeeds","BSSID":"5c:a6:2d:af:90:a2","RSSI":-68},{"SSID":"MeetInLeeds","BSSID":"5c:a6:2d:ce:8e:ad","RSSI":-68},{"SSID":"eduroam","BSSID":"5c:a6:2d:45:db:8e","RSSI":-68},{"SSID":"MeetInLeeds","BSSID":"5c:a6:2d:45:db:8d","RSSI":-68},{"SSID":"eduroam","BSSID":"5c:a6:2d:ce:a1:ce","RSSI":-69},{"SSID":"MeetInLeeds","BSSID":"5c:a6:2d:ce:a1:cd","RSSI":-69},{"SSID":"eduroam","BSSID":"5c:a6:2d:ce:b5:ce","RSSI":-69},{"SSID":"eduroam","BSSID":"5c:a6:2d:af:90:a1","RSSI":-69},{"SSID":"MeetInLeeds","BSSID":"5c:a6:2d:ce:b5:cd","RSSI":-70},{"SSID":"eduroam","BSSID":"ac:3a:67:08:29:21","RSSI":-70},{"SSID":"MeetInLeeds","BSSID":"ac:3a:67:08:29:22","RSSI":-70},{"SSID":"MeetInLeeds","BSSID":"5c:a6:2d:af:94:ad","RSSI":-72},{"SSID":"MeetInLeeds","BSSID":"5c:a6:2d:45:de:82","RSSI":-72},{"SSID":"MeetInLeeds","BSSID":"5c:a6:2d:af:8f:8d","RSSI":-72},{"SSID":"eduroam","BSSID":"5c:a6:2d:1e:09:01","RSSI":-73},{"SSID":"MeetInLeeds","BSSID":"5c:a6:2d:45:db:a2","RSSI":-73},{"SSID":"eduroam","BSSID":"5c:a6:2d:86:69:21","RSSI":-73},{"SSID":"eduroam","BSSID":"5c:a6:2d:cf:bf:8e","RSSI":-74},{"SSID":"MeetInLeeds","BSSID":"5c:a6:2d:cf:bf:8d","RSSI":-74},{"SSID":"eduroam","BSSID":"5c:a6:2d:af:94:ae","RSSI":-74},{"SSID":"MeetInLeeds","BSSID":"5c:a6:2d:ce:a1:c2","RSSI":-74},{"SSID":"eduroam","BSSID":"5c:a6:2d:af:8f:8e","RSSI":-74},{"SSID":"MeetInLeeds","BSSID":"5c:a6:2d:86:69:22","RSSI":-74},{"SSID":"eduroam","BSSID":"5c:a6:2d:af:91:41","RSSI":-76},{"SSID":"eduroam","BSSID":"5c:a6:2d:1e:08:e1","RSSI":-78},{"SSID":"MeetInLeeds","BSSID":"5c:a6:2d:af:91:42","RSSI":-78},{"SSID":"eduroam","BSSID":"5c:a6:2d:86:69:c1","RSSI":-79},{"SSID":"MeetInLeeds","BSSID":"5c:a6:2d:cf:bf:82","RSSI":-79},{"SSID":"MeetInLeeds","BSSID":"5c:a6:2d:ce:b5:0d","RSSI":-79},{"SSID":"MeetInLeeds","BSSID":"5c:a6:2d:cf:e3:42","RSSI":-79},{"SSID":"MeetInLeeds","BSSID":"5c:a6:2d:5d:ab:62","RSSI":-80},{"SSID":"MeetInLeeds","BSSID":"5c:a6:2d:ce:b2:02","RSSI":-80},{"SSID":"eduroam","BSSID":"5c:a6:2d:cf:e3:41","RSSI":-80},{"SSID":"MeetInLeeds","BSSID":"ac:3a:67:08:29:2d","RSSI":-81},{"SSID":"eduroam","BSSID":"5c:a6:2d:ce:b5:0e","RSSI":-81},{"SSID":"eduroam","BSSID":"5c:a6:2d:1e:08:ee","RSSI":-81},{"SSID":"eduroam","BSSID":"5c:a6:2d:5d:ab:61","RSSI":-81},{"SSID":"eduroam","BSSID":"5c:a6:2d:86:69:2e","RSSI":-81},{"SSID":"MeetInLeeds","BSSID":"5c:a6:2d:86:69:2d","RSSI":-81},{"SSID":"MeetInLeeds","BSSID":"5c:a6:2d:86:6d:22","RSSI":-81},{"SSID":"eduroam","BSSID":"ac:3a:67:08:29:2e","RSSI":-82},{"SSID":"MeetInLeeds","BSSID":"5c:a6:2d:af:90:ad","RSSI":-82},{"SSID":"MeetInLeeds","BSSID":"5c:a6:2d:1e:08:ed","RSSI":-82},{"SSID":"MeetInLeeds","BSSID":"5c:a6:2d:ef:45:2d","RSSI":-82},{"SSID":"eduroam","BSSID":"5c:a6:2d:ce:b2:01","RSSI":-82},{"SSID":"eduroam","BSSID":"5c:a6:2d:86:6d:21","RSSI":-82},{"SSID":"eduroam","BSSID":"5c:a6:2d:ef:45:2e","RSSI":-83},{"SSID":"Nell's Phone","BSSID":"f2:4d:2c:74:57:16","RSSI":-84},{"SSID":"MeetInLeeds","BSSID":"5c:a6:2d:86:6d:2d","RSSI":-85},{"SSID":"MeetInLeeds","BSSID":"ac:3a:67:08:01:8d","RSSI":-86},{"SSID":"eduroam","BSSID":"ac:3a:67:08:01:8e","RSSI":-86},{"SSID":"MeetInLeeds","BSSID":"ac:3a:67:08:0c:8d","RSSI":-87}],[{"SSID":"MeetInLeeds","BSSID":"5c:a6:2d:ce:bf:02","RSSI":-42},{"SSID":"MeetInLeeds","BSSID":"5c:a6:2d:ce:a3:c2","RSSI":-42},{"SSID":"eduroam","BSSID":"5c:a6:2d:ce:bf:01","RSSI":-43},{"SSID":"eduroam","BSSID":"5c:a6:2d:ce:a3:c1","RSSI":-43},{"SSID":"MeetInLeeds","BSSID":"5c:a6:2d:ce:a3:cd","RSSI":-45},{"SSID":"MeetInLeeds","BSSID":"ac:3a:67:08:28:22","RSSI":-47},{"SSID":"MeetInLeeds","BSSID":"5c:a6:2d:ce:b4:c2","RSSI":-47},{"SSID":"eduroam","BSSID":"5c:a6:2d:ce:a3:ce","RSSI":-48},{"SSID":"eduroam","BSSID":"5c:a6:2d:ce:b4:c1","RSSI":-48},{"SSID":"MeetInLeeds","BSSID":"5c:a6:2d:ce:8e:a2","RSSI":-50},{"SSID":"eduroam","BSSID":"5c:a6:2d:ce:8e:a1","RSSI":-50},{"SSID":"eduroam","BSSID":"ac:3a:67:08:28:2e","RSSI":-53},{"SSID":"MeetInLeeds","BSSID":"ac:3a:67:08:28:2d","RSSI":-53},{"SSID":"MeetInLeeds","BSSID":"5c:a6:2d:ce:b4:cd","RSSI":-53},{"SSID":"eduroam","BSSID":"5c:a6:2d:ce:b4:ce","RSSI":-53},{"SSID":"eduroam","BSSID":"5c:a6:2d:af:8f:c1","RSSI":-53},{"SSID":"MeetInLeeds","BSSID":"5c:a6:2d:af:8f:c2","RSSI":-54},{"SSID":"eduroam","BSSID":"5c:a6:2d:af:8f:ce","RSSI":-56},{"SSID":"MeetInLeeds","BSSID":"5c:a6:2d:af:8f:cd","RSSI":-56},{"SSID":"eduroam","BSSID":"5c:a6:2d:ce:b9:21","RSSI":-57},{"SSID":"MeetInLeeds","BSSID":"5c:a6:2d:ce:b9:22","RSSI":-57},{"SSID":"eduroam","BSSID":"5c:a6:2d:45:db:81","RSSI":-59},{"SSID":"MeetInLeeds","BSSID":"5c:a6:2d:45:db:82","RSSI":-60},{"SSID":"MeetInLeeds","BSSID":"5c:a6:2d:86:6e:02","RSSI":-61},{"SSID":"MeetInLeeds","BSSID":"5c:a6:2d:ce:b9:2d","RSSI":-61},{"SSID":"eduroam","BSSID":"5c:a6:2d:86:6e:0e","RSSI":-62},{"SSID":"eduroam","BSSID":"5c:a6:2d:ce:b9:2e","RSSI":-62},{"SSID":"MeetInLeeds","BSSID":"5c:a6:2d:af:8f:82","RSSI":-63},{"SSID":"MeetInLeeds","BSSID":"5c:a6:2d:86:6e:0d","RSSI":-64},{"SSID":"eduroam","BSSID":"5c:a6:2d:ce:b5:c1","RSSI":-65},{"SSID":"LAPTOP-B8KPU0TL 7250","BSSID":"fa:d0:fc:e4:31:a7","RSSI":-65},{"SSID":"MeetInLeeds","BSSID":"5c:a6:2d:ce:b5:cd","RSSI":-66},{"SSID":"eduroam","BSSID":"5c:a6:2d:45:db:8e","RSSI":-66},{"SSID":"eduroam","BSSID":"5c:a6:2d:ce:b5:ce","RSSI":-67},{"SSID":"MeetInLeeds","BSSID":"5c:a6:2d:45:db:a2","RSSI":-67},{"SSID":"MeetInLeeds","BSSID":"5c:a6:2d:ce:b5:c2","RSSI":-67},{"SSID":"MeetInLeeds","BSSID":"5c:a6:2d:ce:b5:02","RSSI":-67},{"SSID":"eduroam","BSSID":"5c:a6:2d:ce:b5:01","RSSI":-67},{"SSID":"MeetInLeeds","BSSID":"5c:a6:2d:45:db:8d","RSSI":-67},{"SSID":"MeetInLeeds","BSSID":"5c:a6:2d:af:94:a2","RSSI":-68},{"SSID":"MeetInLeeds","BSSID":"5c:a6:2d:af:90:a2","RSSI":-69},{"SSID":"MeetInLeeds","BSSID":"ac:3a:67:08:29:22","RSSI":-69},{"SSID":"eduroam","BSSID":"5c:a6:2d:ce:8e:ae","RSSI":-70},{"SSID":"eduroam","BSSID":"5c:a6:2d:af:90:a1","RSSI":-70},{"SSID":"eduroam","BSSID":"5c:a6:2d:45:de:81","RSSI":-70},{"SSID":"MeetInLeeds","BSSID":"5c:a6:2d:ce:8e:ad","RSSI":-71},{"SSID":"eduroam","BSSID":"5c:a6:2d:af:8f:8e","RSSI":-71},{"SSID":"MeetInLeeds","BSSID":"5c:a6:2d:86:69:22","RSSI":-71},{"SSID":"MeetInLeeds","BSSID":"5c:a6:2d:cf:bf:8d","RSSI":-73},{"SSID":"eduroam","BSSID":"5c:a6:2d:ce:a1:ce","RSSI":-73},{"SSID":"MeetInLeeds","BSSID":"5c:a6:2d:ce:a1:cd","RSSI":-73},{"SSID":"eduroam","BSSID":"5c:a6:2d:1e:09:01","RSSI":-73},{"SSID":"eduroam","BSSID":"5c:a6:2d:cf:bf:8e","RSSI":-74},{"SSID":"MeetInLeeds","BSSID":"5c:a6:2d:1e:09:02","RSSI":-74},{"SSID":"MeetInLeeds","BSSID":"5c:a6:2d:af:8f:8d","RSSI":-74},{"SSID":"MeetInLeeds","BSSID":"5c:a6:2d:af:91:c2","RSSI":-75},{"SSID":"eduroam","BSSID":"5c:a6:2d:45:db:a1","RSSI":-75},{"SSID":"MeetInLeeds","BSSID":"5c:a6:2d:af:94:ad","RSSI":-77},{"SSID":"eduroam","BSSID":"5c:a6:2d:af:94:ae","RSSI":-77},{"SSID":"MeetInLeeds","BSSID":"5c:a6:2d:b5:ca:e2","RSSI":-77},{"SSID":"eduroam","BSSID":"5c:a6:2d:b5:ca:e1","RSSI":-78},{"SSID":"eduroam","BSSID":"5c:a6:2d:af:91:41","RSSI":-78},{"SSID":"eduroam","BSSID":"5c:a6:2d:cf:c4:41","RSSI":-79},{"SSID":"eduroam","BSSID":"5c:a6:2d:af:90:ae","RSSI":-80},{"SSID":"eduroam","BSSID":"5c:a6:2d:5d:ab:61","RSSI":-80},{"SSID":"MeetInLeeds","BSSID":"5c:a6:2d:ce:b5:0d","RSSI":-81},{"SSID":"eduroam","BSSID":"5c:a6:2d:ce:b5:0e","RSSI":-82},{"SSID":"MeetInLeeds","BSSID":"5c:a6:2d:af:91:4d","RSSI":-82},{"SSID":"MeetInLeeds","BSSID":"5c:a6:2d:86:69:2d","RSSI":-82},{"SSID":"eduroam","BSSID":"ac:3a:67:08:0c:8e","RSSI":-84},{"SSID":"MeetInLeeds","BSSID":"5c:a6:2d:ef:45:2d","RSSI":-84},{"SSID":"MeetInLeeds","BSSID":"ac:3a:67:08:0c:8d","RSSI":-86},{"SSID":"MeetInLeeds","BSSID":"5c:a6:2d:86:6d:2d","RSSI":-87},{"SSID":"eduroam","BSSID":"5c:a6:2d:ce:b2:0e","RSSI":-88}],[{"SSID":"eduroam","BSSID":"5c:a6:2d:ce:bf:01","RSSI":-43},{"SSID":"MeetInLeeds","BSSID":"5c:a6:2d:ce:bf:02","RSSI":-44},{"SSID":"MeetInLeeds","BSSID":"5c:a6:2d:ce:b4:c2","RSSI":-46},{"SSID":"MeetInLeeds","BSSID":"ac:3a:67:08:28:22","RSSI":-47},{"SSID":"eduroam","BSSID":"5c:a6:2d:ce:b4:c1","RSSI":-47},{"SSID":"MeetInLeeds","BSSID":"5c:a6:2d:ce:8e:a2","RSSI":-50},{"SSID":"eduroam","BSSID":"5c:a6:2d:ce:8e:a1","RSSI":-50},{"SSID":"MeetInLeeds","BSSID":"5c:a6:2d:ce:a3:cd","RSSI":-50},{"SSID":"MeetInLeeds","BSSID":"5c:a6:2d:ce:b4:cd","RSSI":-52},{"SSID":"eduroam","BSSID":"ac:3a:67:08:28:2e","RSSI":-53},{"SSID":"MeetInLeeds","BSSID":"ac:3a:67:08:28:2d","RSSI":-53},{"SSID":"eduroam","BSSID":"5c:a6:2d:ce:a3:ce","RSSI":-53},{"SSID":"eduroam","BSSID":"5c:a6:2d:ce:b4:ce","RSSI":-53},{"SSID":"MeetInLeeds","BSSID":"5c:a6:2d:af:8f:c2","RSSI":-54},{"SSID":"MeetInLeeds","BSSID":"5c:a6:2d:ce:bf:0d","RSSI":-55},{"SSID":"eduroam","BSSID":"5c:a6:2d:ce:bf:0e","RSSI":-55},{"SSID":"MeetInLeeds","BSSID":"5c:a6:2d:ce:b9:22","RSSI":-57},{"SSID":"eduroam","BSSID":"5c:a6:2d:af:8f:ce","RSSI":-58},{"SSID":"MeetInLeeds","BSSID":"5c:a6:2d:af:8f:cd","RSSI":-58},{"SSID":"MeetInLeeds","BSSID":"5c:a6:2d:ce:b9:2d","RSSI":-59},{"SSID":"MeetInLeeds","BSSID":"5c:a6:2d:86:6e:02","RSSI":-60},{"SSID":"eduroam","BSSID":"5c:a6:2d:ce:b9:2e","RSSI":-61},{"SSID":"eduroam","BSSID":"5c:a6:2d:86:6e:01","RSSI":-62},{"SSID":"eduroam","BSSID":"5c:a6:2d:86:6e:0e","RSSI":-62},{"SSID":"MeetInLeeds","BSSID":"5c:a6:2d:86:6e:0d","RSSI":-62},{"SSID":"eduroam","BSSID":"5c:a6:2d:af:8f:81","RSSI":-64},{"SSID":"MeetInLeeds","BSSID":"5c:a6:2d:af:8f:82","RSSI":-65},{"SSID":"MeetInLeeds","BSSID":"5c:a6:2d:ce:b5:02","RSSI":-67},{"SSID":"MeetInLeeds","BSSID":"5c:a6:2d:45:db:8d","RSSI":-67},{"SSID":"eduroam","BSSID":"5c:a6:2d:ce:b5:ce","RSSI":-68},{"SSID":"MeetInLeeds","BSSID":"5c:a6:2d:ce:b5:cd","RSSI":-68},{"SSID":"MeetInLeeds","BSSID":"5c:a6:2d:ce:b5:c2","RSSI":-68},{"SSID":"eduroam","BSSID":"5c:a6:2d:ce:b5:c1","RSSI":-68},{"SSID":"eduroam","BSSID":"5c:a6:2d:ce:a1:ce","RSSI":-69},{"SSID":"MeetInLeeds","BSSID":"5c:a6:2d:ce:a1:cd","RSSI":-69},{"SSID":"eduroam","BSSID":"5c:a6:2d:ce:8e:ae","RSSI":-69},{"SSID":"MeetInLeeds","BSSID":"5c:a6:2d:af:90:a2","RSSI":-69},{"SSID":"MeetInLeeds","BSSID":"5c:a6:2d:ce:8e:ad","RSSI":-70},{"SSID":"MeetInLeeds","BSSID":"5c:a6:2d:cf:bf:8d","RSSI":-71},{"SSID":"eduroam","BSSID":"5c:a6:2d:af:8f:8e","RSSI":-72},{"SSID":"MeetInLeeds","BSSID":"5c:a6:2d:af:8f:8d","RSSI":-73},{"SSID":"MeetInLeeds","BSSID":"5c:a6:2d:af:91:c2","RSSI":-74},{"SSID":"eduroam","BSSID":"5c:a6:2d:ce:a1:c1","RSSI":-74},{"SSID":"MeetInLeeds","BSSID":"5c:a6:2d:86:69:22","RSSI":-74},{"SSID":"eduroam","BSSID":"5c:a6:2d:af:94:ae","RSSI":-76},{"SSID":"MeetInLeeds","BSSID":"5c:a6:2d:af:94:ad","RSSI":-77},{"SSID":"eduroam","BSSID":"5c:a6:2d:ce:b5:0e","RSSI":-77},{"SSID":"MeetInLeeds","BSSID":"5c:a6:2d:af:91:42","RSSI":-77},{"SSID":"MeetInLeeds","BSSID":"5c:a6:2d:ce:b5:0d","RSSI":-78},{"SSID":"MeetInLeeds","BSSID":"5c:a6:2d:cf:e3:42","RSSI":-79},{"SSID":"eduroam","BSSID":"5c:a6:2d:af:91:4e","RSSI":-80},{"SSID":"MeetInLeeds","BSSID":"5c:a6:2d:af:91:4d","RSSI":-80},{"SSID":"MeetInLeeds","BSSID":"5c:a6:2d:af:90:ad","RSSI":-81},{"SSID":"MeetInLeeds","BSSID":"5c:a6:2d:1e:08:ed","RSSI":-81},{"SSID":"eduroam","BSSID":"5c:a6:2d:86:69:2e","RSSI":-81},{"SSID":"MeetInLeeds","BSSID":"ac:3a:67:08:29:2d","RSSI":-83},{"SSID":"MeetInLeeds","BSSID":"5c:a6:2d:86:6d:22","RSSI":-83},{"SSID":"eduroam","BSSID":"ac:3a:67:08:29:2e","RSSI":-84},{"SSID":"MeetInLeeds","BSSID":"5c:a6:2d:cf:c4:4d","RSSI":-84},{"SSID":"MeetInLeeds","BSSID":"ac:3a:67:08:0c:8d","RSSI":-85},{"SSID":"MeetInLeeds","BSSID":"5c:a6:2d:86:69:2d","RSSI":-85},{"SSID":"Nell's Phone","BSSID":"f2:4d:2c:74:57:16","RSSI":-86}],[{"SSID":"MeetInLeeds","BSSID":"5c:a6:2d:ce:bf:02","RSSI":-42},{"SSID":"eduroam","BSSID":"5c:a6:2d:ce:bf:01","RSSI":-42},{"SSID":"eduroam","BSSID":"5c:a6:2d:ce:b4:c1","RSSI":-46},{"SSID":"MeetInLeeds","BSSID":"5c:a6:2d:ce:b4:c2","RSSI":-47},{"SSID":"MeetInLeeds","BSSID":"5c:a6:2d:ce:a3:cd","RSSI":-50},{"SSID":"eduroam","BSSID":"5c:a6:2d:ce:a3:ce","RSSI":-50},{"SSID":"MeetInLeeds","BSSID":"5c:a6:2d:ce:8e:a2","RSSI":-51},{"SSID":"eduroam","BSSID":"5c:a6:2d:ce:8e:a1","RSSI":-51},{"SSID":"MeetInLeeds","BSSID":"5c:a6:2d:ce:b4:cd","RSSI":-53},{"SSID":"MeetInLeeds","BSSID":"5c:a6:2d:af:8f:c2","RSSI":-53},{"SSID":"eduroam","BSSID":"5c:a6:2d:af:8f:c1","RSSI":-53},{"SSID":"eduroam","BSSID":"ac:3a:67:08:28:2e","RSSI":-55},{"SSID":"MeetInLeeds","BSSID":"ac:3a:67:08:28:2d","RSSI":-55},{"SSID":"MeetInLeeds","BSSID":"5c:a6:2d:ce:bf:0d","RSSI":-55},{"SSID":"eduroam","BSSID":"5c:a6:2d:ce:bf:0e","RSSI":-55},{"SSID":"eduroam","BSSID":"5c:a6:2d:ce:b4:ce","RSSI":-56},{"SSID":"MeetInLeeds","BSSID":"5c:a6:2d:ce:b9:22","RSSI":-56},{"SSID":"eduroam","BSSID":"5c:a6:2d:ce:b9:21","RSSI":-57},{"SSID":"eduroam","BSSID":"5c:a6:2d:af:8f:ce","RSSI":-58},{"SSID":"MeetInLeeds","BSSID":"5c:a6:2d:af:8f:cd","RSSI":-59},{"SSID":"eduroam","BSSID":"5c:a6:2d:86:6e:01","RSSI":-61},{"SSID":"MeetInLeeds","BSSID":"5c:a6:2d:86:6e:02","RSSI":-61},{"SSID":"MeetInLeeds","BSSID":"5c:a6:2d:ce:b9:2d","RSSI":-61},{"SSID":"eduroam","BSSID":"5c:a6:2d:ce:b9:2e","RSSI":-61},{"SSID":"MeetInLeeds","BSSID":"5c:a6:2d:af:8f:82","RSSI":-62},{"SSID":"eduroam","BSSID":"5c:a6:2d:86:6e:0e","RSSI":-62},{"SSID":"MeetInLeeds","BSSID":"5c:a6:2d:86:6e:0d","RSSI":-62},{"SSID":"eduroam","BSSID":"5c:a6:2d:ce:b5:ce","RSSI":-66},{"SSID":"MeetInLeeds","BSSID":"5c:a6:2d:ce:b5:cd","RSSI":-67},{"SSID":"MeetInLeeds","BSSID":"5c:a6:2d:ce:b5:c2","RSSI":-68},{"SSID":"eduroam","BSSID":"5c:a6:2d:ce:b5:c1","RSSI":-68},{"SSID":"eduroam","BSSID":"5c:a6:2d:ce:8e:ae","RSSI":-68},{"SSID":"MeetInLeeds","BSSID":"5c:a6:2d:ce:8e:ad","RSSI":-68},{"SSID":"eduroam","BSSID":"5c:a6:2d:45:db:8e","RSSI":-68},{"SSID":"LAPTOP-B8KPU0TL 7250","BSSID":"fa:d0:fc:e4:31:a7","RSSI":-68},{"SSID":"eduroam","BSSID":"5c:a6:2d:af:94:a1","RSSI":-69},{"SSID":"MeetInLeeds","BSSID":"5c:a6:2d:af:94:a2","RSSI":-69},{"SSID":"eduroam","BSSID":"5c:a6:2d:ce:a1:ce","RSSI":-69},{"SSID":"MeetInLeeds","BSSID":"5c:a6:2d:ce:a1:cd","RSSI":-69},{"SSID":"MeetInLeeds","BSSID":"5c:a6:2d:ce:b5:02","RSSI":-69},{"SSID":"MeetInLeeds","BSSID":"5c:a6:2d:af:90:a2","RSSI":-69},{"SSID":"MeetInLeeds","BSSID":"5c:a6:2d:45:db:8d","RSSI":-69},{"SSID":"MeetInLeeds","BSSID":"5c:a6:2d:cf:bf:8d","RSSI":-71},{"SSID":"MeetInLeeds","BSSID":"5c:a6:2d:af:8f:8d","RSSI":-71},{"SSID":"eduroam","BSSID":"5c:a6:2d:cf:bf:8e","RSSI":-72},{"SSID":"MeetInLeeds","BSSID":"5c:a6:2d:86:69:22","RSSI":-72},{"SSID":"MeetInLeeds","BSSID":"5c:a6:2d:45:db:a2","RSSI":-73},{"SSID":"eduroam","BSSID":"5c:a6:2d:45:db:a1","RSSI":-74},{"SSID":"MeetInLeeds","BSSID":"5c:a6:2d:af:94:ad","RSSI":-75},{"SSID":"eduroam","BSSID":"5c:a6:2d:af:94:ae","RSSI":-75},{"SSID":"eduroam","BSSID":"5c:a6:2d:ce:b5:0e","RSSI":-76},{"SSID":"MeetInLeeds","BSSID":"5c:a6:2d:ce:b5:0d","RSSI":-76},{"SSID":"MeetInLeeds","BSSID":"5c:a6:2d:af:91:42","RSSI":-77},{"SSID":"MeetInLeeds","BSSID":"5c:a6:2d:1e:08:ed","RSSI":-80},{"SSID":"eduroam","BSSID":"5c:a6:2d:af:91:4e","RSSI":-80},{"SSID":"MeetInLeeds","BSSID":"5c:a6:2d:86:69:2d","RSSI":-80},{"SSID":"MeetInLeeds","BSSID":"5c:a6:2d:cf:c4:42","RSSI":-80},{"SSID":"MeetInLeeds","BSSID":"5c:a6:2d:af:90:ad","RSSI":-81},{"SSID":"MeetInLeeds","BSSID":"5c:a6:2d:cf:c1:62","RSSI":-81},{"SSID":"eduroam","BSSID":"5c:a6:2d:86:69:2e","RSSI":-81},{"SSID":"eduroam","BSSID":"5c:a6:2d:af:90:ae","RSSI":-82},{"SSID":"MeetInLeeds","BSSID":"ac:3a:67:08:29:2d","RSSI":-84},{"SSID":"MeetInLeeds","BSSID":"5c:a6:2d:5d:ab:6d","RSSI":-84},{"SSID":"eduroam","BSSID":"5c:a6:2d:af:8f:8e","RSSI":-84},{"SSID":"MeetInLeeds","BSSID":"ac:3a:67:07:fb:0d","RSSI":-85},{"SSID":"eduroam","BSSID":"ac:3a:67:08:29:2e","RSSI":-85},{"SSID":"MeetInLeeds","BSSID":"5c:a6:2d:45:dc:0d","RSSI":-85},{"SSID":"eduroam","BSSID":"5c:a6:2d:45:dc:0e","RSSI":-85},{"SSID":"MeetInLeeds","BSSID":"5c:a6:2d:45:db:ad","RSSI":-86},{"SSID":"MeetInLeeds","BSSID":"5c:a6:2d:af:91:cd","RSSI":-86}]]