[[{"SSID":"eduroam","BSSID":"5c:a6:2d:af:91:e1","RSSI":-40},{"SSID":"WiFi Setup - University of Leeds","BSSID":"5c:a6:2d:af:91:e3","RSSI":-41},{"SSID":"MeetInLeeds","BSSID":"5c:a6:2d:af:91:e2","RSSI":-41},{"SSID":"WiFi Setup - University of Leeds","BSSID":"5c:a6:2d:cf:c3:23","RSSI":-51},{"SSID":"MeetInLeeds","BSSID":"5c:a6:2d:cf:c3:22","RSSI":-52},{"SSID":"eduroam","BSSID":"5c:a6:2d:cf:c3:21","RSSI":-52},{"SSID":"WiFi Setup - University of Leeds","BSSID":"5c:a6:2d:cf:c4:43","RSSI":-56},{"SSID":"MeetInLeeds","BSSID":"5c:a6:2d:cf:c4:42","RSSI":-57},{"SSID":"MeetInLeeds","BSSID":"ac:3a:67:08:04:22","RSSI":-58},{"SSID":"WiFi Setup - University of Leeds","BSSID":"ac:3a:67:08:04:23","RSSI":-59},{"SSID":"WiFi Setup - University of Leeds","BSSID":"5c:a6:2d:85:81:e3","RSSI":-60},{"SSID":"MeetInLeeds","BSSID":"5c:a6:2d:85:81:e2","RSSI":-60},{"SSID":"MeetInLeeds","BSSID":"5c:a6:2d:86:6d:2d","RSSI":-60},{"SSID":"eduroam","BSSID":"5c:a6:2d:cf:c3:2e","RSSI":-61},{"SSID":"WiFi Setup - University of Leeds","BSSID":"5c:a6:2d:cf:c3:2c","RSSI":-61},{"SSID":"WiFi Setup - University of Leeds","BSSID":"5c:a6:2d:86:6d:23","RSSI":-62},{"SSID":"MeetInLeeds","BSSID":"5c:a6:2d:86:6d:22","RSSI":-62},{"SSID":"WiFi Setup - University of Leeds","BSSID":"5c:a6:2d:cf:b0:0c","RSSI":-63},{"SSID":"eduroam","BSSID":"5c:a6:2d:cf:b0:0e","RSSI":-63},{"SSID":"MeetInLeeds","BSSID":"5c:a6:2d:cf:b0:0d","RSSI":-63},{"SSID":"eduroam","BSSID":"5c:a6:2d:86:6d:2e","RSSI":-63},{"SSID":"MeetInLeeds","BSSID":"5c:a6:2d:ef:45:22","RSSI":-67},{"SSID":"WiFi Setup - University of Leeds","BSSID":"5c:a6:2d:ef:45:23","RSSI":-68},{"SSID":"WiFi Setup - University of Leeds","BSSID":"5c:a6:2d:cf:c4:4c","RSSI":-68},{"SSID":"WiFi Setup - University of Leeds","BSSID":"5c:a6:2d:85:81:c3","RSSI":-68},{"SSID":"MeetInLeeds","BSSID":"5c:a6:2d:af:90:62","RSSI":-69},{"SSID":"eduroam","BSSID":"5c:a6:2d:cf:c4:4e","RSSI":-70},{"SSID":"WiFi Setup - University of Leeds","BSSID":"5c:a6:2d:86:6b:23","RSSI":-71},{"SSID":"eduroam","BSSID":"5c:a6:2d:85:81:ce","RSSI":-71},{"SSID":"MeetInLeeds","BSSID":"5c:a6:2d:af:91:82","RSSI":-72},{"SSID":"WiFi Setup - University of Leeds","BSSID":"5c:a6:2d:85:81:cc","RSSI":-72},{"SSID":"MeetInLeeds","BSSID":"5c:a6:2d:cf:c3:2d","RSSI":-73},{"SSID":"eduroam","BSSID":"5c:a6:2d:af:90:6e","RSSI":-73},{"SSID":"MeetInLeeds","BSSID":"5c:a6:2d:85:81:cd","RSSI":-73},{"SSID":"MeetInLeeds","BSSID":"5c:a6:2d:85:81:ed","RSSI":-74},{"SSID":"WiFi Setup - University of Leeds","BSSID":"5c:a6:2d:85:81:ec","RSSI":-74},{"SSID":"MeetInLeeds","BSSID":"5c:a6:2d:af:90:6d","RSSI":-74},{"SSID":"eduroam","BSSID":"5c:a6:2d:85:81:ee","RSSI":-76},{"SSID":"WiFi Setup - University of Leeds","BSSID":"5c:a6:2d:86:6b:2c","RSSI":-76},{"SSID":"WiFi Setup - University of Leeds","BSSID":"5c:a6:2d:86:6b:6c","RSSI":-77},{"SSID":"eduroam","BSSID":"5c:a6:2d:86:6b:6e","RSSI":-77},{"SSID":"MeetInLeeds","BSSID":"ac:3a:67:08:01:82","RSSI":-78},{"SSID":"WiFi Setup - University of Leeds","BSSID":"ac:3a:67:08:32:4c","RSSI":-82},{"SSID":"eduroam","BSSID":"5c:a6:2d:ce:b5:01","RSSI":-82},{"SSID":"WiFi Setup - University of Leeds","BSSID":"5c:a6:2d:b5:ca:ec","RSSI":-82},{"SSID":"MeetInLeeds","BSSID":"5c:a6:2d:b5:ca:ed","RSSI":-82},{"SSID":"eduroam","BSSID":"5c:a6:2d:b5:ca:ee","RSSI":-83},{"SSID":"WiFi Setup - University of Leeds","BSSID":"5c:a6:2d:af:91:cc","RSSI":-83},{"SSID":"MeetInLeeds","BSSID":"5c:a6:2d:af:91:8d","RSSI":-84},{"SSID":"eduroam","BSSID":"5c:a6:2d:af:91:ce","RSSI":-84},{"SSID":"MeetInLeeds","BSSID":"5c:a6:2d:af:91:cd","RSSI":-84},{"SSID":"eduroam","BSSID":"5c:a6:2d:86:6d:ae","RSSI":-84},{"SSID":"WiFi Setup - University of Leeds","BSSID":"5c:a6:2d:70:7b:4c","RSSI":-85},{"SSID":"WiFi Setup - University of Leeds","BSSID":"5c:a6:2d:af:91:8c","RSSI":-85},{"SSID":"MeetInLeeds","BSSID":"5c:a6:2d:86:6d:ad","RSSI":-85},{"SSID":"WiFi Setup - University of Leeds","BSSID":"5c:a6:2d:5d:ab:6c","RSSI":-87}],[{"SSID":"MeetInLeeds","BSSID":"5c:a6:2d:af:91:ed","RSSI":-43},{"SSID":"WiFi Setup - University of Leeds","BSSID":"5c:a6:2d:af:91:ec","RSSI":-43},{"SSID":"eduroam","BSSID":"5c:a6:2d:af:91:ee","RSSI":-43},{"SSID":"MeetInLeeds","BSSID":"5c:a6:2d:af:91:e2","RSSI":-43},{"SSID":"WiFi Setup - University of Leeds","BSSID":"5c:a6:2d:af:91:e3","RSSI":-44},{"SSID":"eduroam","BSSID":"5c:a6:2d:af:91:e1","RSSI":-45},{"SSID":"eduroam","BSSID":"5c:a6:2d:cf:c3:2e","RSSI":-51},{"SSID":"WiFi Setup - University of Leeds","BSSID":"5c:a6:2d:cf:c3:2c","RSSI":-51},{"SSID":"WiFi Setup - University of Leeds","BSSID":"5c:a6:2d:cf:c4:43","RSSI":-51},{"SSID":"MeetInLeeds","BSSID":"5c:a6:2d:cf:c4:42","RSSI":-51},{"SSID":"MeetInLeeds","BSSID":"5c:a6:2d:cf:c3:2d","RSSI":-52},{"SSID":"MeetInLeeds","BSSID":"5c:a6:2d:cf:c3:22","RSSI":-52},{"SSID":"MeetInLeeds","BSSID":"5c:a6:2d:85:81:e2","RSSI":-55},{"SSID":"WiFi Setup - University of Leeds","BSSID":"5c:a6:2d:86:6d:2c","RSSI":-56},{"SSID":"eduroam","BSSID":"5c:a6:2d:86:6d:2e","RSSI":-56},{"SSID":"MeetInLeeds","BSSID":"5c:a6:2d:86:6d:2d","RSSI":-57},{"SSID":"MeetInLeeds","BSSID":"5c:a6:2d:cf:b0:02","RSSI":-58},{"SSID":"WiFi Setup - University of Leeds","BSSID":"ac:3a:67:08:04:23","RSSI":-58},{"SSID":"WiFi Setup - University of Leeds","BSSID":"5c:a6:2d:cf:b0:03","RSSI":-59},{"SSID":"WiFi Setup - University of Leeds","BSSID":"5c:a6:2d:cf:b0:0c","RSSI":-60},{"SSID":"WiFi Setup - University of Leeds","BSSID":"5c:a6:2d:86:6d:23","RSSI":-61},{"SSID":"eduroam","BSSID":"5c:a6:2d:cf:b0:0e","RSSI":-61},{"SSID":"MeetInLeeds","BSSID":"5c:a6:2d:cf:b0:0d","RSSI":-62},{"SSID":"eduroam","BSSID":"5c:a6:2d:86:6d:21","RSSI":-62},{"SSID":"eduroam","BSSID":"5c:a6:2d:85:81:ee","RSSI":-63},{"SSID":"MeetInLeeds","BSSID":"5c:a6:2d:85:81:ed","RSSI":-63},{"SSID":"WiFi Setup - University of Leeds","BSSID":"5c:a6:2d:85:81:ec","RSSI":-63},{"SSID":"WiFi Setup - University of Leeds","BSSID":"5c:a6:2d:cf:c4:4c","RSSI":-64},{"SSID":"MeetInLeeds","BSSID":"5c:a6:2d:cf:c4:4d","RSSI":-64},{"SSID":"MeetInLeeds","BSSID":"5c:a6:2d:af:90:62","RSSI":-64},{"SSID":"eduroam","BSSID":"5c:a6:2d:cf:c4:4e","RSSI":-65},{"SSID":"MeetInLeeds","BSSID":"5c:a6:2d:af:90:6d","RSSI":-66},{"SSID":"WiFi Setup - University of Leeds","BSSID":"5c:a6:2d:af:90:63","RSSI":-66},{"SSID":"MeetInLeeds","BSSID":"5c:a6:2d:ef:45:2d","RSSI":-68},{"SSID":"WiFi Setup - University of Leeds","BSSID":"5c:a6:2d:ef:45:2c","RSSI":-68},{"SSID":"eduroam","BSSID":"5c:a6:2d:86:6b:21","RSSI":-69},{"SSID":"WiFi Setup - University of Leeds","BSSID":"5c:a6:2d:cf:c5:ec","RSSI":-72},{"SSID":"WiFi Setup - University of Leeds","BSSID":"5c:a6:2d:cf:e3:43","RSSI":-73},{"SSID":"WiFi Setup - University of Leeds","BSSID":"5c:a6:2d:86:6b:2c","RSSI":-74},{"SSID":"MeetInLeeds","BSSID":"5c:a6:2d:cf:e3:42","RSSI":-74},{"SSID":"MeetInLeeds","BSSID":"5c:a6:2d:86:6b:62","RSSI":-75},{"SSID":"WiFi Setup - University of Leeds","BSSID":"5c:a6:2d:86:6d:ac","RSSI":-75},{"SSID":"eduroam","BSSID":"5c:a6:2d:86:6d:ae","RSSI":-75},{"SSID":"MeetInLeeds","BSSID":"5c:a6:2d:86:6d:ad","RSSI":-75},{"SSID":"WiFi Setup - University of Leeds","BSSID":"5c:a6:2d:70:7b:4c","RSSI":-76},{"SSID":"WiFi Setup - University of Leeds","BSSID":"5c:a6:2d:af:91:8c","RSSI":-76},{"SSID":"eduroam","BSSID":"5c:a6:2d:af:91:8e","RSSI":-77},{"SSID":"MeetInLeeds","BSSID":"5c:a6:2d:af:91:8d","RSSI":-77},{"SSID":"WiFi Setup - University of Leeds","BSSID":"5c:a6:2d:5d:ab:6c","RSSI":-77},{"SSID":"eduroam","BSSID":"5c:a6:2d:af:91:ce","RSSI":-77},{"SSID":"MeetInLeeds","BSSID":"5c:a6:2d:af:91:cd","RSSI":-77},{"SSID":"WiFi Setup - University of Leeds","BSSID":"5c:a6:2d:af:91:cc","RSSI":-77},{"SSID":"WiFi Setup - University of Leeds","BSSID":"5c:a6:2d:af:92:2c","RSSI":-78},{"SSID":"WiFi Setup - University of Leeds","BSSID":"5c:a6:2d:af:90:6c","RSSI":-78},{"SSID":"MeetInLeeds","BSSID":"5c:a6:2d:b5:ca:ed","RSSI":-78},{"SSID":"eduroam","BSSID":"5c:a6:2d:b5:ca:ee","RSSI":-78},{"SSID":"WiFi Setup - University of Leeds","BSSID":"5c:a6:2d:ce:b2:0c","RSSI":-79},{"SSID":"WiFi Setup - University of Leeds","BSSID":"5c:a6:2d:ce:b5:0c","RSSI":-80},{"SSID":"WiFi Setup - University of Leeds","BSSID":"5c:a6:2d:eb:9d:8c","RSSI":-80},{"SSID":"MeetInLeeds","BSSID":"5c:a6:2d:eb:9d:8d","RSSI":-80},{"SSID":"eduroam","BSSID":"5c:a6:2d:5d:ab:6e","RSSI":-80},{"SSID":"MeetInLeeds","BSSID":"5c:a6:2d:5d:ab:6d","RSSI":-80},{"SSID":"MeetInLeeds","BSSID":"5c:a6:2d:af:92:2d","RSSI":-81},{"SSID":"MeetInLeeds","BSSID":"5c:a6:2d:cf:e3:4d","RSSI":-82},{"SSID":"WiFi Setup - University of Leeds","BSSID":"5c:a6:2d:cf:dd:c3","RSSI":-82},{"SSID":"MeetInLeeds","BSSID":"5c:a6:2d:cf:dd:c2","RSSI":-82},{"SSID":"MeetInLeeds","BSSID":"5c:a6:2d:ce:b5:0d","RSSI":-82},{"SSID":"WiFi Setup - University of Leeds","BSSID":"5c:a6:2d:b5:ca:ec","RSSI":-82},{"SSID":"WiFi Setup - University of Leeds","BSSID":"5c:a6:2d:af:94:ac","RSSI":-83},{"SSID":"WiFi Setup - University of Leeds","BSSID":"5c:a6:2d:cf:e3:4c","RSSI":-84},{"SSID":"MeetInLeeds","BSSID":"5c:a6:2d:45:db:8d","RSSI":-86}],[{"SSID":"WiFi Setup - University of Leeds","BSSID":"5c:a6:2d:af:91:e3","RSSI":-39},{"SSID":"MeetInLeeds","BSSID":"5c:a6:2d:af:91:e2","RSSI":-39},{"SSID":"MeetInLeeds","BSSID":"5c:a6:2d:af:91:ed","RSSI":-43},{"SSID":"WiFi Setup - University of Leeds","BSSID":"5c:a6:2d:af:91:ec","RSSI":-43},{"SSID":"eduroam","BSSID":"5c:a6:2d:af:91:ee","RSSI":-44},{"SSID":"WiFi Setup - University of Leeds","BSSID":"5c:a6:2d:cf:b0:03","RSSI":-48},{"SSID":"MeetInLeeds","BSSID":"5c:a6:2d:cf:b0:02","RSSI":-48},{"SSID":"WiFi Setup - University of Leeds","BSSID":"5c:a6:2d:cf:c3:2c","RSSI":-50},{"SSID":"MeetInLeeds","BSSID":"5c:a6:2d:cf:c3:2d","RSSI":-51},{"SSID":"eduroam","BSSID":"5c:a6:2d:cf:c3:2e","RSSI":-51},{"SSID":"WiFi Setup - University of Leeds","BSSID":"5c:a6:2d:86:6d:23","RSSI":-52},{"SSID":"WiFi Setup - University of Leeds","BSSID":"5c:a6:2d:cf:c3:23","RSSI":-52},{"SSID":"WiFi Setup - University of Leeds","BSSID":"5c:a6:2d:cf:c4:43","RSSI":-53},{"SSID":"MeetInLeeds","BSSID":"5c:a6:2d:cf:c4:42","RSSI":-53},{"SSID":"MeetInLeeds","BSSID":"5c:a6:2d:86:6d:22","RSSI":-53},{"SSID":"WiFi Setup - University of Leeds","BSSID":"5c:a6:2d:85:81:e3","RSSI":-55},{"SSID":"MeetInLeeds","BSSID":"5c:a6:2d:85:81:e2","RSSI":-55},{"SSID":"eduroam","BSSID":"5c:a6:2d:86:6d:2e","RSSI":-55},{"SSID":"MeetInLeeds","BSSID":"5c:a6:2d:af:90:62","RSSI":-55},{"SSID":"MeetInLeeds","BSSID":"5c:a6:2d:86:6d:2d","RSSI":-56},{"SSID":"WiFi Setup - University of Leeds","BSSID":"5c:a6:2d:86:6d:2c","RSSI":-56},{"SSID":"WiFi Setup - University of Leeds","BSSID":"5c:a6:2d:af:90:63","RSSI":-56},{"SSID":"eduroam","BSSID":"5c:a6:2d:cf:b0:0e","RSSI":-59},{"SSID":"MeetInLeeds","BSSID":"5c:a6:2d:cf:b0:0d","RSSI":-59},{"SSID":"MeetInLeeds","BSSID":"5c:a6:2d:cf:c4:4d","RSSI":-59},{"SSID":"MeetInLeeds","BSSID":"ac:3a:67:08:04:22","RSSI":-59},{"SSID":"WiFi Setup - University of Leeds","BSSID":"ac:3a:67:08:04:23","RSSI":-59},{"SSID":"WiFi Setup - University of Leeds","BSSID":"5c:a6:2d:cf:b0:0c","RSSI":-60},{"SSID":"WiFi Setup - University of Leeds","BSSID":"5c:a6:2d:cf:c4:4c","RSSI":-60},{"SSID":"eduroam","BSSID":"5c:a6:2d:cf:c4:4e","RSSI":-61},{"SSID":"MeetInLeeds","BSSID":"5c:a6:2d:85:81:ed","RSSI":-64},{"SSID":"WiFi Setup - University of Leeds","BSSID":"5c:a6:2d:85:81:ec","RSSI":-64},{"SSID":"eduroam","BSSID":"5c:a6:2d:85:81:ee","RSSI":-65},{"SSID":"MeetInLeeds","BSSID":"5c:a6:2d:85:81:cd","RSSI":-65},{"SSID":"WiFi Setup - University of Leeds","BSSID":"5c:a6:2d:85:81:cc","RSSI":-67},{"SSID":"MeetInLeeds","BSSID":"5c:a6:2d:b5:ca:e2","RSSI":-68},{"SSID":"MeetInLeeds","BSSID":"5c:a6:2d:ef:45:2d","RSSI":-69},{"SSID":"MeetInLeeds","BSSID":"5c:a6:2d:af:90:6d","RSSI":-70},{"SSID":"MeetInLeeds","BSSID":"5c:a6:2d:86:6b:6d","RSSI":-70},{"SSID":"MeetInLeeds","BSSID":"5c:a6:2d:af:92:22","RSSI":-71},{"SSID":"WiFi Setup - University of Leeds","BSSID":"5c:a6:2d:af:92:23","RSSI":-71},{"SSID":"eduroam","BSSID":"5c:a6:2d:af:90:6e","RSSI":-71},{"SSID":"WiFi Setup - University of Leeds","BSSID":"5c:a6:2d:85:81:c3","RSSI":-71},{"SSID":"MeetInLeeds","BSSID":"5c:a6:2d:cf:c5:ed","RSSI":-72},{"SSID":"WiFi Setup - University of Leeds","BSSID":"5c:a6:2d:86:6d:a3","RSSI":-72},{"SSID":"WiFi Setup - University of Leeds","BSSID":"5c:a6:2d:86:6b:63","RSSI":-72},{"SSID":"WiFi Setup - University of Leeds","BSSID":"5c:a6:2d:cf:e3:43","RSSI":-72},{"SSID":"eduroam","BSSID":"5c:a6:2d:86:6b:6e","RSSI":-72},{"SSID":"MeetInLeeds","BSSID":"5c:a6:2d:cf:e3:42","RSSI":-73},{"SSID":"WiFi Setup - University of Leeds","BSSID":"5c:a6:2d:af:92:2c","RSSI":-74},{"SSID":"WiFi Setup - University of Leeds","BSSID":"5c:a6:2d:cf:c5:e3","RSSI":-75},{"SSID":"MeetInLeeds","BSSID":"5c:a6:2d:cf:c5:e2","RSSI":-75},{"SSID":"WiFi Setup - University of Leeds","BSSID":"5c:a6:2d:86:6b:6c","RSSI":-76},{"SSID":"MeetInLeeds","BSSID":"5c:a6:2d:70:7b:4d","RSSI":-77},{"SSID":"WiFi Setup - University of Leeds","BSSID":"5c:a6:2d:cf:e3:4c","RSSI":-77},{"SSID":"MeetInLeeds","BSSID":"5c:a6:2d:cf:e3:4d","RSSI":-77},{"SSID":"eduroam","BSSID":"5c:a6:2d:cf:e3:4e","RSSI":-77},{"SSID":"MeetInLeeds","BSSID":"ac:3a:67:08:32:4d","RSSI":-77},{"SSID":"WiFi Setup - University of Leeds","BSSID":"5c:a6:2d:af:8d:e3","RSSI":-77},{"SSID":"WiFi Setup - University of Leeds","BSSID":"5c:a6:2d:86:6b:2c","RSSI":-77},{"SSID":"MeetInLeeds","BSSID":"5c:a6:2d:86:6b:2d","RSSI":-77},{"SSID":"eduroam","BSSID":"5c:a6:2d:5d:ab:6e","RSSI":-77},{"SSID":"MeetInLeeds","BSSID":"5c:a6:2d:5d:ab:6d","RSSI":-78},{"SSID":"WiFi Setup - University of Leeds","BSSID":"5c:a6:2d:5d:ab:6c","RSSI":-78},{"SSID":"WiFi Setup - University of Leeds","BSSID":"5c:a6:2d:86:6d:ac","RSSI":-78},{"SSID":"eduroam","BSSID":"5c:a6:2d:b5:ca:ee","RSSI":-79},{"SSID":"eduroam","BSSID":"5c:a6:2d:86:6d:ae","RSSI":-79},{"SSID":"WiFi Setup - University of Leeds","BSSID":"5c:a6:2d:ce:b5:0c","RSSI":-80},{"SSID":"eduroam","BSSID":"5c:a6:2d:ce:b5:0e","RSSI":-81},{"SSID":"MeetInLeeds","BSSID":"5c:a6:2d:ce:b5:0d","RSSI":-81},{"SSID":"eduroam","BSSID":"5c:a6:2d:af:91:ce","RSSI":-81},{"SSID":"eduroam","BSSID":"5c:a6:2d:ce:b2:0e","RSSI":-82},{"SSID":"MeetInLeeds","BSSID":"5c:a6:2d:af:94:ad","RSSI":-83},{"SSID":"WiFi Setup - University of Leeds","BSSID":"5c:a6:2d:af:94:ac","RSSI":-83},{"SSID":"MeetInLeeds","BSSID":"5c:a6:2d:eb:9d:8d","RSSI":-85},{"SSID":"MeetInLeeds","BSSID":"5c:a6:2d:ce:c1:ed","RSSI":-85}],[{"SSID":"MeetInLeeds","BSSID":"5c:a6:2d:af:91:e2","RSSI":-38},{"SSID":"WiFi Setup - University of Leeds","BSSID":"5c:a6:2d:af:91:e3","RSSI":-39},{"SSID":"eduroam","BSSID":"5c:a6:2d:af:91:ee","RSSI":-44},{"SSID":"MeetInLeeds","BSSID":"5c:a6:2d:af:91:ed","RSSI":-45},{"SSID":"WiFi Setup - University of Leeds","BSSID":"5c:a6:2d:af:91:ec","RSSI":-46},{"SSID":"MeetInLeeds","BSSID":"5c:a6:2d:cf:c3:22","RSSI":-47},{"SSID":"WiFi Setup - University of Leeds","BSSID":"5c:a6:2d:cf:c3:23","RSSI":-48},{"SSID":"WiFi Setup - University of Leeds","BSSID":"5c:a6:2d:cf:b0:03","RSSI":-50},{"SSID":"MeetInLeeds","BSSID":"5c:a6:2d:cf:b0:02","RSSI":-50},{"SSID":"WiFi Setup - University of Leeds","BSSID":"5c:a6:2d:cf:c4:43","RSSI":-50},{"SSID":"eduroam","BSSID":"5c:a6:2d:cf:c4:41","RSSI":-50},{"SSID":"MeetInLeeds","BSSID":"5c:a6:2d:cf:c4:42","RSSI":-50},{"SSID":"MeetInLeeds","BSSID":"5c:a6:2d:86:6d:22","RSSI":-50},{"SSID":"MeetInLeeds","BSSID":"5c:a6:2d:af:90:62","RSSI":-55},{"SSID":"MeetInLeeds","BSSID":"5c:a6:2d:86:6d:2d","RSSI":-57},{"SSID":"WiFi Setup - University of Leeds","BSSID":"5c:a6:2d:86:6d:2c","RSSI":-57},{"SSID":"eduroam","BSSID":"5c:a6:2d:86:6d:2e","RSSI":-57},{"SSID":"MeetInLeeds","BSSID":"5c:a6:2d:cf:b0:0d","RSSI":-59},{"SSID":"MeetInLeeds","BSSID":"ac:3a:67:08:04:22","RSSI":-59},{"SSID":"WiFi Setup - University of Leeds","BSSID":"ac:3a:67:08:04:23","RSSI":-59},{"SSID":"WiFi Setup - University of Leeds","BSSID":"5c:a6:2d:cf:b0:0c","RSSI":-60},{"SSID":"eduroam","BSSID":"5c:a6:2d:cf:b0:0e","RSSI":-60},{"SSID":"WiFi Setup - University of Leeds","BSSID":"5c:a6:2d:85:81:e3","RSSI":-62},{"SSID":"eduroam","BSSID":"5c:a6:2d:85:81:ee","RSSI":-64},{"SSID":"MeetInLeeds","BSSID":"5c:a6:2d:85:81:ed","RSSI":-64},{"SSID":"WiFi Setup - University of Leeds","BSSID":"5c:a6:2d:85:81:ec","RSSI":-64},{"SSID":"WiFi Setup - University of Leeds","BSSID":"5c:a6:2d:b5:ca:e3","RSSI":-66},{"SSID":"WiFi Setup - University of Leeds","BSSID":"5c:a6:2d:85:81:c3","RSSI":-66},{"SSID":"WiFi Setup - University of Leeds","BSSID":"5c:a6:2d:85:81:cc","RSSI":-67},{"SSID":"eduroam","BSSID":"5c:a6:2d:85:81:ce","RSSI":-67},{"SSID":"MeetInLeeds","BSSID":"5c:a6:2d:85:81:cd","RSSI":-67},{"SSID":"MeetInLeeds","BSSID":"5c:a6:2d:86:6d:a2","RSSI":-68},{"SSID":"WiFi Setup - University of Leeds","BSSID":"5c:a6:2d:af:90:6c","RSSI":-69},{"SSID":"MeetInLeeds","BSSID":"5c:a6:2d:af:90:6d","RSSI":-69},{"SSID":"WiFi Setup - University of Leeds","BSSID":"5c:a6:2d:ef:45:2c","RSSI":-69},{"SSID":"MeetInLeeds","BSSID":"5c:a6:2d:ef:45:2d","RSSI":-70},{"SSID":"MeetInLeeds","BSSID":"5c:a6:2d:86:6b:6d","RSSI":-71},{"SSID":"eduroam","BSSID":"5c:a6:2d:af:91:81","RSSI":-72},{"SSID":"WiFi Setup - University of Leeds","BSSID":"5c:a6:2d:86:6b:6c","RSSI":-72},{"SSID":"eduroam","BSSID":"5c:a6:2d:86:6b:6e","RSSI":-72},{"SSID":"WiFi Setup - University of Leeds","BSSID":"ac:3a:67:08:29:ac","RSSI":-73},{"SSID":"eduroam","BSSID":"5c:a6:2d:cf:c5:ee","RSSI":-74},{"SSID":"MeetInLeeds","BSSID":"5c:a6:2d:cf:c5:ed","RSSI":-74},{"SSID":"WiFi Setup - University of Leeds","BSSID":"5c:a6:2d:86:6b:2c","RSSI":-74},{"SSID":"WiFi Setup - University of Leeds","BSSID":"5c:a6:2d:b5:ca:ec","RSSI":-74},{"SSID":"MeetInLeeds","BSSID":"5c:a6:2d:b5:ca:ed","RSSI":-74},{"SSID":"eduroam","BSSID":"5c:a6:2d:b5:ca:ee","RSSI":-74},{"SSID":"WiFi Setup - University of Leeds","BSSID":"5c:a6:2d:cf:c5:ec","RSSI":-75},{"SSID":"eduroam","BSSID":"ac:3a:67:08:29:ae","RSSI":-75},{"SSID":"MeetInLeeds","BSSID":"5c:a6:2d:af:91:cd","RSSI":-75},{"SSID":"eduroam","BSSID":"5c:a6:2d:70:7b:4e","RSSI":-76},{"SSID":"eduroam","BSSID":"5c:a6:2d:86:6b:2e","RSSI":-76},{"SSID":"MeetInLeeds","BSSID":"5c:a6:2d:86:6b:2d","RSSI":-76},{"SSID":"WiFi Setup - University of Leeds","BSSID":"5c:a6:2d:ce:b5:03","RSSI":-76},{"SSID":"WiFi Setup - University of Leeds","BSSID":"5c:a6:2d:5d:ab:6c","RSSI":-76},{"SSID":"eduroam","BSSID":"5c:a6:2d:af:91:ce","RSSI":-76},{"SSID":"WiFi Setup - University of Leeds","BSSID":"5c:a6:2d:af:91:cc","RSSI":-76},{"SSID":"eduroam","BSSID":"5c:a6:2d:86:6d:ae","RSSI":-76},{"SSID":"MeetInLeeds","BSSID":"5c:a6:2d:70:7b:4d","RSSI":-77},{"SSID":"WiFi Setup - University of Leeds","BSSID":"5c:a6:2d:70:7b:4c","RSSI":-77},{"SSID":"WiFi Setup - University of Leeds","BSSID":"5c:a6:2d:cf:e3:4c","RSSI":-78},{"SSID":"eduroam","BSSID":"5c:a6:2d:cf:e3:4e","RSSI":-78},{"SSID":"WiFi Setup - University of Leeds","BSSID":"ac:3a:67:08:32:4c","RSSI":-78},{"SSID":"MeetInLeeds","BSSID":"5c:a6:2d:86:6d:ad","RSSI":-78},{"SSID":"WiFi Setup - University of Leeds","BSSID":"5c:a6:2d:af:90:63","RSSI":-79},{"SSID":"MeetInLeeds","BSSID":"ac:3a:67:08:01:8d","RSSI":-80},{"SSID":"MeetInLeeds","BSSID":"5c:a6:2d:af:94:ad","RSSI":-82},{"SSID":"WiFi Setup - University of Leeds","BSSID":"5c:a6:2d:af:91:4c","RSSI":-82},{"SSID":"WiFi Setup - University of Leeds","BSSID":"5c:a6:2d:af:94:ac","RSSI":-83},{"SSID":"WiFi Setup - University of Leeds","BSSID":"5c:a6:2d:ce:b5:0c","RSSI":-83},{"SSID":"MeetInLeeds","BSSID":"5c:a6:2d:ce:bf:0d","RSSI":-83},{"SSID":"WiFi Setup - University of Leeds","BSSID":"5c:a6:2d:ce:bf:0c","RSSI":-83},{"SSID":"WiFi Setup - University of Leeds","BSSID":"5c:a6:2d:ce:a1:cc","RSSI":-86},{"SSID":"eduroam","BSSID":"5c:a6:2d:ce:bf:0e","RSSI":-86},{"SSID":"MeetInLeeds","BSSID":"5c:a6:2d:ce:a1:cd","RSSI":-87}],[{"SSID":"MeetInLeeds","BSSID":"5c:a6:2d:af:91:e2","RSSI":-41},{"SSID":"WiFi Setup - University of Leeds","BSSID":"5c:a6:2d:af:91:e3","RSSI":-42},{"SSID":"WiFi Setup - University of Leeds","BSSID":"5c:a6:2d:cf:c4:43","RSSI":-46},{"SSID":"eduroam","BSSID":"5c:a6:2d:cf:c4:41","RSSI":-46},{"SSID":"MeetInLeeds","BSSID":"5c:a6:2d:cf:c4:42","RSSI":-46},{"SSID":"MeetInLeeds","BSSID":"5c:a6:2d:cf:b0:02","RSSI":-48},{"SSID":"MeetInLeeds","BSSID":"5c:a6:2d:af:91:ed","RSSI":-48},{"SSID":"WiFi Setup - University of Leeds","BSSID":"5c:a6:2d:af:91:ec","RSSI":-48},{"SSID":"eduroam","BSSID":"5c:a6:2d:af:91:ee","RSSI":-48},{"SSID":"WiFi Setup - University of Leeds","BSSID":"5c:a6:2d:86:6d:23","RSSI":-49},{"SSID":"WiFi Setup - University of Leeds","BSSID":"5c:a6:2d:cf:b0:03","RSSI":-49},{"SSID":"MeetInLeeds","BSSID":"5c:a6:2d:cf:c3:22","RSSI":-49},{"SSID":"WiFi Setup - University of Leeds","BSSID":"5c:a6:2d:cf:c3:23","RSSI":-49},{"SSID":"MeetInLeeds","BSSID":"5c:a6:2d:86:6d:22","RSSI":-49},{"SSID":"MeetInLeeds","BSSID":"5c:a6:2d:86:6d:2d","RSSI":-51},{"SSID":"WiFi Setup - University of Leeds","BSSID":"5c:a6:2d:86:6d:2c","RSSI":-51},{"SSID":"eduroam","BSSID":"5c:a6:2d:86:6d:2e","RSSI":-52},{"SSID":"WiFi Setup - University of Leeds","BSSID":"5c:a6:2d:85:81:e3","RSSI":-57},{"SSID":"MeetInLeeds","BSSID":"5c:a6:2d:85:81:e2","RSSI":-57},{"SSID":"WiFi Setup - University of Leeds","BSSID":"5c:a6:2d:af:90:63","RSSI":-58},{"SSID":"eduroam","BSSID":"5c:a6:2d:af:90:61","RSSI":-58},{"SSID":"MeetInLeeds","BSSID":"5c:a6:2d:af:90:62","RSSI":-59},{"SSID":"MeetInLeeds","BSSID":"ac:3a:67:08:04:22","RSSI":-62},{"SSID":"WiFi Setup - University of Leeds","BSSID":"5c:a6:2d:86:6d:a3","RSSI":-63},{"SSID":"WiFi Setup - University of Leeds","BSSID":"5c:a6:2d:cf:b0:0c","RSSI":-64},{"SSID":"eduroam","BSSID":"5c:a6:2d:cf:b0:0e","RSSI":-64},{"SSID":"MeetInLeeds","BSSID":"5c:a6:2d:cf:b0:0d","RSSI":-65},{"SSID":"WiFi Setup - University of Leeds","BSSID":"5c:a6:2d:85:81:cc","RSSI":-65},{"SSID":"eduroam","BSSID":"5c:a6:2d:85:81:ce","RSSI":-65},{"SSID":"MeetInLeeds","BSSID":"5c:a6:2d:85:81:cd","RSSI":-65},{"SSID":"WiFi Setup - University of Leeds","BSSID":"5c:a6:2d:b5:ca:e3","RSSI":-68},{"SSID":"MeetInLeeds","BSSID":"ac:3a:67:08:04:2d","RSSI":-68},{"SSID":"MeetInLeeds","BSSID":"5c:a6:2d:86:6b:6d","RSSI":-68},{"SSID":"eduroam","BSSID":"5c:a6:2d:85:81:ee","RSSI":-69},{"SSID":"MeetInLeeds","BSSID":"5c:a6:2d:85:81:ed","RSSI":-69},{"SSID":"WiFi Setup - University of Leeds","BSSID":"5c:a6:2d:85:81:ec","RSSI":-69},{"SSID":"WiFi Setup - University of Leeds","BSSID":"ac:3a:67:08:04:2c","RSSI":-69},{"SSID":"MeetInLeeds","BSSID":"5c:a6:2d:ef:45:2d","RSSI":-71},{"SSID":"WiFi Setup - University of Leeds","BSSID":"5c:a6:2d:af:91:83","RSSI":-72},{"SSID":"WiFi Setup - University of Leeds","BSSID":"5c:a6:2d:af:90:6c","RSSI":-72},{"SSID":"WiFi Setup - University of Leeds","BSSID":"ac:3a:67:08:32:43","RSSI":-73},{"SSID":"WiFi Setup - University of Leeds","BSSID":"5c:a6:2d:b5:ca:ec","RSSI":-73},{"SSID":"MeetInLeeds","BSSID":"5c:a6:2d:b5:ca:ed","RSSI":-73},{"SSID":"eduroam","BSSID":"5c:a6:2d:b5:ca:ee","RSSI":-74},{"SSID":"eduroam","BSSID":"5c:a6:2d:5d:ab:6e","RSSI":-75},{"SSID":"MeetInLeeds","BSSID":"ac:3a:67:08:32:4d","RSSI":-76},{"SSID":"MeetInLeeds","BSSID":"ac:3a:67:08:29:a2","RSSI":-76},{"SSID":"eduroam","BSSID":"5c:a6:2d:af:91:ce","RSSI":-76},{"SSID":"WiFi Setup - University of Leeds","BSSID":"5c:a6:2d:af:91:cc","RSSI":-76},{"SSID":"eduroam","BSSID":"5c:a6:2d:cf:e3:4e","RSSI":-77},{"SSID":"eduroam","BSSID":"5c:a6:2d:af:91:8e","RSSI":-77},{"SSID":"WiFi Setup - University of Leeds","BSSID":"5c:a6:2d:af:92:2c","RSSI":-77},{"SSID":"WiFi Setup - University of Leeds","BSSID":"5c:a6:2d:cf:e3:4c","RSSI":-78},{"SSID":"WiFi Setup - University of Leeds","BSSID":"ac:3a:67:08:01:8c","RSSI":-78},{"SSID":"eduroam","BSSID":"5c:a6:2d:eb:9d:8e","RSSI":-78},{"SSID":"MeetInLeeds","BSSID":"5c:a6:2d:af:91:cd","RSSI":-78},{"SSID":"MeetInLeeds","BSSID":"5c:a6:2d:cf:e3:4d","RSSI":-79},{"SSID":"MeetInLeeds","BSSID":"ac:3a:67:08:01:8d","RSSI":-79},{"SSID":"eduroam","BSSID":"5c:a6:2d:86:6d:ae","RSSI":-79},{"SSID":"MeetInLeeds","BSSID":"5c:a6:2d:eb:9d:8d","RSSI":-80},{"SSID":"eduroam","BSSID":"5c:a6:2d:ce:b5:0e","RSSI":-81},{"SSID":"WiFi Setup - University of Leeds","BSSID":"5c:a6:2d:ce:b5:03","RSSI":-81},{"SSID":"WiFi Setup - University of Leeds","BSSID":"5c:a6:2d:eb:9d:8c","RSSI":-81},{"SSID":"MeetInLeeds","BSSID":"ac:3a:67:08:29:2d","RSSI":-82},{"SSID":"eduroam","BSSID":"ac:3a:67:08:04:2e","RSSI":-83},{"SSID":"WiFi Setup - University of Leeds","BSSID":"5c:a6:2d:cf:dd:cc","RSSI":-86},{"SSID":"eduroam","BSSID":"5c:a6:2d:5d:2b:4e","RSSI":-87},{"SSID":"MeetInLeeds","BSSID":"5c:a6:2d:ce:8e:ad","RSSI":-87}],[{"SSID":"MeetInLeeds","BSSID":"5c:a6:2d:af:91:e2","RSSI":-39},{"SSID":"MeetInLeeds","BSSID":"5c:a6:2d:af:91:ed","RSSI":-46},{"SSID":"WiFi Setup - University of Leeds","BSSID":"5c:a6:2d:af:91:ec","RSSI":-46},{"SSID":"eduroam","BSSID":"5c:a6:2d:af:91:ee","RSSI":-46},{"SSID":"WiFi Setup - University of Leeds","BSSID":"5c:a6:2d:cf:c4:43","RSSI":-48},{"SSID":"WiFi Setup - University of Leeds","BSSID":"5c:a6:2d:cf:b0:03","RSSI":-49},{"SSID":"MeetInLeeds","BSSID":"5c:a6:2d:cf:b0:02","RSSI":-49},{"SSID":"WiFi Setup - University of Leeds","BSSID":"5c:a6:2d:86:6d:23","RSSI":-51},{"SSID":"WiFi Setup - University of Leeds","BSSID":"5c:a6:2d:86:6d:2c","RSSI":-52},{"SSID":"eduroam","BSSID":"5c:a6:2d:86:6d:2e","RSSI":-52},{"SSID":"MeetInLeeds","BSSID":"5c:a6:2d:86:6d:22","RSSI":-52},{"SSID":"eduroam","BSSID":"5c:a6:2d:86:6d:21","RSSI":-52},{"SSID":"MeetInLeeds","BSSID":"5c:a6:2d:86:6d:2d","RSSI":-53},{"SSID":"WiFi Setup - University of Leeds","BSSID":"5c:a6:2d:cf:c3:23","RSSI":-55},{"SSID":"MeetInLeeds","BSSID":"5c:a6:2d:85:81:e2","RSSI":-58},{"SSID":"WiFi Setup - University of Leeds","BSSID":"5c:a6:2d:af:90:63","RSSI":-62},{"SSID":"eduroam","BSSID":"5c:a6:2d:af:90:61","RSSI":-62},{"SSID":"MeetInLeeds","BSSID":"5c:a6:2d:af:90:62","RSSI":-62},{"SSID":"MeetInLeeds","BSSID":"5c:a6:2d:85:81:cd","RSSI":-65},{"SSID":"WiFi Setup - University of Leeds","BSSID":"5c:a6:2d:85:81:cc","RSSI":-66},{"SSID":"MeetInLeeds","BSSID":"5c:a6:2d:85:81:ed","RSSI":-67},{"SSID":"WiFi Setup - University of Leeds","BSSID":"5c:a6:2d:85:81:ec","RSSI":-68},{"SSID":"MeetInLeeds","BSSID":"5c:a6:2d:86:6b:6d","RSSI":-68},{"SSID":"eduroam","BSSID":"5c:a6:2d:86:6b:6e","RSSI":-69},{"SSID":"eduroam","BSSID":"5c:a6:2d:ef:45:21","RSSI":-70},{"SSID":"WiFi Setup - University of Leeds","BSSID":"ac:3a:67:08:32:43","RSSI":-71},{"SSID":"MeetInLeeds","BSSID":"5c:a6:2d:cf:c3:22","RSSI":-71},{"SSID":"eduroam","BSSID":"ac:3a:67:08:01:81","RSSI":-72},{"SSID":"MeetInLeeds","BSSID":"5c:a6:2d:cf:e3:42","RSSI":-72},{"SSID":"WiFi Setup - University of Leeds","BSSID":"5c:a6:2d:cf:e3:43","RSSI":-72},{"SSID":"eduroam","BSSID":"5c:a6:2d:cf:e3:41","RSSI":-72},{"SSID":"WiFi Setup - University of Leeds","BSSID":"5c:a6:2d:af:91:c3","RSSI":-73},{"SSID":"WiFi Setup - University of Leeds","BSSID":"5c:a6:2d:af:92:2c","RSSI":-73},{"SSID":"MeetInLeeds","BSSID":"5c:a6:2d:ef:45:2d","RSSI":-73},{"SSID":"WiFi Setup - University of Leeds","BSSID":"5c:a6:2d:ef:45:2c","RSSI":-73},{"SSID":"WiFi Setup - University of Leeds","BSSID":"5c:a6:2d:b5:ca:ec","RSSI":-73},{"SSID":"MeetInLeeds","BSSID":"5c:a6:2d:b5:ca:ed","RSSI":-73},{"SSID":"WiFi Setup - University of Leeds","BSSID":"5c:a6:2d:af:90:6c","RSSI":-74},{"SSID":"MeetInLeeds","BSSID":"5c:a6:2d:af:91:8d","RSSI":-75},{"SSID":"eduroam","BSSID":"5c:a6:2d:cf:c5:ee","RSSI":-76},{"SSID":"WiFi Setup - University of Leeds","BSSID":"5c:a6:2d:af:91:8c","RSSI":-76},{"SSID":"MeetInLeeds","BSSID":"5c:a6:2d:cf:c5:ed","RSSI":-76},{"SSID":"WiFi Setup - University of Leeds","BSSID":"5c:a6:2d:cf:c5:ec","RSSI":-76},{"SSID":"eduroam","BSSID":"5c:a6:2d:af:92:2e","RSSI":-76},{"SSID":"eduroam","BSSID":"5c:a6:2d:70:7b:4e","RSSI":-77},{"SSID":"MeetInLeeds","BSSID":"5c:a6:2d:ce:b2:0d","RSSI":-77},{"SSID":"WiFi Setup - University of Leeds","BSSID":"5c:a6:2d:ce:b2:0c","RSSI":-77},{"SSID":"WiFi Setup - University of Leeds","BSSID":"5c:a6:2d:af:91:4c","RSSI":-78},{"SSID":"WiFi Setup - University of Leeds","BSSID":"5c:a6:2d:af:8f:c3","RSSI":-79},{"SSID":"MeetInLeeds","BSSID":"5c:a6:2d:af:94:ad","RSSI":-82},{"SSID":"WiFi Setup - University of Leeds","BSSID":"5c:a6:2d:af:94:ac","RSSI":-82},{"SSID":"eduroam","BSSID":"5c:a6:2d:af:94:ae","RSSI":-83},{"SSID":"MeetInLeeds","BSSID":"5c:a6:2d:ce:ac:8d","RSSI":-83},{"SSID":"WiFi Setup - University of Leeds","BSSID":"5c:a6:2d:ce:c1:ec","RSSI":-86},{"SSID":"WiFi Setup - University of Leeds","BSSID":"5c:a6:2d:ce:8e:ac","RSSI":-88}],[{"SSID":"WiFi Setup - University of Leeds","BSSID":"5c:a6:2d:af:91:e3","RSSI":-42},{"SSID":"MeetInLeeds","BSSID":"5c:a6:2d:af:91:e2","RSSI":-42},{"SSID":"MeetInLeeds","BSSID":"5c:a6:2d:af:91:ed","RSSI":-46},{"SSID":"WiFi Setup - University of Leeds","BSSID":"5c:a6:2d:af:91:ec","RSSI":-46},{"SSID":"eduroam","BSSID":"5c:a6:2d:af:91:ee","RSSI":-46},{"SSID":"WiFi Setup - University of Leeds","BSSID":"5c:a6:2d:cf:c4:43","RSSI":-46},{"SSID":"WiFi Setup - University of Leeds","BSSID":"5c:a6:2d:cf:b0:03","RSSI":-47},{"SSID":"MeetInLeeds","BSSID":"5c:a6:2d:cf:c4:42","RSSI":-47},{"SSID":"MeetInLeeds","BSSID":"5c:a6:2d:cf:b0:02","RSSI":-48},{"SSID":"MeetInLeeds","BSSID":"5c:a6:2d:86:6d:2d","RSSI":-50},{"SSID":"WiFi Setup - University of Leeds","BSSID":"5c:a6:2d:86:6d:2c","RSSI":-50},{"SSID":"eduroam","BSSID":"5c:a6:2d:86:6d:2e","RSSI":-50},{"SSID":"MeetInLeeds","BSSID":"5c:a6:2d:cf:c3:22","RSSI":-51},{"SSID":"WiFi Setup - University of Leeds","BSSID":"5c:a6:2d:cf:c3:23","RSSI":-51},{"SSID":"WiFi Setup - University of Leeds","BSSID":"5c:a6:2d:86:6d:23","RSSI":-53},{"SSID":"MeetInLeeds","BSSID":"5c:a6:2d:86:6d:22","RSSI":-53},{"SSID":"WiFi Setup - University of Leeds","BSSID":"5c:a6:2d:85:81:e3","RSSI":-58},{"SSID":"MeetInLeeds","BSSID":"5c:a6:2d:85:81:e2","RSSI":-58},{"SSID":"eduroam","BSSID":"5c:a6:2d:85:81:e1","RSSI":-58},{"SSID":"MeetInLeeds","BSSID":"ac:3a:67:08:04:22","RSSI":-61},{"SSID":"WiFi Setup - University of Leeds","BSSID":"ac:3a:67:08:04:23","RSSI":-62},{"SSID":"WiFi Setup - University of Leeds","BSSID":"5c:a6:2d:cf:b0:0c","RSSI":-64},{"SSID":"eduroam","BSSID":"5c:a6:2d:cf:b0:0e","RSSI":-64},{"SSID":"MeetInLeeds","BSSID":"5c:a6:2d:cf:b0:0d","RSSI":-64},{"SSID":"WiFi Setup - University of Leeds","BSSID":"5c:a6:2d:85:81:cc","RSSI":-64},{"SSID":"WiFi Setup - University of Leeds","BSSID":"5c:a6:2d:af:90:63","RSSI":-65},{"SSID":"MeetInLeeds","BSSID":"5c:a6:2d:85:81:cd","RSSI":-66},{"SSID":"eduroam","BSSID":"5c:a6:2d:85:81:ee","RSSI":-68},{"SSID":"MeetInLeeds","BSSID":"5c:a6:2d:85:81:ed","RSSI":-68},{"SSID":"WiFi Setup - University of Leeds","BSSID":"5c:a6:2d:85:81:ec","RSSI":-68},{"SSID":"MeetInLeeds","BSSID":"5c:a6:2d:86:6b:22","RSSI":-68},{"SSID":"WiFi Setup - University of Leeds","BSSID":"ac:3a:67:08:04:2c","RSSI":-68},{"SSID":"eduroam","BSSID":"ac:3a:67:08:04:2e","RSSI":-68},{"SSID":"eduroam","BSSID":"5c:a6:2d:86:6b:6e","RSSI":-68},{"SSID":"eduroam","BSSID":"5c:a6:2d:86:6b:21","RSSI":-69},{"SSID":"MeetInLeeds","BSSID":"5c:a6:2d:b5:ca:e2","RSSI":-69},{"SSID":"MeetInLeeds","BSSID":"5c:a6:2d:ef:45:2d","RSSI":-69},{"SSID":"WiFi Setup - University of Leeds","BSSID":"5c:a6:2d:86:6b:6c","RSSI":-69},{"SSID":"WiFi Setup - University of Leeds","BSSID":"5c:a6:2d:ef:45:23","RSSI":-70},{"SSID":"MeetInLeeds","BSSID":"5c:a6:2d:ef:45:22","RSSI":-70},{"SSID":"WiFi Setup - University of Leeds","BSSID":"5c:a6:2d:b5:ca:e3","RSSI":-70},{"SSID":"WiFi Setup - University of Leeds","BSSID":"5c:a6:2d:86:6d:a3","RSSI":-70},{"SSID":"eduroam","BSSID":"5c:a6:2d:b5:ca:ee","RSSI":-72},{"SSID":"MeetInLeeds","BSSID":"5c:a6:2d:af:90:6d","RSSI":-73},{"SSID":"WiFi Setup - University of Leeds","BSSID":"5c:a6:2d:b5:ca:ec","RSSI":-73},{"SSID":"MeetInLeeds","BSSID":"5c:a6:2d:b5:ca:ed","RSSI":-73},{"SSID":"MeetInLeeds","BSSID":"ac:3a:67:08:32:4d","RSSI":-74},{"SSID":"WiFi Setup - University of Leeds","BSSID":"ac:3a:67:08:32:4c","RSSI":-74},{"SSID":"MeetInLeeds","BSSID":"ac:3a:67:08:01:8d","RSSI":-74},{"SSID":"eduroam","BSSID":"ac:3a:67:08:01:8e","RSSI":-74},{"SSID":"MeetInLeeds","BSSID":"5c:a6:2d:ce:b2:0d","RSSI":-74},{"SSID":"WiFi Setup - University of Leeds","BSSID":"5c:a6:2d:ce:b2:0c","RSSI":-74},{"SSID":"WiFi Setup - University of Leeds","BSSID":"5c:a6:2d:af:92:2c","RSSI":-75},{"SSID":"WiFi Setup - University of Leeds","BSSID":"5c:a6:2d:cf:c5:e3","RSSI":-75},{"SSID":"MeetInLeeds","BSSID":"5c:a6:2d:ce:b5:02","RSSI":-75},{"SSID":"eduroam","BSSID":"5c:a6:2d:70:7b:4e","RSSI":-76},{"SSID":"MeetInLeeds","BSSID":"5c:a6:2d:70:7b:4d","RSSI":-76},{"SSID":"WiFi Setup - University of Leeds","BSSID":"5c:a6:2d:70:7b:4c","RSSI":-76},{"SSID":"eduroam","BSSID":"5c:a6:2d:cf:c5:ee","RSSI":-77},{"SSID":"eduroam","BSSID":"5c:a6:2d:86:6b:2e","RSSI":-77},{"SSID":"WiFi Setup - University of Leeds","BSSID":"5c:a6:2d:5d:ab:6c","RSSI":-77},{"SSID":"MeetInLeeds","BSSID":"5c:a6:2d:af:90:62","RSSI":-77},{"SSID":"WiFi Setup - University of Leeds","BSSID":"5c:a6:2d:af:91:8c","RSSI":-78},{"SSID":"MeetInLeeds","BSSID":"5c:a6:2d:af:91:8d","RSSI":-78},{"SSID":"WiFi Setup - University of Leeds","BSSID":"5c:a6:2d:cf:c5:ec","RSSI":-78},{"SSID":"MeetInLeeds","BSSID":"5c:a6:2d:5d:ab:6d","RSSI":-78},{"SSID":"MeetInLeeds","BSSID":"5c:a6:2d:eb:9d:82","RSSI":-78},{"SSID":"eduroam","BSSID":"5c:a6:2d:ce:b5:0e","RSSI":-79},{"SSID":"MeetInLeeds","BSSID":"5c:a6:2d:af:91:cd","RSSI":-79},{"SSID":"WiFi Setup - University of Leeds","BSSID":"5c:a6:2d:af:91:cc","RSSI":-79},{"SSID":"MeetInLeeds","BSSID":"5c:a6:2d:86:6b:6d","RSSI":-80},{"SSID":"WiFi Setup - University of Leeds","BSSID":"5c:a6:2d:86:6d:ac","RSSI":-81},{"SSID":"WiFi Setup - University of Leeds","BSSID":"ac:3a:67:08:29:2c","RSSI":-82},{"SSID":"WiFi Setup - University of Leeds","BSSID":"5c:a6:2d:af:94:ac","RSSI":-82},{"SSID":"MeetInLeeds","BSSID":"5c:a6:2d:86:6d:ad","RSSI":-82}],[{"SSID":"WiFi Setup - University of Leeds","BSSID":"5c:a6:2d:af:91:e3","RSSI":-42},{"SSID":"MeetInLeeds","BSSID":"5c:a6:2d:af:91:e2","RSSI":-42},{"SSID":"MeetInLeeds","BSSID":"5c:a6:2d:af:91:ed","RSSI":-45},{"SSID":"eduroam","BSSID":"5c:a6:2d:af:91:ee","RSSI":-45},{"SSID":"WiFi Setup - University of Leeds","BSSID":"5c:a6:2d:cf:c4:43","RSSI":-45},{"SSID":"MeetInLeeds","BSSID":"5c:a6:2d:cf:b0:02","RSSI":-46},{"SSID":"WiFi Setup - University of Leeds","BSSID":"5c:a6:2d:af:91:ec","RSSI":-46},{"SSID":"WiFi Setup - University of Leeds","BSSID":"5c:a6:2d:cf:b0:03","RSSI":-47},{"SSID":"WiFi Setup - University of Leeds","BSSID":"5c:a6:2d:86:6d:23","RSSI":-52},{"SSID":"MeetInLeeds","BSSID":"5c:a6:2d:86:6d:22","RSSI":-52},{"SSID":"WiFi Setup - University of Leeds","BSSID":"5c:a6:2d:86:6d:2c","RSSI":-53},{"SSID":"eduroam","BSSID":"5c:a6:2d:86:6d:2e","RSSI":-53},{"SSID":"MeetInLeeds","BSSID":"5c:a6:2d:86:6d:2d","RSSI":-54},{"SSID":"WiFi Setup - University of Leeds","BSSID":"5c:a6:2d:85:81:e3","RSSI":-57},{"SSID":"WiFi Setup - University of Leeds","BSSID":"5c:a6:2d:cf:b0:0c","RSSI":-58},{"SSID":"MeetInLeeds","BSSID":"5c:a6:2d:85:81:e2","RSSI":-58},{"SSID":"MeetInLeeds","BSSID":"5c:a6:2d:cf:b0:0d","RSSI":-58},{"SSID":"MeetInLeeds","BSSID":"ac:3a:67:08:04:22","RSSI":-58},{"SSID":"eduroam","BSSID":"ac:3a:67:08:04:21","RSSI":-58},{"SSID":"WiFi Setup - University of Leeds","BSSID":"ac:3a:67:08:04:23","RSSI":-58},{"SSID":"eduroam","BSSID":"5c:a6:2d:cf:b0:0e","RSSI":-59},{"SSID":"WiFi Setup - University of Leeds","BSSID":"5c:a6:2d:af:90:63","RSSI":-61},{"SSID":"MeetInLeeds","BSSID":"5c:a6:2d:af:90:62","RSSI":-61},{"SSID":"WiFi Setup - University of Leeds","BSSID":"5c:a6:2d:af:90:6c","RSSI":-64},{"SSID":"eduroam","BSSID":"5c:a6:2d:af:90:6e","RSSI":-65},{"SSID":"MeetInLeeds","BSSID":"5c:a6:2d:b5:ca:e2","RSSI":-66},{"SSID":"WiFi Setup - University of Leeds","BSSID":"5c:a6:2d:b5:ca:e3","RSSI":-66},{"SSID":"WiFi Setup - University of Leeds","BSSID":"5c:a6:2d:85:81:c3","RSSI":-66},{"SSID":"MeetInLeeds","BSSID":"5c:a6:2d:85:81:c2","RSSI":-66},{"SSID":"eduroam","BSSID":"5c:a6:2d:85:81:ee","RSSI":-67},{"SSID":"WiFi Setup - University of Leeds","BSSID":"5c:a6:2d:85:81:cc","RSSI":-67},{"SSID":"MeetInLeeds","BSSID":"5c:a6:2d:85:81:cd","RSSI":-67},{"SSID":"MeetInLeeds","BSSID":"5c:a6:2d:85:81:ed","RSSI":-68},{"SSID":"WiFi Setup - University of Leeds","BSSID":"5c:a6:2d:85:81:ec","RSSI":-68},{"SSID":"WiFi Setup - University of Leeds","BSSID":"5c:a6:2d:ef:45:2c","RSSI":-70},{"SSID":"MeetInLeeds","BSSID":"5c:a6:2d:ef:45:2d","RSSI":-71},{"SSID":"WiFi Setup - University of Leeds","BSSID":"5c:a6:2d:b5:ca:ec","RSSI":-71},{"SSID":"MeetInLeeds","BSSID":"5c:a6:2d:b5:ca:ed","RSSI":-71},{"SSID":"eduroam","BSSID":"5c:a6:2d:b5:ca:ee","RSSI":-71},{"SSID":"WiFi Setup - University of Leeds","BSSID":"5c:a6:2d:ce:b2:0c","RSSI":-73},{"SSID":"MeetInLeeds","BSSID":"5c:a6:2d:af:92:22","RSSI":-73},{"SSID":"MeetInLeeds","BSSID":"5c:a6:2d:af:91:8d","RSSI":-74},{"SSID":"MeetInLeeds","BSSID":"ac:3a:67:08:04:2d","RSSI":-74},{"SSID":"WiFi Setup - University of Leeds","BSSID":"5c:a6:2d:af:91:8c","RSSI":-75},{"SSID":"WiFi Setup - University of Leeds","BSSID":"5c:a6:2d:cf:c5:e3","RSSI":-75},{"SSID":"eduroam","BSSID":"ac:3a:67:08:32:4e","RSSI":-76},{"SSID":"WiFi Setup - University of Leeds","BSSID":"5c:a6:2d:eb:9d:83","RSSI":-76},{"SSID":"eduroam","BSSID":"5c:a6:2d:af:91:ce","RSSI":-76},{"SSID":"MeetInLeeds","BSSID":"5c:a6:2d:af:91:cd","RSSI":-76},{"SSID":"WiFi Setup - University of Leeds","BSSID":"5c:a6:2d:af:91:cc","RSSI":-76},{"SSID":"WiFi Setup - University of Leeds","BSSID":"5c:a6:2d:86:6d:ac","RSSI":-76},{"SSID":"eduroam","BSSID":"5c:a6:2d:cf:c5:ee","RSSI":-77},{"SSID":"MeetInLeeds","BSSID":"5c:a6:2d:cf:c5:ed","RSSI":-77},{"SSID":"WiFi Setup - University of Leeds","BSSID":"5c:a6:2d:af:8f:c3","RSSI":-77},{"SSID":"MeetInLeeds","BSSID":"5c:a6:2d:86:6d:ad","RSSI":-77},{"SSID":"WiFi Setup - University of Leeds","BSSID":"5c:a6:2d:af:91:4c","RSSI":-78},{"SSID":"eduroam","BSSID":"ac:3a:67:08:29:ae","RSSI":-78},{"SSID":"MeetInLeeds","BSSID":"5c:a6:2d:cf:c5:e2","RSSI":-79},{"SSID":"WiFi Setup - University of Leeds","BSSID":"5c:a6:2d:eb:9d:8c","RSSI":-79},{"SSID":"eduroam","BSSID":"ac:3a:67:08:29:2e","RSSI":-80},{"SSID":"eduroam","BSSID":"5c:a6:2d:af:92:2e","RSSI":-80},{"SSID":"WiFi Setup - University of Leeds","BSSID":"5c:a6:2d:cf:e3:4c","RSSI":-81},{"SSID":"WiFi Setup - University of Leeds","BSSID":"5c:a6:2d:af:92:2c","RSSI":-81}],[{"SSID":"WiFi Setup - University of Leeds","BSSID":"5c:a6:2d:af:91:e3","RSSI":-40},{"SSID":"MeetInLeeds","BSSID":"5c:a6:2d:af:91:e2","RSSI":-40},{"SSID":"MeetInLeeds","BSSID":"5c:a6:2d:af:91:ed","RSSI":-45},{"SSID":"WiFi Setup - University of Leeds","BSSID":"5c:a6:2d:af:91:ec","RSSI":-46},{"SSID":"eduroam","BSSID":"5c:a6:2d:af:91:ee","RSSI":-46},{"SSID":"MeetInLeeds","BSSID":"5c:a6:2d:cf:c4:42","RSSI":-46},{"SSID":"WiFi Setup - University of Leeds","BSSID":"5c:a6:2d:cf:c3:23","RSSI":-48},{"SSID":"eduroam","BSSID":"5c:a6:2d:cf:c3:21","RSSI":-48},{"SSID":"MeetInLeeds","BSSID":"5c:a6:2d:cf:b0:02","RSSI":-49},{"SSID":"MeetInLeeds","BSSID":"5c:a6:2d:86:6d:2d","RSSI":-51},{"SSID":"eduroam","BSSID":"5c:a6:2d:86:6d:2e","RSSI":-51},{"SSID":"WiFi Setup - University of Leeds","BSSID":"5c:a6:2d:86:6d:2c","RSSI":-52},{"SSID":"MeetInLeeds","BSSID":"5c:a6:2d:86:6d:22","RSSI":-54},{"SSID":"WiFi Setup - University of Leeds","BSSID":"5c:a6:2d:86:6d:23","RSSI":-55},{"SSID":"MeetInLeeds","BSSID":"ac:3a:67:08:04:22","RSSI":-56},{"SSID":"WiFi Setup - University of Leeds","BSSID":"5c:a6:2d:cf:b0:03","RSSI":-57},{"SSID":"MeetInLeeds","BSSID":"5c:a6:2d:85:81:e2","RSSI":-57},{"SSID":"eduroam","BSSID":"5c:a6:2d:85:81:e1","RSSI":-57},{"SSID":"eduroam","BSSID":"ac:3a:67:08:04:21","RSSI":-57},{"SSID":"WiFi Setup - University of Leeds","BSSID":"ac:3a:67:08:04:23","RSSI":-57},{"SSID":"WiFi Setup - University of Leeds","BSSID":"5c:a6:2d:af:90:63","RSSI":-59},{"SSID":"MeetInLeeds","BSSID":"5c:a6:2d:af:90:62","RSSI":-59},{"SSID":"WiFi Setup - University of Leeds","BSSID":"5c:a6:2d:cf:b0:0c","RSSI":-61},{"SSID":"eduroam","BSSID":"5c:a6:2d:cf:b0:0e","RSSI":-61},{"SSID":"MeetInLeeds","BSSID":"5c:a6:2d:cf:b0:0d","RSSI":-62},{"SSID":"WiFi Setup - University of Leeds","BSSID":"5c:a6:2d:af:90:6c","RSSI":-63},{"SSID":"MeetInLeeds","BSSID":"5c:a6:2d:af:90:6d","RSSI":-65},{"SSID":"eduroam","BSSID":"5c:a6:2d:85:81:ee","RSSI":-66},{"SSID":"MeetInLeeds","BSSID":"5c:a6:2d:85:81:ed","RSSI":-66},{"SSID":"WiFi Setup - University of Leeds","BSSID":"5c:a6:2d:85:81:ec","RSSI":-66},{"SSID":"eduroam","BSSID":"5c:a6:2d:b5:ca:e1","RSSI":-67},{"SSID":"eduroam","BSSID":"5c:a6:2d:86:6b:6e","RSSI":-68},{"SSID":"WiFi Setup - University of Leeds","BSSID":"5c:a6:2d:85:81:cc","RSSI":-69},{"SSID":"MeetInLeeds","BSSID":"5c:a6:2d:86:6b:6d","RSSI":-69},{"SSID":"WiFi Setup - University of Leeds","BSSID":"5c:a6:2d:ef:45:2c","RSSI":-70},{"SSID":"WiFi Setup - University of Leeds","BSSID":"5c:a6:2d:af:91:c3","RSSI":-72},{"SSID":"WiFi Setup - University of Leeds","BSSID":"5c:a6:2d:86:6b:23","RSSI":-72},{"SSID":"MeetInLeeds","BSSID":"5c:a6:2d:b5:ca:ed","RSSI":-72},{"SSID":"eduroam","BSSID":"5c:a6:2d:86:6b:21","RSSI":-73},{"SSID":"WiFi Setup - University of Leeds","BSSID":"5c:a6:2d:b5:ca:ec","RSSI":-73},{"SSID":"eduroam","BSSID":"5c:a6:2d:cf:e3:4e","RSSI":-75},{"SSID":"WiFi Setup - University of Leeds","BSSID":"5c:a6:2d:af:91:8c","RSSI":-75},{"SSID":"MeetInLeeds","BSSID":"ac:3a:67:08:32:4d","RSSI":-75},{"SSID":"MeetInLeeds","BSSID":"5c:a6:2d:af:91:cd","RSSI":-76},{"SSID":"WiFi Setup - University of Leeds","BSSID":"5c:a6:2d:af:91:cc","RSSI":-76},{"SSID":"MeetInLeeds","BSSID":"5c:a6:2d:86:6d:ad","RSSI":-76},{"SSID":"MeetInLeeds","BSSID":"5c:a6:2d:af:92:2d","RSSI":-78},{"SSID":"eduroam","BSSID":"5c:a6:2d:eb:9d:8e","RSSI":-78},{"SSID":"WiFi Setup - University of Leeds","BSSID":"5c:a6:2d:eb:9d:8c","RSSI":-78},{"SSID":"eduroam","BSSID":"5c:a6:2d:86:6b:2e","RSSI":-79},{"SSID":"MeetInLeeds","BSSID":"5c:a6:2d:86:6b:2d","RSSI":-79},{"SSID":"eduroam","BSSID":"5c:a6:2d:5d:ab:6e","RSSI":-79},{"SSID":"MeetInLeeds","BSSID":"ac:3a:67:08:29:ad","RSSI":-80},{"SSID":"eduroam","BSSID":"ac:3a:67:08:29:2e","RSSI":-81},{"SSID":"WiFi Setup - University of Leeds","BSSID":"5c:a6:2d:af:91:4c","RSSI":-81},{"SSID":"MeetInLeeds","BSSID":"5c:a6:2d:af:91:4d","RSSI":-82}],[{"SSID":"WiFi Setup - University of Leeds","BSSID":"5c:a6:2d:af:91:e3","RSSI":-40},{"SSID":"WiFi Setup - University of Leeds","BSSID":"5c:a6:2d:cf:c3:23","RSSI":-45},{"SSID":"WiFi Setup - University of Leeds","BSSID":"5c:a6:2d:86:6d:23","RSSI":-48},{"SSID":"eduroam","BSSID":"5c:a6:2d:86:6d:2e","RSSI":-49},{"SSID":"WiFi Setup - University of Leeds","BSSID":"5c:a6:2d:cf:b0:03","RSSI":-50},{"SSID":"WiFi Setup - University of Leeds","BSSID":"5c:a6:2d:86:6d:2c","RSSI":-50},{"SSID":"MeetInLeeds","BSSID":"5c:a6:2d:cf:b0:02","RSSI":-51},{"SSID":"WiFi Setup - University of Leeds","BSSID":"5c:a6:2d:af:90:63","RSSI":-57},{"SSID":"MeetInLeeds","BSSID":"ac:3a:67:08:04:22","RSSI":-57},{"SSID":"WiFi Setup - University of Leeds","BSSID":"ac:3a:67:08:04:23","RSSI":-57},{"SSID":"MeetInLeeds","BSSID":"5c:a6:2d:af:90:62","RSSI":-58},{"SSID":"WiFi Setup - University of Leeds","BSSID":"5c:a6:2d:85:81:e3","RSSI":-59},{"SSID":"MeetInLeeds","BSSID":"5c:a6:2d:85:81:e2","RSSI":-60},{"SSID":"MeetInLeeds","BSSID":"5c:a6:2d:af:90:6d","RSSI":-63},{"SSID":"eduroam","BSSID":"5c:a6:2d:af:90:6e","RSSI":-63},{"SSID":"MeetInLeeds","BSSID":"5c:a6:2d:85:81:ed","RSSI":-65},{"SSID":"WiFi Setup - University of Leeds","BSSID":"5c:a6:2d:af:90:6c","RSSI":-65},{"SSID":"WiFi Setup - University of Leeds","BSSID":"5c:a6:2d:86:6b:6c","RSSI":-66},{"SSID":"MeetInLeeds","BSSID":"5c:a6:2d:86:6b:6d","RSSI":-66},{"SSID":"eduroam","BSSID":"5c:a6:2d:85:81:ce","RSSI":-67},{"SSID":"eduroam","BSSID":"5c:a6:2d:86:6b:6e","RSSI":-67},{"SSID":"MeetInLeeds","BSSID":"5c:a6:2d:85:81:cd","RSSI":-68},{"SSID":"eduroam","BSSID":"5c:a6:2d:b5:ca:e1","RSSI":-69},{"SSID":"WiFi Setup - University of Leeds","BSSID":"5c:a6:2d:b5:ca:e3","RSSI":-69},{"SSID":"MeetInLeeds","BSSID":"5c:a6:2d:86:6d:a2","RSSI":-69},{"SSID":"MeetInLeeds","BSSID":"5c:a6:2d:cf:e3:42","RSSI":-69},{"SSID":"WiFi Setup - University of Leeds","BSSID":"5c:a6:2d:cf:e3:43","RSSI":-69},{"SSID":"MeetInLeeds","BSSID":"5c:a6:2d:b5:ca:e2","RSSI":-70},{"SSID":"eduroam","BSSID":"5c:a6:2d:86:6d:a1","RSSI":-70},{"SSID":"MeetInLeeds","BSSID":"5c:a6:2d:ef:45:2d","RSSI":-70},{"SSID":"eduroam","BSSID":"5c:a6:2d:cf:e3:41","RSSI":-70},{"SSID":"WiFi Setup - University of Leeds","BSSID":"ac:3a:67:08:32:43","RSSI":-71},{"SSID":"WiFi Setup - University of Leeds","BSSID":"5c:a6:2d:af:91:83","RSSI":-71},{"SSID":"eduroam","BSSID":"5c:a6:2d:86:6b:2e","RSSI":-72},{"SSID":"WiFi Setup - University of Leeds","BSSID":"5c:a6:2d:b5:ca:ec","RSSI":-72},{"SSID":"WiFi Setup - University of Leeds","BSSID":"5c:a6:2d:86:6b:23","RSSI":-73},{"SSID":"MeetInLeeds","BSSID":"5c:a6:2d:ce:b2:02","RSSI":-73},{"SSID":"WiFi Setup - University of Leeds","BSSID":"5c:a6:2d:ce:b2:03","RSSI":-73},{"SSID":"WiFi Setup - University of Leeds","BSSID":"5c:a6:2d:eb:9d:83","RSSI":-73},{"SSID":"eduroam","BSSID":"5c:a6:2d:cf:c5:ee","RSSI":-74},{"SSID":"MeetInLeeds","BSSID":"5c:a6:2d:cf:c5:ed","RSSI":-74},{"SSID":"WiFi Setup - University of Leeds","BSSID":"5c:a6:2d:cf:c5:ec","RSSI":-74},{"SSID":"MeetInLeeds","BSSID":"5c:a6:2d:86:6b:2d","RSSI":-74},{"SSID":"MeetInLeeds","BSSID":"5c:a6:2d:b5:ca:ed","RSSI":-75},{"SSID":"eduroam","BSSID":"5c:a6:2d:b5:ca:ee","RSSI":-75},{"SSID":"eduroam","BSSID":"5c:a6:2d:af:91:ce","RSSI":-76},{"SSID":"MeetInLeeds","BSSID":"5c:a6:2d:af:91:cd","RSSI":-76},{"SSID":"eduroam","BSSID":"5c:a6:2d:70:7b:4e","RSSI":-77},{"SSID":"WiFi Setup - University of Leeds","BSSID":"5c:a6:2d:5d:ab:6c","RSSI":-77},{"SSID":"eduroam","BSSID":"5c:a6:2d:86:6d:ae","RSSI":-77},{"SSID":"MeetInLeeds","BSSID":"5c:a6:2d:86:6d:ad","RSSI":-77},{"SSID":"MeetInLeeds","BSSID":"5c:a6:2d:70:7b:4d","RSSI":-78},{"SSID":"WiFi Setup - University of Leeds","BSSID":"5c:a6:2d:70:7b:4c","RSSI":-78},{"SSID":"MeetInLeeds","BSSID":"5c:a6:2d:5d:ab:6d","RSSI":-78},{"SSID":"WiFi Setup - University of Leeds","BSSID":"5c:a6:2d:af:8f:c3","RSSI":-79},{"SSID":"MeetInLeeds","BSSID":"5c:a6:2d:af:92:2d","RSSI":-80},{"SSID":"MeetInLeeds","BSSID":"5c:a6:2d:af:91:4d","RSSI":-81},{"SSID":"MeetInLeeds","BSSID":"5c:a6:2d:af:91:82","RSSI":-82}]]