[[{"SSID":"MeetInLeeds","BSSID":"5c:a6:2d:ce:ac:8d","RSSI":-32},{"SSID":"WiFi Setup - University of Leeds","BSSID":"5c:a6:2d:ce:ac:8c","RSSI":-32},{"SSID":"eduroam","BSSID":"5c:a6:2d:ce:ac:8e","RSSI":-32},{"SSID":"MeetInLeeds","BSSID":"5c:a6:2d:ce:ac:82","RSSI":-45},{"SSID":"eduroam","BSSID":"5c:a6:2d:ce:ac:81","RSSI":-45},{"SSID":"WiFi Setup - University of Leeds","BSSID":"5c:a6:2d:ce:ac:83","RSSI":-45},{"SSID":"MeetInLeeds","BSSID":"5c:a6:2d:86:69:e2","RSSI":-46},{"SSID":"WiFi Setup - University of Leeds","BSSID":"5c:a6:2d:86:69:e3","RSSI":-46},{"SSID":"eduroam","BSSID":"5c:a6:2d:86:69:e1","RSSI":-47},{"SSID":"MeetInLeeds","BSSID":"5c:a6:2d:86:6a:22","RSSI":-53},{"SSID":"WiFi Setup - University of Leeds","BSSID":"5c:a6:2d:86:6a:2c","RSSI":-54},{"SSID":"eduroam","BSSID":"5c:a6:2d:86:6a:2e","RSSI":-54},{"SSID":"MeetInLeeds","BSSID":"5c:a6:2d:86:6a:2d","RSSI":-54},{"SSID":"WiFi Setup - University of Leeds","BSSID":"5c:a6:2d:86:6a:23","RSSI":-54},{"SSID":"WiFi Setup - University of Leeds","BSSID":"5c:a6:2d:85:81:e3","RSSI":-55},{"SSID":"MeetInLeeds","BSSID":"5c:a6:2d:85:81:e2","RSSI":-55},{"SSID":"MeetInLeeds","BSSID":"5c:a6:2d:af:90:62","RSSI":-61},{"SSID":"WiFi Setup - University of Leeds","BSSID":"5c:a6:2d:af:90:63","RSSI":-62},{"SSID":"MeetInLeeds","BSSID":"5c:a6:2d:86:6c:c2","RSSI":-64},{"SSID":"WiFi Setup - University of Leeds","BSSID":"5c:a6:2d:86:6c:c3","RSSI":-64},{"SSID":"eduroam","BSSID":"5c:a6:2d:86:6c:ce","RSSI":-69},{"SSID":"WiFi Setup - University of Leeds","BSSID":"5c:a6:2d:86:6a:43","RSSI":-70},{"SSID":"MeetInLeeds","BSSID":"5c:a6:2d:86:6a:42","RSSI":-70},{"SSID":"WiFi Setup - University of Leeds","BSSID":"5c:a6:2d:86:6c:cc","RSSI":-70},{"SSID":"MeetInLeeds","BSSID":"5c:a6:2d:86:6c:cd","RSSI":-70},{"SSID":"MeetInLeeds","BSSID":"5c:a6:2d:af:8f:62","RSSI":-71},{"SSID":"MeetInLeeds","BSSID":"5c:a6:2d:b5:ca:e2","RSSI":-71},{"SSID":"MeetInLeeds","BSSID":"5c:a6:2d:af:90:6d","RSSI":-71},{"SSID":"eduroam","BSSID":"5c:a6:2d:af:90:6e","RSSI":-71},{"SSID":"WiFi Setup - University of Leeds","BSSID":"5c:a6:2d:af:8f:63","RSSI":-72},{"SSID":"WiFi Setup - University of Leeds","BSSID":"5c:a6:2d:af:90:6c","RSSI":-72},{"SSID":"WiFi Setup - University of Leeds","BSSID":"5c:a6:2d:b5:ca:e3","RSSI":-72},{"SSID":"MeetInLeeds","BSSID":"5c:a6:2d:86:6b:62","RSSI":-72},{"SSID":"WiFi Setup - University of Leeds","BSSID":"5c:a6:2d:86:6b:63","RSSI":-72},{"SSID":"eduroam","BSSID":"5c:a6:2d:85:81:ee","RSSI":-73},{"SSID":"MeetInLeeds","BSSID":"5c:a6:2d:85:81:ed","RSSI":-73},{"SSID":"WiFi Setup - University of Leeds","BSSID":"5c:a6:2d:85:81:ec","RSSI":-73},{"SSID":"WiFi Setup - University of Leeds","BSSID":"5c:a6:2d:cf:c3:23","RSSI":-75},{"SSID":"WiFi Setup - University of Leeds","BSSID":"5c:a6:2d:cf:b0:03","RSSI":-76},{"SSID":"MeetInLeeds","BSSID":"5c:a6:2d:cf:c3:22","RSSI":-76},{"SSID":"MeetInLeeds","BSSID":"5c:a6:2d:cf:b0:02","RSSI":-77},{"SSID":"eduroam","BSSID":"5c:a6:2d:cf:c3:21","RSSI":-77},{"SSID":"MeetInLeeds","BSSID":"5c:a6:2d:af:8f:6d","RSSI":-78},{"SSID":"MeetInLeeds","BSSID":"5c:a6:2d:85:81:cd","RSSI":-78},{"SSID":"WiFi Setup - University of Leeds","BSSID":"5c:a6:2d:af:8f:6c","RSSI":-79},{"SSID":"eduroam","BSSID":"5c:a6:2d:af:8f:6e","RSSI":-81}],[{"SSID":"WiFi Setup - University of Leeds","BSSID":"5c:a6:2d:ce:ac:83","RSSI":-40},{"SSID":"MeetInLeeds","BSSID":"5c:a6:2d:ce:ac:82","RSSI":-42},{"SSID":"MeetInLeeds","BSSID":"5c:a6:2d:86:69:e2","RSSI":-52},{"SSID":"WiFi Setup - University of Leeds","BSSID":"5c:a6:2d:86:69:e3","RSSI":-52},{"SSID":"WiFi Setup - University of Leeds","BSSID":"5c:a6:2d:85:81:e3","RSSI":-61},{"SSID":"WiFi Setup - University of Leeds","BSSID":"5c:a6:2d:86:6a:23","RSSI":-63},{"SSID":"MeetInLeeds","BSSID":"5c:a6:2d:86:6a:22","RSSI":-63},{"SSID":"MeetInLeeds","BSSID":"5c:a6:2d:af:90:62","RSSI":-64},{"SSID":"WiFi Setup - University of Leeds","BSSID":"5c:a6:2d:86:6c:c3","RSSI":-66},{"SSID":"eduroam","BSSID":"5c:a6:2d:af:8f:61","RSSI":-69},{"SSID":"MeetInLeeds","BSSID":"5c:a6:2d:af:8f:62","RSSI":-69},{"SSID":"eduroam","BSSID":"5c:a6:2d:86:6a:41","RSSI":-72},{"SSID":"WiFi Setup - University of Leeds","BSSID":"5c:a6:2d:86:6a:43","RSSI":-72},{"SSID":"MeetInLeeds","BSSID":"5c:a6:2d:cf:b0:02","RSSI":-75},{"SSID":"WiFi Setup - University of Leeds","BSSID":"5c:a6:2d:cf:b0:03","RSSI":-76},{"SSID":"WiFi Setup - University of Leeds","BSSID":"5c:a6:2d:86:6d:23","RSSI":-77},{"SSID":"MeetInLeeds","BSSID":"5c:a6:2d:af:91:e2","RSSI":-77},{"SSID":"WiFi Setup - University of Leeds","BSSID":"5c:a6:2d:b5:ca:e3","RSSI":-78},{"SSID":"WiFi Setup - University of Leeds","BSSID":"5c:a6:2d:cf:e3:43","RSSI":-82},{"SSID":"eduroam","BSSID":"5c:a6:2d:cf:e3:41","RSSI":-82},{"SSID":"WiFi Setup - University of Leeds","BSSID":"5c:a6:2d:1e:09:03","RSSI":-83}],[{"SSID":"MeetInLeeds","BSSID":"5c:a6:2d:ce:ac:82","RSSI":-43},{"SSID":"eduroam","BSSID":"5c:a6:2d:ce:ac:81","RSSI":-43},{"SSID":"WiFi Setup - University of Leeds","BSSID":"5c:a6:2d:ce:ac:83","RSSI":-43},{"SSID":"MeetInLeeds","BSSID":"5c:a6:2d:ce:ac:8d","RSSI":-43},{"SSID":"eduroam","BSSID":"5c:a6:2d:ce:ac:8e","RSSI":-44},{"SSID":"eduroam","BSSID":"5c:a6:2d:86:69:e1","RSSI":-47},{"SSID":"WiFi Setup - University of Leeds","BSSID":"5c:a6:2d:86:69:e3","RSSI":-48},{"SSID":"MeetInLeeds","BSSID":"5c:a6:2d:86:6a:22","RSSI":-59},{"SSID":"WiFi Setup - University of Leeds","BSSID":"5c:a6:2d:86:6a:23","RSSI":-60},{"SSID":"WiFi Setup - University of Leeds","BSSID":"5c:a6:2d:af:90:63","RSSI":-63},{"SSID":"eduroam","BSSID":"5c:a6:2d:af:90:61","RSSI":-63},{"SSID":"MeetInLeeds","BSSID":"5c:a6:2d:af:90:62","RSSI":-63},{"SSID":"WiFi Setup - University of Leeds","BSSID":"5c:a6:2d:86:6a:43","RSSI":-67},{"SSID":"MeetInLeeds","BSSID":"5c:a6:2d:86:6c:c2","RSSI":-67},{"SSID":"WiFi Setup - University of Leeds","BSSID":"5c:a6:2d:86:6c:c3","RSSI":-67},{"SSID":"MeetInLeeds","BSSID":"5c:a6:2d:86:69:e2","RSSI":-67},{"SSID":"MeetInLeeds","BSSID":"5c:a6:2d:86:6a:42","RSSI":-68},{"SSID":"WiFi Setup - University of Leeds","BSSID":"5c:a6:2d:af:8f:63","RSSI":-68},{"SSID":"MeetInLeeds","BSSID":"5c:a6:2d:cf:b0:02","RSSI":-72},{"SSID":"WiFi Setup - University of Leeds","BSSID":"5c:a6:2d:cf:c3:23","RSSI":-72},{"SSID":"eduroam","BSSID":"5c:a6:2d:cf:c3:21","RSSI":-72},{"SSID":"eduroam","BSSID":"5c:a6:2d:b5:ca:e1","RSSI":-73},{"SSID":"eduroam","BSSID":"5c:a6:2d:af:8f:6e","RSSI":-77},{"SSID":"MeetInLeeds","BSSID":"5c:a6:2d:af:8f:6d","RSSI":-77},{"SSID":"WiFi Setup - University of Leeds","BSSID":"5c:a6:2d:af:8f:6c","RSSI":-77},{"SSID":"WiFi Setup - University of Leeds","BSSID":"5c:a6:2d:cf:e3:43","RSSI":-78},{"SSID":"eduroam","BSSID":"5c:a6:2d:af:91:e1","RSSI":-78},{"SSID":"MeetInLeeds","BSSID":"5c:a6:2d:cf:c4:42","RSSI":-79},{"SSID":"WiFi Setup - University of Leeds","BSSID":"5c:a6:2d:af:91:e3","RSSI":-79},{"SSID":"WiFi Setup - University of Leeds","BSSID":"5c:a6:2d:cf:b0:0c","RSSI":-82},{"SSID":"MeetInLeeds","BSSID":"5c:a6:2d:cf:b0:0d","RSSI":-82},{"SSID":"eduroam","BSSID":"5c:a6:2d:cf:b0:0e","RSSI":-83}],[{"SSID":"WiFi Setup - University of Leeds","BSSID":"5c:a6:2d:ce:ac:8c","RSSI":-40},{"SSID":"eduroam","BSSID":"5c:a6:2d:ce:ac:8e","RSSI":-40},{"SSID":"MeetInLeeds","BSSID":"5c:a6:2d:ce:ac:8d","RSSI":-41},{"SSID":"MeetInLeeds","BSSID":"5c:a6:2d:ce:ac:82","RSSI":-42},{"SSID":"WiFi Setup - University of Leeds","BSSID":"5c:a6:2d:ce:ac:83","RSSI":-42},{"SSID":"MeetInLeeds","BSSID":"5c:a6:2d:86:69:e2","RSSI":-49},{"SSID":"WiFi Setup - University of Leeds","BSSID":"5c:a6:2d:86:69:e3","RSSI":-49},{"SSID":"WiFi Setup - University of Leeds","BSSID":"5c:a6:2d:86:6a:2c","RSSI":-50},{"SSID":"eduroam","BSSID":"5c:a6:2d:86:6a:2e","RSSI":-51},{"SSID":"MeetInLeeds","BSSID":"5c:a6:2d:86:6a:2d","RSSI":-51},{"SSID":"MeetInLeeds","BSSID":"5c:a6:2d:86:6a:22","RSSI":-53},{"SSID":"WiFi Setup - University of Leeds","BSSID":"5c:a6:2d:86:6a:23","RSSI":-54},{"SSID":"WiFi Setup - University of Leeds","BSSID":"5c:a6:2d:85:81:e3","RSSI":-55},{"SSID":"MeetInLeeds","BSSID":"5c:a6:2d:85:81:e2","RSSI":-55},{"SSID":"WiFi Setup - University of Leeds","BSSID":"5c:a6:2d:86:6a:43","RSSI":-64},{"SSID":"MeetInLeeds","BSSID":"5c:a6:2d:af:90:62","RSSI":-65},{"SSID":"MeetInLeeds","BSSID":"5c:a6:2d:86:6a:42","RSSI":-66},{"SSID":"WiFi Setup - University of Leeds","BSSID":"5c:a6:2d:af:90:63","RSSI":-66},{"SSID":"WiFi Setup - University of Leeds","BSSID":"5c:a6:2d:86:6c:c3","RSSI":-67},{"SSID":"WiFi Setup - University of Leeds","BSSID":"5c:a6:2d:af:8f:63","RSSI":-68},{"SSID":"MeetInLeeds","BSSID":"5c:a6:2d:86:6c:c2","RSSI":-69},{"SSID":"eduroam","BSSID":"5c:a6:2d:85:81:ee","RSSI":-70},{"SSID":"MeetInLeeds","BSSID":"5c:a6:2d:85:81:ed","RSSI":-70},{"SSID":"WiFi Setup - University of Leeds","BSSID":"5c:a6:2d:85:81:ec","RSSI":-70},{"SSID":"MeetInLeeds","BSSID":"5c:a6:2d:af:8f:62","RSSI":-70},{"SSID":"MeetInLeeds","BSSID":"5c:a6:2d:86:6c:cd","RSSI":-72},{"SSID":"eduroam","BSSID":"5c:a6:2d:86:6c:ce","RSSI":-72},{"SSID":"WiFi Setup - University of Leeds","BSSID":"5c:a6:2d:af:90:6c","RSSI":-73},{"SSID":"WiFi Setup - University of Leeds","BSSID":"5c:a6:2d:86:6c:cc","RSSI":-73},{"SSID":"MeetInLeeds","BSSID":"5c:a6:2d:cf:c3:2d","RSSI":-75},{"SSID":"WiFi Setup - University of Leeds","BSSID":"5c:a6:2d:cf:c3:23","RSSI":-75},{"SSID":"WiFi Setup - University of Leeds","BSSID":"5c:a6:2d:86:6a:4c","RSSI":-75},{"SSID":"MeetInLeeds","BSSID":"5c:a6:2d:b5:ca:e2","RSSI":-75},{"SSID":"MeetInLeeds","BSSID":"5c:a6:2d:af:90:6d","RSSI":-75},{"SSID":"eduroam","BSSID":"5c:a6:2d:af:90:6e","RSSI":-75},{"SSID":"eduroam","BSSID":"5c:a6:2d:cf:c3:2e","RSSI":-76},{"SSID":"WiFi Setup - University of Leeds","BSSID":"5c:a6:2d:cf:c3:2c","RSSI":-76},{"SSID":"eduroam","BSSID":"5c:a6:2d:86:6a:4e","RSSI":-76},{"SSID":"WiFi Setup - University of Leeds","BSSID":"5c:a6:2d:b5:ca:e3","RSSI":-76},{"SSID":"WiFi Setup - University of Leeds","BSSID":"5c:a6:2d:eb:9d:83","RSSI":-76},{"SSID":"MeetInLeeds","BSSID":"5c:a6:2d:cf:c3:22","RSSI":-77},{"SSID":"MeetInLeeds","BSSID":"5c:a6:2d:86:6a:4d","RSSI":-77},{"SSID":"MeetInLeeds","BSSID":"5c:a6:2d:eb:9d:82","RSSI":-77},{"SSID":"WiFi Setup - University of Leeds","BSSID":"5c:a6:2d:85:81:cc","RSSI":-78},{"SSID":"MeetInLeeds","BSSID":"5c:a6:2d:85:81:cd","RSSI":-78},{"SSID":"MeetInLeeds","BSSID":"5c:a6:2d:cf:c4:42","RSSI":-78},{"SSID":"WiFi Setup - University of Leeds","BSSID":"5c:a6:2d:af:91:e3","RSSI":-78},{"SSID":"MeetInLeeds","BSSID":"5c:a6:2d:af:91:e2","RSSI":-78},{"SSID":"MeetInLeeds","BSSID":"5c:a6:2d:af:8f:6d","RSSI":-79},{"SSID":"WiFi Setup - University of Leeds","BSSID":"5c:a6:2d:af:8f:6c","RSSI":-79},{"SSID":"WiFi Setup - University of Leeds","BSSID":"5c:a6:2d:cf:c4:43","RSSI":-79},{"SSID":"eduroam","BSSID":"5c:a6:2d:cf:c4:41","RSSI":-79},{"SSID":"MeetInLeeds","BSSID":"5c:a6:2d:eb:9d:8d","RSSI":-81},{"SSID":"WiFi Setup - University of Leeds","BSSID":"5c:a6:2d:eb:9d:8c","RSSI":-82},{"SSID":"eduroam","BSSID":"5c:a6:2d:cf:b0:0e","RSSI":-83},{"SSID":"WiFi Setup - University of Leeds","BSSID":"5c:a6:2d:86:6d:23","RSSI":-84},{"SSID":"MeetInLeeds","BSSID":"5c:a6:2d:cf:b0:0d","RSSI":-84},{"SSID":"WiFi Setup - University of Leeds","BSSID":"5c:a6:2d:af:91:ec","RSSI":-86},{"SSID":"MeetInLeeds","BSSID":"5c:a6:2d:af:91:ed","RSSI":-87},{"SSID":"eduroam","BSSID":"5c:a6:2d:af:91:ee","RSSI":-89}],[{"SSID":"MeetInLeeds","BSSID":"5c:a6:2d:ce:ac:8d","RSSI":-38},{"SSID":"WiFi Setup - University of Leeds","BSSID":"5c:a6:2d:ce:ac:8c","RSSI":-39},{"SSID":"eduroam","BSSID":"5c:a6:2d:ce:ac:8e","RSSI":-39},{"SSID":"MeetInLeeds","BSSID":"5c:a6:2d:ce:ac:82","RSSI":-44},{"SSID":"WiFi Setup - University of Leeds","BSSID":"5c:a6:2d:ce:ac:83","RSSI":-44},{"SSID":"MeetInLeeds","BSSID":"5c:a6:2d:86:69:e2","RSSI":-48},{"SSID":"WiFi Setup - University of Leeds","BSSID":"5c:a6:2d:86:69:e3","RSSI":-48},{"SSID":"eduroam","BSSID":"5c:a6:2d:86:6a:2e","RSSI":-51},{"SSID":"WiFi Setup - University of Leeds","BSSID":"5c:a6:2d:86:6a:2c","RSSI":-52},{"SSID":"MeetInLeeds","BSSID":"5c:a6:2d:86:6a:2d","RSSI":-52},{"SSID":"WiFi Setup - University of Leeds","BSSID":"5c:a6:2d:85:81:e3","RSSI":-56},{"SSID":"WiFi Setup - University of Leeds","BSSID":"5c:a6:2d:86:6a:23","RSSI":-56},{"SSID":"MeetInLeeds","BSSID":"5c:a6:2d:85:81:e2","RSSI":-57},{"SSID":"MeetInLeeds","BSSID":"5c:a6:2d:86:6a:22","RSSI":-57},{"SSID":"WiFi Setup - University of Leeds","BSSID":"5c:a6:2d:af:90:63","RSSI":-63},{"SSID":"MeetInLeeds","BSSID":"5c:a6:2d:af:90:62","RSSI":-64},{"SSID":"WiFi Setup - University of Leeds","BSSID":"5c:a6:2d:86:6a:43","RSSI":-67},{"SSID":"MeetInLeeds","BSSID":"5c:a6:2d:86:6c:c2","RSSI":-67},{"SSID":"WiFi Setup - University of Leeds","BSSID":"5c:a6:2d:af:8f:63","RSSI":-70},{"SSID":"eduroam","BSSID":"5c:a6:2d:af:90:6e","RSSI":-70},{"SSID":"WiFi Setup - University of Leeds","BSSID":"5c:a6:2d:af:90:6c","RSSI":-71},{"SSID":"WiFi Setup - University of Leeds","BSSID":"5c:a6:2d:86:6b:63","RSSI":-73},{"SSID":"WiFi Setup - University of Leeds","BSSID":"5c:a6:2d:cf:b0:03","RSSI":-74},{"SSID":"MeetInLeeds","BSSID":"5c:a6:2d:cf:b0:02","RSSI":-74},{"SSID":"eduroam","BSSID":"5c:a6:2d:cf:b0:01","RSSI":-74},{"SSID":"WiFi Setup - University of Leeds","BSSID":"5c:a6:2d:cf:c3:23","RSSI":-74},{"SSID":"MeetInLeeds","BSSID":"5c:a6:2d:86:6b:62","RSSI":-74},{"SSID":"WiFi Setup - University of Leeds","BSSID":"5c:a6:2d:86:6c:cc","RSSI":-75},{"SSID":"MeetInLeeds","BSSID":"5c:a6:2d:86:6c:cd","RSSI":-75},{"SSID":"eduroam","BSSID":"5c:a6:2d:86:6c:ce","RSSI":-75},{"SSID":"eduroam","BSSID":"5c:a6:2d:af:8f:6e","RSSI":-77},{"SSID":"MeetInLeeds","BSSID":"5c:a6:2d:cf:e3:42","RSSI":-78},{"SSID":"WiFi Setup - University of Leeds","BSSID":"5c:a6:2d:cf:e3:43","RSSI":-78},{"SSID":"MeetInLeeds","BSSID":"5c:a6:2d:af:91:e2","RSSI":-78},{"SSID":"eduroam","BSSID":"5c:a6:2d:af:91:e1","RSSI":-78},{"SSID":"MeetInLeeds","BSSID":"5c:a6:2d:86:6d:22","RSSI":-80},{"SSID":"WiFi Setup - University of Leeds","BSSID":"5c:a6:2d:86:6d:23","RSSI":-81},{"SSID":"WiFi Setup - University of Leeds","BSSID":"5c:a6:2d:cf:b0:0c","RSSI":-83},{"SSID":"MeetInLeeds","BSSID":"5c:a6:2d:cf:b0:0d","RSSI":-83},{"SSID":"WiFi Setup - University of Leeds","BSSID":"5c:a6:2d:45:db:83","RSSI":-83},{"SSID":"MeetInLeeds","BSSID":"5c:a6:2d:45:db:82","RSSI":-83},{"SSID":"eduroam","BSSID":"5c:a6:2d:cf:b0:0e","RSSI":-84},{"SSID":"MeetInLeeds","BSSID":"5c:a6:2d:af:91:ed","RSSI":-85}],[{"SSID":"eduroam","BSSID":"5c:a6:2d:ce:ac:8e","RSSI":-39},{"SSID":"MeetInLeeds","BSSID":"5c:a6:2d:ce:ac:8d","RSSI":-40},{"SSID":"WiFi Setup - University of Leeds","BSSID":"5c:a6:2d:ce:ac:8c","RSSI":-40},{"SSID":"WiFi Setup - University of Leeds","BSSID":"5c:a6:2d:ce:ac:83","RSSI":-42},{"SSID":"MeetInLeeds","BSSID":"5c:a6:2d:ce:ac:82","RSSI":-43},{"SSID":"MeetInLeeds","BSSID":"5c:a6:2d:86:69:e2","RSSI":-46},{"SSID":"WiFi Setup - University of Leeds","BSSID":"5c:a6:2d:86:69:e3","RSSI":-47},{"SSID":"MeetInLeeds","BSSID":"5c:a6:2d:86:69:ed","RSSI":-51},{"SSID":"WiFi Setup - University of Leeds","BSSID":"5c:a6:2d:86:69:ec","RSSI":-51},{"SSID":"eduroam","BSSID":"5c:a6:2d:86:69:ee","RSSI":-51},{"SSID":"WiFi Setup - University of Leeds","BSSID":"5c:a6:2d:86:6a:23","RSSI":-55},{"SSID":"WiFi Setup - University of Leeds","BSSID":"5c:a6:2d:86:6a:2c","RSSI":-56},{"SSID":"MeetInLeeds","BSSID":"5c:a6:2d:86:6a:2d","RSSI":-56},{"SSID":"MeetInLeeds","BSSID":"5c:a6:2d:86:6a:22","RSSI":-56},{"SSID":"eduroam","BSSID":"5c:a6:2d:86:6a:2e","RSSI":-57},{"SSID":"WiFi Setup - University of Leeds","BSSID":"5c:a6:2d:85:81:e3","RSSI":-57},{"SSID":"MeetInLeeds","BSSID":"5c:a6:2d:85:81:e2","RSSI":-57},{"SSID":"WiFi Setup - University of Leeds","BSSID":"5c:a6:2d:86:6a:43","RSSI":-64},{"SSID":"MeetInLeeds","BSSID":"5c:a6:2d:86:6a:42","RSSI":-64},{"SSID":"WiFi Setup - University of Leeds","BSSID":"5c:a6:2d:af:8f:63","RSSI":-68},{"SSID":"eduroam","BSSID":"5c:a6:2d:85:81:ee","RSSI":-73},{"SSID":"MeetInLeeds","BSSID":"5c:a6:2d:85:81:ed","RSSI":-73},{"SSID":"WiFi Setup - University of Leeds","BSSID":"5c:a6:2d:85:81:ec","RSSI":-73},{"SSID":"WiFi Setup - University of Leeds","BSSID":"5c:a6:2d:86:6c:c3","RSSI":-73},{"SSID":"WiFi Setup - University of Leeds","BSSID":"5c:a6:2d:86:6c:cc","RSSI":-74},{"SSID":"eduroam","BSSID":"5c:a6:2d:86:6c:ce","RSSI":-76},{"SSID":"MeetInLeeds","BSSID":"5c:a6:2d:86:6c:cd","RSSI":-77},{"SSID":"WiFi Setup - University of Leeds","BSSID":"5c:a6:2d:85:81:c3","RSSI":-77},{"SSID":"MeetInLeeds","BSSID":"5c:a6:2d:af:8f:6d","RSSI":-78},{"SSID":"WiFi Setup - University of Leeds","BSSID":"5c:a6:2d:af:90:6c","RSSI":-78},{"SSID":"MeetInLeeds","BSSID":"5c:a6:2d:85:81:c2","RSSI":-78},{"SSID":"eduroam","BSSID":"5c:a6:2d:85:81:c1","RSSI":-78},{"SSID":"eduroam","BSSID":"5c:a6:2d:af:90:6e","RSSI":-79},{"SSID":"MeetInLeeds","BSSID":"5c:a6:2d:eb:9d:82","RSSI":-79},{"SSID":"WiFi Setup - University of Leeds","BSSID":"5c:a6:2d:85:81:cc","RSSI":-79},{"SSID":"eduroam","BSSID":"5c:a6:2d:85:81:ce","RSSI":-79},{"SSID":"MeetInLeeds","BSSID":"5c:a6:2d:85:81:cd","RSSI":-79},{"SSID":"MeetInLeeds","BSSID":"5c:a6:2d:af:90:6d","RSSI":-80},{"SSID":"WiFi Setup - University of Leeds","BSSID":"5c:a6:2d:1e:09:03","RSSI":-82}],[{"SSID":"MeetInLeeds","BSSID":"5c:a6:2d:ce:ac:8d","RSSI":-37},{"SSID":"WiFi Setup - University of Leeds","BSSID":"5c:a6:2d:ce:ac:8c","RSSI":-37},{"SSID":"eduroam","BSSID":"5c:a6:2d:ce:ac:8e","RSSI":-37},{"SSID":"MeetInLeeds","BSSID":"5c:a6:2d:ce:ac:82","RSSI":-43},{"SSID":"WiFi Setup - University of Leeds","BSSID":"5c:a6:2d:ce:ac:83","RSSI":-43},{"SSID":"MeetInLeeds","BSSID":"5c:a6:2d:86:69:e2","RSSI":-46},{"SSID":"WiFi Setup - University of Leeds","BSSID":"5c:a6:2d:86:69:e3","RSSI":-47},{"SSID":"eduroam","BSSID":"5c:a6:2d:86:6a:21","RSSI":-51},{"SSID":"WiFi Setup - University of Leeds","BSSID":"5c:a6:2d:86:6a:23","RSSI":-52},{"SSID":"MeetInLeeds","BSSID":"5c:a6:2d:86:6a:22","RSSI":-52},{"SSID":"WiFi Setup - University of Leeds","BSSID":"5c:a6:2d:86:6a:2c","RSSI":-55},{"SSID":"WiFi Setup - University of Leeds","BSSID":"5c:a6:2d:85:81:e3","RSSI":-55},{"SSID":"MeetInLeeds","BSSID":"5c:a6:2d:85:81:e2","RSSI":-55},{"SSID":"eduroam","BSSID":"5c:a6:2d:86:6a:2e","RSSI":-56},{"SSID":"MeetInLeeds","BSSID":"5c:a6:2d:86:6a:2d","RSSI":-56},{"SSID":"WiFi Setup - University of Leeds","BSSID":"5c:a6:2d:86:6a:43","RSSI":-65},{"SSID":"WiFi Setup - University of Leeds","BSSID":"5c:a6:2d:af:90:63","RSSI":-65},{"SSID":"MeetInLeeds","BSSID":"5c:a6:2d:af:90:62","RSSI":-65},{"SSID":"MeetInLeeds","BSSID":"5c:a6:2d:86:6a:42","RSSI":-66},{"SSID":"eduroam","BSSID":"5c:a6:2d:86:6c:c1","RSSI":-66},{"SSID":"MeetInLeeds","BSSID":"5c:a6:2d:86:6c:c2","RSSI":-66},{"SSID":"WiFi Setup - University of Leeds","BSSID":"5c:a6:2d:86:6c:c3","RSSI":-66},{"SSID":"MeetInLeeds","BSSID":"5c:a6:2d:af:8f:62","RSSI":-69},{"SSID":"WiFi Setup - University of Leeds","BSSID":"5c:a6:2d:b5:ca:e3","RSSI":-73},{"SSID":"MeetInLeeds","BSSID":"5c:a6:2d:cf:b0:02","RSSI":-75},{"SSID":"MeetInLeeds","BSSID":"5c:a6:2d:85:81:ed","RSSI":-76},{"SSID":"WiFi Setup - University of Leeds","BSSID":"5c:a6:2d:85:81:ec","RSSI":-76},{"SSID":"MeetInLeeds","BSSID":"5c:a6:2d:af:90:6d","RSSI":-76},{"SSID":"eduroam","BSSID":"5c:a6:2d:af:90:6e","RSSI":-76},{"SSID":"WiFi Setup - University of Leeds","BSSID":"5c:a6:2d:86:6c:cc","RSSI":-76},{"SSID":"MeetInLeeds","BSSID":"5c:a6:2d:86:6c:cd","RSSI":-76},{"SSID":"eduroam","BSSID":"5c:a6:2d:86:6c:ce","RSSI":-76},{"SSID":"eduroam","BSSID":"5c:a6:2d:af:8f:6e","RSSI":-77},{"SSID":"WiFi Setup - University of Leeds","BSSID":"5c:a6:2d:af:8f:6c","RSSI":-77},{"SSID":"eduroam","BSSID":"5c:a6:2d:85:81:ee","RSSI":-77},{"SSID":"WiFi Setup - University of Leeds","BSSID":"5c:a6:2d:af:90:6c","RSSI":-77},{"SSID":"MeetInLeeds","BSSID":"5c:a6:2d:eb:9d:82","RSSI":-77},{"SSID":"WiFi Setup - University of Leeds","BSSID":"5c:a6:2d:eb:9d:83","RSSI":-78},{"SSID":"WiFi Setup - University of Leeds","BSSID":"5c:a6:2d:85:81:cc","RSSI":-80},{"SSID":"MeetInLeeds","BSSID":"5c:a6:2d:cf:c3:2d","RSSI":-81},{"SSID":"MeetInLeeds","BSSID":"5c:a6:2d:85:81:cd","RSSI":-81},{"SSID":"WiFi Setup - University of Leeds","BSSID":"ac:3a:67:08:25:c3","RSSI":-82}],[{"SSID":"WiFi Setup - University of Leeds","BSSID":"5c:a6:2d:ce:ac:83","RSSI":-41},{"SSID":"MeetInLeeds","BSSID":"5c:a6:2d:ce:ac:82","RSSI":-42},{"SSID":"eduroam","BSSID":"5c:a6:2d:ce:ac:81","RSSI":-42},{"SSID":"MeetInLeeds","BSSID":"5c:a6:2d:ce:ac:8d","RSSI":-43},{"SSID":"WiFi Setup - University of Leeds","BSSID":"5c:a6:2d:ce:ac:8c","RSSI":-43},{"SSID":"eduroam","BSSID":"5c:a6:2d:ce:ac:8e","RSSI":-44},{"SSID":"MeetInLeeds","BSSID":"5c:a6:2d:86:69:e2","RSSI":-45},{"SSID":"WiFi Setup - University of Leeds","BSSID":"5c:a6:2d:86:69:e3","RSSI":-45},{"SSID":"eduroam","BSSID":"5c:a6:2d:86:69:e1","RSSI":-46},{"SSID":"WiFi Setup - University of Leeds","BSSID":"5c:a6:2d:86:6a:23","RSSI":-52},{"SSID":"MeetInLeeds","BSSID":"5c:a6:2d:86:6a:22","RSSI":-53},{"SSID":"MeetInLeeds","BSSID":"5c:a6:2d:85:81:e2","RSSI":-55},{"SSID":"WiFi Setup - University of Leeds","BSSID":"5c:a6:2d:af:90:63","RSSI":-63},{"SSID":"MeetInLeeds","BSSID":"5c:a6:2d:af:90:62","RSSI":-63},{"SSID":"MeetInLeeds","BSSID":"5c:a6:2d:86:6a:42","RSSI":-65},{"SSID":"WiFi Setup - University of Leeds","BSSID":"5c:a6:2d:af:8f:63","RSSI":-67},{"SSID":"MeetInLeeds","BSSID":"5c:a6:2d:af:8f:62","RSSI":-67},{"SSID":"WiFi Setup - University of Leeds","BSSID":"5c:a6:2d:86:6c:c3","RSSI":-67},{"SSID":"WiFi Setup - University of Leeds","BSSID":"5c:a6:2d:cf:b0:03","RSSI":-72},{"SSID":"WiFi Setup - University of Leeds","BSSID":"5c:a6:2d:cf:c3:23","RSSI":-72},{"SSID":"eduroam","BSSID":"5c:a6:2d:cf:c3:21","RSSI":-72},{"SSID":"MeetInLeeds","BSSID":"5c:a6:2d:af:90:6d","RSSI":-72},{"SSID":"eduroam","BSSID":"5c:a6:2d:af:90:6e","RSSI":-72},{"SSID":"eduroam","BSSID":"5c:a6:2d:86:6a:4e","RSSI":-73},{"SSID":"WiFi Setup - University of Leeds","BSSID":"5c:a6:2d:b5:ca:e3","RSSI":-73},{"SSID":"MeetInLeeds","BSSID":"5c:a6:2d:86:6b:62","RSSI":-73},{"SSID":"WiFi Setup - University of Leeds","BSSID":"5c:a6:2d:86:6b:63","RSSI":-73},{"SSID":"WiFi Setup - University of Leeds","BSSID":"5c:a6:2d:86:6a:4c","RSSI":-74},{"SSID":"MeetInLeeds","BSSID":"5c:a6:2d:86:6a:4d","RSSI":-75},{"SSID":"WiFi Setup - University of Leeds","BSSID":"5c:a6:2d:af:91:e3","RSSI":-76},{"SSID":"WiFi Setup - University of Leeds","BSSID":"5c:a6:2d:af:8f:6c","RSSI":-77},{"SSID":"WiFi Setup - University of Leeds","BSSID":"5c:a6:2d:cf:c4:43","RSSI":-77},{"SSID":"WiFi Setup - University of Leeds","BSSID":"5c:a6:2d:eb:9d:83","RSSI":-77},{"SSID":"MeetInLeeds","BSSID":"5c:a6:2d:eb:9d:82","RSSI":-78},{"SSID":"MeetInLeeds","BSSID":"5c:a6:2d:cf:c4:42","RSSI":-78},{"SSID":"WiFi Setup - University of Leeds","BSSID":"5c:a6:2d:85:81:cc","RSSI":-79},{"SSID":"eduroam","BSSID":"5c:a6:2d:85:81:ce","RSSI":-79},{"SSID":"MeetInLeeds","BSSID":"5c:a6:2d:cf:c3:2d","RSSI":-80},{"SSID":"WiFi Setup - University of Leeds","BSSID":"5c:a6:2d:cf:c3:2c","RSSI":-81},{"SSID":"eduroam","BSSID":"5c:a6:2d:85:81:c1","RSSI":-81},{"SSID":"eduroam","BSSID":"5c:a6:2d:cf:c3:2e","RSSI":-84},{"SSID":"WiFi Setup - University of Leeds","BSSID":"5c:a6:2d:cf:b0:0c","RSSI":-86}],[{"SSID":"WiFi Setup - University of Leeds","BSSID":"5c:a6:2d:ce:ac:83","RSSI":-42},{"SSID":"MeetInLeeds","BSSID":"5c:a6:2d:ce:ac:82","RSSI":-43},{"SSID":"MeetInLeeds","BSSID":"5c:a6:2d:86:69:e2","RSSI":-47},{"SSID":"WiFi Setup - University of Leeds","BSSID":"5c:a6:2d:86:69:e3","RSSI":-47},{"SSID":"WiFi Setup - University of Leeds","BSSID":"5c:a6:2d:85:81:e3","RSSI":-55},{"SSID":"MeetInLeeds","BSSID":"5c:a6:2d:85:81:e2","RSSI":-55},{"SSID":"WiFi Setup - University of Leeds","BSSID":"5c:a6:2d:86:6a:23","RSSI":-56},{"SSID":"MeetInLeeds","BSSID":"5c:a6:2d:86:6a:22","RSSI":-56},{"SSID":"WiFi Setup - University of Leeds","BSSID":"5c:a6:2d:af:90:63","RSSI":-63},{"SSID":"MeetInLeeds","BSSID":"5c:a6:2d:86:6a:42","RSSI":-65},{"SSID":"eduroam","BSSID":"5c:a6:2d:86:6c:c1","RSSI":-65},{"SSID":"WiFi Setup - University of Leeds","BSSID":"5c:a6:2d:86:6c:c3","RSSI":-65},{"SSID":"WiFi Setup - University of Leeds","BSSID":"5c:a6:2d:86:6a:43","RSSI":-66},{"SSID":"MeetInLeeds","BSSID":"5c:a6:2d:86:6c:c2","RSSI":-66},{"SSID":"WiFi Setup - University of Leeds","BSSID":"5c:a6:2d:af:8f:63","RSSI":-68},{"SSID":"MeetInLeeds","BSSID":"5c:a6:2d:af:8f:62","RSSI":-68},{"SSID":"MeetInLeeds","BSSID":"5c:a6:2d:cf:c3:22","RSSI":-70},{"SSID":"WiFi Setup - University of Leeds","BSSID":"5c:a6:2d:86:6a:4c","RSSI":-70},{"SSID":"eduroam","BSSID":"5c:a6:2d:85:81:ee","RSSI":-71},{"SSID":"MeetInLeeds","BSSID":"5c:a6:2d:85:81:ed","RSSI":-71},{"SSID":"WiFi Setup - University of Leeds","BSSID":"5c:a6:2d:85:81:ec","RSSI":-71},{"SSID":"WiFi Setup - University of Leeds","BSSID":"5c:a6:2d:cf:c3:23","RSSI":-71},{"SSID":"eduroam","BSSID":"5c:a6:2d:86:6a:4e","RSSI":-71},{"SSID":"MeetInLeeds","BSSID":"5c:a6:2d:86:6a:4d","RSSI":-72},{"SSID":"MeetInLeeds","BSSID":"5c:a6:2d:cf:c3:2d","RSSI":-77},{"SSID":"WiFi Setup - University of Leeds","BSSID":"5c:a6:2d:eb:9d:83","RSSI":-77},{"SSID":"MeetInLeeds","BSSID":"5c:a6:2d:eb:9d:82","RSSI":-78},{"SSID":"WiFi Setup - University of Leeds","BSSID":"5c:a6:2d:cf:c3:2c","RSSI":-80},{"SSID":"WiFi Setup - University of Leeds","BSSID":"5c:a6:2d:cf:b0:0c","RSSI":-82},{"SSID":"MeetInLeeds","BSSID":"5c:a6:2d:cf:b0:0d","RSSI":-82},{"SSID":"eduroam","BSSID":"5c:a6:2d:cf:c3:2e","RSSI":-82},{"SSID":"eduroam","BSSID":"5c:a6:2d:cf:b0:0e","RSSI":-83},{"SSID":"WiFi Setup - University of Leeds","BSSID":"5c:a6:2d:85:81:c3","RSSI":-84},{"SSID":"WiFi Setup - University of Leeds","BSSID":"5c:a6:2d:86:6b:6c","RSSI":-84},{"SSID":"eduroam","BSSID":"5c:a6:2d:af:90:ae","RSSI":-85}],[{"SSID":"MeetInLeeds","BSSID":"5c:a6:2d:ce:ac:8d","RSSI":-37},{"SSID":"WiFi Setup - University of Leeds","BSSID":"5c:a6:2d:ce:ac:8c","RSSI":-37},{"SSID":"eduroam","BSSID":"5c:a6:2d:ce:ac:8e","RSSI":-37},{"SSID":"MeetInLeeds","BSSID":"5c:a6:2d:ce:ac:82","RSSI":-42},{"SSID":"eduroam","BSSID":"5c:a6:2d:ce:ac:81","RSSI":-42},{"SSID":"WiFi Setup - University of Leeds","BSSID":"5c:a6:2d:ce:ac:83","RSSI":-43},{"SSID":"MeetInLeeds","BSSID":"5c:a6:2d:86:69:e2","RSSI":-47},{"SSID":"eduroam","BSSID":"5c:a6:2d:86:69:e1","RSSI":-47},{"SSID":"WiFi Setup - University of Leeds","BSSID":"5c:a6:2d:86:69:e3","RSSI":-47},{"SSID":"MeetInLeeds","BSSID":"5c:a6:2d:86:69:ed","RSSI":-52},{"SSID":"WiFi Setup - University of Leeds","BSSID":"5c:a6:2d:86:69:ec","RSSI":-52},{"SSID":"WiFi Setup - University of Leeds","BSSID":"5c:a6:2d:86:6a:23","RSSI":-52},{"SSID":"MeetInLeeds","BSSID":"5c:a6:2d:86:6a:22","RSSI":-52},{"SSID":"eduroam","BSSID":"5c:a6:2d:86:69:ee","RSSI":-55},{"SSID":"WiFi Setup - University of Leeds","BSSID":"5c:a6:2d:85:81:e3","RSSI":-56},{"SSID":"MeetInLeeds","BSSID":"5c:a6:2d:85:81:e2","RSSI":-56},{"SSID":"eduroam","BSSID":"5c:a6:2d:85:81:e1","RSSI":-56},{"SSID":"WiFi Setup - University of Leeds","BSSID":"5c:a6:2d:86:6a:2c","RSSI":-57},{"SSID":"eduroam","BSSID":"5c:a6:2d:86:6a:2e","RSSI":-57},{"SSID":"MeetInLeeds","BSSID":"5c:a6:2d:86:6a:2d","RSSI":-57},{"SSID":"MeetInLeeds","BSSID":"5c:a6:2d:af:90:62","RSSI":-62},{"SSID":"WiFi Setup - University of Leeds","BSSID":"5c:a6:2d:af:90:63","RSSI":-63},{"SSID":"MeetInLeeds","BSSID":"5c:a6:2d:86:6a:42","RSSI":-64},{"SSID":"WiFi Setup - University of Leeds","BSSID":"5c:a6:2d:af:8f:6c","RSSI":-71},{"SSID":"eduroam","BSSID":"5c:a6:2d:cf:c3:21","RSSI":-71},{"SSID":"MeetInLeeds","BSSID":"5c:a6:2d:86:6b:62","RSSI":-71},{"SSID":"WiFi Setup - University of Leeds","BSSID":"5c:a6:2d:86:6b:63","RSSI":-71},{"SSID":"WiFi Setup - University of Leeds","BSSID":"5c:a6:2d:86:6c:cc","RSSI":-72},{"SSID":"MeetInLeeds","BSSID":"5c:a6:2d:86:6c:cd","RSSI":-72},{"SSID":"eduroam","BSSID":"5c:a6:2d:86:6c:ce","RSSI":-72},{"SSID":"WiFi Setup - University of Leeds","BSSID":"5c:a6:2d:cf:b0:03","RSSI":-73},{"SSID":"eduroam","BSSID":"5c:a6:2d:86:6a:4e","RSSI":-73},{"SSID":"MeetInLeeds","BSSID":"5c:a6:2d:86:6a:4d","RSSI":-73},{"SSID":"WiFi Setup - University of Leeds","BSSID":"5c:a6:2d:86:6a:4c","RSSI":-73},{"SSID":"MeetInLeeds","BSSID":"5c:a6:2d:b5:ca:e2","RSSI":-73},{"SSID":"eduroam","BSSID":"5c:a6:2d:af:8f:6e","RSSI":-74},{"SSID":"MeetInLeeds","BSSID":"5c:a6:2d:af:8f:6d","RSSI":-74},{"SSID":"eduroam","BSSID":"5c:a6:2d:b5:ca:e1","RSSI":-74},{"SSID":"WiFi Setup - University of Leeds","BSSID":"5c:a6:2d:cf:e3:43","RSSI":-77},{"SSID":"WiFi Setup - University of Leeds","BSSID":"5c:a6:2d:af:91:e3","RSSI":-77},{"SSID":"MeetInLeeds","BSSID":"5c:a6:2d:af:91:e2","RSSI":-78},{"SSID":"WiFi Setup - University of Leeds","BSSID":"5c:a6:2d:af:90:6c","RSSI":-79},{"SSID":"MeetInLeeds","BSSID":"5c:a6:2d:af:90:6d","RSSI":-80},{"SSID":"eduroam","BSSID":"5c:a6:2d:af:90:6e","RSSI":-80},{"SSID":"WiFi Setup - University of Leeds","BSSID":"5c:a6:2d:85:81:cc","RSSI":-80},{"SSID":"MeetInLeeds","BSSID":"5c:a6:2d:eb:9d:8d","RSSI":-83},{"SSID":"WiFi Setup - University of Leeds","BSSID":"5c:a6:2d:eb:9d:8c","RSSI":-84},{"SSID":"WiFi Setup - University of Leeds","BSSID":"5c:a6:2d:cf:b0:0c","RSSI":-85},{"SSID":"MeetInLeeds","BSSID":"5c:a6:2d:cf:b0:0d","RSSI":-85},{"SSID":"eduroam","BSSID":"5c:a6:2d:eb:9d:8e","RSSI":-85}]]