[[{"SSID":"MeetInLeeds","BSSID":"ac:3a:67:08:04:02","RSSI":-48},{"SSID":"eduroam","BSSID":"ac:3a:67:08:04:01","RSSI":-48},{"SSID":"eduroam","BSSID":"ac:3a:67:08:29:01","RSSI":-48},{"SSID":"MeetInLeeds","BSSID":"ac:3a:67:08:29:02","RSSI":-48},{"SSID":"MeetInLeeds","BSSID":"ac:3a:67:08:25:a2","RSSI":-54},{"SSID":"MeetInLeeds","BSSID":"5c:a6:2d:cf:b4:a2","RSSI":-54},{"SSID":"MeetInLeeds","BSSID":"5c:a6:2d:cf:b4:ad","RSSI":-55},{"SSID":"eduroam","BSSID":"5c:a6:2d:cf:b4:ae","RSSI":-55},{"SSID":"eduroam","BSSID":"5c:a6:2d:cf:b4:a1","RSSI":-55},{"SSID":"eduroam","BSSID":"ac:3a:67:08:25:ae","RSSI":-56},{"SSID":"MeetInLeeds","BSSID":"ac:3a:67:08:25:ad","RSSI":-57},{"SSID":"MeetInLeeds","BSSID":"5c:a6:2d:ce:b5:02","RSSI":-58},{"SSID":"MeetInLeeds","BSSID":"ac:3a:67:08:29:0d","RSSI":-60},{"SSID":"eduroam","BSSID":"ac:3a:67:08:29:0e","RSSI":-60},{"SSID":"MeetInLeeds","BSSID":"ac:3a:67:08:04:0d","RSSI":-62},{"SSID":"eduroam","BSSID":"ac:3a:67:08:04:0e","RSSI":-62},{"SSID":"MeetInLeeds","BSSID":"5c:a6:2d:af:94:4d","RSSI":-65},{"SSID":"eduroam","BSSID":"5c:a6:2d:af:94:4e","RSSI":-65},{"SSID":"MeetInLeeds","BSSID":"5c:a6:2d:70:7b:42","RSSI":-66},{"SSID":"eduroam","BSSID":"5c:a6:2d:70:7b:41","RSSI":-66},{"SSID":"eduroam","BSSID":"5c:a6:2d:cf:e7:41","RSSI":-67},{"SSID":"MeetInLeeds","BSSID":"ac:3a:67:08:29:a2","RSSI":-67},{"SSID":"MeetInLeeds","BSSID":"5c:a6:2d:cf:e7:4d","RSSI":-68},{"SSID":"eduroam","BSSID":"5c:a6:2d:cf:e7:4e","RSSI":-68},{"SSID":"eduroam","BSSID":"5c:a6:2d:70:7b:4e","RSSI":-72},{"SSID":"MeetInLeeds","BSSID":"ac:3a:67:08:28:42","RSSI":-72},{"SSID":"MeetInLeeds","BSSID":"5c:a6:2d:70:7b:4d","RSSI":-73},{"SSID":"eduroam","BSSID":"5c:a6:2d:af:92:e1","RSSI":-73},{"SSID":"MeetInLeeds","BSSID":"5c:a6:2d:af:92:e2","RSSI":-73},{"SSID":"eduroam","BSSID":"5c:a6:2d:cf:c1:81","RSSI":-73},{"SSID":"MeetInLeeds","BSSID":"5c:a6:2d:cf:c1:82","RSSI":-74},{"SSID":"MeetInLeeds","BSSID":"5c:a6:2d:af:91:c2","RSSI":-76},{"SSID":"eduroam","BSSID":"5c:a6:2d:af:91:c1","RSSI":-76},{"SSID":"MeetInLeeds","BSSID":"5c:a6:2d:45:db:82","RSSI":-77},{"SSID":"MeetInLeeds","BSSID":"ac:3a:67:08:29:ad","RSSI":-79},{"SSID":"eduroam","BSSID":"ac:3a:67:08:29:ae","RSSI":-79},{"SSID":"eduroam","BSSID":"5c:a6:2d:5d:ab:61","RSSI":-80},{"SSID":"eduroam","BSSID":"5c:a6:2d:70:d0:ae","RSSI":-81},{"SSID":"MeetInLeeds","BSSID":"5c:a6:2d:cf:e7:42","RSSI":-81},{"SSID":"MeetInLeeds","BSSID":"5c:a6:2d:ce:b5:0d","RSSI":-81},{"SSID":"eduroam","BSSID":"5c:a6:2d:af:92:ee","RSSI":-81},{"SSID":"MeetInLeeds","BSSID":"5c:a6:2d:af:92:ed","RSSI":-82},{"SSID":"MeetInLeeds","BSSID":"5c:a6:2d:70:d0:ad","RSSI":-82},{"SSID":"eduroam","BSSID":"5c:a6:2d:ce:b4:c1","RSSI":-82},{"SSID":"eduroam","BSSID":"ac:3a:67:08:28:4e","RSSI":-83},{"SSID":"eduroam","BSSID":"5c:a6:2d:ce:b5:0e","RSSI":-83}],[{"SSID":"eduroam","BSSID":"ac:3a:67:08:29:01","RSSI":-47},{"SSID":"MeetInLeeds","BSSID":"ac:3a:67:08:29:02","RSSI":-47},{"SSID":"MeetInLeeds","BSSID":"ac:3a:67:08:04:02","RSSI":-51},{"SSID":"MeetInLeeds","BSSID":"ac:3a:67:08:25:a2","RSSI":-51},{"SSID":"MeetInLeeds","BSSID":"5c:a6:2d:cf:b4:ad","RSSI":-54},{"SSID":"eduroam","BSSID":"5c:a6:2d:cf:b4:ae","RSSI":-55},{"SSID":"eduroam","BSSID":"ac:3a:67:08:29:0e","RSSI":-57},{"SSID":"MeetInLeeds","BSSID":"5c:a6:2d:cf:b4:a2","RSSI":-57},{"SSID":"MeetInLeeds","BSSID":"ac:3a:67:08:29:0d","RSSI":-58},{"SSID":"eduroam","BSSID":"5c:a6:2d:af:94:41","RSSI":-60},{"SSID":"eduroam","BSSID":"ac:3a:67:08:25:ae","RSSI":-60},{"SSID":"MeetInLeeds","BSSID":"ac:3a:67:08:25:ad","RSSI":-60},{"SSID":"MeetInLeeds","BSSID":"5c:a6:2d:af:94:42","RSSI":-61},{"SSID":"MeetInLeeds","BSSID":"5c:a6:2d:cf:e7:42","RSSI":-62},{"SSID":"eduroam","BSSID":"ac:3a:67:08:04:0e","RSSI":-64},{"SSID":"MeetInLeeds","BSSID":"5c:a6:2d:cf:e7:4d","RSSI":-64},{"SSID":"eduroam","BSSID":"5c:a6:2d:cf:e7:4e","RSSI":-64},{"SSID":"MeetInLeeds","BSSID":"ac:3a:67:08:04:0d","RSSI":-65},{"SSID":"MeetInLeeds","BSSID":"5c:a6:2d:af:94:4d","RSSI":-68},{"SSID":"eduroam","BSSID":"5c:a6:2d:af:94:4e","RSSI":-68},{"SSID":"eduroam","BSSID":"5c:a6:2d:af:92:e1","RSSI":-69},{"SSID":"MeetInLeeds","BSSID":"5c:a6:2d:70:d0:a2","RSSI":-71},{"SSID":"eduroam","BSSID":"5c:a6:2d:70:7b:4e","RSSI":-71},{"SSID":"MeetInLeeds","BSSID":"5c:a6:2d:70:7b:4d","RSSI":-71},{"SSID":"eduroam","BSSID":"ac:3a:67:08:29:a1","RSSI":-71},{"SSID":"MeetInLeeds","BSSID":"ac:3a:67:08:29:a2","RSSI":-71},{"SSID":"MeetInLeeds","BSSID":"5c:a6:2d:70:7b:42","RSSI":-73},{"SSID":"MeetInLeeds","BSSID":"ac:3a:67:08:28:42","RSSI":-76},{"SSID":"eduroam","BSSID":"5c:a6:2d:af:92:ee","RSSI":-77},{"SSID":"MeetInLeeds","BSSID":"5c:a6:2d:af:92:ed","RSSI":-77},{"SSID":"MeetInLeeds","BSSID":"5c:a6:2d:ce:b5:02","RSSI":-77},{"SSID":"MeetInLeeds","BSSID":"5c:a6:2d:cf:b3:62","RSSI":-79},{"SSID":"MeetInLeeds","BSSID":"5c:a6:2d:70:d0:ad","RSSI":-79},{"SSID":"MeetInLeeds","BSSID":"5c:a6:2d:cf:c1:82","RSSI":-79},{"SSID":"eduroam","BSSID":"5c:a6:2d:70:d0:ae","RSSI":-80},{"SSID":"MeetInLeeds","BSSID":"ac:3a:67:08:29:ad","RSSI":-81},{"SSID":"eduroam","BSSID":"ac:3a:67:08:29:ae","RSSI":-81},{"SSID":"eduroam","BSSID":"ac:3a:67:08:28:4e","RSSI":-83},{"SSID":"MeetInLeeds","BSSID":"ac:3a:67:08:28:4d","RSSI":-83},{"SSID":"MeetInLeeds","BSSID":"5c:a6:2d:ce:b5:0d","RSSI":-86}],[{"SSID":"eduroam","BSSID":"ac:3a:67:08:29:01","RSSI":-43},{"SSID":"MeetInLeeds","BSSID":"ac:3a:67:08:29:02","RSSI":-44},{"SSID":"MeetInLeeds","BSSID":"ac:3a:67:08:04:02","RSSI":-48},{"SSID":"MeetInLeeds","BSSID":"ac:3a:67:08:25:a2","RSSI":-52},{"SSID":"MeetInLeeds","BSSID":"5c:a6:2d:cf:b4:ad","RSSI":-54},{"SSID":"eduroam","BSSID":"5c:a6:2d:cf:b4:ae","RSSI":-54},{"SSID":"eduroam","BSSID":"ac:3a:67:08:25:ae","RSSI":-55},{"SSID":"MeetInLeeds","BSSID":"ac:3a:67:08:25:ad","RSSI":-55},{"SSID":"MeetInLeeds","BSSID":"ac:3a:67:08:29:0d","RSSI":-57},{"SSID":"eduroam","BSSID":"5c:a6:2d:cf:b4:a1","RSSI":-57},{"SSID":"MeetInLeeds","BSSID":"5c:a6:2d:af:94:42","RSSI":-58},{"SSID":"eduroam","BSSID":"ac:3a:67:08:29:0e","RSSI":-58},{"SSID":"MeetInLeeds","BSSID":"5c:a6:2d:cf:b4:a2","RSSI":-58},{"SSID":"MeetInLeeds","BSSID":"5c:a6:2d:af:94:4d","RSSI":-63},{"SSID":"eduroam","BSSID":"5c:a6:2d:af:94:4e","RSSI":-64},{"SSID":"eduroam","BSSID":"5c:a6:2d:cf:e7:4e","RSSI":-64},{"SSID":"eduroam","BSSID":"ac:3a:67:08:04:0e","RSSI":-65},{"SSID":"MeetInLeeds","BSSID":"5c:a6:2d:cf:e7:42","RSSI":-65},{"SSID":"MeetInLeeds","BSSID":"ac:3a:67:08:04:0d","RSSI":-66},{"SSID":"MeetInLeeds","BSSID":"ac:3a:67:08:29:a2","RSSI":-67},{"SSID":"MeetInLeeds","BSSID":"5c:a6:2d:70:7b:42","RSSI":-69},{"SSID":"MeetInLeeds","BSSID":"5c:a6:2d:cf:e7:4d","RSSI":-69},{"SSID":"MeetInLeeds","BSSID":"5c:a6:2d:af:92:e2","RSSI":-70},{"SSID":"MeetInLeeds","BSSID":"5c:a6:2d:70:d0:a2","RSSI":-71},{"SSID":"eduroam","BSSID":"5c:a6:2d:af:92:e1","RSSI":-71},{"SSID":"MeetInLeeds","BSSID":"5c:a6:2d:cf:b3:62","RSSI":-73},{"SSID":"eduroam","BSSID":"5c:a6:2d:ce:b5:0e","RSSI":-75},{"SSID":"MeetInLeeds","BSSID":"ac:3a:67:08:28:42","RSSI":-76},{"SSID":"MeetInLeeds","BSSID":"5c:a6:2d:ce:b5:0d","RSSI":-76},{"SSID":"MeetInLeeds","BSSID":"5c:a6:2d:af:92:ed","RSSI":-78},{"SSID":"MeetInLeeds","BSSID":"5c:a6:2d:cf:c1:82","RSSI":-78},{"SSID":"MeetInLeeds","BSSID":"ac:3a:67:08:29:ad","RSSI":-78},{"SSID":"eduroam","BSSID":"5c:a6:2d:af:92:ee","RSSI":-79},{"SSID":"MeetInLeeds","BSSID":"ac:3a:67:08:28:4d","RSSI":-82},{"SSID":"eduroam","BSSID":"5c:a6:2d:af:91:c1","RSSI":-82},{"SSID":"eduroam","BSSID":"ac:3a:67:08:28:4e","RSSI":-83},{"SSID":"eduroam","BSSID":"5c:a6:2d:70:d0:ae","RSSI":-83},{"SSID":"MeetInLeeds","BSSID":"5c:a6:2d:70:d0:ad","RSSI":-83},{"SSID":"MeetInLeeds","BSSID":"5c:a6:2d:af:91:c2","RSSI":-84},{"SSID":"eduroam","BSSID":"5c:a6:2d:86:6c:ae","RSSI":-85},{"SSID":"MeetInLeeds","BSSID":"5c:a6:2d:86:6c:ad","RSSI":-85}],[{"SSID":"eduroam","BSSID":"ac:3a:67:08:29:01","RSSI":-51},{"SSID":"eduroam","BSSID":"ac:3a:67:08:04:01","RSSI":-52},{"SSID":"MeetInLeeds","BSSID":"ac:3a:67:08:29:02","RSSI":-52},{"SSID":"MeetInLeeds","BSSID":"ac:3a:67:08:25:a2","RSSI":-52},{"SSID":"MeetInLeeds","BSSID":"ac:3a:67:08:04:02","RSSI":-53},{"SSID":"eduroam","BSSID":"ac:3a:67:08:25:a1","RSSI":-53},{"SSID":"eduroam","BSSID":"5c:a6:2d:cf:b4:ae","RSSI":-55},{"SSID":"MeetInLeeds","BSSID":"5c:a6:2d:cf:b4:ad","RSSI":-56},{"SSID":"eduroam","BSSID":"5c:a6:2d:cf:b4:a1","RSSI":-56},{"SSID":"MeetInLeeds","BSSID":"5c:a6:2d:cf:b4:a2","RSSI":-56},{"SSID":"eduroam","BSSID":"ac:3a:67:08:25:ae","RSSI":-59},{"SSID":"MeetInLeeds","BSSID":"ac:3a:67:08:25:ad","RSSI":-59},{"SSID":"MeetInLeeds","BSSID":"5c:a6:2d:ce:b5:02","RSSI":-62},{"SSID":"MeetInLeeds","BSSID":"ac:3a:67:08:29:0d","RSSI":-62},{"SSID":"eduroam","BSSID":"ac:3a:67:08:29:0e","RSSI":-62},{"SSID":"eduroam","BSSID":"5c:a6:2d:cf:e7:41","RSSI":-64},{"SSID":"MeetInLeeds","BSSID":"5c:a6:2d:cf:e7:42","RSSI":-64},{"SSID":"MeetInLeeds","BSSID":"5c:a6:2d:af:94:4d","RSSI":-64},{"SSID":"eduroam","BSSID":"5c:a6:2d:af:94:4e","RSSI":-64},{"SSID":"MeetInLeeds","BSSID":"5c:a6:2d:70:7b:42","RSSI":-65},{"SSID":"MeetInLeeds","BSSID":"5c:a6:2d:cf:e7:4d","RSSI":-66},{"SSID":"eduroam","BSSID":"5c:a6:2d:cf:e7:4e","RSSI":-66},{"SSID":"eduroam","BSSID":"ac:3a:67:08:29:a1","RSSI":-66},{"SSID":"MeetInLeeds","BSSID":"ac:3a:67:08:29:a2","RSSI":-66},{"SSID":"eduroam","BSSID":"5c:a6:2d:cf:b3:61","RSSI":-68},{"SSID":"MeetInLeeds","BSSID":"5c:a6:2d:cf:b3:62","RSSI":-69},{"SSID":"eduroam","BSSID":"ac:3a:67:08:04:0e","RSSI":-70},{"SSID":"MeetInLeeds","BSSID":"ac:3a:67:08:04:0d","RSSI":-71},{"SSID":"MeetInLeeds","BSSID":"5c:a6:2d:70:d0:a2","RSSI":-72},{"SSID":"eduroam","BSSID":"5c:a6:2d:70:d0:a1","RSSI":-73},{"SSID":"eduroam","BSSID":"5c:a6:2d:af:92:e1","RSSI":-75},{"SSID":"MeetInLeeds","BSSID":"5c:a6:2d:af:92:e2","RSSI":-76},{"SSID":"eduroam","BSSID":"5c:a6:2d:af:92:ee","RSSI":-76},{"SSID":"MeetInLeeds","BSSID":"5c:a6:2d:af:92:ed","RSSI":-76},{"SSID":"MeetInLeeds","BSSID":"5c:a6:2d:cf:c1:82","RSSI":-76},{"SSID":"eduroam","BSSID":"5c:a6:2d:70:7b:4e","RSSI":-77},{"SSID":"MeetInLeeds","BSSID":"5c:a6:2d:70:7b:4d","RSSI":-77},{"SSID":"MeetInLeeds","BSSID":"ac:3a:67:08:28:42","RSSI":-77},{"SSID":"eduroam","BSSID":"5c:a6:2d:70:d0:ae","RSSI":-78},{"SSID":"MeetInLeeds","BSSID":"5c:a6:2d:70:d0:ad","RSSI":-78},{"SSID":"MeetInLeeds","BSSID":"ac:3a:67:08:29:ad","RSSI":-78},{"SSID":"MeetInLeeds","BSSID":"5c:a6:2d:af:91:c2","RSSI":-79},{"SSID":"eduroam","BSSID":"ac:3a:67:08:05:61","RSSI":-81},{"SSID":"MeetInLeeds","BSSID":"ac:3a:67:08:05:62","RSSI":-81},{"SSID":"eduroam","BSSID":"5c:a6:2d:86:6c:ae","RSSI":-84},{"SSID":"MeetInLeeds","BSSID":"5c:a6:2d:86:6c:ad","RSSI":-84},{"SSID":"MeetInLeeds","BSSID":"5c:a6:2d:ce:b5:c2","RSSI":-85},{"SSID":"eduroam","BSSID":"5c:a6:2d:cf:c1:8e","RSSI":-86},{"SSID":"MeetInLeeds","BSSID":"5c:a6:2d:cf:c1:8d","RSSI":-88}],[{"SSID":"eduroam","BSSID":"ac:3a:67:08:29:01","RSSI":-52},{"SSID":"MeetInLeeds","BSSID":"ac:3a:67:08:29:02","RSSI":-52},{"SSID":"eduroam","BSSID":"ac:3a:67:08:25:a1","RSSI":-52},{"SSID":"MeetInLeeds","BSSID":"ac:3a:67:08:25:a2","RSSI":-52},{"SSID":"MeetInLeeds","BSSID":"ac:3a:67:08:04:02","RSSI":-53},{"SSID":"MeetInLeeds","BSSID":"5c:a6:2d:cf:b4:ad","RSSI":-55},{"SSID":"eduroam","BSSID":"5c:a6:2d:cf:b4:ae","RSSI":-55},{"SSID":"eduroam","BSSID":"5c:a6:2d:cf:b4:a1","RSSI":-56},{"SSID":"MeetInLeeds","BSSID":"5c:a6:2d:cf:b4:a2","RSSI":-56},{"SSID":"eduroam","BSSID":"ac:3a:67:08:25:ae","RSSI":-58},{"SSID":"MeetInLeeds","BSSID":"ac:3a:67:08:25:ad","RSSI":-58},{"SSID":"MeetInLeeds","BSSID":"5c:a6:2d:ce:b5:02","RSSI":-60},{"SSID":"eduroam","BSSID":"5c:a6:2d:ce:b5:01","RSSI":-60},{"SSID":"MeetInLeeds","BSSID":"ac:3a:67:08:29:0d","RSSI":-61},{"SSID":"eduroam","BSSID":"ac:3a:67:08:29:0e","RSSI":-61},{"SSID":"eduroam","BSSID":"5c:a6:2d:cf:e7:41","RSSI":-63},{"SSID":"MeetInLeeds","BSSID":"5c:a6:2d:cf:e7:42","RSSI":-64},{"SSID":"MeetInLeeds","BSSID":"5c:a6:2d:70:7b:42","RSSI":-65},{"SSID":"MeetInLeeds","BSSID":"5c:a6:2d:cf:e7:4d","RSSI":-65},{"SSID":"eduroam","BSSID":"5c:a6:2d:cf:e7:4e","RSSI":-65},{"SSID":"MeetInLeeds","BSSID":"ac:3a:67:08:29:a2","RSSI":-65},{"SSID":"eduroam","BSSID":"5c:a6:2d:af:94:4e","RSSI":-67},{"SSID":"MeetInLeeds","BSSID":"5c:a6:2d:af:94:4d","RSSI":-69},{"SSID":"eduroam","BSSID":"5c:a6:2d:cf:b3:61","RSSI":-70},{"SSID":"MeetInLeeds","BSSID":"5c:a6:2d:cf:b3:62","RSSI":-70},{"SSID":"MeetInLeeds","BSSID":"ac:3a:67:08:04:0d","RSSI":-71},{"SSID":"eduroam","BSSID":"ac:3a:67:08:04:0e","RSSI":-71},{"SSID":"eduroam","BSSID":"5c:a6:2d:70:d0:a1","RSSI":-72},{"SSID":"MeetInLeeds","BSSID":"5c:a6:2d:70:d0:a2","RSSI":-74},{"SSID":"MeetInLeeds","BSSID":"5c:a6:2d:af:92:e2","RSSI":-74},{"SSID":"MeetInLeeds","BSSID":"5c:a6:2d:ce:b5:0d","RSSI":-74},{"SSID":"eduroam","BSSID":"5c:a6:2d:af:92:ee","RSSI":-74},{"SSID":"MeetInLeeds","BSSID":"5c:a6:2d:cf:c1:82","RSSI":-74},{"SSID":"eduroam","BSSID":"5c:a6:2d:ce:b5:0e","RSSI":-75},{"SSID":"MeetInLeeds","BSSID":"5c:a6:2d:af:92:ed","RSSI":-75},{"SSID":"MeetInLeeds","BSSID":"ac:3a:67:08:28:42","RSSI":-76},{"SSID":"eduroam","BSSID":"5c:a6:2d:70:7b:4e","RSSI":-77},{"SSID":"MeetInLeeds","BSSID":"5c:a6:2d:70:7b:4d","RSSI":-77},{"SSID":"MeetInLeeds","BSSID":"5c:a6:2d:af:91:c2","RSSI":-78},{"SSID":"eduroam","BSSID":"5c:a6:2d:af:91:c1","RSSI":-78},{"SSID":"eduroam","BSSID":"5c:a6:2d:86:6c:a1","RSSI":-78},{"SSID":"eduroam","BSSID":"5c:a6:2d:5d:2e:21","RSSI":-80},{"SSID":"eduroam","BSSID":"ac:3a:67:08:28:4e","RSSI":-81},{"SSID":"eduroam","BSSID":"5c:a6:2d:70:d0:ae","RSSI":-81},{"SSID":"MeetInLeeds","BSSID":"5c:a6:2d:ce:b4:c2","RSSI":-81},{"SSID":"MeetInLeeds","BSSID":"ac:3a:67:08:28:4d","RSSI":-82},{"SSID":"MeetInLeeds","BSSID":"5c:a6:2d:70:d0:ad","RSSI":-82},{"SSID":"MeetInLeeds","BSSID":"5c:a6:2d:ce:bf:02","RSSI":-83},{"SSID":"MeetInLeeds","BSSID":"ac:3a:67:08:29:ad","RSSI":-83}],[{"SSID":"MeetInLeeds","BSSID":"ac:3a:67:08:29:02","RSSI":-51},{"SSID":"MeetInLeeds","BSSID":"ac:3a:67:08:04:02","RSSI":-54},{"SSID":"eduroam","BSSID":"ac:3a:67:08:04:01","RSSI":-54},{"SSID":"MeetInLeeds","BSSID":"ac:3a:67:08:25:a2","RSSI":-54},{"SSID":"MeetInLeeds","BSSID":"5c:a6:2d:cf:b4:ad","RSSI":-55},{"SSID":"eduroam","BSSID":"5c:a6:2d:cf:b4:ae","RSSI":-55},{"SSID":"eduroam","BSSID":"ac:3a:67:08:25:ae","RSSI":-57},{"SSID":"MeetInLeeds","BSSID":"ac:3a:67:08:25:ad","RSSI":-57},{"SSID":"eduroam","BSSID":"5c:a6:2d:cf:b4:a1","RSSI":-57},{"SSID":"MeetInLeeds","BSSID":"5c:a6:2d:cf:b4:a2","RSSI":-57},{"SSID":"MeetInLeeds","BSSID":"ac:3a:67:08:29:0d","RSSI":-59},{"SSID":"eduroam","BSSID":"ac:3a:67:08:29:0e","RSSI":-59},{"SSID":"MeetInLeeds","BSSID":"5c:a6:2d:af:94:42","RSSI":-60},{"SSID":"MeetInLeeds","BSSID":"5c:a6:2d:cf:e7:42","RSSI":-61},{"SSID":"MeetInLeeds","BSSID":"5c:a6:2d:ce:b5:02","RSSI":-61},{"SSID":"eduroam","BSSID":"5c:a6:2d:cf:e7:4e","RSSI":-65},{"SSID":"MeetInLeeds","BSSID":"ac:3a:67:08:29:a2","RSSI":-65},{"SSID":"MeetInLeeds","BSSID":"5c:a6:2d:cf:e7:4d","RSSI":-66},{"SSID":"MeetInLeeds","BSSID":"5c:a6:2d:af:94:4d","RSSI":-67},{"SSID":"eduroam","BSSID":"5c:a6:2d:af:94:4e","RSSI":-67},{"SSID":"eduroam","BSSID":"ac:3a:67:08:04:0e","RSSI":-68},{"SSID":"eduroam","BSSID":"5c:a6:2d:70:7b:41","RSSI":-68},{"SSID":"MeetInLeeds","BSSID":"ac:3a:67:08:04:0d","RSSI":-69},{"SSID":"MeetInLeeds","BSSID":"5c:a6:2d:cf:b3:62","RSSI":-69},{"SSID":"eduroam","BSSID":"5c:a6:2d:cf:b3:61","RSSI":-71},{"SSID":"MeetInLeeds","BSSID":"5c:a6:2d:70:d0:a2","RSSI":-74},{"SSID":"eduroam","BSSID":"5c:a6:2d:70:7b:4e","RSSI":-74},{"SSID":"MeetInLeeds","BSSID":"5c:a6:2d:70:7b:4d","RSSI":-74},{"SSID":"eduroam","BSSID":"5c:a6:2d:af:92:e1","RSSI":-74},{"SSID":"eduroam","BSSID":"5c:a6:2d:cf:c1:81","RSSI":-74},{"SSID":"MeetInLeeds","BSSID":"5c:a6:2d:cf:c1:82","RSSI":-74},{"SSID":"MeetInLeeds","BSSID":"ac:3a:67:08:28:42","RSSI":-76},{"SSID":"eduroam","BSSID":"5c:a6:2d:af:92:ee","RSSI":-76},{"SSID":"MeetInLeeds","BSSID":"5c:a6:2d:af:92:ed","RSSI":-76},{"SSID":"MeetInLeeds","BSSID":"5c:a6:2d:45:db:82","RSSI":-78},{"SSID":"eduroam","BSSID":"5c:a6:2d:70:d0:ae","RSSI":-80},{"SSID":"eduroam","BSSID":"ac:3a:67:07:f9:21","RSSI":-82},{"SSID":"MeetInLeeds","BSSID":"5c:a6:2d:70:d0:ad","RSSI":-82},{"SSID":"eduroam","BSSID":"ac:3a:67:08:28:4e","RSSI":-83},{"SSID":"MeetInLeeds","BSSID":"ac:3a:67:08:28:4d","RSSI":-84}],[{"SSID":"eduroam","BSSID":"ac:3a:67:08:29:01","RSSI":-47},{"SSID":"MeetInLeeds","BSSID":"ac:3a:67:08:29:02","RSSI":-47},{"SSID":"MeetInLeeds","BSSID":"ac:3a:67:08:04:02","RSSI":-50},{"SSID":"MeetInLeeds","BSSID":"ac:3a:67:08:25:a2","RSSI":-52},{"SSID":"MeetInLeeds","BSSID":"5c:a6:2d:cf:b4:ad","RSSI":-54},{"SSID":"MeetInLeeds","BSSID":"5c:a6:2d:cf:b4:a2","RSSI":-54},{"SSID":"eduroam","BSSID":"5c:a6:2d:cf:b4:ae","RSSI":-55},{"SSID":"eduroam","BSSID":"5c:a6:2d:cf:b4:a1","RSSI":-55},{"SSID":"eduroam","BSSID":"ac:3a:67:08:25:ae","RSSI":-57},{"SSID":"MeetInLeeds","BSSID":"ac:3a:67:08:25:ad","RSSI":-57},{"SSID":"MeetInLeeds","BSSID":"5c:a6:2d:af:94:42","RSSI":-60},{"SSID":"MeetInLeeds","BSSID":"ac:3a:67:08:29:0d","RSSI":-60},{"SSID":"eduroam","BSSID":"5c:a6:2d:cf:e7:41","RSSI":-61},{"SSID":"eduroam","BSSID":"ac:3a:67:08:29:0e","RSSI":-61},{"SSID":"eduroam","BSSID":"5c:a6:2d:af:94:4e","RSSI":-64},{"SSID":"MeetInLeeds","BSSID":"5c:a6:2d:cf:e7:4d","RSSI":-65},{"SSID":"eduroam","BSSID":"5c:a6:2d:cf:e7:4e","RSSI":-65},{"SSID":"MeetInLeeds","BSSID":"5c:a6:2d:af:94:4d","RSSI":-66},{"SSID":"eduroam","BSSID":"ac:3a:67:08:04:0e","RSSI":-68},{"SSID":"MeetInLeeds","BSSID":"ac:3a:67:08:04:0d","RSSI":-69},{"SSID":"MeetInLeeds","BSSID":"ac:3a:67:08:29:a2","RSSI":-70},{"SSID":"eduroam","BSSID":"5c:a6:2d:70:d0:a1","RSSI":-71},{"SSID":"MeetInLeeds","BSSID":"5c:a6:2d:70:7b:42","RSSI":-71},{"SSID":"MeetInLeeds","BSSID":"5c:a6:2d:cf:e7:42","RSSI":-71},{"SSID":"MeetInLeeds","BSSID":"5c:a6:2d:70:d0:a2","RSSI":-72},{"SSID":"MeetInLeeds","BSSID":"5c:a6:2d:cf:b3:62","RSSI":-73},{"SSID":"MeetInLeeds","BSSID":"5c:a6:2d:ce:b5:02","RSSI":-73},{"SSID":"eduroam","BSSID":"5c:a6:2d:ce:b5:01","RSSI":-73},{"SSID":"MeetInLeeds","BSSID":"5c:a6:2d:70:7b:4d","RSSI":-74},{"SSID":"eduroam","BSSID":"5c:a6:2d:70:7b:4e","RSSI":-75},{"SSID":"eduroam","BSSID":"5c:a6:2d:af:92:e1","RSSI":-75},{"SSID":"MeetInLeeds","BSSID":"5c:a6:2d:af:92:e2","RSSI":-75},{"SSID":"MeetInLeeds","BSSID":"ac:3a:67:08:28:42","RSSI":-76},{"SSID":"eduroam","BSSID":"ac:3a:67:08:28:41","RSSI":-76},{"SSID":"eduroam","BSSID":"5c:a6:2d:af:92:ee","RSSI":-76},{"SSID":"MeetInLeeds","BSSID":"5c:a6:2d:af:92:ed","RSSI":-77},{"SSID":"eduroam","BSSID":"5c:a6:2d:70:d0:ae","RSSI":-80},{"SSID":"MeetInLeeds","BSSID":"5c:a6:2d:86:6c:a2","RSSI":-80},{"SSID":"MeetInLeeds","BSSID":"5c:a6:2d:70:d0:ad","RSSI":-80},{"SSID":"MeetInLeeds","BSSID":"ac:3a:67:08:29:ad","RSSI":-80},{"SSID":"eduroam","BSSID":"ac:3a:67:08:28:4e","RSSI":-83},{"SSID":"MeetInLeeds","BSSID":"ac:3a:67:08:28:4d","RSSI":-83},{"SSID":"MeetInLeeds","BSSID":"5c:a6:2d:86:6c:ad","RSSI":-83},{"SSID":"eduroam","BSSID":"5c:a6:2d:86:6c:ae","RSSI":-84}],[{"SSID":"eduroam","BSSID":"ac:3a:67:08:29:01","RSSI":-50},{"SSID":"MeetInLeeds","BSSID":"ac:3a:67:08:29:02","RSSI":-50},{"SSID":"MeetInLeeds","BSSID":"ac:3a:67:08:25:a2","RSSI":-51},{"SSID":"eduroam","BSSID":"ac:3a:67:08:25:a1","RSSI":-52},{"SSID":"MeetInLeeds","BSSID":"ac:3a:67:08:04:02","RSSI":-54},{"SSID":"eduroam","BSSID":"ac:3a:67:08:04:01","RSSI":-54},{"SSID":"MeetInLeeds","BSSID":"5c:a6:2d:cf:b4:ad","RSSI":-55},{"SSID":"eduroam","BSSID":"5c:a6:2d:cf:b4:ae","RSSI":-55},{"SSID":"eduroam","BSSID":"5c:a6:2d:cf:b4:a1","RSSI":-55},{"SSID":"eduroam","BSSID":"ac:3a:67:08:25:ae","RSSI":-56},{"SSID":"MeetInLeeds","BSSID":"ac:3a:67:08:25:ad","RSSI":-56},{"SSID":"MeetInLeeds","BSSID":"5c:a6:2d:cf:b4:a2","RSSI":-56},{"SSID":"eduroam","BSSID":"5c:a6:2d:af:94:41","RSSI":-59},{"SSID":"MeetInLeeds","BSSID":"5c:a6:2d:af:94:42","RSSI":-59},{"SSID":"MeetInLeeds","BSSID":"ac:3a:67:08:29:0d","RSSI":-59},{"SSID":"eduroam","BSSID":"ac:3a:67:08:29:0e","RSSI":-60},{"SSID":"eduroam","BSSID":"5c:a6:2d:cf:e7:41","RSSI":-63},{"SSID":"MeetInLeeds","BSSID":"5c:a6:2d:cf:e7:42","RSSI":-64},{"SSID":"MeetInLeeds","BSSID":"5c:a6:2d:af:94:4d","RSSI":-64},{"SSID":"eduroam","BSSID":"5c:a6:2d:af:94:4e","RSSI":-64},{"SSID":"MeetInLeeds","BSSID":"5c:a6:2d:ce:b5:02","RSSI":-65},{"SSID":"eduroam","BSSID":"5c:a6:2d:cf:e7:4e","RSSI":-65},{"SSID":"eduroam","BSSID":"5c:a6:2d:ce:b5:01","RSSI":-66},{"SSID":"MeetInLeeds","BSSID":"5c:a6:2d:70:7b:42","RSSI":-67},{"SSID":"eduroam","BSSID":"5c:a6:2d:70:7b:41","RSSI":-68},{"SSID":"MeetInLeeds","BSSID":"ac:3a:67:08:29:a2","RSSI":-68},{"SSID":"MeetInLeeds","BSSID":"ac:3a:67:08:04:0d","RSSI":-70},{"SSID":"eduroam","BSSID":"ac:3a:67:08:04:0e","RSSI":-70},{"SSID":"MeetInLeeds","BSSID":"5c:a6:2d:cf:b3:62","RSSI":-70},{"SSID":"MeetInLeeds","BSSID":"5c:a6:2d:70:d0:a2","RSSI":-73},{"SSID":"eduroam","BSSID":"5c:a6:2d:70:d0:a1","RSSI":-73},{"SSID":"MeetInLeeds","BSSID":"ac:3a:67:08:28:42","RSSI":-74},{"SSID":"eduroam","BSSID":"5c:a6:2d:70:7b:4e","RSSI":-75},{"SSID":"MeetInLeeds","BSSID":"5c:a6:2d:70:7b:4d","RSSI":-75},{"SSID":"eduroam","BSSID":"ac:3a:67:08:28:41","RSSI":-75},{"SSID":"MeetInLeeds","BSSID":"5c:a6:2d:cf:c1:82","RSSI":-75},{"SSID":"eduroam","BSSID":"5c:a6:2d:70:d0:ae","RSSI":-80},{"SSID":"MeetInLeeds","BSSID":"5c:a6:2d:af:92:ed","RSSI":-80},{"SSID":"MeetInLeeds","BSSID":"5c:a6:2d:70:d0:ad","RSSI":-80},{"SSID":"MeetInLeeds","BSSID":"ac:3a:67:08:28:4d","RSSI":-81},{"SSID":"eduroam","BSSID":"5c:a6:2d:af:92:ee","RSSI":-81},{"SSID":"eduroam","BSSID":"ac:3a:67:08:28:4e","RSSI":-82},{"SSID":"eduroam","BSSID":"ac:3a:67:07:f9:21","RSSI":-82},{"SSID":"MeetInLeeds","BSSID":"ac:3a:67:07:f9:22","RSSI":-82},{"SSID":"eduroam","BSSID":"5c:a6:2d:5d:2e:21","RSSI":-82},{"SSID":"MeetInLeeds","BSSID":"5c:a6:2d:ce:8e:a2","RSSI":-83},{"SSID":"MeetInLeeds","BSSID":"5c:a6:2d:5d:2e:22","RSSI":-83}],[{"SSID":"eduroam","BSSID":"ac:3a:67:08:25:a1","RSSI":-47},{"SSID":"MeetInLeeds","BSSID":"ac:3a:67:08:25:a2","RSSI":-47},{"SSID":"eduroam","BSSID":"ac:3a:67:08:29:01","RSSI":-50},{"SSID":"MeetInLeeds","BSSID":"ac:3a:67:08:29:02","RSSI":-50},{"SSID":"MeetInLeeds","BSSID":"ac:3a:67:08:04:02","RSSI":-54},{"SSID":"MeetInLeeds","BSSID":"5c:a6:2d:cf:b4:ad","RSSI":-54},{"SSID":"eduroam","BSSID":"5c:a6:2d:cf:b4:a1","RSSI":-54},{"SSID":"MeetInLeeds","BSSID":"5c:a6:2d:cf:b4:a2","RSSI":-54},{"SSID":"eduroam","BSSID":"5c:a6:2d:cf:b4:ae","RSSI":-55},{"SSID":"eduroam","BSSID":"5c:a6:2d:af:94:41","RSSI":-56},{"SSID":"MeetInLeeds","BSSID":"5c:a6:2d:af:94:42","RSSI":-56},{"SSID":"eduroam","BSSID":"ac:3a:67:08:25:ae","RSSI":-56},{"SSID":"MeetInLeeds","BSSID":"ac:3a:67:08:25:ad","RSSI":-57},{"SSID":"MeetInLeeds","BSSID":"ac:3a:67:08:29:0d","RSSI":-62},{"SSID":"eduroam","BSSID":"ac:3a:67:08:04:0e","RSSI":-65},{"SSID":"eduroam","BSSID":"5c:a6:2d:cf:e7:41","RSSI":-65},{"SSID":"MeetInLeeds","BSSID":"5c:a6:2d:cf:e7:42","RSSI":-65},{"SSID":"eduroam","BSSID":"ac:3a:67:08:29:0e","RSSI":-65},{"SSID":"MeetInLeeds","BSSID":"ac:3a:67:08:04:0d","RSSI":-66},{"SSID":"MeetInLeeds","BSSID":"5c:a6:2d:cf:e7:4d","RSSI":-66},{"SSID":"eduroam","BSSID":"5c:a6:2d:cf:e7:4e","RSSI":-67},{"SSID":"MeetInLeeds","BSSID":"ac:3a:67:08:29:a2","RSSI":-69},{"SSID":"MeetInLeeds","BSSID":"5c:a6:2d:70:d0:a2","RSSI":-70},{"SSID":"eduroam","BSSID":"5c:a6:2d:af:92:e1","RSSI":-70},{"SSID":"MeetInLeeds","BSSID":"5c:a6:2d:af:92:e2","RSSI":-70},{"SSID":"eduroam","BSSID":"5c:a6:2d:70:7b:4e","RSSI":-72},{"SSID":"MeetInLeeds","BSSID":"5c:a6:2d:70:7b:4d","RSSI":-72},{"SSID":"MeetInLeeds","BSSID":"5c:a6:2d:70:7b:42","RSSI":-72},{"SSID":"eduroam","BSSID":"5c:a6:2d:ce:b5:01","RSSI":-74},{"SSID":"MeetInLeeds","BSSID":"ac:3a:67:08:28:42","RSSI":-75},{"SSID":"eduroam","BSSID":"ac:3a:67:08:28:41","RSSI":-76},{"SSID":"MeetInLeeds","BSSID":"5c:a6:2d:cf:b3:62","RSSI":-76},{"SSID":"MeetInLeeds","BSSID":"5c:a6:2d:af:92:ed","RSSI":-76},{"SSID":"eduroam","BSSID":"5c:a6:2d:af:92:ee","RSSI":-77},{"SSID":"MeetInLeeds","BSSID":"5c:a6:2d:cf:c1:82","RSSI":-79},{"SSID":"MeetInLeeds","BSSID":"5c:a6:2d:86:6c:a2","RSSI":-80},{"SSID":"eduroam","BSSID":"5c:a6:2d:cf:c1:81","RSSI":-80},{"SSID":"MeetInLeeds","BSSID":"ac:3a:67:08:29:ad","RSSI":-80},{"SSID":"eduroam","BSSID":"ac:3a:67:08:29:ae","RSSI":-80},{"SSID":"MeetInLeeds","BSSID":"ac:3a:67:07:f9:22","RSSI":-84}],[{"SSID":"MeetInLeeds","BSSID":"ac:3a:67:08:04:02","RSSI":-50},{"SSID":"eduroam","BSSID":"ac:3a:67:08:29:01","RSSI":-51},{"SSID":"MeetInLeeds","BSSID":"ac:3a:67:08:29:02","RSSI":-51},{"SSID":"MeetInLeeds","BSSID":"5c:a6:2d:cf:b4:ad","RSSI":-53},{"SSID":"eduroam","BSSID":"5c:a6:2d:cf:b4:ae","RSSI":-53},{"SSID":"MeetInLeeds","BSSID":"ac:3a:67:08:25:a2","RSSI":-54},{"SSID":"eduroam","BSSID":"5c:a6:2d:cf:b4:a1","RSSI":-54},{"SSID":"MeetInLeeds","BSSID":"5c:a6:2d:cf:b4:a2","RSSI":-54},{"SSID":"eduroam","BSSID":"ac:3a:67:08:25:ae","RSSI":-58},{"SSID":"MeetInLeeds","BSSID":"ac:3a:67:08:25:ad","RSSI":-58},{"SSID":"eduroam","BSSID":"ac:3a:67:08:29:0e","RSSI":-58},{"SSID":"MeetInLeeds","BSSID":"ac:3a:67:08:29:0d","RSSI":-59},{"SSID":"MeetInLeeds","BSSID":"5c:a6:2d:af:94:42","RSSI":-60},{"SSID":"MeetInLeeds","BSSID":"ac:3a:67:08:04:0d","RSSI":-63},{"SSID":"eduroam","BSSID":"ac:3a:67:08:04:0e","RSSI":-63},{"SSID":"eduroam","BSSID":"5c:a6:2d:cf:e7:41","RSSI":-66},{"SSID":"MeetInLeeds","BSSID":"5c:a6:2d:cf:e7:42","RSSI":-66},{"SSID":"MeetInLeeds","BSSID":"5c:a6:2d:af:94:4d","RSSI":-66},{"SSID":"eduroam","BSSID":"5c:a6:2d:af:94:4e","RSSI":-66},{"SSID":"MeetInLeeds","BSSID":"5c:a6:2d:cf:e7:4d","RSSI":-68},{"SSID":"MeetInLeeds","BSSID":"ac:3a:67:08:29:a2","RSSI":-68},{"SSID":"MeetInLeeds","BSSID":"5c:a6:2d:ce:b5:02","RSSI":-69},{"SSID":"eduroam","BSSID":"5c:a6:2d:70:7b:41","RSSI":-70},{"SSID":"MeetInLeeds","BSSID":"5c:a6:2d:70:7b:42","RSSI":-71},{"SSID":"MeetInLeeds","BSSID":"5c:a6:2d:70:d0:a2","RSSI":-72},{"SSID":"eduroam","BSSID":"5c:a6:2d:70:d0:a1","RSSI":-72},{"SSID":"eduroam","BSSID":"5c:a6:2d:70:7b:4e","RSSI":-72},{"SSID":"MeetInLeeds","BSSID":"5c:a6:2d:70:7b:4d","RSSI":-72},{"SSID":"MeetInLeeds","BSSID":"5c:a6:2d:cf:b3:62","RSSI":-72},{"SSID":"MeetInLeeds","BSSID":"5c:a6:2d:ce:b5:0d","RSSI":-75},{"SSID":"MeetInLeeds","BSSID":"ac:3a:67:08:28:42","RSSI":-76},{"SSID":"MeetInLeeds","BSSID":"5c:a6:2d:af:92:e2","RSSI":-76},{"SSID":"eduroam","BSSID":"5c:a6:2d:af:92:ee","RSSI":-76},{"SSID":"MeetInLeeds","BSSID":"5c:a6:2d:af:92:ed","RSSI":-76},{"SSID":"eduroam","BSSID":"5c:a6:2d:cf:c1:81","RSSI":-76},{"SSID":"MeetInLeeds","BSSID":"5c:a6:2d:cf:c1:82","RSSI":-76},{"SSID":"eduroam","BSSID":"5c:a6:2d:cf:e7:4e","RSSI":-76},{"SSID":"MeetInLeeds","BSSID":"ac:3a:67:08:29:ad","RSSI":-76},{"SSID":"eduroam","BSSID":"ac:3a:67:08:29:ae","RSSI":-76},{"SSID":"eduroam","BSSID":"5c:a6:2d:ce:b5:0e","RSSI":-78},{"SSID":"MeetInLeeds","BSSID":"5c:a6:2d:5d:2e:22","RSSI":-81},{"SSID":"MeetInLeeds","BSSID":"5c:a6:2d:86:6c:ad","RSSI":-82},{"SSID":"MeetInLeeds","BSSID":"ac:3a:67:08:28:4d","RSSI":-84},{"SSID":"MeetInLeeds","BSSID":"ac:3a:67:07:f9:22","RSSI":-84},{"SSID":"eduroam","BSSID":"ac:3a:67:08:28:4e","RSSI":-85}]]