[[{"SSID":"eduroam","BSSID":"ac:3a:67:08:0b:41","RSSI":-43},{"SSID":"MeetInLeeds","BSSID":"ac:3a:67:08:0b:42","RSSI":-44},{"SSID":"MeetInLeeds","BSSID":"5c:a6:2d:5d:2e:22","RSSI":-48},{"SSID":"eduroam","BSSID":"5c:a6:2d:cf:c1:81","RSSI":-49},{"SSID":"MeetInLeeds","BSSID":"5c:a6:2d:cf:c1:82","RSSI":-49},{"SSID":"eduroam","BSSID":"5c:a6:2d:5d:2e:21","RSSI":-49},{"SSID":"eduroam","BSSID":"ac:3a:67:08:0b:4e","RSSI":-52},{"SSID":"MeetInLeeds","BSSID":"ac:3a:67:08:0b:4d","RSSI":-52},{"SSID":"DESKTOP-73NVV7R 4141","BSSID":"f2:6e:0b:b7:46:4e","RSSI":-56},{"SSID":"eduroam","BSSID":"ac:3a:67:07:f9:21","RSSI":-59},{"SSID":"MeetInLeeds","BSSID":"ac:3a:67:07:f9:22","RSSI":-60},{"SSID":"eduroam","BSSID":"5c:a6:2d:5d:2e:2e","RSSI":-62},{"SSID":"eduroam","BSSID":"5c:a6:2d:cf:c1:8e","RSSI":-63},{"SSID":"MeetInLeeds","BSSID":"5c:a6:2d:cf:c1:8d","RSSI":-63},{"SSID":"MeetInLeeds","BSSID":"5c:a6:2d:5d:2e:2d","RSSI":-64},{"SSID":"MeetInLeeds","BSSID":"5c:a6:2d:5d:2e:02","RSSI":-64},{"SSID":"MeetInLeeds","BSSID":"ac:3a:67:08:04:02","RSSI":-68},{"SSID":"BEARD OF ZEUS","BSSID":"26:c3:dd:71:58:6c","RSSI":-69},{"SSID":"eduroam","BSSID":"5c:a6:2d:5d:2b:81","RSSI":-69},{"SSID":"MeetInLeeds","BSSID":"5c:a6:2d:5d:2b:82","RSSI":-69},{"SSID":"eduroam","BSSID":"ac:3a:67:07:f9:2e","RSSI":-70},{"SSID":"MeetInLeeds","BSSID":"ac:3a:67:08:29:a2","RSSI":-71},{"SSID":"MeetInLeeds","BSSID":"ac:3a:67:07:f9:2d","RSSI":-71},{"SSID":"eduroam","BSSID":"ac:3a:67:08:29:a1","RSSI":-72},{"SSID":"eduroam","BSSID":"5c:a6:2d:5d:2b:8e","RSSI":-73},{"SSID":"MeetInLeeds","BSSID":"5c:a6:2d:5d:2b:8d","RSSI":-74},{"SSID":"eduroam","BSSID":"5c:a6:2d:70:7b:4e","RSSI":-75},{"SSID":"MeetInLeeds","BSSID":"5c:a6:2d:70:7b:4d","RSSI":-75},{"SSID":"eduroam","BSSID":"5c:a6:2d:af:93:41","RSSI":-75},{"SSID":"MeetInLeeds","BSSID":"ac:3a:67:08:29:ad","RSSI":-75},{"SSID":"MeetInLeeds","BSSID":"5c:a6:2d:cf:c4:e2","RSSI":-76},{"SSID":"eduroam","BSSID":"5c:a6:2d:cf:c4:e1","RSSI":-76},{"SSID":"MeetInLeeds","BSSID":"5c:a6:2d:86:69:c2","RSSI":-77},{"SSID":"eduroam","BSSID":"5c:a6:2d:86:69:c1","RSSI":-77},{"SSID":"MeetInLeeds","BSSID":"5c:a6:2d:cf:b3:62","RSSI":-77},{"SSID":"eduroam","BSSID":"5c:a6:2d:5d:2e:0e","RSSI":-77},{"SSID":"MeetInLeeds","BSSID":"5c:a6:2d:af:93:42","RSSI":-78},{"SSID":"MeetInLeeds","BSSID":"5c:a6:2d:86:6a:62","RSSI":-78},{"SSID":"MeetInLeeds","BSSID":"5c:a6:2d:5d:2e:0d","RSSI":-78},{"SSID":"eduroam","BSSID":"ac:3a:67:08:04:0e","RSSI":-80},{"SSID":"eduroam","BSSID":"5c:a6:2d:5d:ab:6e","RSSI":-80},{"SSID":"MeetInLeeds","BSSID":"ac:3a:67:08:04:0d","RSSI":-81},{"SSID":"eduroam","BSSID":"5c:a6:2d:86:6a:6e","RSSI":-81},{"SSID":"MeetInLeeds","BSSID":"5c:a6:2d:86:6a:6d","RSSI":-81},{"SSID":"MeetInLeeds","BSSID":"5c:a6:2d:5d:ab:6d","RSSI":-81},{"SSID":"MeetInLeeds","BSSID":"5c:a6:2d:86:69:cd","RSSI":-81},{"SSID":"MeetInLeeds","BSSID":"5c:a6:2d:1e:08:8d","RSSI":-81},{"SSID":"eduroam","BSSID":"5c:a6:2d:1e:08:8e","RSSI":-82},{"SSID":"eduroam","BSSID":"5c:a6:2d:86:69:ce","RSSI":-82}],[{"SSID":"MeetInLeeds","BSSID":"5c:a6:2d:5d:2e:22","RSSI":-46},{"SSID":"eduroam","BSSID":"ac:3a:67:08:0b:4e","RSSI":-49},{"SSID":"MeetInLeeds","BSSID":"5c:a6:2d:cf:c1:82","RSSI":-49},{"SSID":"MeetInLeeds","BSSID":"ac:3a:67:08:0b:4d","RSSI":-49},{"SSID":"eduroam","BSSID":"ac:3a:67:08:0b:41","RSSI":-49},{"SSID":"MeetInLeeds","BSSID":"ac:3a:67:08:0b:42","RSSI":-49},{"SSID":"eduroam","BSSID":"5c:a6:2d:cf:c1:81","RSSI":-50},{"SSID":"DESKTOP-73NVV7R 4141","BSSID":"f2:6e:0b:b7:46:4e","RSSI":-58},{"SSID":"MeetInLeeds","BSSID":"ac:3a:67:07:f9:22","RSSI":-59},{"SSID":"eduroam","BSSID":"ac:3a:67:07:f9:21","RSSI":-60},{"SSID":"eduroam","BSSID":"5c:a6:2d:5d:2e:2e","RSSI":-62},{"SSID":"MeetInLeeds","BSSID":"5c:a6:2d:5d:2e:2d","RSSI":-63},{"SSID":"MeetInLeeds","BSSID":"5c:a6:2d:cf:c1:8d","RSSI":-66},{"SSID":"eduroam","BSSID":"5c:a6:2d:5d:2e:01","RSSI":-66},{"SSID":"MeetInLeeds","BSSID":"5c:a6:2d:5d:2e:02","RSSI":-66},{"SSID":"eduroam","BSSID":"5c:a6:2d:cf:c1:8e","RSSI":-67},{"SSID":"MeetInLeeds","BSSID":"5c:a6:2d:5d:2b:82","RSSI":-69},{"SSID":"MeetInLeeds","BSSID":"ac:3a:67:08:04:02","RSSI":-70},{"SSID":"eduroam","BSSID":"ac:3a:67:08:29:a1","RSSI":-70},{"SSID":"MeetInLeeds","BSSID":"ac:3a:67:07:f9:2d","RSSI":-70},{"SSID":"BEARD OF ZEUS","BSSID":"26:c3:dd:71:58:6c","RSSI":-71},{"SSID":"eduroam","BSSID":"5c:a6:2d:5d:2b:8e","RSSI":-71},{"SSID":"MeetInLeeds","BSSID":"ac:3a:67:08:29:a2","RSSI":-72},{"SSID":"MeetInLeeds","BSSID":"5c:a6:2d:5d:ab:62","RSSI":-74},{"SSID":"MeetInLeeds","BSSID":"ac:3a:67:08:29:ad","RSSI":-74},{"SSID":"MeetInLeeds","BSSID":"5c:a6:2d:5d:2e:0d","RSSI":-76},{"SSID":"eduroam","BSSID":"5c:a6:2d:5d:2e:0e","RSSI":-76},{"SSID":"eduroam","BSSID":"5c:a6:2d:70:7b:4e","RSSI":-77},{"SSID":"MeetInLeeds","BSSID":"5c:a6:2d:70:7b:4d","RSSI":-77},{"SSID":"MeetInLeeds","BSSID":"5c:a6:2d:86:69:c2","RSSI":-77},{"SSID":"eduroam","BSSID":"5c:a6:2d:1e:08:8e","RSSI":-80},{"SSID":"MeetInLeeds","BSSID":"5c:a6:2d:1e:08:8d","RSSI":-80},{"SSID":"eduroam","BSSID":"ac:3a:67:08:04:0e","RSSI":-82},{"SSID":"eduroam","BSSID":"5c:a6:2d:5d:ab:6e","RSSI":-82},{"SSID":"MeetInLeeds","BSSID":"ac:3a:67:08:04:0d","RSSI":-83},{"SSID":"MeetInLeeds","BSSID":"5c:a6:2d:5d:ab:6d","RSSI":-83}],[{"SSID":"eduroam","BSSID":"ac:3a:67:08:0b:41","RSSI":-46},{"SSID":"MeetInLeeds","BSSID":"ac:3a:67:08:0b:42","RSSI":-46},{"SSID":"MeetInLeeds","BSSID":"5c:a6:2d:5d:2e:22","RSSI":-48},{"SSID":"eduroam","BSSID":"5c:a6:2d:5d:2e:21","RSSI":-49},{"SSID":"eduroam","BSSID":"ac:3a:67:08:0b:4e","RSSI":-51},{"SSID":"MeetInLeeds","BSSID":"ac:3a:67:08:0b:4d","RSSI":-51},{"SSID":"eduroam","BSSID":"5c:a6:2d:cf:c1:81","RSSI":-52},{"SSID":"MeetInLeeds","BSSID":"5c:a6:2d:cf:c1:82","RSSI":-52},{"SSID":"DESKTOP-73NVV7R 4141","BSSID":"f2:6e:0b:b7:46:4e","RSSI":-56},{"SSID":"eduroam","BSSID":"5c:a6:2d:5d:2e:2e","RSSI":-60},{"SSID":"MeetInLeeds","BSSID":"ac:3a:67:07:f9:22","RSSI":-60},{"SSID":"MeetInLeeds","BSSID":"5c:a6:2d:5d:2e:2d","RSSI":-61},{"SSID":"eduroam","BSSID":"5c:a6:2d:cf:c1:8e","RSSI":-62},{"SSID":"MeetInLeeds","BSSID":"5c:a6:2d:cf:c1:8d","RSSI":-63},{"SSID":"MeetInLeeds","BSSID":"ac:3a:67:08:04:02","RSSI":-69},{"SSID":"MeetInLeeds","BSSID":"5c:a6:2d:5d:2e:02","RSSI":-69},{"SSID":"eduroam","BSSID":"ac:3a:67:07:f9:2e","RSSI":-70},{"SSID":"MeetInLeeds","BSSID":"ac:3a:67:07:f9:2d","RSSI":-70},{"SSID":"eduroam","BSSID":"5c:a6:2d:70:7b:4e","RSSI":-72},{"SSID":"MeetInLeeds","BSSID":"5c:a6:2d:70:7b:4d","RSSI":-72},{"SSID":"MeetInLeeds","BSSID":"5c:a6:2d:5d:2b:82","RSSI":-72},{"SSID":"MeetInLeeds","BSSID":"ac:3a:67:08:29:a2","RSSI":-72},{"SSID":"MeetInLeeds","BSSID":"5c:a6:2d:5d:2b:8d","RSSI":-72},{"SSID":"eduroam","BSSID":"5c:a6:2d:5d:2b:8e","RSSI":-72},{"SSID":"BEARD OF ZEUS","BSSID":"26:c3:dd:71:58:6c","RSSI":-73},{"SSID":"MeetInLeeds","BSSID":"ac:3a:67:08:29:ad","RSSI":-73},{"SSID":"eduroam","BSSID":"ac:3a:67:08:29:ae","RSSI":-73},{"SSID":"eduroam","BSSID":"5c:a6:2d:86:69:c1","RSSI":-76},{"SSID":"MeetInLeeds","BSSID":"5c:a6:2d:86:6a:6d","RSSI":-81},{"SSID":"MeetInLeeds","BSSID":"5c:a6:2d:5d:ab:6d","RSSI":-83},{"SSID":"MeetInLeeds","BSSID":"5c:a6:2d:1e:08:8d","RSSI":-84},{"SSID":"MeetInLeeds","BSSID":"ac:3a:67:08:28:4d","RSSI":-86},{"SSID":"eduroam","BSSID":"ac:3a:67:08:28:4e","RSSI":-88}],[{"SSID":"MeetInLeeds","BSSID":"ac:3a:67:08:0b:42","RSSI":-47},{"SSID":"eduroam","BSSID":"ac:3a:67:08:0b:41","RSSI":-48},{"SSID":"MeetInLeeds","BSSID":"5c:a6:2d:5d:2e:22","RSSI":-48},{"SSID":"eduroam","BSSID":"ac:3a:67:08:0b:4e","RSSI":-51},{"SSID":"MeetInLeeds","BSSID":"ac:3a:67:08:0b:4d","RSSI":-51},{"SSID":"eduroam","BSSID":"5c:a6:2d:cf:c1:81","RSSI":-52},{"SSID":"MeetInLeeds","BSSID":"5c:a6:2d:cf:c1:82","RSSI":-52},{"SSID":"DESKTOP-73NVV7R 4141","BSSID":"f2:6e:0b:b7:46:4e","RSSI":-58},{"SSID":"eduroam","BSSID":"5c:a6:2d:cf:c1:8e","RSSI":-61},{"SSID":"MeetInLeeds","BSSID":"5c:a6:2d:5d:2e:2d","RSSI":-62},{"SSID":"MeetInLeeds","BSSID":"5c:a6:2d:cf:c1:8d","RSSI":-62},{"SSID":"eduroam","BSSID":"5c:a6:2d:5d:2e:2e","RSSI":-63},{"SSID":"eduroam","BSSID":"ac:3a:67:07:f9:21","RSSI":-63},{"SSID":"MeetInLeeds","BSSID":"ac:3a:67:07:f9:22","RSSI":-63},{"SSID":"MeetInLeeds","BSSID":"5c:a6:2d:5d:2e:02","RSSI":-68},{"SSID":"MeetInLeeds","BSSID":"ac:3a:67:08:04:02","RSSI":-69},{"SSID":"MeetInLeeds","BSSID":"5c:a6:2d:5d:2b:82","RSSI":-69},{"SSID":"eduroam","BSSID":"ac:3a:67:07:f9:2e","RSSI":-69},{"SSID":"MeetInLeeds","BSSID":"ac:3a:67:07:f9:2d","RSSI":-69},{"SSID":"MeetInLeeds","BSSID":"5c:a6:2d:5d:2b:8d","RSSI":-71},{"SSID":"eduroam","BSSID":"5c:a6:2d:5d:2b:8e","RSSI":-71},{"SSID":"eduroam","BSSID":"5c:a6:2d:70:7b:4e","RSSI":-73},{"SSID":"MeetInLeeds","BSSID":"5c:a6:2d:70:7b:4d","RSSI":-73},{"SSID":"BEARD OF ZEUS","BSSID":"26:c3:dd:71:58:6c","RSSI":-73},{"SSID":"eduroam","BSSID":"5c:a6:2d:5d:2b:81","RSSI":-73},{"SSID":"MeetInLeeds","BSSID":"5c:a6:2d:cf:c4:e2","RSSI":-73},{"SSID":"MeetInLeeds","BSSID":"ac:3a:67:08:29:ad","RSSI":-74},{"SSID":"eduroam","BSSID":"ac:3a:67:08:29:ae","RSSI":-74},{"SSID":"eduroam","BSSID":"5c:a6:2d:cf:c4:e1","RSSI":-75},{"SSID":"eduroam","BSSID":"5c:a6:2d:5d:2e:0e","RSSI":-76},{"SSID":"MeetInLeeds","BSSID":"5c:a6:2d:86:69:c2","RSSI":-77},{"SSID":"MeetInLeeds","BSSID":"5c:a6:2d:5d:2e:0d","RSSI":-77},{"SSID":"MeetInLeeds","BSSID":"5c:a6:2d:86:69:cd","RSSI":-80},{"SSID":"eduroam","BSSID":"5c:a6:2d:86:69:ce","RSSI":-80},{"SSID":"eduroam","BSSID":"5c:a6:2d:86:6a:6e","RSSI":-81},{"SSID":"MeetInLeeds","BSSID":"5c:a6:2d:86:6a:6d","RSSI":-81},{"SSID":"eduroam","BSSID":"5c:a6:2d:1e:08:8e","RSSI":-82},{"SSID":"MeetInLeeds","BSSID":"5c:a6:2d:1e:08:8d","RSSI":-83},{"SSID":"eduroam","BSSID":"5c:a6:2d:af:93:4e","RSSI":-83},{"SSID":"eduroam","BSSID":"5c:a6:2d:5d:ab:6e","RSSI":-84},{"SSID":"MeetInLeeds","BSSID":"5c:a6:2d:5d:ab:6d","RSSI":-84},{"SSID":"MeetInLeeds","BSSID":"5c:a6:2d:af:93:4d","RSSI":-85},{"SSID":"MeetInLeeds","BSSID":"ac:3a:67:08:04:0d","RSSI":-86},{"SSID":"eduroam","BSSID":"ac:3a:67:08:04:0e","RSSI":-86}],[{"SSID":"MeetInLeeds","BSSID":"ac:3a:67:08:0b:42","RSSI":-46},{"SSID":"MeetInLeeds","BSSID":"5c:a6:2d:5d:2e:22","RSSI":-48},{"SSID":"eduroam","BSSID":"ac:3a:67:08:0b:4e","RSSI":-50},{"SSID":"MeetInLeeds","BSSID":"ac:3a:67:08:0b:4d","RSSI":-50},{"SSID":"eduroam","BSSID":"5c:a6:2d:cf:c1:81","RSSI":-56},{"SSID":"MeetInLeeds","BSSID":"5c:a6:2d:cf:c1:82","RSSI":-57},{"SSID":"MeetInLeeds","BSSID":"5c:a6:2d:5d:2e:2d","RSSI":-61},{"SSID":"eduroam","BSSID":"5c:a6:2d:5d:2e:2e","RSSI":-61},{"SSID":"MeetInLeeds","BSSID":"ac:3a:67:07:f9:22","RSSI":-61},{"SSID":"DESKTOP-73NVV7R 4141","BSSID":"f2:6e:0b:b7:46:4e","RSSI":-61},{"SSID":"eduroam","BSSID":"5c:a6:2d:cf:c1:8e","RSSI":-64},{"SSID":"MeetInLeeds","BSSID":"5c:a6:2d:cf:c1:8d","RSSI":-65},{"SSID":"MeetInLeeds","BSSID":"ac:3a:67:08:04:02","RSSI":-68},{"SSID":"MeetInLeeds","BSSID":"5c:a6:2d:5d:2b:82","RSSI":-70},{"SSID":"MeetInLeeds","BSSID":"5c:a6:2d:5d:2b:8d","RSSI":-70},{"SSID":"eduroam","BSSID":"5c:a6:2d:5d:2b:8e","RSSI":-70},{"SSID":"eduroam","BSSID":"ac:3a:67:07:f9:2e","RSSI":-70},{"SSID":"MeetInLeeds","BSSID":"ac:3a:67:07:f9:2d","RSSI":-70},{"SSID":"eduroam","BSSID":"ac:3a:67:08:04:01","RSSI":-71},{"SSID":"eduroam","BSSID":"5c:a6:2d:5d:2e:01","RSSI":-72},{"SSID":"eduroam","BSSID":"5c:a6:2d:70:7b:4e","RSSI":-74},{"SSID":"MeetInLeeds","BSSID":"5c:a6:2d:70:7b:4d","RSSI":-74},{"SSID":"MeetInLeeds","BSSID":"ac:3a:67:08:29:ad","RSSI":-74},{"SSID":"MeetInLeeds","BSSID":"5c:a6:2d:cf:b3:62","RSSI":-77},{"SSID":"MeetInLeeds","BSSID":"ac:3a:67:08:04:0d","RSSI":-78},{"SSID":"eduroam","BSSID":"ac:3a:67:08:04:0e","RSSI":-78},{"SSID":"eduroam","BSSID":"5c:a6:2d:5d:2e:0e","RSSI":-79},{"SSID":"eduroam","BSSID":"5c:a6:2d:86:6a:6e","RSSI":-81},{"SSID":"MeetInLeeds","BSSID":"5c:a6:2d:5d:2e:0d","RSSI":-81},{"SSID":"eduroam","BSSID":"5c:a6:2d:86:69:ce","RSSI":-81},{"SSID":"MeetInLeeds","BSSID":"5c:a6:2d:86:6a:6d","RSSI":-82},{"SSID":"MeetInLeeds","BSSID":"5c:a6:2d:86:69:cd","RSSI":-82},{"SSID":"eduroam","BSSID":"5c:a6:2d:5d:ab:6e","RSSI":-83},{"SSID":"MeetInLeeds","BSSID":"5c:a6:2d:5d:ab:6d","RSSI":-83},{"SSID":"MeetInLeeds","BSSID":"5c:a6:2d:1e:08:8d","RSSI":-83},{"SSID":"eduroam","BSSID":"5c:a6:2d:1e:08:8e","RSSI":-86},{"SSID":"eduroam","BSSID":"ac:3a:67:08:29:0e","RSSI":-86},{"SSID":"MeetInLeeds","BSSID":"5c:a6:2d:af:93:4d","RSSI":-86},{"SSID":"MeetInLeeds","BSSID":"ac:3a:67:08:29:0d","RSSI":-87}],[{"SSID":"MeetInLeeds","BSSID":"ac:3a:67:08:0b:42","RSSI":-44},{"SSID":"eduroam","BSSID":"ac:3a:67:08:0b:41","RSSI":-45},{"SSID":"eduroam","BSSID":"5c:a6:2d:5d:2e:21","RSSI":-48},{"SSID":"MeetInLeeds","BSSID":"5c:a6:2d:5d:2e:22","RSSI":-48},{"SSID":"eduroam","BSSID":"ac:3a:67:08:0b:4e","RSSI":-50},{"SSID":"MeetInLeeds","BSSID":"ac:3a:67:08:0b:4d","RSSI":-50},{"SSID":"MeetInLeeds","BSSID":"5c:a6:2d:cf:c1:82","RSSI":-57},{"SSID":"eduroam","BSSID":"ac:3a:67:07:f9:21","RSSI":-60},{"SSID":"DESKTOP-73NVV7R 4141","BSSID":"f2:6e:0b:b7:46:4e","RSSI":-60},{"SSID":"MeetInLeeds","BSSID":"ac:3a:67:07:f9:22","RSSI":-61},{"SSID":"eduroam","BSSID":"5c:a6:2d:cf:c1:8e","RSSI":-62},{"SSID":"MeetInLeeds","BSSID":"5c:a6:2d:cf:c1:8d","RSSI":-63},{"SSID":"MeetInLeeds","BSSID":"5c:a6:2d:5d:2b:82","RSSI":-69},{"SSID":"eduroam","BSSID":"ac:3a:67:08:29:a1","RSSI":-70},{"SSID":"MeetInLeeds","BSSID":"5c:a6:2d:5d:2b:8d","RSSI":-70},{"SSID":"eduroam","BSSID":"5c:a6:2d:5d:2b:8e","RSSI":-70},{"SSID":"MeetInLeeds","BSSID":"ac:3a:67:08:29:ad","RSSI":-70},{"SSID":"eduroam","BSSID":"ac:3a:67:08:29:ae","RSSI":-70},{"SSID":"MeetInLeeds","BSSID":"ac:3a:67:08:04:02","RSSI":-71},{"SSID":"MeetInLeeds","BSSID":"ac:3a:67:08:29:a2","RSSI":-71},{"SSID":"eduroam","BSSID":"ac:3a:67:07:f9:2e","RSSI":-71},{"SSID":"MeetInLeeds","BSSID":"ac:3a:67:07:f9:2d","RSSI":-71},{"SSID":"MeetInLeeds","BSSID":"5c:a6:2d:70:7b:4d","RSSI":-72},{"SSID":"eduroam","BSSID":"5c:a6:2d:70:7b:4e","RSSI":-73},{"SSID":"eduroam","BSSID":"5c:a6:2d:86:69:c1","RSSI":-76},{"SSID":"MeetInLeeds","BSSID":"5c:a6:2d:cf:c4:e2","RSSI":-76},{"SSID":"MeetInLeeds","BSSID":"5c:a6:2d:86:69:c2","RSSI":-77},{"SSID":"eduroam","BSSID":"5c:a6:2d:5d:2e:0e","RSSI":-77},{"SSID":"eduroam","BSSID":"5c:a6:2d:af:93:41","RSSI":-78},{"SSID":"MeetInLeeds","BSSID":"5c:a6:2d:86:6a:62","RSSI":-78},{"SSID":"eduroam","BSSID":"5c:a6:2d:5d:ab:61","RSSI":-78},{"SSID":"MeetInLeeds","BSSID":"5c:a6:2d:5d:2e:0d","RSSI":-78},{"SSID":"MeetInLeeds","BSSID":"ac:3a:67:08:04:0d","RSSI":-79},{"SSID":"eduroam","BSSID":"ac:3a:67:08:04:0e","RSSI":-79},{"SSID":"eduroam","BSSID":"5c:a6:2d:86:6a:6e","RSSI":-81},{"SSID":"MeetInLeeds","BSSID":"5c:a6:2d:86:69:cd","RSSI":-81},{"SSID":"eduroam","BSSID":"5c:a6:2d:86:69:ce","RSSI":-81},{"SSID":"MeetInLeeds","BSSID":"5c:a6:2d:86:6a:6d","RSSI":-82},{"SSID":"MeetInLeeds","BSSID":"5c:a6:2d:5d:ab:6d","RSSI":-83},{"SSID":"eduroam","BSSID":"5c:a6:2d:5d:ab:6e","RSSI":-85},{"SSID":"MeetInLeeds","BSSID":"ac:3a:67:08:29:0d","RSSI":-86},{"SSID":"MeetInLeeds","BSSID":"5c:a6:2d:1e:08:8d","RSSI":-87}],[{"SSID":"eduroam","BSSID":"ac:3a:67:08:0b:41","RSSI":-44},{"SSID":"MeetInLeeds","BSSID":"ac:3a:67:08:0b:42","RSSI":-44},{"SSID":"MeetInLeeds","BSSID":"5c:a6:2d:5d:2e:22","RSSI":-47},{"SSID":"eduroam","BSSID":"5c:a6:2d:5d:2e:21","RSSI":-48},{"SSID":"eduroam","BSSID":"5c:a6:2d:cf:c1:81","RSSI":-50},{"SSID":"MeetInLeeds","BSSID":"5c:a6:2d:cf:c1:82","RSSI":-51},{"SSID":"eduroam","BSSID":"ac:3a:67:08:0b:4e","RSSI":-53},{"SSID":"MeetInLeeds","BSSID":"ac:3a:67:08:0b:4d","RSSI":-53},{"SSID":"DESKTOP-73NVV7R 4141","BSSID":"f2:6e:0b:b7:46:4e","RSSI":-57},{"SSID":"MeetInLeeds","BSSID":"ac:3a:67:07:f9:22","RSSI":-58},{"SSID":"eduroam","BSSID":"5c:a6:2d:5d:2e:2e","RSSI":-59},{"SSID":"MeetInLeeds","BSSID":"5c:a6:2d:5d:2e:2d","RSSI":-61},{"SSID":"eduroam","BSSID":"5c:a6:2d:cf:c1:8e","RSSI":-64},{"SSID":"MeetInLeeds","BSSID":"5c:a6:2d:cf:c1:8d","RSSI":-64},{"SSID":"eduroam","BSSID":"5c:a6:2d:5d:2e:01","RSSI":-68},{"SSID":"MeetInLeeds","BSSID":"5c:a6:2d:5d:2e:02","RSSI":-68},{"SSID":"MeetInLeeds","BSSID":"ac:3a:67:08:04:02","RSSI":-69},{"SSID":"MeetInLeeds","BSSID":"5c:a6:2d:5d:2b:8d","RSSI":-69},{"SSID":"eduroam","BSSID":"5c:a6:2d:5d:2b:8e","RSSI":-69},{"SSID":"eduroam","BSSID":"5c:a6:2d:5d:2b:81","RSSI":-70},{"SSID":"MeetInLeeds","BSSID":"5c:a6:2d:5d:2b:82","RSSI":-70},{"SSID":"MeetInLeeds","BSSID":"ac:3a:67:08:29:a2","RSSI":-70},{"SSID":"eduroam","BSSID":"ac:3a:67:07:f9:2e","RSSI":-70},{"SSID":"MeetInLeeds","BSSID":"ac:3a:67:07:f9:2d","RSSI":-70},{"SSID":"MeetInLeeds","BSSID":"ac:3a:67:08:29:ad","RSSI":-71},{"SSID":"eduroam","BSSID":"5c:a6:2d:70:7b:4e","RSSI":-72},{"SSID":"MeetInLeeds","BSSID":"5c:a6:2d:70:7b:4d","RSSI":-72},{"SSID":"eduroam","BSSID":"5c:a6:2d:cf:c4:e1","RSSI":-72},{"SSID":"MeetInLeeds","BSSID":"5c:a6:2d:cf:b3:62","RSSI":-74},{"SSID":"BEARD OF ZEUS","BSSID":"26:c3:dd:71:58:6c","RSSI":-75},{"SSID":"MeetInLeeds","BSSID":"5c:a6:2d:5d:2e:0d","RSSI":-75},{"SSID":"eduroam","BSSID":"5c:a6:2d:5d:2e:0e","RSSI":-75},{"SSID":"MeetInLeeds","BSSID":"5c:a6:2d:70:7b:42","RSSI":-76},{"SSID":"MeetInLeeds","BSSID":"5c:a6:2d:5d:ab:62","RSSI":-76},{"SSID":"MeetInLeeds","BSSID":"5c:a6:2d:86:69:c2","RSSI":-77},{"SSID":"eduroam","BSSID":"5c:a6:2d:86:69:c1","RSSI":-78},{"SSID":"MeetInLeeds","BSSID":"ac:3a:67:08:04:0d","RSSI":-79},{"SSID":"eduroam","BSSID":"ac:3a:67:08:04:0e","RSSI":-80},{"SSID":"eduroam","BSSID":"5c:a6:2d:86:6a:6e","RSSI":-82},{"SSID":"MeetInLeeds","BSSID":"5c:a6:2d:86:6a:6d","RSSI":-82},{"SSID":"MeetInLeeds","BSSID":"5c:a6:2d:5d:ab:6d","RSSI":-82},{"SSID":"eduroam","BSSID":"5c:a6:2d:86:69:ce","RSSI":-82},{"SSID":"eduroam","BSSID":"5c:a6:2d:5d:2b:41","RSSI":-83},{"SSID":"eduroam","BSSID":"5c:a6:2d:5d:ab:6e","RSSI":-83},{"SSID":"eduroam","BSSID":"5c:a6:2d:1e:08:8e","RSSI":-83},{"SSID":"MeetInLeeds","BSSID":"5c:a6:2d:86:69:cd","RSSI":-83},{"SSID":"eduroam","BSSID":"5c:a6:2d:af:93:4e","RSSI":-83},{"SSID":"MeetInLeeds","BSSID":"5c:a6:2d:1e:08:8d","RSSI":-84},{"SSID":"MeetInLeeds","BSSID":"5c:a6:2d:af:93:4d","RSSI":-84}],[{"SSID":"MeetInLeeds","BSSID":"ac:3a:67:08:0b:42","RSSI":-45},{"SSID":"eduroam","BSSID":"5c:a6:2d:5d:2e:21","RSSI":-49},{"SSID":"MeetInLeeds","BSSID":"5c:a6:2d:5d:2e:22","RSSI":-49},{"SSID":"eduroam","BSSID":"5c:a6:2d:cf:c1:81","RSSI":-51},{"SSID":"eduroam","BSSID":"ac:3a:67:08:0b:4e","RSSI":-51},{"SSID":"MeetInLeeds","BSSID":"5c:a6:2d:cf:c1:82","RSSI":-51},{"SSID":"MeetInLeeds","BSSID":"ac:3a:67:08:0b:4d","RSSI":-51},{"SSID":"DESKTOP-73NVV7R 4141","BSSID":"f2:6e:0b:b7:46:4e","RSSI":-59},{"SSID":"eduroam","BSSID":"ac:3a:67:07:f9:21","RSSI":-61},{"SSID":"MeetInLeeds","BSSID":"ac:3a:67:07:f9:22","RSSI":-61},{"SSID":"eduroam","BSSID":"5c:a6:2d:5d:2e:2e","RSSI":-62},{"SSID":"MeetInLeeds","BSSID":"5c:a6:2d:5d:2e:2d","RSSI":-63},{"SSID":"eduroam","BSSID":"5c:a6:2d:cf:c1:8e","RSSI":-64},{"SSID":"eduroam","BSSID":"5c:a6:2d:5d:2b:8e","RSSI":-64},{"SSID":"MeetInLeeds","BSSID":"5c:a6:2d:cf:c1:8d","RSSI":-65},{"SSID":"MeetInLeeds","BSSID":"5c:a6:2d:5d:2b:8d","RSSI":-67},{"SSID":"MeetInLeeds","BSSID":"ac:3a:67:08:04:02","RSSI":-68},{"SSID":"MeetInLeeds","BSSID":"5c:a6:2d:5d:2e:02","RSSI":-68},{"SSID":"eduroam","BSSID":"ac:3a:67:07:f9:2e","RSSI":-69},{"SSID":"eduroam","BSSID":"ac:3a:67:08:04:01","RSSI":-70},{"SSID":"MeetInLeeds","BSSID":"ac:3a:67:07:f9:2d","RSSI":-70},{"SSID":"eduroam","BSSID":"5c:a6:2d:5d:2b:81","RSSI":-71},{"SSID":"MeetInLeeds","BSSID":"ac:3a:67:08:29:ad","RSSI":-71},{"SSID":"MeetInLeeds","BSSID":"5c:a6:2d:5d:2b:82","RSSI":-72},{"SSID":"eduroam","BSSID":"ac:3a:67:08:29:ae","RSSI":-72},{"SSID":"BEARD OF ZEUS","BSSID":"26:c3:dd:71:58:6c","RSSI":-73},{"SSID":"eduroam","BSSID":"5c:a6:2d:70:7b:4e","RSSI":-74},{"SSID":"MeetInLeeds","BSSID":"5c:a6:2d:70:7b:4d","RSSI":-74},{"SSID":"MeetInLeeds","BSSID":"ac:3a:67:08:29:02","RSSI":-76},{"SSID":"MeetInLeeds","BSSID":"5c:a6:2d:af:93:42","RSSI":-78},{"SSID":"eduroam","BSSID":"ac:3a:67:08:04:0e","RSSI":-79},{"SSID":"MeetInLeeds","BSSID":"ac:3a:67:08:04:0d","RSSI":-80},{"SSID":"eduroam","BSSID":"5c:a6:2d:5d:2e:0e","RSSI":-80},{"SSID":"eduroam","BSSID":"5c:a6:2d:ce:c1:e1","RSSI":-81},{"SSID":"MeetInLeeds","BSSID":"5c:a6:2d:1e:08:8d","RSSI":-81},{"SSID":"eduroam","BSSID":"5c:a6:2d:86:6a:6e","RSSI":-82},{"SSID":"eduroam","BSSID":"5c:a6:2d:1e:08:8e","RSSI":-82},{"SSID":"MeetInLeeds","BSSID":"5c:a6:2d:5d:2e:0d","RSSI":-82},{"SSID":"MeetInLeeds","BSSID":"5c:a6:2d:86:69:cd","RSSI":-82},{"SSID":"eduroam","BSSID":"5c:a6:2d:86:69:ce","RSSI":-82},{"SSID":"MeetInLeeds","BSSID":"5c:a6:2d:86:6a:6d","RSSI":-83},{"SSID":"MeetInLeeds","BSSID":"5c:a6:2d:5d:ab:6d","RSSI":-83},{"SSID":"eduroam","BSSID":"5c:a6:2d:5d:ab:6e","RSSI":-84}],[{"SSID":"eduroam","BSSID":"ac:3a:67:08:0b:41","RSSI":-45},{"SSID":"MeetInLeeds","BSSID":"ac:3a:67:08:0b:42","RSSI":-45},{"SSID":"eduroam","BSSID":"5c:a6:2d:5d:2e:21","RSSI":-46},{"SSID":"MeetInLeeds","BSSID":"5c:a6:2d:5d:2e:22","RSSI":-46},{"SSID":"MeetInLeeds","BSSID":"5c:a6:2d:cf:c1:82","RSSI":-51},{"SSID":"eduroam","BSSID":"ac:3a:67:08:0b:4e","RSSI":-53},{"SSID":"MeetInLeeds","BSSID":"ac:3a:67:08:0b:4d","RSSI":-53},{"SSID":"DESKTOP-73NVV7R 4141","BSSID":"f2:6e:0b:b7:46:4e","RSSI":-58},{"SSID":"MeetInLeeds","BSSID":"ac:3a:67:07:f9:22","RSSI":-61},{"SSID":"MeetInLeeds","BSSID":"5c:a6:2d:5d:2e:2d","RSSI":-62},{"SSID":"eduroam","BSSID":"5c:a6:2d:5d:2e:2e","RSSI":-62},{"SSID":"MeetInLeeds","BSSID":"5c:a6:2d:cf:c1:8d","RSSI":-63},{"SSID":"eduroam","BSSID":"5c:a6:2d:cf:c1:8e","RSSI":-64},{"SSID":"eduroam","BSSID":"ac:3a:67:07:f9:2e","RSSI":-69},{"SSID":"eduroam","BSSID":"5c:a6:2d:5d:2e:01","RSSI":-70},{"SSID":"MeetInLeeds","BSSID":"5c:a6:2d:5d:2b:8d","RSSI":-70},{"SSID":"eduroam","BSSID":"5c:a6:2d:5d:2b:8e","RSSI":-70},{"SSID":"MeetInLeeds","BSSID":"ac:3a:67:07:f9:2d","RSSI":-70},{"SSID":"MeetInLeeds","BSSID":"ac:3a:67:08:04:02","RSSI":-71},{"SSID":"eduroam","BSSID":"ac:3a:67:08:04:01","RSSI":-71},{"SSID":"MeetInLeeds","BSSID":"5c:a6:2d:5d:2b:82","RSSI":-71},{"SSID":"MeetInLeeds","BSSID":"ac:3a:67:08:29:a2","RSSI":-71},{"SSID":"eduroam","BSSID":"ac:3a:67:08:29:a1","RSSI":-72},{"SSID":"eduroam","BSSID":"5c:a6:2d:70:7b:4e","RSSI":-73},{"SSID":"MeetInLeeds","BSSID":"5c:a6:2d:70:7b:4d","RSSI":-73},{"SSID":"BEARD OF ZEUS","BSSID":"26:c3:dd:71:58:6c","RSSI":-73},{"SSID":"MeetInLeeds","BSSID":"ac:3a:67:08:29:ad","RSSI":-73},{"SSID":"MeetInLeeds","BSSID":"5c:a6:2d:cf:b3:62","RSSI":-75},{"SSID":"MeetInLeeds","BSSID":"5c:a6:2d:af:93:42","RSSI":-77},{"SSID":"MeetInLeeds","BSSID":"5c:a6:2d:5d:2e:0d","RSSI":-78},{"SSID":"eduroam","BSSID":"5c:a6:2d:5d:2e:0e","RSSI":-79},{"SSID":"MeetInLeeds","BSSID":"ac:3a:67:08:04:0d","RSSI":-80},{"SSID":"eduroam","BSSID":"ac:3a:67:08:04:0e","RSSI":-81},{"SSID":"MeetInLeeds","BSSID":"5c:a6:2d:86:69:cd","RSSI":-81},{"SSID":"MeetInLeeds","BSSID":"5c:a6:2d:86:6a:6d","RSSI":-82},{"SSID":"eduroam","BSSID":"5c:a6:2d:5d:ab:6e","RSSI":-82},{"SSID":"MeetInLeeds","BSSID":"5c:a6:2d:5d:ab:6d","RSSI":-82},{"SSID":"eduroam","BSSID":"5c:a6:2d:1e:08:8e","RSSI":-82},{"SSID":"eduroam","BSSID":"5c:a6:2d:86:6a:6e","RSSI":-83},{"SSID":"MeetInLeeds","BSSID":"5c:a6:2d:1e:08:8d","RSSI":-83},{"SSID":"eduroam","BSSID":"5c:a6:2d:af:93:4e","RSSI":-83},{"SSID":"MeetInLeeds","BSSID":"5c:a6:2d:af:93:4d","RSSI":-84},{"SSID":"MeetInLeeds","BSSID":"ac:3a:67:08:29:0d","RSSI":-87}],[{"SSID":"MeetInLeeds","BSSID":"ac:3a:67:08:0b:42","RSSI":-46},{"SSID":"eduroam","BSSID":"5c:a6:2d:5d:2e:21","RSSI":-46},{"SSID":"MeetInLeeds","BSSID":"5c:a6:2d:5d:2e:22","RSSI":-46},{"SSID":"eduroam","BSSID":"ac:3a:67:08:0b:4e","RSSI":-54},{"SSID":"MeetInLeeds","BSSID":"ac:3a:67:08:0b:4d","RSSI":-54},{"SSID":"eduroam","BSSID":"5c:a6:2d:cf:c1:81","RSSI":-58},{"SSID":"MeetInLeeds","BSSID":"5c:a6:2d:cf:c1:82","RSSI":-58},{"SSID":"MeetInLeeds","BSSID":"5c:a6:2d:5d:2e:2d","RSSI":-59},{"SSID":"DESKTOP-73NVV7R 4141","BSSID":"f2:6e:0b:b7:46:4e","RSSI":-59},{"SSID":"eduroam","BSSID":"5c:a6:2d:5d:2e:2e","RSSI":-60},{"SSID":"MeetInLeeds","BSSID":"ac:3a:67:07:f9:22","RSSI":-64},{"SSID":"eduroam","BSSID":"5c:a6:2d:cf:c1:8e","RSSI":-64},{"SSID":"MeetInLeeds","BSSID":"5c:a6:2d:cf:c1:8d","RSSI":-64},{"SSID":"eduroam","BSSID":"ac:3a:67:07:f9:2e","RSSI":-68},{"SSID":"MeetInLeeds","BSSID":"5c:a6:2d:5d:2b:82","RSSI":-69},{"SSID":"MeetInLeeds","BSSID":"ac:3a:67:07:f9:2d","RSSI":-69},{"SSID":"BEARD OF ZEUS","BSSID":"26:c3:dd:71:58:6c","RSSI":-70},{"SSID":"eduroam","BSSID":"5c:a6:2d:5d:2b:81","RSSI":-70},{"SSID":"eduroam","BSSID":"5c:a6:2d:5d:2b:8e","RSSI":-70},{"SSID":"MeetInLeeds","BSSID":"5c:a6:2d:5d:2e:02","RSSI":-71},{"SSID":"MeetInLeeds","BSSID":"5c:a6:2d:5d:2b:8d","RSSI":-71},{"SSID":"eduroam","BSSID":"5c:a6:2d:70:7b:4e","RSSI":-72},{"SSID":"MeetInLeeds","BSSID":"5c:a6:2d:70:7b:4d","RSSI":-72},{"SSID":"eduroam","BSSID":"5c:a6:2d:5d:2e:01","RSSI":-72},{"SSID":"MeetInLeeds","BSSID":"5c:a6:2d:cf:b3:62","RSSI":-73},{"SSID":"MeetInLeeds","BSSID":"ac:3a:67:08:29:a2","RSSI":-73},{"SSID":"eduroam","BSSID":"ac:3a:67:08:29:ae","RSSI":-73},{"SSID":"MeetInLeeds","BSSID":"5c:a6:2d:86:69:c2","RSSI":-74},{"SSID":"MeetInLeeds","BSSID":"ac:3a:67:08:04:02","RSSI":-74},{"SSID":"MeetInLeeds","BSSID":"5c:a6:2d:70:7b:42","RSSI":-74},{"SSID":"eduroam","BSSID":"5c:a6:2d:86:69:c1","RSSI":-76},{"SSID":"MeetInLeeds","BSSID":"5c:a6:2d:cf:c4:e2","RSSI":-78},{"SSID":"eduroam","BSSID":"5c:a6:2d:cf:c4:e1","RSSI":-78},{"SSID":"MeetInLeeds","BSSID":"ac:3a:67:08:04:0d","RSSI":-79},{"SSID":"eduroam","BSSID":"ac:3a:67:08:04:0e","RSSI":-79},{"SSID":"eduroam","BSSID":"5c:a6:2d:86:6a:61","RSSI":-79},{"SSID":"MeetInLeeds","BSSID":"5c:a6:2d:5d:2e:0d","RSSI":-80},{"SSID":"eduroam","BSSID":"5c:a6:2d:5d:2e:0e","RSSI":-80},{"SSID":"MeetInLeeds","BSSID":"5c:a6:2d:86:69:cd","RSSI":-81},{"SSID":"eduroam","BSSID":"5c:a6:2d:86:6a:6e","RSSI":-82},{"SSID":"MeetInLeeds","BSSID":"5c:a6:2d:86:6a:6d","RSSI":-83},{"SSID":"MeetInLeeds","BSSID":"5c:a6:2d:5d:ab:6d","RSSI":-83},{"SSID":"MeetInLeeds","BSSID":"ac:3a:67:08:29:ad","RSSI":-83},{"SSID":"eduroam","BSSID":"5c:a6:2d:86:69:ce","RSSI":-83},{"SSID":"MeetInLeeds","BSSID":"5c:a6:2d:1e:08:8d","RSSI":-83},{"SSID":"eduroam","BSSID":"5c:a6:2d:1e:08:8e","RSSI":-86}],[{"SSID":"MeetInLeeds","BSSID":"ac:3a:67:08:0b:42","RSSI":-46},{"SSID":"eduroam","BSSID":"5c:a6:2d:5d:2e:21","RSSI":-46},{"SSID":"MeetInLeeds","BSSID":"5c:a6:2d:5d:2e:22","RSSI":-46},{"SSID":"eduroam","BSSID":"ac:3a:67:08:0b:4e","RSSI":-54},{"SSID":"MeetInLeeds","BSSID":"ac:3a:67:08:0b:4d","RSSI":-54},{"SSID":"eduroam","BSSID":"5c:a6:2d:cf:c1:81","RSSI":-58},{"SSID":"MeetInLeeds","BSSID":"5c:a6:2d:cf:c1:82","RSSI":-58},{"SSID":"MeetInLeeds","BSSID":"5c:a6:2d:5d:2e:2d","RSSI":-59},{"SSID":"DESKTOP-73NVV7R 4141","BSSID":"f2:6e:0b:b7:46:4e","RSSI":-59},{"SSID":"eduroam","BSSID":"5c:a6:2d:5d:2e:2e","RSSI":-60},{"SSID":"MeetInLeeds","BSSID":"ac:3a:67:07:f9:22","RSSI":-64},{"SSID":"eduroam","BSSID":"5c:a6:2d:cf:c1:8e","RSSI":-64},{"SSID":"MeetInLeeds","BSSID":"5c:a6:2d:cf:c1:8d","RSSI":-64},{"SSID":"eduroam","BSSID":"ac:3a:67:07:f9:2e","RSSI":-68},{"SSID":"MeetInLeeds","BSSID":"5c:a6:2d:5d:2b:82","RSSI":-69},{"SSID":"MeetInLeeds","BSSID":"ac:3a:67:07:f9:2d","RSSI":-69},{"SSID":"BEARD OF ZEUS","BSSID":"26:c3:dd:71:58:6c","RSSI":-70},{"SSID":"eduroam","BSSID":"5c:a6:2d:5d:2b:81","RSSI":-70},{"SSID":"eduroam","BSSID":"5c:a6:2d:5d:2b:8e","RSSI":-70},{"SSID":"MeetInLeeds","BSSID":"5c:a6:2d:5d:2e:02","RSSI":-71},{"SSID":"MeetInLeeds","BSSID":"5c:a6:2d:5d:2b:8d","RSSI":-71},{"SSID":"eduroam","BSSID":"5c:a6:2d:70:7b:4e","RSSI":-72},{"SSID":"MeetInLeeds","BSSID":"5c:a6:2d:70:7b:4d","RSSI":-72},{"SSID":"eduroam","BSSID":"5c:a6:2d:5d:2e:01","RSSI":-72},{"SSID":"MeetInLeeds","BSSID":"5c:a6:2d:cf:b3:62","RSSI":-73},{"SSID":"MeetInLeeds","BSSID":"ac:3a:67:08:29:a2","RSSI":-73},{"SSID":"eduroam","BSSID":"ac:3a:67:08:29:ae","RSSI":-73},{"SSID":"MeetInLeeds","BSSID":"5c:a6:2d:86:69:c2","RSSI":-74},{"SSID":"MeetInLeeds","BSSID":"ac:3a:67:08:04:02","RSSI":-74},{"SSID":"MeetInLeeds","BSSID":"5c:a6:2d:70:7b:42","RSSI":-74},{"SSID":"eduroam","BSSID":"5c:a6:2d:86:69:c1","RSSI":-76},{"SSID":"MeetInLeeds","BSSID":"5c:a6:2d:cf:c4:e2","RSSI":-78},{"SSID":"eduroam","BSSID":"5c:a6:2d:cf:c4:e1","RSSI":-78},{"SSID":"MeetInLeeds","BSSID":"ac:3a:67:08:04:0d","RSSI":-79},{"SSID":"eduroam","BSSID":"ac:3a:67:08:04:0e","RSSI":-79},{"SSID":"eduroam","BSSID":"5c:a6:2d:86:6a:61","RSSI":-79},{"SSID":"MeetInLeeds","BSSID":"5c:a6:2d:5d:2e:0d","RSSI":-80},{"SSID":"eduroam","BSSID":"5c:a6:2d:5d:2e:0e","RSSI":-80},{"SSID":"MeetInLeeds","BSSID":"5c:a6:2d:86:69:cd","RSSI":-81},{"SSID":"eduroam","BSSID":"5c:a6:2d:86:6a:6e","RSSI":-82},{"SSID":"MeetInLeeds","BSSID":"5c:a6:2d:86:6a:6d","RSSI":-83},{"SSID":"MeetInLeeds","BSSID":"5c:a6:2d:5d:ab:6d","RSSI":-83},{"SSID":"MeetInLeeds","BSSID":"ac:3a:67:08:29:ad","RSSI":-83},{"SSID":"eduroam","BSSID":"5c:a6:2d:86:69:ce","RSSI":-83},{"SSID":"MeetInLeeds","BSSID":"5c:a6:2d:1e:08:8d","RSSI":-83},{"SSID":"eduroam","BSSID":"5c:a6:2d:1e:08:8e","RSSI":-86}]]