[[{"SSID":"WiFi Setup - University of Leeds","BSSID":"5c:a6:2d:ef:47:43","RSSI":-48},{"SSID":"MeetInLeeds","BSSID":"5c:a6:2d:ef:47:42","RSSI":-48},{"SSID":"WiFi Setup - University of Leeds","BSSID":"5c:a6:2d:ef:47:4c","RSSI":-53},{"SSID":"eduroam","BSSID":"5c:a6:2d:ef:47:4e","RSSI":-53},{"SSID":"MeetInLeeds","BSSID":"5c:a6:2d:ef:47:4d","RSSI":-55},{"SSID":"eduroam","BSSID":"ac:3a:67:08:28:e1","RSSI":-64},{"SSID":"WiFi Setup - University of Leeds","BSSID":"ac:3a:67:08:28:e3","RSSI":-65},{"SSID":"MeetInLeeds","BSSID":"5c:a6:2d:ce:c9:62","RSSI":-69},{"SSID":"MeetInLeeds","BSSID":"5c:a6:2d:ce:b2:8d","RSSI":-69},{"SSID":"WiFi Setup - University of Leeds","BSSID":"5c:a6:2d:ce:b2:8c","RSSI":-69},{"SSID":"WiFi Setup - University of Leeds","BSSID":"5c:a6:2d:ce:ab:c3","RSSI":-70},{"SSID":"MeetInLeeds","BSSID":"5c:a6:2d:ce:ab:c2","RSSI":-70},{"SSID":"eduroam","BSSID":"5c:a6:2d:ce:ab:c1","RSSI":-70},{"SSID":"MeetInLeeds","BSSID":"5c:a6:2d:ce:b2:82","RSSI":-70},{"SSID":"WiFi Setup - University of Leeds","BSSID":"5c:a6:2d:ce:b2:83","RSSI":-70},{"SSID":"MeetInLeeds","BSSID":"5c:a6:2d:af:93:4d","RSSI":-71},{"SSID":"MeetInLeeds","BSSID":"5c:a6:2d:cf:c4:c2","RSSI":-72},{"SSID":"WiFi Setup - University of Leeds","BSSID":"5c:a6:2d:cf:c4:c3","RSSI":-72},{"SSID":"eduroam","BSSID":"5c:a6:2d:ce:c9:6e","RSSI":-72},{"SSID":"WiFi Setup - University of Leeds","BSSID":"5c:a6:2d:ce:c9:6c","RSSI":-72},{"SSID":"eduroam","BSSID":"5c:a6:2d:ce:b2:8e","RSSI":-72},{"SSID":"WiFi Setup - University of Leeds","BSSID":"5c:a6:2d:af:93:4c","RSSI":-72},{"SSID":"MeetInLeeds","BSSID":"5c:a6:2d:ce:c9:6d","RSSI":-73},{"SSID":"eduroam","BSSID":"5c:a6:2d:af:93:4e","RSSI":-73},{"SSID":"WiFi Setup - University of Leeds","BSSID":"5c:a6:2d:af:93:43","RSSI":-76},{"SSID":"MeetInLeeds","BSSID":"5c:a6:2d:5d:2b:42","RSSI":-78},{"SSID":"WiFi Setup - University of Leeds","BSSID":"5c:a6:2d:5d:2b:43","RSSI":-78},{"SSID":"eduroam","BSSID":"5c:a6:2d:cf:c4:ce","RSSI":-78},{"SSID":"AndroidAPbe18","BSSID":"ce:1e:63:b7:40:a2","RSSI":-79},{"SSID":"MeetInLeeds","BSSID":"5c:a6:2d:cf:c4:cd","RSSI":-79},{"SSID":"WiFi Setup - University of Leeds","BSSID":"5c:a6:2d:cf:c4:cc","RSSI":-79},{"SSID":"WiFi Setup - University of Leeds","BSSID":"5c:a6:2d:cf:b5:e3","RSSI":-79},{"SSID":"eduroam","BSSID":"5c:a6:2d:ce:ab:ce","RSSI":-81},{"SSID":"MeetInLeeds","BSSID":"5c:a6:2d:cf:b5:ed","RSSI":-81},{"SSID":"WiFi Setup - University of Leeds","BSSID":"5c:a6:2d:ce:ab:cc","RSSI":-82},{"SSID":"MeetInLeeds","BSSID":"5c:a6:2d:86:6a:62","RSSI":-82},{"SSID":"WiFi Setup - University of Leeds","BSSID":"5c:a6:2d:cf:c1:83","RSSI":-82},{"SSID":"MeetInLeeds","BSSID":"5c:a6:2d:cf:c1:82","RSSI":-84}],[{"SSID":"WiFi Setup - University of Leeds","BSSID":"5c:a6:2d:ef:47:43","RSSI":-51},{"SSID":"MeetInLeeds","BSSID":"5c:a6:2d:ef:47:42","RSSI":-51},{"SSID":"WiFi Setup - University of Leeds","BSSID":"5c:a6:2d:ef:47:4c","RSSI":-51},{"SSID":"MeetInLeeds","BSSID":"5c:a6:2d:ef:47:4d","RSSI":-51},{"SSID":"MeetInLeeds","BSSID":"5c:a6:2d:ce:b2:82","RSSI":-64},{"SSID":"WiFi Setup - University of Leeds","BSSID":"5c:a6:2d:ce:b2:83","RSSI":-64},{"SSID":"MeetInLeeds","BSSID":"ac:3a:67:08:28:e2","RSSI":-65},{"SSID":"WiFi Setup - University of Leeds","BSSID":"ac:3a:67:08:28:e3","RSSI":-66},{"SSID":"WiFi Setup - University of Leeds","BSSID":"ac:3a:67:08:28:ec","RSSI":-68},{"SSID":"MeetInLeeds","BSSID":"5c:a6:2d:ce:c9:62","RSSI":-70},{"SSID":"eduroam","BSSID":"5c:a6:2d:ce:c9:61","RSSI":-70},{"SSID":"WiFi Setup - University of Leeds","BSSID":"5c:a6:2d:ce:c9:63","RSSI":-70},{"SSID":"eduroam","BSSID":"ac:3a:67:08:28:ee","RSSI":-71},{"SSID":"MeetInLeeds","BSSID":"5c:a6:2d:ce:b2:8d","RSSI":-71},{"SSID":"WiFi Setup - University of Leeds","BSSID":"5c:a6:2d:ce:b2:8c","RSSI":-71},{"SSID":"eduroam","BSSID":"5c:a6:2d:ce:b2:8e","RSSI":-71},{"SSID":"MeetInLeeds","BSSID":"ac:3a:67:08:28:ed","RSSI":-72},{"SSID":"MeetInLeeds","BSSID":"5c:a6:2d:af:93:4d","RSSI":-73},{"SSID":"eduroam","BSSID":"5c:a6:2d:af:93:4e","RSSI":-73},{"SSID":"WiFi Setup - University of Leeds","BSSID":"5c:a6:2d:5d:2b:43","RSSI":-74},{"SSID":"MeetInLeeds","BSSID":"5c:a6:2d:5d:2b:42","RSSI":-75},{"SSID":"WiFi Setup - University of Leeds","BSSID":"5c:a6:2d:86:6a:63","RSSI":-75},{"SSID":"WiFi Setup - University of Leeds","BSSID":"5c:a6:2d:ce:ab:c3","RSSI":-76},{"SSID":"MeetInLeeds","BSSID":"5c:a6:2d:ce:ab:c2","RSSI":-78},{"SSID":"eduroam","BSSID":"5c:a6:2d:ce:c9:6e","RSSI":-78},{"SSID":"WiFi Setup - University of Leeds","BSSID":"5c:a6:2d:cf:c4:c3","RSSI":-79},{"SSID":"MeetInLeeds","BSSID":"5c:a6:2d:ce:c9:6d","RSSI":-79},{"SSID":"WiFi Setup - University of Leeds","BSSID":"5c:a6:2d:ce:c9:6c","RSSI":-80},{"SSID":"WiFi Setup - University of Leeds","BSSID":"5c:a6:2d:cf:b0:a3","RSSI":-83},{"SSID":"WiFi Setup - University of Leeds","BSSID":"5c:a6:2d:86:6a:6c","RSSI":-83},{"SSID":"MeetInLeeds","BSSID":"5c:a6:2d:86:6a:6d","RSSI":-83}],[{"SSID":"WiFi Setup - University of Leeds","BSSID":"5c:a6:2d:ef:47:43","RSSI":-47},{"SSID":"eduroam","BSSID":"5c:a6:2d:ef:47:41","RSSI":-47},{"SSID":"MeetInLeeds","BSSID":"5c:a6:2d:ef:47:42","RSSI":-47},{"SSID":"MeetInLeeds","BSSID":"5c:a6:2d:ef:47:4d","RSSI":-55},{"SSID":"eduroam","BSSID":"5c:a6:2d:ef:47:4e","RSSI":-56},{"SSID":"WiFi Setup - University of Leeds","BSSID":"5c:a6:2d:ef:47:4c","RSSI":-58},{"SSID":"MeetInLeeds","BSSID":"5c:a6:2d:ce:b2:82","RSSI":-66},{"SSID":"eduroam","BSSID":"5c:a6:2d:ce:b2:81","RSSI":-66},{"SSID":"WiFi Setup - University of Leeds","BSSID":"ac:3a:67:08:28:e3","RSSI":-67},{"SSID":"MeetInLeeds","BSSID":"ac:3a:67:08:28:e2","RSSI":-67},{"SSID":"MeetInLeeds","BSSID":"5c:a6:2d:ce:c9:62","RSSI":-71},{"SSID":"WiFi Setup - University of Leeds","BSSID":"5c:a6:2d:ce:c9:63","RSSI":-71},{"SSID":"WiFi Setup - University of Leeds","BSSID":"ac:3a:67:08:28:ec","RSSI":-73},{"SSID":"eduroam","BSSID":"ac:3a:67:08:28:ee","RSSI":-74},{"SSID":"MeetInLeeds","BSSID":"5c:a6:2d:ce:ab:c2","RSSI":-75},{"SSID":"eduroam","BSSID":"5c:a6:2d:ce:b2:8e","RSSI":-75},{"SSID":"WiFi Setup - University of Leeds","BSSID":"5c:a6:2d:ce:c9:6c","RSSI":-76},{"SSID":"MeetInLeeds","BSSID":"5c:a6:2d:ce:b2:8d","RSSI":-76},{"SSID":"WiFi Setup - University of Leeds","BSSID":"5c:a6:2d:ce:b2:8c","RSSI":-76},{"SSID":"WiFi Setup - University of Leeds","BSSID":"5c:a6:2d:af:93:4c","RSSI":-76},{"SSID":"eduroam","BSSID":"5c:a6:2d:ce:c9:6e","RSSI":-77},{"SSID":"MeetInLeeds","BSSID":"5c:a6:2d:ce:c9:6d","RSSI":-77},{"SSID":"MeetInLeeds","BSSID":"5c:a6:2d:86:6a:62","RSSI":-77},{"SSID":"MeetInLeeds","BSSID":"ac:3a:67:08:28:ed","RSSI":-78},{"SSID":"eduroam","BSSID":"5c:a6:2d:86:6a:61","RSSI":-78},{"SSID":"MeetInLeeds","BSSID":"5c:a6:2d:eb:d7:42","RSSI":-81},{"SSID":"WiFi Setup - University of Leeds","BSSID":"5c:a6:2d:cf:b5:ec","RSSI":-81},{"SSID":"WiFi Setup - University of Leeds","BSSID":"5c:a6:2d:45:dd:a3","RSSI":-82},{"SSID":"eduroam","BSSID":"5c:a6:2d:cf:b5:ee","RSSI":-82},{"SSID":"MeetInLeeds","BSSID":"5c:a6:2d:cf:b5:ed","RSSI":-82},{"SSID":"WiFi Setup - University of Leeds","BSSID":"5c:a6:2d:ce:b2:83","RSSI":-84},{"SSID":"MeetInLeeds","BSSID":"5c:a6:2d:86:6a:6d","RSSI":-88}],[{"SSID":"WiFi Setup - University of Leeds","BSSID":"5c:a6:2d:ef:47:43","RSSI":-47},{"SSID":"MeetInLeeds","BSSID":"5c:a6:2d:ef:47:42","RSSI":-47},{"SSID":"eduroam","BSSID":"5c:a6:2d:ef:47:4e","RSSI":-53},{"SSID":"WiFi Setup - University of Leeds","BSSID":"5c:a6:2d:ef:47:4c","RSSI":-54},{"SSID":"MeetInLeeds","BSSID":"5c:a6:2d:ef:47:4d","RSSI":-54},{"SSID":"MeetInLeeds","BSSID":"ac:3a:67:08:28:e2","RSSI":-65},{"SSID":"eduroam","BSSID":"5c:a6:2d:ce:b2:81","RSSI":-65},{"SSID":"WiFi Setup - University of Leeds","BSSID":"ac:3a:67:08:28:e3","RSSI":-66},{"SSID":"MeetInLeeds","BSSID":"5c:a6:2d:5d:2b:42","RSSI":-70},{"SSID":"WiFi Setup - University of Leeds","BSSID":"5c:a6:2d:5d:2b:43","RSSI":-70},{"SSID":"WiFi Setup - University of Leeds","BSSID":"5c:a6:2d:ce:c9:6c","RSSI":-70},{"SSID":"eduroam","BSSID":"5c:a6:2d:5d:2b:41","RSSI":-71},{"SSID":"eduroam","BSSID":"5c:a6:2d:ce:c9:6e","RSSI":-71},{"SSID":"MeetInLeeds","BSSID":"5c:a6:2d:ce:c9:6d","RSSI":-71},{"SSID":"WiFi Setup - University of Leeds","BSSID":"5c:a6:2d:ce:ab:c3","RSSI":-72},{"SSID":"MeetInLeeds","BSSID":"5c:a6:2d:ce:b2:8d","RSSI":-72},{"SSID":"WiFi Setup - University of Leeds","BSSID":"5c:a6:2d:ce:b2:8c","RSSI":-72},{"SSID":"eduroam","BSSID":"5c:a6:2d:ce:b2:8e","RSSI":-72},{"SSID":"WiFi Setup - University of Leeds","BSSID":"5c:a6:2d:af:93:43","RSSI":-74},{"SSID":"MeetInLeeds","BSSID":"5c:a6:2d:cf:c4:c2","RSSI":-75},{"SSID":"WiFi Setup - University of Leeds","BSSID":"5c:a6:2d:86:6a:63","RSSI":-75},{"SSID":"eduroam","BSSID":"5c:a6:2d:cf:c4:c1","RSSI":-76},{"SSID":"WiFi Setup - University of Leeds","BSSID":"5c:a6:2d:cf:c4:c3","RSSI":-76},{"SSID":"MeetInLeeds","BSSID":"5c:a6:2d:af:93:42","RSSI":-76},{"SSID":"WiFi Setup - University of Leeds","BSSID":"5c:a6:2d:af:93:4c","RSSI":-77},{"SSID":"MeetInLeeds","BSSID":"5c:a6:2d:af:93:4d","RSSI":-77},{"SSID":"eduroam","BSSID":"5c:a6:2d:af:93:4e","RSSI":-77},{"SSID":"WiFi Setup - University of Leeds","BSSID":"5c:a6:2d:ce:ab:cc","RSSI":-78},{"SSID":"WiFi Setup - University of Leeds","BSSID":"5c:a6:2d:cf:b0:a3","RSSI":-81},{"SSID":"WiFi Setup - University of Leeds","BSSID":"5c:a6:2d:cf:b5:ec","RSSI":-81},{"SSID":"eduroam","BSSID":"5c:a6:2d:cf:b5:ee","RSSI":-81},{"SSID":"MeetInLeeds","BSSID":"5c:a6:2d:cf:b5:ed","RSSI":-81}],[{"SSID":"WiFi Setup - University of Leeds","BSSID":"5c:a6:2d:ef:47:43","RSSI":-50},{"SSID":"MeetInLeeds","BSSID":"5c:a6:2d:ef:47:42","RSSI":-50},{"SSID":"MeetInLeeds","BSSID":"5c:a6:2d:ef:47:4d","RSSI":-54},{"SSID":"WiFi Setup - University of Leeds","BSSID":"5c:a6:2d:ef:47:4c","RSSI":-55},{"SSID":"eduroam","BSSID":"5c:a6:2d:ef:47:4e","RSSI":-55},{"SSID":"MeetInLeeds","BSSID":"5c:a6:2d:ce:b2:82","RSSI":-64},{"SSID":"eduroam","BSSID":"5c:a6:2d:ce:b2:81","RSSI":-64},{"SSID":"WiFi Setup - University of Leeds","BSSID":"5c:a6:2d:ce:b2:83","RSSI":-64},{"SSID":"MeetInLeeds","BSSID":"ac:3a:67:08:28:e2","RSSI":-65},{"SSID":"WiFi Setup - University of Leeds","BSSID":"ac:3a:67:08:28:e3","RSSI":-66},{"SSID":"eduroam","BSSID":"ac:3a:67:08:28:e1","RSSI":-66},{"SSID":"MeetInLeeds","BSSID":"5c:a6:2d:ce:c9:6d","RSSI":-71},{"SSID":"WiFi Setup - University of Leeds","BSSID":"5c:a6:2d:ce:c9:6c","RSSI":-71},{"SSID":"eduroam","BSSID":"5c:a6:2d:ce:c9:6e","RSSI":-72},{"SSID":"MeetInLeeds","BSSID":"5c:a6:2d:ce:c9:62","RSSI":-73},{"SSID":"WiFi Setup - University of Leeds","BSSID":"5c:a6:2d:af:93:4c","RSSI":-73},{"SSID":"WiFi Setup - University of Leeds","BSSID":"5c:a6:2d:ce:c9:63","RSSI":-74},{"SSID":"WiFi Setup - University of Leeds","BSSID":"5c:a6:2d:ce:ab:c3","RSSI":-74},{"SSID":"MeetInLeeds","BSSID":"5c:a6:2d:cf:b5:e2","RSSI":-75},{"SSID":"MeetInLeeds","BSSID":"5c:a6:2d:af:93:4d","RSSI":-75},{"SSID":"WiFi Setup - University of Leeds","BSSID":"5c:a6:2d:ce:ab:cc","RSSI":-79},{"SSID":"eduroam","BSSID":"5c:a6:2d:ce:ab:ce","RSSI":-79},{"SSID":"MeetInLeeds","BSSID":"5c:a6:2d:ce:ab:cd","RSSI":-80},{"SSID":"MeetInLeeds","BSSID":"5c:a6:2d:cf:b5:ed","RSSI":-83},{"SSID":"MeetInLeeds","BSSID":"5c:a6:2d:cf:b5:0d","RSSI":-85},{"SSID":"WiFi Setup - University of Leeds","BSSID":"5c:a6:2d:cf:b5:0c","RSSI":-85},{"SSID":"WiFi Setup - University of Leeds","BSSID":"5c:a6:2d:86:6a:6c","RSSI":-85}],[{"SSID":"WiFi Setup - University of Leeds","BSSID":"5c:a6:2d:ef:47:43","RSSI":-49},{"SSID":"MeetInLeeds","BSSID":"5c:a6:2d:ef:47:42","RSSI":-49},{"SSID":"MeetInLeeds","BSSID":"5c:a6:2d:ce:b2:82","RSSI":-64},{"SSID":"WiFi Setup - University of Leeds","BSSID":"5c:a6:2d:ce:b2:83","RSSI":-64},{"SSID":"WiFi Setup - University of Leeds","BSSID":"ac:3a:67:08:28:e3","RSSI":-65},{"SSID":"MeetInLeeds","BSSID":"ac:3a:67:08:28:e2","RSSI":-65},{"SSID":"WiFi Setup - University of Leeds","BSSID":"5c:a6:2d:5d:2b:43","RSSI":-71},{"SSID":"eduroam","BSSID":"5c:a6:2d:ce:c9:6e","RSSI":-71},{"SSID":"MeetInLeeds","BSSID":"5c:a6:2d:ce:c9:6d","RSSI":-71},{"SSID":"WiFi Setup - University of Leeds","BSSID":"5c:a6:2d:ce:c9:6c","RSSI":-71},{"SSID":"MeetInLeeds","BSSID":"5c:a6:2d:ce:c9:62","RSSI":-73},{"SSID":"WiFi Setup - University of Leeds","BSSID":"5c:a6:2d:ce:c9:63","RSSI":-73},{"SSID":"WiFi Setup - University of Leeds","BSSID":"5c:a6:2d:af:93:4c","RSSI":-75},{"SSID":"eduroam","BSSID":"5c:a6:2d:ce:ab:c1","RSSI":-76},{"SSID":"WiFi Setup - University of Leeds","BSSID":"5c:a6:2d:cf:b5:e3","RSSI":-76},{"SSID":"MeetInLeeds","BSSID":"5c:a6:2d:86:6a:62","RSSI":-77},{"SSID":"MeetInLeeds","BSSID":"5c:a6:2d:cf:c4:c2","RSSI":-79},{"SSID":"AndroidAPbe18","BSSID":"ce:1e:63:b7:40:a2","RSSI":-80},{"SSID":"WiFi Setup - University of Leeds","BSSID":"5c:a6:2d:cf:c4:cc","RSSI":-82}],[{"SSID":"MeetInLeeds","BSSID":"5c:a6:2d:ef:47:42","RSSI":-50},{"SSID":"MeetInLeeds","BSSID":"5c:a6:2d:ef:47:4d","RSSI":-56},{"SSID":"WiFi Setup - University of Leeds","BSSID":"5c:a6:2d:ef:47:4c","RSSI":-58},{"SSID":"eduroam","BSSID":"5c:a6:2d:ef:47:4e","RSSI":-58},{"SSID":"MeetInLeeds","BSSID":"5c:a6:2d:ce:b2:82","RSSI":-63},{"SSID":"WiFi Setup - University of Leeds","BSSID":"5c:a6:2d:ce:b2:83","RSSI":-63},{"SSID":"MeetInLeeds","BSSID":"ac:3a:67:08:28:e2","RSSI":-66},{"SSID":"eduroam","BSSID":"ac:3a:67:08:28:ee","RSSI":-68},{"SSID":"MeetInLeeds","BSSID":"ac:3a:67:08:28:ed","RSSI":-69},{"SSID":"WiFi Setup - University of Leeds","BSSID":"ac:3a:67:08:28:ec","RSSI":-69},{"SSID":"MeetInLeeds","BSSID":"5c:a6:2d:ce:b2:8d","RSSI":-71},{"SSID":"WiFi Setup - University of Leeds","BSSID":"5c:a6:2d:ce:b2:8c","RSSI":-71},{"SSID":"eduroam","BSSID":"5c:a6:2d:ce:b2:8e","RSSI":-71},{"SSID":"WiFi Setup - University of Leeds","BSSID":"5c:a6:2d:5d:2b:43","RSSI":-72},{"SSID":"WiFi Setup - University of Leeds","BSSID":"5c:a6:2d:af:93:4c","RSSI":-72},{"SSID":"MeetInLeeds","BSSID":"5c:a6:2d:5d:2b:42","RSSI":-73},{"SSID":"WiFi Setup - University of Leeds","BSSID":"5c:a6:2d:ce:ab:c3","RSSI":-73},{"SSID":"WiFi Setup - University of Leeds","BSSID":"5c:a6:2d:ce:c9:63","RSSI":-74},{"SSID":"eduroam","BSSID":"5c:a6:2d:ce:c9:6e","RSSI":-74},{"SSID":"MeetInLeeds","BSSID":"5c:a6:2d:ce:c9:6d","RSSI":-74},{"SSID":"WiFi Setup - University of Leeds","BSSID":"5c:a6:2d:ce:c9:6c","RSSI":-74},{"SSID":"WiFi Setup - University of Leeds","BSSID":"5c:a6:2d:86:6a:63","RSSI":-77},{"SSID":"MeetInLeeds","BSSID":"5c:a6:2d:45:dd:a2","RSSI":-79},{"SSID":"WiFi Setup - University of Leeds","BSSID":"5c:a6:2d:cf:b5:0c","RSSI":-85}],[{"SSID":"MeetInLeeds","BSSID":"5c:a6:2d:ef:47:4d","RSSI":-54},{"SSID":"WiFi Setup - University of Leeds","BSSID":"5c:a6:2d:ef:47:43","RSSI":-55},{"SSID":"MeetInLeeds","BSSID":"5c:a6:2d:ef:47:42","RSSI":-55},{"SSID":"WiFi Setup - University of Leeds","BSSID":"5c:a6:2d:ef:47:4c","RSSI":-55},{"SSID":"eduroam","BSSID":"5c:a6:2d:ef:47:4e","RSSI":-55},{"SSID":"WiFi Setup - University of Leeds","BSSID":"ac:3a:67:08:28:e3","RSSI":-65},{"SSID":"MeetInLeeds","BSSID":"ac:3a:67:08:28:e2","RSSI":-65},{"SSID":"eduroam","BSSID":"5c:a6:2d:af:93:4e","RSSI":-70},{"SSID":"MeetInLeeds","BSSID":"5c:a6:2d:af:93:4d","RSSI":-71},{"SSID":"MeetInLeeds","BSSID":"5c:a6:2d:5d:2b:42","RSSI":-73},{"SSID":"MeetInLeeds","BSSID":"5c:a6:2d:ce:c9:62","RSSI":-73},{"SSID":"WiFi Setup - University of Leeds","BSSID":"5c:a6:2d:ce:c9:63","RSSI":-73},{"SSID":"MeetInLeeds","BSSID":"5c:a6:2d:ce:b2:82","RSSI":-74},{"SSID":"WiFi Setup - University of Leeds","BSSID":"5c:a6:2d:ce:b2:83","RSSI":-74},{"SSID":"WiFi Setup - University of Leeds","BSSID":"5c:a6:2d:ce:ab:c3","RSSI":-75},{"SSID":"MeetInLeeds","BSSID":"5c:a6:2d:ce:ab:c2","RSSI":-75},{"SSID":"MeetInLeeds","BSSID":"5c:a6:2d:af:93:42","RSSI":-77},{"SSID":"eduroam","BSSID":"5c:a6:2d:ce:c9:6e","RSSI":-77},{"SSID":"MeetInLeeds","BSSID":"5c:a6:2d:ce:c9:6d","RSSI":-77},{"SSID":"WiFi Setup - University of Leeds","BSSID":"5c:a6:2d:ce:c9:6c","RSSI":-77},{"SSID":"WiFi Setup - University of Leeds","BSSID":"5c:a6:2d:af:93:4c","RSSI":-77},{"SSID":"MeetInLeeds","BSSID":"5c:a6:2d:ce:ab:cd","RSSI":-80},{"SSID":"WiFi Setup - University of Leeds","BSSID":"5c:a6:2d:ce:ab:cc","RSSI":-80},{"SSID":"WiFi Setup - University of Leeds","BSSID":"5c:a6:2d:5d:2b:43","RSSI":-80},{"SSID":"eduroam","BSSID":"5c:a6:2d:ce:ab:ce","RSSI":-80},{"SSID":"WiFi Setup - University of Leeds","BSSID":"5c:a6:2d:cf:b5:ec","RSSI":-80},{"SSID":"eduroam","BSSID":"5c:a6:2d:cf:b5:ee","RSSI":-83},{"SSID":"MeetInLeeds","BSSID":"5c:a6:2d:cf:b5:ed","RSSI":-83},{"SSID":"MeetInLeeds","BSSID":"5c:a6:2d:cf:b5:0d","RSSI":-87},{"SSID":"WiFi Setup - University of Leeds","BSSID":"5c:a6:2d:86:6a:6c","RSSI":-87},{"SSID":"MeetInLeeds","BSSID":"5c:a6:2d:86:6a:6d","RSSI":-88}],[{"SSID":"WiFi Setup - University of Leeds","BSSID":"5c:a6:2d:ef:47:43","RSSI":-54},{"SSID":"MeetInLeeds","BSSID":"5c:a6:2d:ef:47:42","RSSI":-54},{"SSID":"WiFi Setup - University of Leeds","BSSID":"5c:a6:2d:ef:47:4c","RSSI":-54},{"SSID":"MeetInLeeds","BSSID":"5c:a6:2d:ef:47:4d","RSSI":-54},{"SSID":"eduroam","BSSID":"5c:a6:2d:ef:47:4e","RSSI":-54},{"SSID":"WiFi Setup - University of Leeds","BSSID":"ac:3a:67:08:28:e3","RSSI":-65},{"SSID":"eduroam","BSSID":"ac:3a:67:08:28:e1","RSSI":-65},{"SSID":"MeetInLeeds","BSSID":"5c:a6:2d:ce:b2:82","RSSI":-70},{"SSID":"WiFi Setup - University of Leeds","BSSID":"5c:a6:2d:af:93:4c","RSSI":-72},{"SSID":"WiFi Setup - University of Leeds","BSSID":"5c:a6:2d:ce:ab:c3","RSSI":-76},{"SSID":"MeetInLeeds","BSSID":"5c:a6:2d:ce:ab:c2","RSSI":-76},{"SSID":"eduroam","BSSID":"5c:a6:2d:ce:c9:6e","RSSI":-77},{"SSID":"MeetInLeeds","BSSID":"5c:a6:2d:ce:c9:6d","RSSI":-77},{"SSID":"WiFi Setup - University of Leeds","BSSID":"5c:a6:2d:ce:c9:6c","RSSI":-77},{"SSID":"AndroidAPbe18","BSSID":"ce:1e:63:b7:40:a2","RSSI":-77},{"SSID":"eduroam","BSSID":"5c:a6:2d:cf:b5:e1","RSSI":-77},{"SSID":"MeetInLeeds","BSSID":"5c:a6:2d:86:6a:62","RSSI":-79},{"SSID":"MeetInLeeds","BSSID":"5c:a6:2d:ce:ab:cd","RSSI":-80},{"SSID":"WiFi Setup - University of Leeds","BSSID":"5c:a6:2d:86:6a:63","RSSI":-80},{"SSID":"WiFi Setup - University of Leeds","BSSID":"5c:a6:2d:ce:ab:cc","RSSI":-81},{"SSID":"WiFi Setup - University of Leeds","BSSID":"5c:a6:2d:cf:c4:c3","RSSI":-81},{"SSID":"eduroam","BSSID":"5c:a6:2d:ce:ab:ce","RSSI":-82},{"SSID":"WiFi Setup - University of Leeds","BSSID":"5c:a6:2d:45:dd:a3","RSSI":-84},{"SSID":"WiFi Setup - University of Leeds","BSSID":"5c:a6:2d:cf:b5:ec","RSSI":-85},{"SSID":"MeetInLeeds","BSSID":"5c:a6:2d:cf:b5:ed","RSSI":-85},{"SSID":"eduroam","BSSID":"5c:a6:2d:cf:b5:ee","RSSI":-86}],[{"SSID":"WiFi Setup - University of Leeds","BSSID":"5c:a6:2d:ef:47:4c","RSSI":-53},{"SSID":"eduroam","BSSID":"5c:a6:2d:ef:47:4e","RSSI":-53},{"SSID":"MeetInLeeds","BSSID":"5c:a6:2d:ef:47:42","RSSI":-54},{"SSID":"WiFi Setup - University of Leeds","BSSID":"5c:a6:2d:ef:47:43","RSSI":-55},{"SSID":"MeetInLeeds","BSSID":"5c:a6:2d:ef:47:4d","RSSI":-55},{"SSID":"WiFi Setup - University of Leeds","BSSID":"ac:3a:67:08:28:e3","RSSI":-65},{"SSID":"MeetInLeeds","BSSID":"ac:3a:67:08:28:e2","RSSI":-65},{"SSID":"eduroam","BSSID":"5c:a6:2d:af:93:4e","RSSI":-71},{"SSID":"WiFi Setup - University of Leeds","BSSID":"5c:a6:2d:af:93:4c","RSSI":-72},{"SSID":"MeetInLeeds","BSSID":"5c:a6:2d:af:93:4d","RSSI":-72},{"SSID":"MeetInLeeds","BSSID":"5c:a6:2d:5d:2b:42","RSSI":-73},{"SSID":"WiFi Setup - University of Leeds","BSSID":"5c:a6:2d:5d:2b:43","RSSI":-73},{"SSID":"WiFi Setup - University of Leeds","BSSID":"5c:a6:2d:ce:b2:83","RSSI":-73},{"SSID":"eduroam","BSSID":"5c:a6:2d:5d:2b:41","RSSI":-74},{"SSID":"MeetInLeeds","BSSID":"5c:a6:2d:ce:ab:c2","RSSI":-74},{"SSID":"WiFi Setup - University of Leeds","BSSID":"5c:a6:2d:ce:ab:c3","RSSI":-75},{"SSID":"MeetInLeeds","BSSID":"5c:a6:2d:ce:c9:62","RSSI":-76},{"SSID":"WiFi Setup - University of Leeds","BSSID":"5c:a6:2d:ce:c9:63","RSSI":-76},{"SSID":"eduroam","BSSID":"5c:a6:2d:ce:c9:6e","RSSI":-76},{"SSID":"eduroam","BSSID":"5c:a6:2d:cf:c4:c1","RSSI":-77},{"SSID":"WiFi Setup - University of Leeds","BSSID":"5c:a6:2d:cf:c4:c3","RSSI":-77},{"SSID":"MeetInLeeds","BSSID":"5c:a6:2d:ce:c9:6d","RSSI":-77},{"SSID":"MeetInLeeds","BSSID":"5c:a6:2d:ce:ab:cd","RSSI":-78},{"SSID":"eduroam","BSSID":"5c:a6:2d:ce:ab:ce","RSSI":-78},{"SSID":"MeetInLeeds","BSSID":"5c:a6:2d:af:93:42","RSSI":-78},{"SSID":"WiFi Setup - University of Leeds","BSSID":"5c:a6:2d:af:93:43","RSSI":-79},{"SSID":"AndroidAPbe18","BSSID":"ce:1e:63:b7:40:a2","RSSI":-79},{"SSID":"WiFi Setup - University of Leeds","BSSID":"5c:a6:2d:cf:b5:e3","RSSI":-79},{"SSID":"WiFi Setup - University of Leeds","BSSID":"5c:a6:2d:ce:ab:cc","RSSI":-80},{"SSID":"WiFi Setup - University of Leeds","BSSID":"5c:a6:2d:eb:d7:43","RSSI":-81},{"SSID":"MeetInLeeds","BSSID":"5c:a6:2d:eb:d7:42","RSSI":-81},{"SSID":"MeetInLeeds","BSSID":"5c:a6:2d:cf:b5:ed","RSSI":-81},{"SSID":"WiFi Setup - University of Leeds","BSSID":"5c:a6:2d:45:dd:a3","RSSI":-82},{"SSID":"WiFi Setup - University of Leeds","BSSID":"5c:a6:2d:cf:b5:ec","RSSI":-82},{"SSID":"eduroam","BSSID":"5c:a6:2d:cf:b5:ee","RSSI":-82},{"SSID":"MeetInLeeds","BSSID":"5c:a6:2d:45:dd:a2","RSSI":-84},{"SSID":"MeetInLeeds","BSSID":"5c:a6:2d:cf:b5:0d","RSSI":-85},{"SSID":"WiFi Setup - University of Leeds","BSSID":"5c:a6:2d:cf:b5:0c","RSSI":-85}]]