[[{"SSID":"MeetInLeeds","BSSID":"5c:a6:2d:5d:2c:02","RSSI":-35},{"SSID":"eduroam","BSSID":"5c:a6:2d:5d:2c:01","RSSI":-35},{"SSID":"eduroam","BSSID":"5c:a6:2d:5d:2c:0e","RSSI":-43},{"SSID":"MeetInLeeds","BSSID":"5c:a6:2d:5d:2c:0d","RSSI":-43},{"SSID":"MeetInLeeds","BSSID":"5c:a6:2d:45:dc:02","RSSI":-43},{"SSID":"eduroam","BSSID":"5c:a6:2d:45:dc:01","RSSI":-44},{"SSID":"MeetInLeeds","BSSID":"5c:a6:2d:45:dc:0d","RSSI":-45},{"SSID":"eduroam","BSSID":"5c:a6:2d:45:dc:0e","RSSI":-46},{"SSID":"MeetInLeeds","BSSID":"5c:a6:2d:86:69:22","RSSI":-55},{"SSID":"MeetInLeeds","BSSID":"ac:3a:67:08:0c:82","RSSI":-64},{"SSID":"eduroam","BSSID":"5c:a6:2d:cf:e5:ae","RSSI":-68},{"SSID":"eduroam","BSSID":"5c:a6:2d:af:91:4e","RSSI":-68},{"SSID":"MeetInLeeds","BSSID":"5c:a6:2d:af:91:4d","RSSI":-68},{"SSID":"MeetInLeeds","BSSID":"5c:a6:2d:86:69:2d","RSSI":-68},{"SSID":"MeetInLeeds","BSSID":"5c:a6:2d:5d:2e:cd","RSSI":-69},{"SSID":"eduroam","BSSID":"5c:a6:2d:5d:2e:ce","RSSI":-69},{"SSID":"eduroam","BSSID":"5c:a6:2d:86:69:2e","RSSI":-69},{"SSID":"MeetInLeeds","BSSID":"5c:a6:2d:cf:bf:c2","RSSI":-71},{"SSID":"MeetInLeeds","BSSID":"5c:a6:2d:1e:08:e2","RSSI":-72},{"SSID":"eduroam","BSSID":"5c:a6:2d:cf:bf:c1","RSSI":-72},{"SSID":"MeetInLeeds","BSSID":"5c:a6:2d:ce:8e:a2","RSSI":-72},{"SSID":"eduroam","BSSID":"5c:a6:2d:ce:8e:a1","RSSI":-72},{"SSID":"MeetInLeeds","BSSID":"ac:3a:67:08:0c:8d","RSSI":-72},{"SSID":"eduroam","BSSID":"ac:3a:67:08:0c:8e","RSSI":-72},{"SSID":"MeetInLeeds","BSSID":"5c:a6:2d:cf:b3:e2","RSSI":-73},{"SSID":"MeetInLeeds","BSSID":"5c:a6:2d:cf:bf:cd","RSSI":-74},{"SSID":"eduroam","BSSID":"5c:a6:2d:ce:8e:ae","RSSI":-75},{"SSID":"eduroam","BSSID":"5c:a6:2d:cf:bf:ce","RSSI":-75},{"SSID":"MeetInLeeds","BSSID":"5c:a6:2d:cf:b3:ed","RSSI":-77},{"SSID":"eduroam","BSSID":"5c:a6:2d:cf:b3:ee","RSSI":-77},{"SSID":"MeetInLeeds","BSSID":"5c:a6:2d:cf:e0:0d","RSSI":-77},{"SSID":"MeetInLeeds","BSSID":"5c:a6:2d:af:91:42","RSSI":-77},{"SSID":"MeetInLeeds","BSSID":"5c:a6:2d:cf:e5:ad","RSSI":-78},{"SSID":"eduroam","BSSID":"5c:a6:2d:1e:08:ee","RSSI":-78},{"SSID":"MeetInLeeds","BSSID":"5c:a6:2d:ce:8e:ad","RSSI":-78},{"SSID":"MeetInLeeds","BSSID":"5c:a6:2d:86:69:cd","RSSI":-78},{"SSID":"eduroam","BSSID":"5c:a6:2d:ce:c1:ee","RSSI":-78},{"SSID":"MeetInLeeds","BSSID":"5c:a6:2d:ce:c1:ed","RSSI":-78},{"SSID":"MeetInLeeds","BSSID":"5c:a6:2d:1e:08:ed","RSSI":-79},{"SSID":"MeetInLeeds","BSSID":"5c:a6:2d:ce:c1:e2","RSSI":-80},{"SSID":"eduroam","BSSID":"5c:a6:2d:cf:e0:0e","RSSI":-80},{"SSID":"MeetInLeeds","BSSID":"5c:a6:2d:cf:c1:62","RSSI":-81},{"SSID":"MeetInLeeds","BSSID":"5c:a6:2d:ef:4a:ad","RSSI":-82},{"SSID":"MeetInLeeds","BSSID":"5c:a6:2d:86:69:c2","RSSI":-83},{"SSID":"eduroam","BSSID":"5c:a6:2d:86:69:c1","RSSI":-83},{"SSID":"eduroam","BSSID":"5c:a6:2d:ef:4a:ae","RSSI":-83},{"SSID":"MeetInLeeds","BSSID":"5c:a6:2d:cf:c4:ed","RSSI":-85},{"SSID":"eduroam","BSSID":"5c:a6:2d:cf:c4:ee","RSSI":-85},{"SSID":"MeetInLeeds","BSSID":"ac:3a:67:08:25:8d","RSSI":-88},{"SSID":"eduroam","BSSID":"ac:3a:67:08:25:8e","RSSI":-89}],[{"SSID":"MeetInLeeds","BSSID":"5c:a6:2d:5d:2c:02","RSSI":-35},{"SSID":"eduroam","BSSID":"5c:a6:2d:5d:2c:01","RSSI":-35},{"SSID":"MeetInLeeds","BSSID":"5c:a6:2d:45:dc:0d","RSSI":-48},{"SSID":"eduroam","BSSID":"5c:a6:2d:45:dc:0e","RSSI":-49},{"SSID":"MeetInLeeds","BSSID":"5c:a6:2d:86:69:22","RSSI":-52},{"SSID":"MeetInLeeds","BSSID":"5c:a6:2d:45:dc:02","RSSI":-53},{"SSID":"eduroam","BSSID":"5c:a6:2d:86:69:21","RSSI":-56},{"SSID":"MeetInLeeds","BSSID":"ac:3a:67:08:0c:82","RSSI":-63},{"SSID":"eduroam","BSSID":"ac:3a:67:08:0c:81","RSSI":-63},{"SSID":"MeetInLeeds","BSSID":"5c:a6:2d:cf:e0:02","RSSI":-65},{"SSID":"eduroam","BSSID":"5c:a6:2d:cf:bf:c1","RSSI":-68},{"SSID":"MeetInLeeds","BSSID":"5c:a6:2d:cf:e5:ad","RSSI":-68},{"SSID":"MeetInLeeds","BSSID":"5c:a6:2d:cf:bf:c2","RSSI":-69},{"SSID":"eduroam","BSSID":"5c:a6:2d:cf:e5:ae","RSSI":-69},{"SSID":"MeetInLeeds","BSSID":"5c:a6:2d:ce:8e:a2","RSSI":-69},{"SSID":"eduroam","BSSID":"5c:a6:2d:ce:8e:a1","RSSI":-69},{"SSID":"eduroam","BSSID":"5c:a6:2d:86:69:2e","RSSI":-69},{"SSID":"MeetInLeeds","BSSID":"5c:a6:2d:86:69:2d","RSSI":-69},{"SSID":"eduroam","BSSID":"5c:a6:2d:af:91:4e","RSSI":-71},{"SSID":"MeetInLeeds","BSSID":"5c:a6:2d:af:91:4d","RSSI":-71},{"SSID":"MeetInLeeds","BSSID":"5c:a6:2d:5d:2e:c2","RSSI":-71},{"SSID":"MeetInLeeds","BSSID":"5c:a6:2d:af:91:42","RSSI":-71},{"SSID":"eduroam","BSSID":"5c:a6:2d:af:91:41","RSSI":-71},{"SSID":"eduroam","BSSID":"5c:a6:2d:cf:e5:a1","RSSI":-73},{"SSID":"MeetInLeeds","BSSID":"ac:3a:67:08:0c:8d","RSSI":-73},{"SSID":"eduroam","BSSID":"ac:3a:67:08:0c:8e","RSSI":-73},{"SSID":"MeetInLeeds","BSSID":"5c:a6:2d:cf:e5:a2","RSSI":-74},{"SSID":"MeetInLeeds","BSSID":"5c:a6:2d:86:69:c2","RSSI":-75},{"SSID":"eduroam","BSSID":"5c:a6:2d:ce:c1:e1","RSSI":-75},{"SSID":"MeetInLeeds","BSSID":"5c:a6:2d:ce:c1:e2","RSSI":-76},{"SSID":"MeetInLeeds","BSSID":"5c:a6:2d:5d:2e:cd","RSSI":-77},{"SSID":"eduroam","BSSID":"5c:a6:2d:5d:2e:ce","RSSI":-77},{"SSID":"eduroam","BSSID":"5c:a6:2d:1e:08:e1","RSSI":-77},{"SSID":"MeetInLeeds","BSSID":"5c:a6:2d:cf:b3:e2","RSSI":-77},{"SSID":"MeetInLeeds","BSSID":"ac:3a:67:08:25:82","RSSI":-78},{"SSID":"eduroam","BSSID":"ac:3a:67:08:25:81","RSSI":-79},{"SSID":"eduroam","BSSID":"5c:a6:2d:ce:c1:ee","RSSI":-79},{"SSID":"MeetInLeeds","BSSID":"5c:a6:2d:ce:c1:ed","RSSI":-79},{"SSID":"MeetInLeeds","BSSID":"5c:a6:2d:86:69:cd","RSSI":-80},{"SSID":"MeetInLeeds","BSSID":"5c:a6:2d:1e:08:ed","RSSI":-81},{"SSID":"eduroam","BSSID":"5c:a6:2d:ce:bf:01","RSSI":-81},{"SSID":"MeetInLeeds","BSSID":"5c:a6:2d:cf:c4:e2","RSSI":-82},{"SSID":"MeetInLeeds","BSSID":"5c:a6:2d:86:6f:2d","RSSI":-82},{"SSID":"eduroam","BSSID":"ac:3a:67:08:31:01","RSSI":-83},{"SSID":"MeetInLeeds","BSSID":"ac:3a:67:08:31:02","RSSI":-83},{"SSID":"eduroam","BSSID":"5c:a6:2d:cf:b3:ee","RSSI":-83},{"SSID":"MeetInLeeds","BSSID":"5c:a6:2d:cf:e0:0d","RSSI":-83},{"SSID":"MeetInLeeds","BSSID":"5c:a6:2d:ef:4a:ad","RSSI":-83},{"SSID":"eduroam","BSSID":"5c:a6:2d:ef:4a:ae","RSSI":-84},{"SSID":"MeetInLeeds","BSSID":"ac:3a:67:08:31:0d","RSSI":-86},{"SSID":"eduroam","BSSID":"5c:a6:2d:cf:e0:0e","RSSI":-86},{"SSID":"eduroam","BSSID":"ac:3a:67:08:31:0e","RSSI":-89}],[{"SSID":"eduroam","BSSID":"5c:a6:2d:45:dc:01","RSSI":-38},{"SSID":"MeetInLeeds","BSSID":"5c:a6:2d:5d:2c:02","RSSI":-39},{"SSID":"MeetInLeeds","BSSID":"5c:a6:2d:45:dc:02","RSSI":-39},{"SSID":"eduroam","BSSID":"5c:a6:2d:5d:2c:0e","RSSI":-45},{"SSID":"MeetInLeeds","BSSID":"5c:a6:2d:5d:2c:0d","RSSI":-45},{"SSID":"MeetInLeeds","BSSID":"5c:a6:2d:45:dc:0d","RSSI":-53},{"SSID":"eduroam","BSSID":"5c:a6:2d:45:dc:0e","RSSI":-53},{"SSID":"MeetInLeeds","BSSID":"ac:3a:67:08:0c:82","RSSI":-61},{"SSID":"eduroam","BSSID":"ac:3a:67:08:0c:81","RSSI":-61},{"SSID":"MeetInLeeds","BSSID":"5c:a6:2d:86:69:22","RSSI":-61},{"SSID":"eduroam","BSSID":"5c:a6:2d:86:69:21","RSSI":-62},{"SSID":"eduroam","BSSID":"5c:a6:2d:cf:bf:c1","RSSI":-66},{"SSID":"MeetInLeeds","BSSID":"5c:a6:2d:5d:2e:cd","RSSI":-67},{"SSID":"eduroam","BSSID":"5c:a6:2d:5d:2e:ce","RSSI":-67},{"SSID":"MeetInLeeds","BSSID":"5c:a6:2d:cf:e0:02","RSSI":-69},{"SSID":"eduroam","BSSID":"5c:a6:2d:86:69:2e","RSSI":-69},{"SSID":"MeetInLeeds","BSSID":"5c:a6:2d:86:69:2d","RSSI":-69},{"SSID":"MeetInLeeds","BSSID":"5c:a6:2d:cf:bf:cd","RSSI":-70},{"SSID":"eduroam","BSSID":"5c:a6:2d:cf:bf:ce","RSSI":-70},{"SSID":"MeetInLeeds","BSSID":"5c:a6:2d:cf:e5:ad","RSSI":-71},{"SSID":"MeetInLeeds","BSSID":"5c:a6:2d:ce:8e:a2","RSSI":-71},{"SSID":"eduroam","BSSID":"5c:a6:2d:ce:8e:a1","RSSI":-71},{"SSID":"eduroam","BSSID":"5c:a6:2d:cf:b3:e1","RSSI":-71},{"SSID":"eduroam","BSSID":"5c:a6:2d:af:91:4e","RSSI":-71},{"SSID":"MeetInLeeds","BSSID":"5c:a6:2d:af:91:4d","RSSI":-71},{"SSID":"MeetInLeeds","BSSID":"5c:a6:2d:5d:2e:c2","RSSI":-71},{"SSID":"MeetInLeeds","BSSID":"5c:a6:2d:cf:b3:e2","RSSI":-72},{"SSID":"eduroam","BSSID":"5c:a6:2d:af:91:41","RSSI":-72},{"SSID":"MeetInLeeds","BSSID":"5c:a6:2d:cf:e5:a2","RSSI":-73},{"SSID":"MeetInLeeds","BSSID":"5c:a6:2d:1e:08:e2","RSSI":-76},{"SSID":"eduroam","BSSID":"5c:a6:2d:1e:08:ee","RSSI":-76},{"SSID":"MeetInLeeds","BSSID":"5c:a6:2d:1e:08:ed","RSSI":-76},{"SSID":"eduroam","BSSID":"5c:a6:2d:ce:8e:ae","RSSI":-77},{"SSID":"MeetInLeeds","BSSID":"5c:a6:2d:86:69:cd","RSSI":-77},{"SSID":"eduroam","BSSID":"5c:a6:2d:86:69:ce","RSSI":-77},{"SSID":"MeetInLeeds","BSSID":"5c:a6:2d:ce:c1:e2","RSSI":-78},{"SSID":"MeetInLeeds","BSSID":"5c:a6:2d:cf:b3:ed","RSSI":-78},{"SSID":"eduroam","BSSID":"5c:a6:2d:cf:b3:ee","RSSI":-78},{"SSID":"MeetInLeeds","BSSID":"ac:3a:67:08:25:82","RSSI":-79},{"SSID":"eduroam","BSSID":"ac:3a:67:08:25:81","RSSI":-79},{"SSID":"MeetInLeeds","BSSID":"5c:a6:2d:ce:8e:ad","RSSI":-80},{"SSID":"eduroam","BSSID":"5c:a6:2d:cf:c1:61","RSSI":-80},{"SSID":"eduroam","BSSID":"ac:3a:67:08:29:01","RSSI":-81},{"SSID":"eduroam","BSSID":"5c:a6:2d:ce:c1:ee","RSSI":-81},{"SSID":"MeetInLeeds","BSSID":"ac:3a:67:08:29:02","RSSI":-82},{"SSID":"MeetInLeeds","BSSID":"5c:a6:2d:45:dc:a2","RSSI":-82},{"SSID":"MeetInLeeds","BSSID":"5c:a6:2d:ce:c1:ed","RSSI":-82},{"SSID":"eduroam","BSSID":"5c:a6:2d:ef:4a:ae","RSSI":-83},{"SSID":"MeetInLeeds","BSSID":"5c:a6:2d:ef:4a:ad","RSSI":-84},{"SSID":"MeetInLeeds","BSSID":"5c:a6:2d:86:6f:2d","RSSI":-85},{"SSID":"MeetInLeeds","BSSID":"5c:a6:2d:cf:c4:ed","RSSI":-86},{"SSID":"Vertical_Axis","BSSID":"3c:71:bf:84:d7:51","RSSI":-90}],[{"SSID":"MeetInLeeds","BSSID":"5c:a6:2d:5d:2c:02","RSSI":-37},{"SSID":"eduroam","BSSID":"5c:a6:2d:5d:2c:01","RSSI":-37},{"SSID":"eduroam","BSSID":"5c:a6:2d:5d:2c:0e","RSSI":-42},{"SSID":"MeetInLeeds","BSSID":"5c:a6:2d:5d:2c:0d","RSSI":-42},{"SSID":"MeetInLeeds","BSSID":"5c:a6:2d:45:dc:02","RSSI":-42},{"SSID":"MeetInLeeds","BSSID":"5c:a6:2d:45:dc:0d","RSSI":-53},{"SSID":"eduroam","BSSID":"5c:a6:2d:45:dc:0e","RSSI":-53},{"SSID":"eduroam","BSSID":"5c:a6:2d:86:69:21","RSSI":-60},{"SSID":"MeetInLeeds","BSSID":"5c:a6:2d:86:69:22","RSSI":-60},{"SSID":"MeetInLeeds","BSSID":"5c:a6:2d:cf:bf:c2","RSSI":-63},{"SSID":"eduroam","BSSID":"ac:3a:67:08:0c:81","RSSI":-65},{"SSID":"eduroam","BSSID":"5c:a6:2d:cf:e5:ae","RSSI":-66},{"SSID":"MeetInLeeds","BSSID":"5c:a6:2d:cf:e5:ad","RSSI":-66},{"SSID":"MeetInLeeds","BSSID":"5c:a6:2d:af:91:4d","RSSI":-66},{"SSID":"MeetInLeeds","BSSID":"ac:3a:67:08:0c:82","RSSI":-66},{"SSID":"MeetInLeeds","BSSID":"5c:a6:2d:cf:bf:cd","RSSI":-68},{"SSID":"eduroam","BSSID":"5c:a6:2d:86:69:2e","RSSI":-68},{"SSID":"eduroam","BSSID":"5c:a6:2d:cf:bf:ce","RSSI":-68},{"SSID":"MeetInLeeds","BSSID":"5c:a6:2d:cf:e0:02","RSSI":-71},{"SSID":"eduroam","BSSID":"5c:a6:2d:cf:e0:01","RSSI":-71},{"SSID":"MeetInLeeds","BSSID":"5c:a6:2d:ce:8e:a2","RSSI":-71},{"SSID":"eduroam","BSSID":"5c:a6:2d:ce:8e:a1","RSSI":-71},{"SSID":"MeetInLeeds","BSSID":"ac:3a:67:08:0c:8d","RSSI":-71},{"SSID":"eduroam","BSSID":"ac:3a:67:08:0c:8e","RSSI":-71},{"SSID":"MeetInLeeds","BSSID":"5c:a6:2d:cf:b3:e2","RSSI":-71},{"SSID":"MeetInLeeds","BSSID":"5c:a6:2d:86:69:2d","RSSI":-71},{"SSID":"MeetInLeeds","BSSID":"5c:a6:2d:5d:2e:cd","RSSI":-72},{"SSID":"eduroam","BSSID":"5c:a6:2d:cf:b3:e1","RSSI":-72},{"SSID":"MeetInLeeds","BSSID":"5c:a6:2d:af:91:42","RSSI":-72},{"SSID":"eduroam","BSSID":"5c:a6:2d:5d:2e:ce","RSSI":-73},{"SSID":"MeetInLeeds","BSSID":"5c:a6:2d:86:69:c2","RSSI":-73},{"SSID":"eduroam","BSSID":"5c:a6:2d:86:69:c1","RSSI":-73},{"SSID":"MeetInLeeds","BSSID":"5c:a6:2d:1e:08:e2","RSSI":-76},{"SSID":"MeetInLeeds","BSSID":"5c:a6:2d:ce:c1:e2","RSSI":-76},{"SSID":"eduroam","BSSID":"5c:a6:2d:1e:08:e1","RSSI":-77},{"SSID":"eduroam","BSSID":"5c:a6:2d:1e:08:ee","RSSI":-79},{"SSID":"MeetInLeeds","BSSID":"5c:a6:2d:1e:08:ed","RSSI":-79},{"SSID":"MeetInLeeds","BSSID":"5c:a6:2d:cf:e0:0d","RSSI":-79},{"SSID":"eduroam","BSSID":"5c:a6:2d:cf:e0:0e","RSSI":-80},{"SSID":"eduroam","BSSID":"5c:a6:2d:cf:c4:e1","RSSI":-80},{"SSID":"MeetInLeeds","BSSID":"5c:a6:2d:5d:2e:c2","RSSI":-80},{"SSID":"eduroam","BSSID":"5c:a6:2d:ce:c1:ee","RSSI":-81},{"SSID":"MeetInLeeds","BSSID":"5c:a6:2d:ce:c1:ed","RSSI":-81},{"SSID":"MeetInLeeds","BSSID":"5c:a6:2d:cf:c1:62","RSSI":-82},{"SSID":"eduroam","BSSID":"5c:a6:2d:cf:b3:ee","RSSI":-83},{"SSID":"eduroam","BSSID":"5c:a6:2d:ef:4a:ae","RSSI":-83},{"SSID":"MeetInLeeds","BSSID":"5c:a6:2d:ef:4a:ad","RSSI":-83},{"SSID":"eduroam","BSSID":"5c:a6:2d:ce:8e:ae","RSSI":-83},{"SSID":"MeetInLeeds","BSSID":"5c:a6:2d:ce:8e:ad","RSSI":-83},{"SSID":"MeetInLeeds","BSSID":"5c:a6:2d:86:69:cd","RSSI":-83},{"SSID":"MeetInLeeds","BSSID":"5c:a6:2d:86:6f:2d","RSSI":-83},{"SSID":"eduroam","BSSID":"5c:a6:2d:cf:c1:61","RSSI":-84},{"SSID":"MeetInLeeds","BSSID":"5c:a6:2d:cf:b3:ed","RSSI":-86}],[{"SSID":"eduroam","BSSID":"5c:a6:2d:5d:2c:01","RSSI":-37},{"SSID":"MeetInLeeds","BSSID":"5c:a6:2d:5d:2c:02","RSSI":-38},{"SSID":"eduroam","BSSID":"5c:a6:2d:5d:2c:0e","RSSI":-39},{"SSID":"MeetInLeeds","BSSID":"5c:a6:2d:45:dc:02","RSSI":-40},{"SSID":"MeetInLeeds","BSSID":"5c:a6:2d:5d:2c:0d","RSSI":-41},{"SSID":"MeetInLeeds","BSSID":"5c:a6:2d:86:69:22","RSSI":-56},{"SSID":"MeetInLeeds","BSSID":"5c:a6:2d:45:dc:0d","RSSI":-57},{"SSID":"eduroam","BSSID":"5c:a6:2d:45:dc:0e","RSSI":-57},{"SSID":"MeetInLeeds","BSSID":"ac:3a:67:08:0c:82","RSSI":-64},{"SSID":"MeetInLeeds","BSSID":"5c:a6:2d:cf:bf:c2","RSSI":-65},{"SSID":"eduroam","BSSID":"5c:a6:2d:cf:e5:ae","RSSI":-65},{"SSID":"MeetInLeeds","BSSID":"5c:a6:2d:cf:bf:cd","RSSI":-65},{"SSID":"eduroam","BSSID":"ac:3a:67:08:0c:81","RSSI":-65},{"SSID":"eduroam","BSSID":"5c:a6:2d:cf:bf:ce","RSSI":-65},{"SSID":"MeetInLeeds","BSSID":"5c:a6:2d:ce:8e:a2","RSSI":-66},{"SSID":"eduroam","BSSID":"5c:a6:2d:ce:8e:a1","RSSI":-66},{"SSID":"MeetInLeeds","BSSID":"5c:a6:2d:cf:e5:a2","RSSI":-67},{"SSID":"MeetInLeeds","BSSID":"5c:a6:2d:cf:e5:ad","RSSI":-67},{"SSID":"eduroam","BSSID":"5c:a6:2d:cf:e5:a1","RSSI":-68},{"SSID":"eduroam","BSSID":"5c:a6:2d:5d:2e:ce","RSSI":-69},{"SSID":"MeetInLeeds","BSSID":"5c:a6:2d:af:91:4d","RSSI":-69},{"SSID":"MeetInLeeds","BSSID":"5c:a6:2d:5d:2e:c2","RSSI":-69},{"SSID":"MeetInLeeds","BSSID":"5c:a6:2d:5d:2e:cd","RSSI":-70},{"SSID":"eduroam","BSSID":"5c:a6:2d:af:91:4e","RSSI":-70},{"SSID":"eduroam","BSSID":"5c:a6:2d:86:69:2e","RSSI":-70},{"SSID":"MeetInLeeds","BSSID":"5c:a6:2d:af:91:42","RSSI":-70},{"SSID":"eduroam","BSSID":"5c:a6:2d:af:91:41","RSSI":-70},{"SSID":"MeetInLeeds","BSSID":"ac:3a:67:08:0c:8d","RSSI":-71},{"SSID":"eduroam","BSSID":"ac:3a:67:08:0c:8e","RSSI":-71},{"SSID":"MeetInLeeds","BSSID":"5c:a6:2d:86:69:2d","RSSI":-71},{"SSID":"MeetInLeeds","BSSID":"5c:a6:2d:86:69:c2","RSSI":-73},{"SSID":"eduroam","BSSID":"5c:a6:2d:86:69:c1","RSSI":-73},{"SSID":"MeetInLeeds","BSSID":"5c:a6:2d:1e:08:e2","RSSI":-75},{"SSID":"MeetInLeeds","BSSID":"5c:a6:2d:ce:c1:e2","RSSI":-75},{"SSID":"eduroam","BSSID":"5c:a6:2d:ce:c1:e1","RSSI":-75},{"SSID":"eduroam","BSSID":"5c:a6:2d:ce:8e:ae","RSSI":-76},{"SSID":"MeetInLeeds","BSSID":"5c:a6:2d:cf:b3:e2","RSSI":-76},{"SSID":"eduroam","BSSID":"5c:a6:2d:cf:c4:e1","RSSI":-78},{"SSID":"MeetInLeeds","BSSID":"5c:a6:2d:cf:e0:0d","RSSI":-79},{"SSID":"MeetInLeeds","BSSID":"5c:a6:2d:ce:8e:ad","RSSI":-79},{"SSID":"MeetInLeeds","BSSID":"5c:a6:2d:cf:c4:e2","RSSI":-79},{"SSID":"eduroam","BSSID":"5c:a6:2d:cf:b3:ee","RSSI":-80},{"SSID":"MeetInLeeds","BSSID":"5c:a6:2d:1e:08:ed","RSSI":-80},{"SSID":"eduroam","BSSID":"5c:a6:2d:86:6f:2e","RSSI":-80},{"SSID":"eduroam","BSSID":"5c:a6:2d:ce:c1:ee","RSSI":-80},{"SSID":"MeetInLeeds","BSSID":"5c:a6:2d:ce:c1:ed","RSSI":-80},{"SSID":"eduroam","BSSID":"5c:a6:2d:1e:08:ee","RSSI":-81},{"SSID":"MeetInLeeds","BSSID":"5c:a6:2d:86:6f:2d","RSSI":-81},{"SSID":"MeetInLeeds","BSSID":"5c:a6:2d:cf:b3:ed","RSSI":-82},{"SSID":"eduroam","BSSID":"ac:3a:67:08:31:01","RSSI":-83},{"SSID":"MeetInLeeds","BSSID":"ac:3a:67:08:31:02","RSSI":-83},{"SSID":"eduroam","BSSID":"5c:a6:2d:86:69:ce","RSSI":-83},{"SSID":"eduroam","BSSID":"5c:a6:2d:ef:4a:ae","RSSI":-84},{"SSID":"MeetInLeeds","BSSID":"5c:a6:2d:ef:4a:ad","RSSI":-84},{"SSID":"MeetInLeeds","BSSID":"ac:3a:67:08:25:82","RSSI":-84},{"SSID":"eduroam","BSSID":"5c:a6:2d:ce:b4:c1","RSSI":-84},{"SSID":"MeetInLeeds","BSSID":"ac:3a:67:08:03:8d","RSSI":-86},{"SSID":"MeetInLeeds","BSSID":"5c:a6:2d:cf:c4:ed","RSSI":-87}],[{"SSID":"MeetInLeeds","BSSID":"5c:a6:2d:5d:2c:02","RSSI":-36},{"SSID":"MeetInLeeds","BSSID":"5c:a6:2d:45:dc:02","RSSI":-39},{"SSID":"eduroam","BSSID":"5c:a6:2d:45:dc:01","RSSI":-39},{"SSID":"MeetInLeeds","BSSID":"5c:a6:2d:5d:2c:0d","RSSI":-40},{"SSID":"eduroam","BSSID":"5c:a6:2d:5d:2c:0e","RSSI":-41},{"SSID":"MeetInLeeds","BSSID":"5c:a6:2d:45:dc:0d","RSSI":-52},{"SSID":"eduroam","BSSID":"5c:a6:2d:45:dc:0e","RSSI":-52},{"SSID":"eduroam","BSSID":"5c:a6:2d:86:69:21","RSSI":-56},{"SSID":"MeetInLeeds","BSSID":"5c:a6:2d:86:69:22","RSSI":-56},{"SSID":"MeetInLeeds","BSSID":"ac:3a:67:08:0c:82","RSSI":-63},{"SSID":"eduroam","BSSID":"5c:a6:2d:86:69:2e","RSSI":-67},{"SSID":"MeetInLeeds","BSSID":"ac:3a:67:08:0c:8d","RSSI":-68},{"SSID":"eduroam","BSSID":"ac:3a:67:08:0c:8e","RSSI":-68},{"SSID":"eduroam","BSSID":"5c:a6:2d:af:91:4e","RSSI":-68},{"SSID":"MeetInLeeds","BSSID":"5c:a6:2d:af:91:4d","RSSI":-68},{"SSID":"MeetInLeeds","BSSID":"5c:a6:2d:86:69:2d","RSSI":-68},{"SSID":"MeetInLeeds","BSSID":"5c:a6:2d:cf:e5:a2","RSSI":-69},{"SSID":"MeetInLeeds","BSSID":"5c:a6:2d:cf:bf:c2","RSSI":-69},{"SSID":"eduroam","BSSID":"5c:a6:2d:cf:e5:ae","RSSI":-69},{"SSID":"eduroam","BSSID":"5c:a6:2d:cf:bf:c1","RSSI":-70},{"SSID":"MeetInLeeds","BSSID":"5c:a6:2d:cf:e5:ad","RSSI":-70},{"SSID":"MeetInLeeds","BSSID":"5c:a6:2d:cf:bf:cd","RSSI":-71},{"SSID":"MeetInLeeds","BSSID":"5c:a6:2d:5d:2e:c2","RSSI":-71},{"SSID":"MeetInLeeds","BSSID":"5c:a6:2d:af:91:42","RSSI":-71},{"SSID":"MeetInLeeds","BSSID":"5c:a6:2d:5d:2e:cd","RSSI":-72},{"SSID":"eduroam","BSSID":"5c:a6:2d:5d:2e:ce","RSSI":-72},{"SSID":"eduroam","BSSID":"5c:a6:2d:cf:e0:01","RSSI":-72},{"SSID":"eduroam","BSSID":"5c:a6:2d:5d:2e:c1","RSSI":-72},{"SSID":"eduroam","BSSID":"5c:a6:2d:cf:bf:ce","RSSI":-72},{"SSID":"MeetInLeeds","BSSID":"5c:a6:2d:cf:e0:02","RSSI":-73},{"SSID":"MeetInLeeds","BSSID":"5c:a6:2d:86:69:c2","RSSI":-74},{"SSID":"eduroam","BSSID":"5c:a6:2d:86:69:c1","RSSI":-74},{"SSID":"eduroam","BSSID":"5c:a6:2d:cf:b3:e1","RSSI":-75},{"SSID":"MeetInLeeds","BSSID":"5c:a6:2d:cf:b3:e2","RSSI":-75},{"SSID":"eduroam","BSSID":"5c:a6:2d:ce:8e:ae","RSSI":-76},{"SSID":"MeetInLeeds","BSSID":"5c:a6:2d:cf:b3:ed","RSSI":-77},{"SSID":"eduroam","BSSID":"5c:a6:2d:1e:08:ee","RSSI":-77},{"SSID":"MeetInLeeds","BSSID":"5c:a6:2d:1e:08:ed","RSSI":-77},{"SSID":"eduroam","BSSID":"5c:a6:2d:cf:b3:ee","RSSI":-78},{"SSID":"eduroam","BSSID":"5c:a6:2d:cf:e0:0e","RSSI":-79},{"SSID":"MeetInLeeds","BSSID":"5c:a6:2d:cf:e0:0d","RSSI":-80},{"SSID":"MeetInLeeds","BSSID":"5c:a6:2d:cf:c1:62","RSSI":-80},{"SSID":"MeetInLeeds","BSSID":"5c:a6:2d:ce:8e:ad","RSSI":-80},{"SSID":"eduroam","BSSID":"5c:a6:2d:cf:c1:61","RSSI":-80},{"SSID":"MeetInLeeds","BSSID":"5c:a6:2d:cf:c4:e2","RSSI":-80},{"SSID":"MeetInLeeds","BSSID":"5c:a6:2d:45:dc:a2","RSSI":-80},{"SSID":"MeetInLeeds","BSSID":"5c:a6:2d:ce:c1:e2","RSSI":-81},{"SSID":"eduroam","BSSID":"5c:a6:2d:ce:c1:e1","RSSI":-81},{"SSID":"eduroam","BSSID":"ac:3a:67:08:29:01","RSSI":-81},{"SSID":"MeetInLeeds","BSSID":"ac:3a:67:08:25:82","RSSI":-81},{"SSID":"eduroam","BSSID":"ac:3a:67:08:25:81","RSSI":-81},{"SSID":"MeetInLeeds","BSSID":"ac:3a:67:08:29:02","RSSI":-83},{"SSID":"eduroam","BSSID":"5c:a6:2d:45:dc:a1","RSSI":-83},{"SSID":"eduroam","BSSID":"5c:a6:2d:ef:4a:ae","RSSI":-84},{"SSID":"MeetInLeeds","BSSID":"5c:a6:2d:ef:4a:ad","RSSI":-85},{"SSID":"MeetInLeeds","BSSID":"5c:a6:2d:45:dc:ad","RSSI":-85},{"SSID":"eduroam","BSSID":"5c:a6:2d:45:dc:ae","RSSI":-86},{"SSID":"Vertical_Axis","BSSID":"3c:71:bf:84:d7:51","RSSI":-86},{"SSID":"MeetInLeeds","BSSID":"5c:a6:2d:cf:c4:ed","RSSI":-87}],[{"SSID":"MeetInLeeds","BSSID":"5c:a6:2d:5d:2c:02","RSSI":-36},{"SSID":"eduroam","BSSID":"5c:a6:2d:5d:2c:01","RSSI":-36},{"SSID":"MeetInLeeds","BSSID":"5c:a6:2d:45:dc:02","RSSI":-39},{"SSID":"eduroam","BSSID":"5c:a6:2d:45:dc:01","RSSI":-39},{"SSID":"eduroam","BSSID":"5c:a6:2d:5d:2c:0e","RSSI":-41},{"SSID":"MeetInLeeds","BSSID":"5c:a6:2d:5d:2c:0d","RSSI":-41},{"SSID":"MeetInLeeds","BSSID":"5c:a6:2d:45:dc:0d","RSSI":-50},{"SSID":"eduroam","BSSID":"5c:a6:2d:45:dc:0e","RSSI":-52},{"SSID":"eduroam","BSSID":"5c:a6:2d:86:69:21","RSSI":-57},{"SSID":"MeetInLeeds","BSSID":"5c:a6:2d:86:69:22","RSSI":-58},{"SSID":"MeetInLeeds","BSSID":"ac:3a:67:08:0c:82","RSSI":-62},{"SSID":"MeetInLeeds","BSSID":"5c:a6:2d:cf:e5:a2","RSSI":-67},{"SSID":"MeetInLeeds","BSSID":"5c:a6:2d:cf:bf:c2","RSSI":-67},{"SSID":"MeetInLeeds","BSSID":"ac:3a:67:08:0c:8d","RSSI":-67},{"SSID":"eduroam","BSSID":"5c:a6:2d:86:69:2e","RSSI":-67},{"SSID":"MeetInLeeds","BSSID":"5c:a6:2d:86:69:2d","RSSI":-67},{"SSID":"eduroam","BSSID":"5c:a6:2d:cf:e5:ae","RSSI":-68},{"SSID":"MeetInLeeds","BSSID":"5c:a6:2d:cf:e5:ad","RSSI":-68},{"SSID":"eduroam","BSSID":"ac:3a:67:08:0c:8e","RSSI":-68},{"SSID":"eduroam","BSSID":"5c:a6:2d:af:91:4e","RSSI":-69},{"SSID":"MeetInLeeds","BSSID":"5c:a6:2d:af:91:4d","RSSI":-69},{"SSID":"MeetInLeeds","BSSID":"5c:a6:2d:5d:2e:cd","RSSI":-71},{"SSID":"eduroam","BSSID":"5c:a6:2d:5d:2e:ce","RSSI":-71},{"SSID":"MeetInLeeds","BSSID":"5c:a6:2d:cf:e0:02","RSSI":-71},{"SSID":"MeetInLeeds","BSSID":"5c:a6:2d:ce:8e:a2","RSSI":-71},{"SSID":"MeetInLeeds","BSSID":"5c:a6:2d:cf:bf:cd","RSSI":-71},{"SSID":"eduroam","BSSID":"5c:a6:2d:5d:2e:c1","RSSI":-71},{"SSID":"MeetInLeeds","BSSID":"5c:a6:2d:5d:2e:c2","RSSI":-71},{"SSID":"eduroam","BSSID":"5c:a6:2d:cf:bf:ce","RSSI":-71},{"SSID":"MeetInLeeds","BSSID":"5c:a6:2d:af:91:42","RSSI":-71},{"SSID":"MeetInLeeds","BSSID":"5c:a6:2d:1e:08:e2","RSSI":-74},{"SSID":"eduroam","BSSID":"5c:a6:2d:1e:08:e1","RSSI":-74},{"SSID":"eduroam","BSSID":"5c:a6:2d:cf:b3:e1","RSSI":-75},{"SSID":"MeetInLeeds","BSSID":"5c:a6:2d:cf:b3:e2","RSSI":-75},{"SSID":"MeetInLeeds","BSSID":"5c:a6:2d:cf:b3:ed","RSSI":-76},{"SSID":"eduroam","BSSID":"5c:a6:2d:cf:b3:ee","RSSI":-76},{"SSID":"eduroam","BSSID":"5c:a6:2d:1e:08:ee","RSSI":-77},{"SSID":"MeetInLeeds","BSSID":"5c:a6:2d:1e:08:ed","RSSI":-77},{"SSID":"MeetInLeeds","BSSID":"5c:a6:2d:86:69:c2","RSSI":-78},{"SSID":"eduroam","BSSID":"5c:a6:2d:86:69:c1","RSSI":-78},{"SSID":"MeetInLeeds","BSSID":"5c:a6:2d:ce:8e:ad","RSSI":-79},{"SSID":"eduroam","BSSID":"5c:a6:2d:ce:c1:e1","RSSI":-80},{"SSID":"MeetInLeeds","BSSID":"5c:a6:2d:cf:e0:0d","RSSI":-80},{"SSID":"eduroam","BSSID":"5c:a6:2d:cf:e0:0e","RSSI":-80},{"SSID":"eduroam","BSSID":"5c:a6:2d:ce:8e:ae","RSSI":-80},{"SSID":"MeetInLeeds","BSSID":"ac:3a:67:08:29:02","RSSI":-80},{"SSID":"MeetInLeeds","BSSID":"5c:a6:2d:86:69:cd","RSSI":-81},{"SSID":"MeetInLeeds","BSSID":"ac:3a:67:08:25:82","RSSI":-81},{"SSID":"eduroam","BSSID":"ac:3a:67:08:25:81","RSSI":-81},{"SSID":"MeetInLeeds","BSSID":"5c:a6:2d:cf:c1:62","RSSI":-82},{"SSID":"eduroam","BSSID":"5c:a6:2d:cf:c1:61","RSSI":-82},{"SSID":"eduroam","BSSID":"5c:a6:2d:cf:c4:e1","RSSI":-82},{"SSID":"eduroam","BSSID":"5c:a6:2d:45:dc:a1","RSSI":-82},{"SSID":"MeetInLeeds","BSSID":"5c:a6:2d:cf:c4:e2","RSSI":-83},{"SSID":"eduroam","BSSID":"5c:a6:2d:86:69:ce","RSSI":-83},{"SSID":"MeetInLeeds","BSSID":"5c:a6:2d:45:dc:a2","RSSI":-83},{"SSID":"MeetInLeeds","BSSID":"5c:a6:2d:45:dc:ad","RSSI":-86},{"SSID":"eduroam","BSSID":"5c:a6:2d:86:6f:2e","RSSI":-86}],[{"SSID":"MeetInLeeds","BSSID":"5c:a6:2d:5d:2c:02","RSSI":-33},{"SSID":"eduroam","BSSID":"5c:a6:2d:5d:2c:01","RSSI":-33},{"SSID":"MeetInLeeds","BSSID":"5c:a6:2d:45:dc:02","RSSI":-38},{"SSID":"eduroam","BSSID":"5c:a6:2d:45:dc:01","RSSI":-38},{"SSID":"eduroam","BSSID":"5c:a6:2d:5d:2c:0e","RSSI":-42},{"SSID":"MeetInLeeds","BSSID":"5c:a6:2d:5d:2c:0d","RSSI":-42},{"SSID":"MeetInLeeds","BSSID":"5c:a6:2d:45:dc:0d","RSSI":-51},{"SSID":"eduroam","BSSID":"5c:a6:2d:45:dc:0e","RSSI":-51},{"SSID":"eduroam","BSSID":"5c:a6:2d:86:69:21","RSSI":-60},{"SSID":"MeetInLeeds","BSSID":"5c:a6:2d:86:69:22","RSSI":-60},{"SSID":"MeetInLeeds","BSSID":"ac:3a:67:08:0c:82","RSSI":-64},{"SSID":"eduroam","BSSID":"ac:3a:67:08:0c:81","RSSI":-64},{"SSID":"MeetInLeeds","BSSID":"5c:a6:2d:cf:e5:a2","RSSI":-67},{"SSID":"eduroam","BSSID":"5c:a6:2d:cf:e5:a1","RSSI":-67},{"SSID":"eduroam","BSSID":"5c:a6:2d:cf:e5:ae","RSSI":-67},{"SSID":"MeetInLeeds","BSSID":"5c:a6:2d:cf:e5:ad","RSSI":-68},{"SSID":"MeetInLeeds","BSSID":"5c:a6:2d:cf:bf:cd","RSSI":-68},{"SSID":"eduroam","BSSID":"5c:a6:2d:cf:bf:ce","RSSI":-68},{"SSID":"MeetInLeeds","BSSID":"5c:a6:2d:ce:8e:a2","RSSI":-69},{"SSID":"eduroam","BSSID":"5c:a6:2d:ce:8e:a1","RSSI":-69},{"SSID":"MeetInLeeds","BSSID":"ac:3a:67:08:0c:8d","RSSI":-69},{"SSID":"eduroam","BSSID":"ac:3a:67:08:0c:8e","RSSI":-69},{"SSID":"eduroam","BSSID":"5c:a6:2d:86:69:2e","RSSI":-69},{"SSID":"MeetInLeeds","BSSID":"5c:a6:2d:5d:2e:cd","RSSI":-70},{"SSID":"MeetInLeeds","BSSID":"5c:a6:2d:86:69:2d","RSSI":-70},{"SSID":"eduroam","BSSID":"5c:a6:2d:5d:2e:ce","RSSI":-71},{"SSID":"MeetInLeeds","BSSID":"5c:a6:2d:cf:bf:c2","RSSI":-71},{"SSID":"eduroam","BSSID":"5c:a6:2d:cf:bf:c1","RSSI":-71},{"SSID":"eduroam","BSSID":"5c:a6:2d:cf:e0:01","RSSI":-71},{"SSID":"eduroam","BSSID":"5c:a6:2d:5d:2e:c1","RSSI":-71},{"SSID":"MeetInLeeds","BSSID":"5c:a6:2d:5d:2e:c2","RSSI":-71},{"SSID":"MeetInLeeds","BSSID":"5c:a6:2d:af:91:42","RSSI":-71},{"SSID":"eduroam","BSSID":"5c:a6:2d:af:91:41","RSSI":-71},{"SSID":"MeetInLeeds","BSSID":"5c:a6:2d:1e:08:e2","RSSI":-72},{"SSID":"MeetInLeeds","BSSID":"5c:a6:2d:cf:e0:02","RSSI":-72},{"SSID":"eduroam","BSSID":"5c:a6:2d:af:91:4e","RSSI":-72},{"SSID":"MeetInLeeds","BSSID":"5c:a6:2d:af:91:4d","RSSI":-72},{"SSID":"eduroam","BSSID":"5c:a6:2d:ce:8e:ae","RSSI":-75},{"SSID":"MeetInLeeds","BSSID":"5c:a6:2d:ce:8e:ad","RSSI":-75},{"SSID":"MeetInLeeds","BSSID":"5c:a6:2d:cf:b3:e2","RSSI":-76},{"SSID":"eduroam","BSSID":"5c:a6:2d:cf:b3:ee","RSSI":-78},{"SSID":"eduroam","BSSID":"5c:a6:2d:1e:08:ee","RSSI":-79},{"SSID":"MeetInLeeds","BSSID":"5c:a6:2d:cf:e0:0d","RSSI":-79},{"SSID":"MeetInLeeds","BSSID":"5c:a6:2d:cf:b3:ed","RSSI":-80},{"SSID":"MeetInLeeds","BSSID":"5c:a6:2d:1e:08:ed","RSSI":-80},{"SSID":"MeetInLeeds","BSSID":"5c:a6:2d:86:69:c2","RSSI":-81},{"SSID":"MeetInLeeds","BSSID":"ac:3a:67:08:25:82","RSSI":-81},{"SSID":"MeetInLeeds","BSSID":"5c:a6:2d:cf:c4:e2","RSSI":-83},{"SSID":"eduroam","BSSID":"5c:a6:2d:45:dc:a1","RSSI":-83},{"SSID":"MeetInLeeds","BSSID":"5c:a6:2d:45:dc:a2","RSSI":-83},{"SSID":"eduroam","BSSID":"5c:a6:2d:ef:4a:ae","RSSI":-84},{"SSID":"MeetInLeeds","BSSID":"5c:a6:2d:ef:4a:ad","RSSI":-84},{"SSID":"eduroam","BSSID":"5c:a6:2d:ce:c1:ee","RSSI":-84},{"SSID":"MeetInLeeds","BSSID":"5c:a6:2d:ce:c1:ed","RSSI":-84},{"SSID":"MeetInLeeds","BSSID":"5c:a6:2d:86:69:cd","RSSI":-86},{"SSID":"MeetInLeeds","BSSID":"5c:a6:2d:45:dc:ad","RSSI":-87},{"SSID":"MeetInLeeds","BSSID":"5c:a6:2d:cf:c4:ed","RSSI":-88}],[{"SSID":"MeetInLeeds","BSSID":"5c:a6:2d:5d:2c:02","RSSI":-34},{"SSID":"MeetInLeeds","BSSID":"5c:a6:2d:45:dc:02","RSSI":-40},{"SSID":"eduroam","BSSID":"5c:a6:2d:45:dc:01","RSSI":-40},{"SSID":"MeetInLeeds","BSSID":"5c:a6:2d:5d:2c:0d","RSSI":-44},{"SSID":"eduroam","BSSID":"5c:a6:2d:5d:2c:0e","RSSI":-45},{"SSID":"eduroam","BSSID":"5c:a6:2d:45:dc:0e","RSSI":-49},{"SSID":"MeetInLeeds","BSSID":"5c:a6:2d:45:dc:0d","RSSI":-50},{"SSID":"MeetInLeeds","BSSID":"5c:a6:2d:86:69:22","RSSI":-57},{"SSID":"MeetInLeeds","BSSID":"ac:3a:67:08:0c:82","RSSI":-60},{"SSID":"eduroam","BSSID":"5c:a6:2d:86:69:21","RSSI":-62},{"SSID":"eduroam","BSSID":"ac:3a:67:08:0c:8e","RSSI":-65},{"SSID":"MeetInLeeds","BSSID":"5c:a6:2d:cf:e5:ad","RSSI":-66},{"SSID":"eduroam","BSSID":"5c:a6:2d:86:69:2e","RSSI":-66},{"SSID":"eduroam","BSSID":"5c:a6:2d:cf:e5:ae","RSSI":-67},{"SSID":"MeetInLeeds","BSSID":"5c:a6:2d:5d:2e:c2","RSSI":-67},{"SSID":"MeetInLeeds","BSSID":"5c:a6:2d:cf:e5:a2","RSSI":-68},{"SSID":"eduroam","BSSID":"5c:a6:2d:cf:e5:a1","RSSI":-68},{"SSID":"MeetInLeeds","BSSID":"5c:a6:2d:cf:bf:c2","RSSI":-68},{"SSID":"MeetInLeeds","BSSID":"ac:3a:67:08:0c:8d","RSSI":-68},{"SSID":"eduroam","BSSID":"5c:a6:2d:5d:2e:c1","RSSI":-68},{"SSID":"MeetInLeeds","BSSID":"5c:a6:2d:cf:bf:cd","RSSI":-69},{"SSID":"MeetInLeeds","BSSID":"5c:a6:2d:86:69:2d","RSSI":-69},{"SSID":"eduroam","BSSID":"5c:a6:2d:cf:bf:ce","RSSI":-69},{"SSID":"eduroam","BSSID":"5c:a6:2d:af:91:4e","RSSI":-70},{"SSID":"MeetInLeeds","BSSID":"5c:a6:2d:af:91:4d","RSSI":-70},{"SSID":"MeetInLeeds","BSSID":"5c:a6:2d:5d:2e:cd","RSSI":-74},{"SSID":"eduroam","BSSID":"5c:a6:2d:5d:2e:ce","RSSI":-74},{"SSID":"MeetInLeeds","BSSID":"5c:a6:2d:1e:08:e2","RSSI":-74},{"SSID":"MeetInLeeds","BSSID":"5c:a6:2d:af:91:42","RSSI":-74},{"SSID":"MeetInLeeds","BSSID":"5c:a6:2d:cf:b3:ed","RSSI":-75},{"SSID":"eduroam","BSSID":"5c:a6:2d:cf:b3:ee","RSSI":-75},{"SSID":"MeetInLeeds","BSSID":"5c:a6:2d:86:69:c2","RSSI":-76},{"SSID":"eduroam","BSSID":"5c:a6:2d:86:69:c1","RSSI":-76},{"SSID":"MeetInLeeds","BSSID":"5c:a6:2d:cf:b3:e2","RSSI":-76},{"SSID":"eduroam","BSSID":"5c:a6:2d:1e:08:ee","RSSI":-77},{"SSID":"MeetInLeeds","BSSID":"5c:a6:2d:1e:08:ed","RSSI":-77},{"SSID":"eduroam","BSSID":"5c:a6:2d:ce:8e:ae","RSSI":-77},{"SSID":"MeetInLeeds","BSSID":"5c:a6:2d:ce:c1:e2","RSSI":-78},{"SSID":"eduroam","BSSID":"5c:a6:2d:cf:e0:0e","RSSI":-79},{"SSID":"MeetInLeeds","BSSID":"5c:a6:2d:86:69:cd","RSSI":-79},{"SSID":"MeetInLeeds","BSSID":"ac:3a:67:08:25:82","RSSI":-79},{"SSID":"eduroam","BSSID":"ac:3a:67:08:25:81","RSSI":-79},{"SSID":"MeetInLeeds","BSSID":"5c:a6:2d:45:dc:a2","RSSI":-79},{"SSID":"MeetInLeeds","BSSID":"5c:a6:2d:ef:4a:ad","RSSI":-80},{"SSID":"MeetInLeeds","BSSID":"5c:a6:2d:ce:8e:ad","RSSI":-80},{"SSID":"eduroam","BSSID":"5c:a6:2d:45:dc:a1","RSSI":-80},{"SSID":"eduroam","BSSID":"5c:a6:2d:ef:4a:ae","RSSI":-82},{"SSID":"MeetInLeeds","BSSID":"5c:a6:2d:cf:c1:62","RSSI":-83},{"SSID":"MeetInLeeds","BSSID":"5c:a6:2d:cf:c4:e2","RSSI":-83},{"SSID":"eduroam","BSSID":"5c:a6:2d:cf:c4:e1","RSSI":-83}],[{"SSID":"MeetInLeeds","BSSID":"5c:a6:2d:5d:2c:02","RSSI":-34},{"SSID":"eduroam","BSSID":"5c:a6:2d:5d:2c:01","RSSI":-34},{"SSID":"MeetInLeeds","BSSID":"5c:a6:2d:45:dc:02","RSSI":-37},{"SSID":"eduroam","BSSID":"5c:a6:2d:45:dc:01","RSSI":-37},{"SSID":"MeetInLeeds","BSSID":"5c:a6:2d:5d:2c:0d","RSSI":-39},{"SSID":"eduroam","BSSID":"5c:a6:2d:5d:2c:0e","RSSI":-42},{"SSID":"MeetInLeeds","BSSID":"5c:a6:2d:45:dc:0d","RSSI":-50},{"SSID":"eduroam","BSSID":"5c:a6:2d:45:dc:0e","RSSI":-50},{"SSID":"MeetInLeeds","BSSID":"5c:a6:2d:86:69:22","RSSI":-59},{"SSID":"MeetInLeeds","BSSID":"ac:3a:67:08:0c:82","RSSI":-63},{"SSID":"eduroam","BSSID":"ac:3a:67:08:0c:81","RSSI":-64},{"SSID":"eduroam","BSSID":"5c:a6:2d:cf:bf:c1","RSSI":-67},{"SSID":"MeetInLeeds","BSSID":"5c:a6:2d:cf:bf:c2","RSSI":-68},{"SSID":"eduroam","BSSID":"5c:a6:2d:cf:e5:ae","RSSI":-68},{"SSID":"MeetInLeeds","BSSID":"5c:a6:2d:cf:e5:ad","RSSI":-68},{"SSID":"MeetInLeeds","BSSID":"5c:a6:2d:ce:8e:a2","RSSI":-68},{"SSID":"eduroam","BSSID":"5c:a6:2d:ce:8e:a1","RSSI":-68},{"SSID":"eduroam","BSSID":"5c:a6:2d:af:91:4e","RSSI":-69},{"SSID":"MeetInLeeds","BSSID":"5c:a6:2d:af:91:4d","RSSI":-69},{"SSID":"MeetInLeeds","BSSID":"5c:a6:2d:cf:e5:a2","RSSI":-70},{"SSID":"eduroam","BSSID":"5c:a6:2d:cf:e5:a1","RSSI":-70},{"SSID":"MeetInLeeds","BSSID":"ac:3a:67:08:0c:8d","RSSI":-70},{"SSID":"eduroam","BSSID":"ac:3a:67:08:0c:8e","RSSI":-70},{"SSID":"eduroam","BSSID":"5c:a6:2d:86:69:2e","RSSI":-70},{"SSID":"MeetInLeeds","BSSID":"5c:a6:2d:86:69:2d","RSSI":-70},{"SSID":"MeetInLeeds","BSSID":"5c:a6:2d:5d:2e:cd","RSSI":-71},{"SSID":"eduroam","BSSID":"5c:a6:2d:5d:2e:ce","RSSI":-71},{"SSID":"eduroam","BSSID":"5c:a6:2d:5d:2e:c1","RSSI":-71},{"SSID":"MeetInLeeds","BSSID":"5c:a6:2d:5d:2e:c2","RSSI":-71},{"SSID":"MeetInLeeds","BSSID":"5c:a6:2d:af:91:42","RSSI":-71},{"SSID":"eduroam","BSSID":"5c:a6:2d:af:91:41","RSSI":-71},{"SSID":"MeetInLeeds","BSSID":"5c:a6:2d:86:69:c2","RSSI":-73},{"SSID":"MeetInLeeds","BSSID":"5c:a6:2d:1e:08:e2","RSSI":-73},{"SSID":"eduroam","BSSID":"5c:a6:2d:1e:08:e1","RSSI":-73},{"SSID":"eduroam","BSSID":"5c:a6:2d:cf:b3:e1","RSSI":-74},{"SSID":"MeetInLeeds","BSSID":"5c:a6:2d:cf:b3:e2","RSSI":-74},{"SSID":"eduroam","BSSID":"5c:a6:2d:1e:08:ee","RSSI":-77},{"SSID":"MeetInLeeds","BSSID":"5c:a6:2d:1e:08:ed","RSSI":-77},{"SSID":"eduroam","BSSID":"5c:a6:2d:cf:b3:ee","RSSI":-78},{"SSID":"eduroam","BSSID":"5c:a6:2d:86:69:c1","RSSI":-79},{"SSID":"MeetInLeeds","BSSID":"5c:a6:2d:cf:e0:0d","RSSI":-79},{"SSID":"eduroam","BSSID":"5c:a6:2d:cf:e0:0e","RSSI":-79},{"SSID":"eduroam","BSSID":"5c:a6:2d:ce:8e:ae","RSSI":-79},{"SSID":"MeetInLeeds","BSSID":"5c:a6:2d:ce:8e:ad","RSSI":-79},{"SSID":"MeetInLeeds","BSSID":"5c:a6:2d:ce:c1:e2","RSSI":-81},{"SSID":"MeetInLeeds","BSSID":"5c:a6:2d:cf:b3:ed","RSSI":-81},{"SSID":"MeetInLeeds","BSSID":"ac:3a:67:08:25:82","RSSI":-81},{"SSID":"eduroam","BSSID":"5c:a6:2d:ce:c1:ee","RSSI":-81},{"SSID":"MeetInLeeds","BSSID":"5c:a6:2d:cf:c1:62","RSSI":-82},{"SSID":"MeetInLeeds","BSSID":"5c:a6:2d:ce:c1:ed","RSSI":-82},{"SSID":"eduroam","BSSID":"5c:a6:2d:ef:4a:ae","RSSI":-83},{"SSID":"eduroam","BSSID":"5c:a6:2d:cf:c1:61","RSSI":-83},{"SSID":"MeetInLeeds","BSSID":"5c:a6:2d:ef:4a:ad","RSSI":-84},{"SSID":"MeetInLeeds","BSSID":"5c:a6:2d:86:6f:2d","RSSI":-84},{"SSID":"MeetInLeeds","BSSID":"5c:a6:2d:cf:c4:ed","RSSI":-85},{"SSID":"MeetInLeeds","BSSID":"5c:a6:2d:45:dc:ad","RSSI":-87}]]