[[{"SSID":"MeetInLeeds","BSSID":"5c:a6:2d:ce:c1:e2","RSSI":-37},{"SSID":"MeetInLeeds","BSSID":"5c:a6:2d:cf:c4:e2","RSSI":-42},{"SSID":"eduroam","BSSID":"5c:a6:2d:cf:c4:e1","RSSI":-42},{"SSID":"eduroam","BSSID":"5c:a6:2d:86:69:c1","RSSI":-44},{"SSID":"MeetInLeeds","BSSID":"5c:a6:2d:86:69:c2","RSSI":-45},{"SSID":"MeetInLeeds","BSSID":"5c:a6:2d:cf:c4:ed","RSSI":-51},{"SSID":"eduroam","BSSID":"5c:a6:2d:cf:c4:ee","RSSI":-51},{"SSID":"MeetInLeeds","BSSID":"5c:a6:2d:86:69:cd","RSSI":-55},{"SSID":"MeetInLeeds","BSSID":"5c:a6:2d:cf:bf:c2","RSSI":-63},{"SSID":"eduroam","BSSID":"5c:a6:2d:86:69:21","RSSI":-64},{"SSID":"MeetInLeeds","BSSID":"5c:a6:2d:ce:a1:c2","RSSI":-65},{"SSID":"eduroam","BSSID":"5c:a6:2d:cf:bf:ce","RSSI":-65},{"SSID":"MeetInLeeds","BSSID":"5c:a6:2d:86:69:22","RSSI":-65},{"SSID":"MeetInLeeds","BSSID":"5c:a6:2d:ce:a1:cd","RSSI":-67},{"SSID":"MeetInLeeds","BSSID":"5c:a6:2d:86:6b:8d","RSSI":-67},{"SSID":"eduroam","BSSID":"5c:a6:2d:86:6b:8e","RSSI":-67},{"SSID":"eduroam","BSSID":"5c:a6:2d:ce:ac:21","RSSI":-67},{"SSID":"MeetInLeeds","BSSID":"5c:a6:2d:af:91:42","RSSI":-67},{"SSID":"eduroam","BSSID":"5c:a6:2d:ce:a1:ce","RSSI":-68},{"SSID":"MeetInLeeds","BSSID":"5c:a6:2d:af:8f:c2","RSSI":-68},{"SSID":"MeetInLeeds","BSSID":"ac:3a:67:08:2a:02","RSSI":-69},{"SSID":"MeetInLeeds","BSSID":"5c:a6:2d:ce:ac:22","RSSI":-69},{"SSID":"eduroam","BSSID":"ac:3a:67:08:29:21","RSSI":-69},{"SSID":"eduroam","BSSID":"5c:a6:2d:86:6b:81","RSSI":-69},{"SSID":"MeetInLeeds","BSSID":"5c:a6:2d:86:6b:82","RSSI":-69},{"SSID":"eduroam","BSSID":"5c:a6:2d:af:91:4e","RSSI":-70},{"SSID":"MeetInLeeds","BSSID":"ac:3a:67:08:29:22","RSSI":-70},{"SSID":"eduroam","BSSID":"5c:a6:2d:cf:bf:81","RSSI":-71},{"SSID":"MeetInLeeds","BSSID":"5c:a6:2d:ce:8e:a2","RSSI":-71},{"SSID":"MeetInLeeds","BSSID":"5c:a6:2d:ce:bf:02","RSSI":-71},{"SSID":"MeetInLeeds","BSSID":"5c:a6:2d:af:91:4d","RSSI":-71},{"SSID":"MeetInLeeds","BSSID":"5c:a6:2d:ce:b4:c2","RSSI":-72},{"SSID":"MeetInLeeds","BSSID":"5c:a6:2d:cf:e5:a2","RSSI":-73},{"SSID":"eduroam","BSSID":"5c:a6:2d:ce:ac:2e","RSSI":-73},{"SSID":"MeetInLeeds","BSSID":"5c:a6:2d:cf:bf:cd","RSSI":-73},{"SSID":"MeetInLeeds","BSSID":"5c:a6:2d:86:69:2d","RSSI":-73},{"SSID":"MeetInLeeds","BSSID":"5c:a6:2d:45:dc:a2","RSSI":-73},{"SSID":"MeetInLeeds","BSSID":"5c:a6:2d:af:91:c2","RSSI":-74},{"SSID":"MeetInLeeds","BSSID":"5c:a6:2d:ce:ac:2d","RSSI":-74},{"SSID":"eduroam","BSSID":"5c:a6:2d:86:69:2e","RSSI":-74},{"SSID":"eduroam","BSSID":"5c:a6:2d:86:69:ce","RSSI":-75},{"SSID":"eduroam","BSSID":"5c:a6:2d:cf:e5:ae","RSSI":-76},{"SSID":"MeetInLeeds","BSSID":"5c:a6:2d:5d:2e:22","RSSI":-76},{"SSID":"MeetInLeeds","BSSID":"5c:a6:2d:cf:e5:ad","RSSI":-77},{"SSID":"MeetInLeeds","BSSID":"5c:a6:2d:70:7b:42","RSSI":-77},{"SSID":"eduroam","BSSID":"ac:3a:67:08:28:21","RSSI":-77},{"SSID":"eduroam","BSSID":"5c:a6:2d:70:7b:41","RSSI":-78},{"SSID":"MeetInLeeds","BSSID":"ac:3a:67:08:28:22","RSSI":-78},{"SSID":"MeetInLeeds","BSSID":"5c:a6:2d:af:8e:a2","RSSI":-78},{"SSID":"MeetInLeeds","BSSID":"5c:a6:2d:ce:b5:02","RSSI":-79},{"SSID":"MeetInLeeds","BSSID":"ac:3a:67:08:2a:0d","RSSI":-79},{"SSID":"eduroam","BSSID":"ac:3a:67:08:2a:0e","RSSI":-79},{"SSID":"eduroam","BSSID":"5c:a6:2d:cf:c5:e1","RSSI":-80},{"SSID":"eduroam","BSSID":"5c:a6:2d:ef:4a:ae","RSSI":-80},{"SSID":"MeetInLeeds","BSSID":"5c:a6:2d:ef:4a:ad","RSSI":-80},{"SSID":"eduroam","BSSID":"5c:a6:2d:ce:b5:01","RSSI":-80},{"SSID":"eduroam","BSSID":"5c:a6:2d:5d:ab:6e","RSSI":-80},{"SSID":"eduroam","BSSID":"5c:a6:2d:cf:c4:41","RSSI":-80},{"SSID":"MeetInLeeds","BSSID":"5c:a6:2d:af:94:ad","RSSI":-81},{"SSID":"MeetInLeeds","BSSID":"5c:a6:2d:cf:bf:8d","RSSI":-82},{"SSID":"MeetInLeeds","BSSID":"5c:a6:2d:5d:ab:6d","RSSI":-82},{"SSID":"MeetInLeeds","BSSID":"5c:a6:2d:ce:8e:ad","RSSI":-83},{"SSID":"eduroam","BSSID":"5c:a6:2d:45:dc:ae","RSSI":-83},{"SSID":"eduroam","BSSID":"5c:a6:2d:af:94:ae","RSSI":-84},{"SSID":"MeetInLeeds","BSSID":"ac:3a:67:08:29:a2","RSSI":-84},{"SSID":"MeetInLeeds","BSSID":"5c:a6:2d:45:dc:ad","RSSI":-84},{"SSID":"MeetInLeeds","BSSID":"5c:a6:2d:5d:2c:0d","RSSI":-85},{"SSID":"eduroam","BSSID":"5c:a6:2d:ce:8e:ae","RSSI":-86}],[{"SSID":"eduroam","BSSID":"5c:a6:2d:cf:c4:e1","RSSI":-42},{"SSID":"MeetInLeeds","BSSID":"5c:a6:2d:cf:c4:e2","RSSI":-43},{"SSID":"MeetInLeeds","BSSID":"5c:a6:2d:ce:c1:e2","RSSI":-47},{"SSID":"eduroam","BSSID":"5c:a6:2d:ce:c1:e1","RSSI":-48},{"SSID":"MeetInLeeds","BSSID":"5c:a6:2d:cf:c4:ed","RSSI":-51},{"SSID":"eduroam","BSSID":"5c:a6:2d:cf:c4:ee","RSSI":-51},{"SSID":"eduroam","BSSID":"5c:a6:2d:86:69:ce","RSSI":-53},{"SSID":"MeetInLeeds","BSSID":"5c:a6:2d:86:69:cd","RSSI":-54},{"SSID":"MeetInLeeds","BSSID":"5c:a6:2d:ce:c1:ed","RSSI":-59},{"SSID":"eduroam","BSSID":"5c:a6:2d:ce:c1:ee","RSSI":-60},{"SSID":"eduroam","BSSID":"5c:a6:2d:86:69:21","RSSI":-63},{"SSID":"MeetInLeeds","BSSID":"5c:a6:2d:86:69:22","RSSI":-63},{"SSID":"MeetInLeeds","BSSID":"5c:a6:2d:af:91:42","RSSI":-65},{"SSID":"MeetInLeeds","BSSID":"5c:a6:2d:86:6b:82","RSSI":-66},{"SSID":"eduroam","BSSID":"5c:a6:2d:86:6b:81","RSSI":-67},{"SSID":"MeetInLeeds","BSSID":"5c:a6:2d:cf:bf:c2","RSSI":-68},{"SSID":"MeetInLeeds","BSSID":"5c:a6:2d:86:6b:8d","RSSI":-68},{"SSID":"eduroam","BSSID":"5c:a6:2d:86:6b:8e","RSSI":-68},{"SSID":"eduroam","BSSID":"5c:a6:2d:af:8f:c1","RSSI":-69},{"SSID":"MeetInLeeds","BSSID":"5c:a6:2d:af:8f:c2","RSSI":-70},{"SSID":"MeetInLeeds","BSSID":"5c:a6:2d:ce:ac:22","RSSI":-71},{"SSID":"eduroam","BSSID":"5c:a6:2d:ef:4a:a1","RSSI":-72},{"SSID":"MeetInLeeds","BSSID":"5c:a6:2d:ce:bf:02","RSSI":-72},{"SSID":"MeetInLeeds","BSSID":"5c:a6:2d:45:dc:a2","RSSI":-72},{"SSID":"eduroam","BSSID":"ac:3a:67:08:29:21","RSSI":-72},{"SSID":"MeetInLeeds","BSSID":"ac:3a:67:08:29:22","RSSI":-72},{"SSID":"MeetInLeeds","BSSID":"5c:a6:2d:ef:4a:a2","RSSI":-73},{"SSID":"eduroam","BSSID":"5c:a6:2d:45:dc:a1","RSSI":-73},{"SSID":"MeetInLeeds","BSSID":"5c:a6:2d:ce:ac:2d","RSSI":-74},{"SSID":"eduroam","BSSID":"5c:a6:2d:af:91:4e","RSSI":-74},{"SSID":"MeetInLeeds","BSSID":"5c:a6:2d:af:91:4d","RSSI":-74},{"SSID":"MeetInLeeds","BSSID":"5c:a6:2d:cf:e5:a2","RSSI":-75},{"SSID":"eduroam","BSSID":"5c:a6:2d:ce:ac:2e","RSSI":-75},{"SSID":"eduroam","BSSID":"5c:a6:2d:cf:e5:a1","RSSI":-76},{"SSID":"MeetInLeeds","BSSID":"5c:a6:2d:af:91:c2","RSSI":-76},{"SSID":"eduroam","BSSID":"5c:a6:2d:86:6c:41","RSSI":-76},{"SSID":"MeetInLeeds","BSSID":"5c:a6:2d:86:6c:42","RSSI":-76},{"SSID":"eduroam","BSSID":"5c:a6:2d:cf:e5:ae","RSSI":-77},{"SSID":"MeetInLeeds","BSSID":"5c:a6:2d:cf:e5:ad","RSSI":-77},{"SSID":"eduroam","BSSID":"5c:a6:2d:ce:b5:01","RSSI":-78},{"SSID":"eduroam","BSSID":"5c:a6:2d:5d:ab:6e","RSSI":-78},{"SSID":"MeetInLeeds","BSSID":"5c:a6:2d:1e:08:e2","RSSI":-80},{"SSID":"MeetInLeeds","BSSID":"5c:a6:2d:cf:c1:82","RSSI":-80},{"SSID":"eduroam","BSSID":"5c:a6:2d:ef:4a:ae","RSSI":-80},{"SSID":"MeetInLeeds","BSSID":"5c:a6:2d:45:de:82","RSSI":-80},{"SSID":"My legs too long for train seats","BSSID":"86:da:33:a3:a5:9d","RSSI":-81},{"SSID":"MeetInLeeds","BSSID":"ac:3a:67:08:28:22","RSSI":-81},{"SSID":"eduroam","BSSID":"5c:a6:2d:cf:c1:81","RSSI":-81},{"SSID":"MeetInLeeds","BSSID":"5c:a6:2d:ef:4a:ad","RSSI":-81},{"SSID":"MeetInLeeds","BSSID":"5c:a6:2d:ce:8e:ad","RSSI":-81},{"SSID":"eduroam","BSSID":"5c:a6:2d:cf:c5:e1","RSSI":-82},{"SSID":"eduroam","BSSID":"5c:a6:2d:ce:8e:ae","RSSI":-82},{"SSID":"MeetInLeeds","BSSID":"5c:a6:2d:b5:ca:e2","RSSI":-82},{"SSID":"eduroam","BSSID":"5c:a6:2d:cf:bf:8e","RSSI":-83},{"SSID":"MeetInLeeds","BSSID":"5c:a6:2d:cf:bf:8d","RSSI":-83},{"SSID":"MeetInLeeds","BSSID":"5c:a6:2d:ce:bf:0d","RSSI":-84},{"SSID":"MeetInLeeds","BSSID":"ac:3a:67:08:32:42","RSSI":-85},{"SSID":"eduroam","BSSID":"5c:a6:2d:ce:bf:0e","RSSI":-86}],[{"SSID":"MeetInLeeds","BSSID":"5c:a6:2d:cf:c4:e2","RSSI":-42},{"SSID":"eduroam","BSSID":"5c:a6:2d:cf:c4:e1","RSSI":-43},{"SSID":"MeetInLeeds","BSSID":"5c:a6:2d:ce:c1:e2","RSSI":-49},{"SSID":"eduroam","BSSID":"5c:a6:2d:ce:c1:e1","RSSI":-49},{"SSID":"MeetInLeeds","BSSID":"5c:a6:2d:86:69:c2","RSSI":-50},{"SSID":"eduroam","BSSID":"5c:a6:2d:ce:c1:ee","RSSI":-50},{"SSID":"MeetInLeeds","BSSID":"5c:a6:2d:ce:c1:ed","RSSI":-50},{"SSID":"MeetInLeeds","BSSID":"5c:a6:2d:cf:c4:ed","RSSI":-51},{"SSID":"eduroam","BSSID":"5c:a6:2d:cf:c4:ee","RSSI":-51},{"SSID":"eduroam","BSSID":"5c:a6:2d:86:69:ce","RSSI":-55},{"SSID":"MeetInLeeds","BSSID":"5c:a6:2d:86:69:cd","RSSI":-57},{"SSID":"eduroam","BSSID":"5c:a6:2d:86:69:21","RSSI":-63},{"SSID":"MeetInLeeds","BSSID":"5c:a6:2d:86:69:22","RSSI":-63},{"SSID":"MeetInLeeds","BSSID":"5c:a6:2d:ce:a1:c2","RSSI":-64},{"SSID":"MeetInLeeds","BSSID":"5c:a6:2d:cf:bf:c2","RSSI":-65},{"SSID":"eduroam","BSSID":"5c:a6:2d:86:6b:8e","RSSI":-65},{"SSID":"MeetInLeeds","BSSID":"5c:a6:2d:cf:bf:cd","RSSI":-65},{"SSID":"eduroam","BSSID":"5c:a6:2d:cf:bf:ce","RSSI":-65},{"SSID":"MeetInLeeds","BSSID":"5c:a6:2d:86:6b:8d","RSSI":-66},{"SSID":"MeetInLeeds","BSSID":"5c:a6:2d:ce:a1:cd","RSSI":-67},{"SSID":"eduroam","BSSID":"5c:a6:2d:af:91:4e","RSSI":-67},{"SSID":"MeetInLeeds","BSSID":"5c:a6:2d:af:91:4d","RSSI":-67},{"SSID":"eduroam","BSSID":"5c:a6:2d:ce:a1:ce","RSSI":-68},{"SSID":"eduroam","BSSID":"5c:a6:2d:cf:e5:a1","RSSI":-70},{"SSID":"MeetInLeeds","BSSID":"5c:a6:2d:af:8f:c2","RSSI":-70},{"SSID":"MeetInLeeds","BSSID":"ac:3a:67:08:29:22","RSSI":-70},{"SSID":"MeetInLeeds","BSSID":"5c:a6:2d:ce:bf:02","RSSI":-71},{"SSID":"MeetInLeeds","BSSID":"5c:a6:2d:86:6b:82","RSSI":-71},{"SSID":"MeetInLeeds","BSSID":"5c:a6:2d:cf:bf:82","RSSI":-72},{"SSID":"MeetInLeeds","BSSID":"5c:a6:2d:45:dc:a2","RSSI":-72},{"SSID":"eduroam","BSSID":"ac:3a:67:08:29:21","RSSI":-72},{"SSID":"eduroam","BSSID":"5c:a6:2d:86:6b:81","RSSI":-72},{"SSID":"MeetInLeeds","BSSID":"5c:a6:2d:ce:8e:a2","RSSI":-73},{"SSID":"eduroam","BSSID":"5c:a6:2d:ce:8e:a1","RSSI":-73},{"SSID":"MeetInLeeds","BSSID":"5c:a6:2d:cf:e5:a2","RSSI":-74},{"SSID":"eduroam","BSSID":"5c:a6:2d:86:6c:41","RSSI":-74},{"SSID":"MeetInLeeds","BSSID":"5c:a6:2d:86:6c:42","RSSI":-74},{"SSID":"MeetInLeeds","BSSID":"5c:a6:2d:af:94:a2","RSSI":-75},{"SSID":"MeetInLeeds","BSSID":"5c:a6:2d:cf:e5:ad","RSSI":-75},{"SSID":"MeetInLeeds","BSSID":"5c:a6:2d:ef:4a:a2","RSSI":-75},{"SSID":"eduroam","BSSID":"5c:a6:2d:5d:ab:61","RSSI":-75},{"SSID":"MeetInLeeds","BSSID":"5c:a6:2d:ce:ac:2d","RSSI":-75},{"SSID":"MeetInLeeds","BSSID":"5c:a6:2d:ce:b4:c2","RSSI":-75},{"SSID":"eduroam","BSSID":"5c:a6:2d:ce:ac:2e","RSSI":-76},{"SSID":"MeetInLeeds","BSSID":"5c:a6:2d:af:91:c2","RSSI":-77},{"SSID":"eduroam","BSSID":"5c:a6:2d:ef:45:21","RSSI":-79},{"SSID":"MeetInLeeds","BSSID":"5c:a6:2d:5d:ab:6d","RSSI":-79},{"SSID":"eduroam","BSSID":"ac:3a:67:08:28:21","RSSI":-80},{"SSID":"MeetInLeeds","BSSID":"5c:a6:2d:ef:45:22","RSSI":-80},{"SSID":"MeetInLeeds","BSSID":"5c:a6:2d:af:94:ad","RSSI":-81},{"SSID":"eduroam","BSSID":"5c:a6:2d:af:94:ae","RSSI":-81},{"SSID":"MeetInLeeds","BSSID":"ac:3a:67:08:2a:0d","RSSI":-81},{"SSID":"MeetInLeeds","BSSID":"5c:a6:2d:ce:8e:ad","RSSI":-82},{"SSID":"MeetInLeeds","BSSID":"5c:a6:2d:86:6d:22","RSSI":-82},{"SSID":"eduroam","BSSID":"5c:a6:2d:ce:8e:ae","RSSI":-83},{"SSID":"MeetInLeeds","BSSID":"5c:a6:2d:45:dc:ad","RSSI":-83},{"SSID":"MeetInLeeds","BSSID":"5c:a6:2d:cf:bf:8d","RSSI":-84},{"SSID":"eduroam","BSSID":"5c:a6:2d:45:dc:ae","RSSI":-84},{"SSID":"MeetInLeeds","BSSID":"5c:a6:2d:ce:bf:0d","RSSI":-85},{"SSID":"MeetInLeeds","BSSID":"5c:a6:2d:b5:ca:ed","RSSI":-85},{"SSID":"MeetInLeeds","BSSID":"ac:3a:67:08:29:2d","RSSI":-86},{"SSID":"eduroam","BSSID":"5c:a6:2d:b5:ca:ee","RSSI":-86}],[{"SSID":"eduroam","BSSID":"5c:a6:2d:cf:c4:e1","RSSI":-41},{"SSID":"MeetInLeeds","BSSID":"5c:a6:2d:cf:c4:e2","RSSI":-42},{"SSID":"MeetInLeeds","BSSID":"5c:a6:2d:86:69:c2","RSSI":-48},{"SSID":"MeetInLeeds","BSSID":"5c:a6:2d:ce:c1:e2","RSSI":-49},{"SSID":"eduroam","BSSID":"5c:a6:2d:cf:c4:ee","RSSI":-51},{"SSID":"MeetInLeeds","BSSID":"5c:a6:2d:cf:c4:ed","RSSI":-52},{"SSID":"eduroam","BSSID":"5c:a6:2d:86:69:ce","RSSI":-53},{"SSID":"eduroam","BSSID":"5c:a6:2d:ce:c1:ee","RSSI":-58},{"SSID":"MeetInLeeds","BSSID":"5c:a6:2d:ce:c1:ed","RSSI":-58},{"SSID":"eduroam","BSSID":"5c:a6:2d:86:69:21","RSSI":-61},{"SSID":"MeetInLeeds","BSSID":"5c:a6:2d:86:69:22","RSSI":-62},{"SSID":"MeetInLeeds","BSSID":"5c:a6:2d:cf:bf:c2","RSSI":-64},{"SSID":"MeetInLeeds","BSSID":"5c:a6:2d:ce:a1:c2","RSSI":-64},{"SSID":"MeetInLeeds","BSSID":"5c:a6:2d:cf:bf:cd","RSSI":-65},{"SSID":"eduroam","BSSID":"5c:a6:2d:cf:bf:ce","RSSI":-65},{"SSID":"eduroam","BSSID":"5c:a6:2d:86:6b:8e","RSSI":-66},{"SSID":"MeetInLeeds","BSSID":"5c:a6:2d:86:6b:8d","RSSI":-67},{"SSID":"eduroam","BSSID":"5c:a6:2d:af:91:41","RSSI":-67},{"SSID":"eduroam","BSSID":"5c:a6:2d:86:6b:81","RSSI":-67},{"SSID":"MeetInLeeds","BSSID":"5c:a6:2d:86:6b:82","RSSI":-67},{"SSID":"eduroam","BSSID":"5c:a6:2d:ce:a1:ce","RSSI":-68},{"SSID":"MeetInLeeds","BSSID":"5c:a6:2d:ce:a1:cd","RSSI":-68},{"SSID":"MeetInLeeds","BSSID":"5c:a6:2d:af:91:42","RSSI":-68},{"SSID":"MeetInLeeds","BSSID":"5c:a6:2d:cf:bf:82","RSSI":-71},{"SSID":"MeetInLeeds","BSSID":"5c:a6:2d:ce:8e:a2","RSSI":-71},{"SSID":"eduroam","BSSID":"5c:a6:2d:ce:8e:a1","RSSI":-71},{"SSID":"eduroam","BSSID":"ac:3a:67:08:2a:01","RSSI":-71},{"SSID":"MeetInLeeds","BSSID":"ac:3a:67:08:2a:02","RSSI":-71},{"SSID":"eduroam","BSSID":"5c:a6:2d:cf:bf:81","RSSI":-72},{"SSID":"eduroam","BSSID":"5c:a6:2d:ce:bf:01","RSSI":-72},{"SSID":"MeetInLeeds","BSSID":"5c:a6:2d:45:dc:a2","RSSI":-72},{"SSID":"MeetInLeeds","BSSID":"5c:a6:2d:ce:bf:02","RSSI":-73},{"SSID":"MeetInLeeds","BSSID":"5c:a6:2d:86:69:2d","RSSI":-73},{"SSID":"MeetInLeeds","BSSID":"5c:a6:2d:ce:ac:22","RSSI":-73},{"SSID":"eduroam","BSSID":"5c:a6:2d:ce:ac:21","RSSI":-73},{"SSID":"MeetInLeeds","BSSID":"5c:a6:2d:ef:4a:a2","RSSI":-74},{"SSID":"eduroam","BSSID":"5c:a6:2d:af:91:4e","RSSI":-74},{"SSID":"MeetInLeeds","BSSID":"5c:a6:2d:af:91:4d","RSSI":-74},{"SSID":"eduroam","BSSID":"5c:a6:2d:86:69:2e","RSSI":-74},{"SSID":"eduroam","BSSID":"5c:a6:2d:af:94:a1","RSSI":-76},{"SSID":"eduroam","BSSID":"5c:a6:2d:cf:e5:ae","RSSI":-76},{"SSID":"MeetInLeeds","BSSID":"5c:a6:2d:cf:e5:ad","RSSI":-76},{"SSID":"MeetInLeeds","BSSID":"5c:a6:2d:ce:ac:2d","RSSI":-76},{"SSID":"MeetInLeeds","BSSID":"5c:a6:2d:86:69:cd","RSSI":-76},{"SSID":"MeetInLeeds","BSSID":"5c:a6:2d:5d:ab:6d","RSSI":-77},{"SSID":"MeetInLeeds","BSSID":"5c:a6:2d:af:8f:42","RSSI":-77},{"SSID":"MeetInLeeds","BSSID":"5c:a6:2d:af:91:c2","RSSI":-78},{"SSID":"MeetInLeeds","BSSID":"5c:a6:2d:ce:b5:02","RSSI":-78},{"SSID":"eduroam","BSSID":"5c:a6:2d:5d:ab:6e","RSSI":-78},{"SSID":"MeetInLeeds","BSSID":"5c:a6:2d:1e:08:e2","RSSI":-79},{"SSID":"eduroam","BSSID":"5c:a6:2d:1e:08:e1","RSSI":-79},{"SSID":"MeetInLeeds","BSSID":"5c:a6:2d:af:94:ad","RSSI":-79},{"SSID":"MeetInLeeds","BSSID":"5c:a6:2d:cf:c1:82","RSSI":-79},{"SSID":"eduroam","BSSID":"5c:a6:2d:ce:ac:2e","RSSI":-79},{"SSID":"eduroam","BSSID":"ac:3a:67:08:2a:0e","RSSI":-79},{"SSID":"MeetInLeeds","BSSID":"5c:a6:2d:af:8e:a2","RSSI":-79},{"SSID":"MeetInLeeds","BSSID":"ac:3a:67:08:2a:0d","RSSI":-80},{"SSID":"LAPTOP-B8KPU0TL 7250","BSSID":"fa:d0:fc:e4:31:a7","RSSI":-80},{"SSID":"eduroam","BSSID":"5c:a6:2d:5d:2c:01","RSSI":-80},{"SSID":"MeetInLeeds","BSSID":"5c:a6:2d:ef:4a:ad","RSSI":-82},{"SSID":"eduroam","BSSID":"5c:a6:2d:45:dc:ae","RSSI":-82},{"SSID":"MeetInLeeds","BSSID":"5c:a6:2d:cf:bf:8d","RSSI":-83},{"SSID":"eduroam","BSSID":"5c:a6:2d:af:94:ae","RSSI":-83},{"SSID":"MeetInLeeds","BSSID":"5c:a6:2d:45:dc:ad","RSSI":-83},{"SSID":"eduroam","BSSID":"5c:a6:2d:86:6f:2e","RSSI":-84},{"SSID":"MeetInLeeds","BSSID":"5c:a6:2d:45:dc:02","RSSI":-85},{"SSID":"eduroam","BSSID":"5c:a6:2d:ce:8e:ae","RSSI":-86},{"SSID":"MeetInLeeds","BSSID":"5c:a6:2d:ce:8e:ad","RSSI":-86},{"SSID":"MeetInLeeds","BSSID":"5c:a6:2d:86:6f:2d","RSSI":-86},{"SSID":"MeetInLeeds","BSSID":"5c:a6:2d:af:8e:ad","RSSI":-87},{"SSID":"eduroam","BSSID":"5c:a6:2d:5d:2e:2e","RSSI":-88},{"SSID":"MeetInLeeds","BSSID":"5c:a6:2d:5d:2e:2d","RSSI":-90}],[{"SSID":"MeetInLeeds","BSSID":"5c:a6:2d:cf:c4:e2","RSSI":-45},{"SSID":"eduroam","BSSID":"5c:a6:2d:cf:c4:e1","RSSI":-45},{"SSID":"MeetInLeeds","BSSID":"5c:a6:2d:ce:c1:e2","RSSI":-47},{"SSID":"eduroam","BSSID":"5c:a6:2d:ce:c1:e1","RSSI":-47},{"SSID":"MeetInLeeds","BSSID":"5c:a6:2d:cf:c4:ed","RSSI":-50},{"SSID":"eduroam","BSSID":"5c:a6:2d:cf:c4:ee","RSSI":-50},{"SSID":"MeetInLeeds","BSSID":"5c:a6:2d:86:69:c2","RSSI":-51},{"SSID":"eduroam","BSSID":"5c:a6:2d:86:69:c1","RSSI":-51},{"SSID":"MeetInLeeds","BSSID":"5c:a6:2d:86:69:cd","RSSI":-54},{"SSID":"eduroam","BSSID":"5c:a6:2d:86:69:ce","RSSI":-54},{"SSID":"eduroam","BSSID":"5c:a6:2d:ce:c1:ee","RSSI":-56},{"SSID":"MeetInLeeds","BSSID":"5c:a6:2d:ce:c1:ed","RSSI":-56},{"SSID":"MeetInLeeds","BSSID":"5c:a6:2d:86:69:22","RSSI":-61},{"SSID":"eduroam","BSSID":"5c:a6:2d:ce:a1:c1","RSSI":-62},{"SSID":"eduroam","BSSID":"5c:a6:2d:86:69:21","RSSI":-62},{"SSID":"MeetInLeeds","BSSID":"5c:a6:2d:ce:a1:c2","RSSI":-64},{"SSID":"MeetInLeeds","BSSID":"5c:a6:2d:cf:bf:c2","RSSI":-65},{"SSID":"eduroam","BSSID":"5c:a6:2d:cf:bf:ce","RSSI":-65},{"SSID":"eduroam","BSSID":"5c:a6:2d:ce:a1:ce","RSSI":-68},{"SSID":"MeetInLeeds","BSSID":"5c:a6:2d:ce:a1:cd","RSSI":-68},{"SSID":"eduroam","BSSID":"5c:a6:2d:86:6b:8e","RSSI":-70},{"SSID":"eduroam","BSSID":"ac:3a:67:08:2a:01","RSSI":-70},{"SSID":"MeetInLeeds","BSSID":"ac:3a:67:08:2a:02","RSSI":-70},{"SSID":"MeetInLeeds","BSSID":"5c:a6:2d:af:8f:c2","RSSI":-70},{"SSID":"eduroam","BSSID":"5c:a6:2d:af:8f:c1","RSSI":-70},{"SSID":"MeetInLeeds","BSSID":"5c:a6:2d:ce:8e:a2","RSSI":-71},{"SSID":"MeetInLeeds","BSSID":"5c:a6:2d:af:91:4d","RSSI":-71},{"SSID":"MeetInLeeds","BSSID":"5c:a6:2d:86:6b:82","RSSI":-71},{"SSID":"MeetInLeeds","BSSID":"5c:a6:2d:86:6b:8d","RSSI":-72},{"SSID":"eduroam","BSSID":"5c:a6:2d:af:91:4e","RSSI":-72},{"SSID":"MeetInLeeds","BSSID":"5c:a6:2d:ce:ac:22","RSSI":-72},{"SSID":"eduroam","BSSID":"5c:a6:2d:45:dc:a1","RSSI":-72},{"SSID":"MeetInLeeds","BSSID":"5c:a6:2d:45:dc:a2","RSSI":-72},{"SSID":"eduroam","BSSID":"5c:a6:2d:ce:bf:01","RSSI":-73},{"SSID":"MeetInLeeds","BSSID":"5c:a6:2d:86:69:2d","RSSI":-73},{"SSID":"MeetInLeeds","BSSID":"ac:3a:67:08:29:22","RSSI":-73},{"SSID":"MeetInLeeds","BSSID":"5c:a6:2d:cf:bf:cd","RSSI":-74},{"SSID":"eduroam","BSSID":"5c:a6:2d:86:69:2e","RSSI":-74},{"SSID":"MeetInLeeds","BSSID":"5c:a6:2d:ce:b4:c2","RSSI":-74},{"SSID":"eduroam","BSSID":"5c:a6:2d:5d:2e:21","RSSI":-76},{"SSID":"MeetInLeeds","BSSID":"5c:a6:2d:af:91:c2","RSSI":-77},{"SSID":"eduroam","BSSID":"5c:a6:2d:af:91:c1","RSSI":-77},{"SSID":"MeetInLeeds","BSSID":"5c:a6:2d:70:7b:42","RSSI":-77},{"SSID":"MeetInLeeds","BSSID":"5c:a6:2d:5d:2e:22","RSSI":-77},{"SSID":"eduroam","BSSID":"5c:a6:2d:70:7b:41","RSSI":-78},{"SSID":"MeetInLeeds","BSSID":"5c:a6:2d:ce:b5:02","RSSI":-78},{"SSID":"MeetInLeeds","BSSID":"5c:a6:2d:45:de:82","RSSI":-78},{"SSID":"eduroam","BSSID":"5c:a6:2d:1e:08:e1","RSSI":-79},{"SSID":"MeetInLeeds","BSSID":"5c:a6:2d:cf:e5:ad","RSSI":-79},{"SSID":"MeetInLeeds","BSSID":"ac:3a:67:08:28:22","RSSI":-79},{"SSID":"MeetInLeeds","BSSID":"5c:a6:2d:5d:ab:6d","RSSI":-79},{"SSID":"MeetInLeeds","BSSID":"5c:a6:2d:af:8f:42","RSSI":-79},{"SSID":"MeetInLeeds","BSSID":"5c:a6:2d:5d:2c:02","RSSI":-79},{"SSID":"MeetInLeeds","BSSID":"5c:a6:2d:ce:b9:22","RSSI":-79},{"SSID":"MeetInLeeds","BSSID":"5c:a6:2d:1e:08:e2","RSSI":-80},{"SSID":"eduroam","BSSID":"5c:a6:2d:cf:c1:81","RSSI":-80},{"SSID":"MeetInLeeds","BSSID":"ac:3a:67:08:2a:0d","RSSI":-80},{"SSID":"eduroam","BSSID":"ac:3a:67:08:2a:0e","RSSI":-80},{"SSID":"MeetInLeeds","BSSID":"5c:a6:2d:af:8e:a2","RSSI":-80},{"SSID":"eduroam","BSSID":"ac:3a:67:08:29:21","RSSI":-81},{"SSID":"MeetInLeeds","BSSID":"5c:a6:2d:af:94:ad","RSSI":-82},{"SSID":"MeetInLeeds","BSSID":"5c:a6:2d:45:dc:02","RSSI":-82},{"SSID":"eduroam","BSSID":"5c:a6:2d:ce:8e:ae","RSSI":-83},{"SSID":"MeetInLeeds","BSSID":"5c:a6:2d:ce:8e:ad","RSSI":-83},{"SSID":"eduroam","BSSID":"5c:a6:2d:af:94:ae","RSSI":-84},{"SSID":"MeetInLeeds","BSSID":"5c:a6:2d:ce:bf:0d","RSSI":-84},{"SSID":"eduroam","BSSID":"5c:a6:2d:45:dc:ae","RSSI":-84},{"SSID":"MeetInLeeds","BSSID":"5c:a6:2d:45:dc:ad","RSSI":-84},{"SSID":"eduroam","BSSID":"5c:a6:2d:ce:bf:0e","RSSI":-85},{"SSID":"MeetInLeeds","BSSID":"5c:a6:2d:af:8f:4d","RSSI":-87},{"SSID":"Bridge","BSSID":"42:ec:99:79:e3:5c","RSSI":-89}],[{"SSID":"MeetInLeeds","BSSID":"5c:a6:2d:cf:c4:e2","RSSI":-45},{"SSID":"MeetInLeeds","BSSID":"5c:a6:2d:cf:c4:ed","RSSI":-50},{"SSID":"eduroam","BSSID":"5c:a6:2d:cf:c4:ee","RSSI":-50},{"SSID":"MeetInLeeds","BSSID":"5c:a6:2d:86:69:c2","RSSI":-51},{"SSID":"MeetInLeeds","BSSID":"5c:a6:2d:ce:c1:e2","RSSI":-52},{"SSID":"eduroam","BSSID":"5c:a6:2d:ce:c1:e1","RSSI":-52},{"SSID":"MeetInLeeds","BSSID":"5c:a6:2d:86:69:cd","RSSI":-56},{"SSID":"eduroam","BSSID":"5c:a6:2d:86:69:ce","RSSI":-56},{"SSID":"eduroam","BSSID":"5c:a6:2d:ce:c1:ee","RSSI":-60},{"SSID":"MeetInLeeds","BSSID":"5c:a6:2d:ce:c1:ed","RSSI":-60},{"SSID":"eduroam","BSSID":"5c:a6:2d:86:69:21","RSSI":-61},{"SSID":"MeetInLeeds","BSSID":"5c:a6:2d:86:69:22","RSSI":-61},{"SSID":"MeetInLeeds","BSSID":"5c:a6:2d:ce:a1:c2","RSSI":-62},{"SSID":"MeetInLeeds","BSSID":"5c:a6:2d:cf:bf:c2","RSSI":-64},{"SSID":"MeetInLeeds","BSSID":"5c:a6:2d:cf:bf:cd","RSSI":-64},{"SSID":"MeetInLeeds","BSSID":"5c:a6:2d:af:91:42","RSSI":-66},{"SSID":"MeetInLeeds","BSSID":"5c:a6:2d:ce:8e:a2","RSSI":-67},{"SSID":"eduroam","BSSID":"5c:a6:2d:86:6b:81","RSSI":-67},{"SSID":"MeetInLeeds","BSSID":"5c:a6:2d:86:6b:8d","RSSI":-68},{"SSID":"eduroam","BSSID":"5c:a6:2d:cf:bf:ce","RSSI":-68},{"SSID":"MeetInLeeds","BSSID":"5c:a6:2d:86:6b:82","RSSI":-68},{"SSID":"eduroam","BSSID":"5c:a6:2d:ce:a1:ce","RSSI":-69},{"SSID":"MeetInLeeds","BSSID":"5c:a6:2d:ce:a1:cd","RSSI":-69},{"SSID":"eduroam","BSSID":"5c:a6:2d:86:6b:8e","RSSI":-69},{"SSID":"MeetInLeeds","BSSID":"5c:a6:2d:ef:4a:a2","RSSI":-69},{"SSID":"eduroam","BSSID":"ac:3a:67:08:2a:01","RSSI":-69},{"SSID":"eduroam","BSSID":"5c:a6:2d:45:dc:a1","RSSI":-69},{"SSID":"MeetInLeeds","BSSID":"5c:a6:2d:45:dc:a2","RSSI":-69},{"SSID":"MeetInLeeds","BSSID":"ac:3a:67:08:2a:02","RSSI":-70},{"SSID":"MeetInLeeds","BSSID":"5c:a6:2d:cf:bf:82","RSSI":-72},{"SSID":"eduroam","BSSID":"5c:a6:2d:ef:4a:a1","RSSI":-72},{"SSID":"MeetInLeeds","BSSID":"5c:a6:2d:cf:e5:a2","RSSI":-73},{"SSID":"eduroam","BSSID":"5c:a6:2d:cf:e5:a1","RSSI":-73},{"SSID":"MeetInLeeds","BSSID":"5c:a6:2d:5d:ab:62","RSSI":-73},{"SSID":"MeetInLeeds","BSSID":"5c:a6:2d:af:94:a2","RSSI":-74},{"SSID":"eduroam","BSSID":"5c:a6:2d:af:91:4e","RSSI":-74},{"SSID":"MeetInLeeds","BSSID":"5c:a6:2d:af:91:4d","RSSI":-74},{"SSID":"MeetInLeeds","BSSID":"5c:a6:2d:ce:b4:c2","RSSI":-74},{"SSID":"MeetInLeeds","BSSID":"5c:a6:2d:86:6c:42","RSSI":-75},{"SSID":"MeetInLeeds","BSSID":"5c:a6:2d:ce:ac:2d","RSSI":-76},{"SSID":"eduroam","BSSID":"5c:a6:2d:ce:ac:2e","RSSI":-76},{"SSID":"eduroam","BSSID":"5c:a6:2d:86:69:2e","RSSI":-76},{"SSID":"MeetInLeeds","BSSID":"5c:a6:2d:af:8f:42","RSSI":-77},{"SSID":"MeetInLeeds","BSSID":"5c:a6:2d:86:69:2d","RSSI":-77},{"SSID":"MeetInLeeds","BSSID":"5c:a6:2d:af:91:c2","RSSI":-78},{"SSID":"MeetInLeeds","BSSID":"5c:a6:2d:cf:e5:ad","RSSI":-78},{"SSID":"MeetInLeeds","BSSID":"5c:a6:2d:af:8e:a2","RSSI":-78},{"SSID":"MeetInLeeds","BSSID":"5c:a6:2d:5d:ab:6d","RSSI":-78},{"SSID":"MeetInLeeds","BSSID":"5c:a6:2d:1e:08:e2","RSSI":-79},{"SSID":"eduroam","BSSID":"5c:a6:2d:cf:c1:61","RSSI":-79},{"SSID":"eduroam","BSSID":"5c:a6:2d:1e:08:e1","RSSI":-80},{"SSID":"eduroam","BSSID":"ac:3a:67:08:2a:0e","RSSI":-80},{"SSID":"MeetInLeeds","BSSID":"5c:a6:2d:cf:bf:8d","RSSI":-82},{"SSID":"MeetInLeeds","BSSID":"5c:a6:2d:af:94:ad","RSSI":-82},{"SSID":"MeetInLeeds","BSSID":"5c:a6:2d:ce:8e:ad","RSSI":-82},{"SSID":"eduroam","BSSID":"5c:a6:2d:45:dc:ae","RSSI":-82},{"SSID":"MeetInLeeds","BSSID":"ac:3a:67:08:2a:0d","RSSI":-83},{"SSID":"MeetInLeeds","BSSID":"5c:a6:2d:45:dc:ad","RSSI":-83},{"SSID":"MeetInLeeds","BSSID":"5c:a6:2d:5d:2c:0d","RSSI":-84},{"SSID":"MeetInLeeds","BSSID":"5c:a6:2d:af:8e:ad","RSSI":-85},{"SSID":"MeetInLeeds","BSSID":"5c:a6:2d:ce:bf:0d","RSSI":-85},{"SSID":"eduroam","BSSID":"5c:a6:2d:ce:bf:0e","RSSI":-85},{"SSID":"eduroam","BSSID":"5c:a6:2d:ce:8e:ae","RSSI":-87},{"SSID":"MeetInLeeds","BSSID":"5c:a6:2d:5d:2e:2d","RSSI":-89}],[{"SSID":"MeetInLeeds","BSSID":"5c:a6:2d:cf:c4:e2","RSSI":-45},{"SSID":"MeetInLeeds","BSSID":"5c:a6:2d:cf:c4:ed","RSSI":-51},{"SSID":"MeetInLeeds","BSSID":"5c:a6:2d:86:69:c2","RSSI":-52},{"SSID":"MeetInLeeds","BSSID":"5c:a6:2d:ce:c1:e2","RSSI":-52},{"SSID":"eduroam","BSSID":"5c:a6:2d:ce:c1:e1","RSSI":-52},{"SSID":"eduroam","BSSID":"5c:a6:2d:cf:c4:ee","RSSI":-52},{"SSID":"MeetInLeeds","BSSID":"5c:a6:2d:86:69:cd","RSSI":-55},{"SSID":"eduroam","BSSID":"5c:a6:2d:86:69:ce","RSSI":-55},{"SSID":"eduroam","BSSID":"5c:a6:2d:ce:c1:ee","RSSI":-59},{"SSID":"MeetInLeeds","BSSID":"5c:a6:2d:ce:c1:ed","RSSI":-59},{"SSID":"MeetInLeeds","BSSID":"5c:a6:2d:ce:a1:c2","RSSI":-60},{"SSID":"eduroam","BSSID":"5c:a6:2d:86:69:21","RSSI":-62},{"SSID":"MeetInLeeds","BSSID":"5c:a6:2d:86:69:22","RSSI":-63},{"SSID":"eduroam","BSSID":"5c:a6:2d:cf:bf:ce","RSSI":-64},{"SSID":"MeetInLeeds","BSSID":"5c:a6:2d:af:91:42","RSSI":-65},{"SSID":"eduroam","BSSID":"5c:a6:2d:af:91:41","RSSI":-65},{"SSID":"MeetInLeeds","BSSID":"5c:a6:2d:cf:bf:cd","RSSI":-66},{"SSID":"MeetInLeeds","BSSID":"5c:a6:2d:cf:bf:c2","RSSI":-67},{"SSID":"eduroam","BSSID":"5c:a6:2d:cf:bf:c1","RSSI":-67},{"SSID":"MeetInLeeds","BSSID":"5c:a6:2d:ce:8e:a2","RSSI":-67},{"SSID":"eduroam","BSSID":"5c:a6:2d:ce:a1:ce","RSSI":-68},{"SSID":"MeetInLeeds","BSSID":"5c:a6:2d:ce:a1:cd","RSSI":-68},{"SSID":"MeetInLeeds","BSSID":"5c:a6:2d:86:6b:8d","RSSI":-69},{"SSID":"eduroam","BSSID":"5c:a6:2d:86:6b:8e","RSSI":-69},{"SSID":"eduroam","BSSID":"5c:a6:2d:ce:8e:a1","RSSI":-70},{"SSID":"MeetInLeeds","BSSID":"ac:3a:67:08:2a:02","RSSI":-70},{"SSID":"eduroam","BSSID":"5c:a6:2d:86:6b:81","RSSI":-70},{"SSID":"MeetInLeeds","BSSID":"5c:a6:2d:86:6b:82","RSSI":-70},{"SSID":"MeetInLeeds","BSSID":"5c:a6:2d:af:8f:c2","RSSI":-71},{"SSID":"eduroam","BSSID":"5c:a6:2d:af:8f:c1","RSSI":-71},{"SSID":"MeetInLeeds","BSSID":"5c:a6:2d:45:dc:a2","RSSI":-71},{"SSID":"MeetInLeeds","BSSID":"5c:a6:2d:cf:e5:a2","RSSI":-72},{"SSID":"MeetInLeeds","BSSID":"5c:a6:2d:ef:4a:a2","RSSI":-72},{"SSID":"eduroam","BSSID":"5c:a6:2d:86:69:2e","RSSI":-73},{"SSID":"MeetInLeeds","BSSID":"5c:a6:2d:86:69:2d","RSSI":-73},{"SSID":"eduroam","BSSID":"5c:a6:2d:af:91:4e","RSSI":-75},{"SSID":"MeetInLeeds","BSSID":"5c:a6:2d:af:94:a2","RSSI":-76},{"SSID":"eduroam","BSSID":"5c:a6:2d:cf:e5:ae","RSSI":-76},{"SSID":"MeetInLeeds","BSSID":"5c:a6:2d:ce:ac:2d","RSSI":-76},{"SSID":"eduroam","BSSID":"5c:a6:2d:ce:ac:2e","RSSI":-76},{"SSID":"eduroam","BSSID":"5c:a6:2d:86:6c:41","RSSI":-76},{"SSID":"MeetInLeeds","BSSID":"5c:a6:2d:86:6c:42","RSSI":-76},{"SSID":"MeetInLeeds","BSSID":"5c:a6:2d:cf:e5:ad","RSSI":-77},{"SSID":"MeetInLeeds","BSSID":"5c:a6:2d:cf:c1:82","RSSI":-77},{"SSID":"MeetInLeeds","BSSID":"5c:a6:2d:af:91:4d","RSSI":-77},{"SSID":"eduroam","BSSID":"5c:a6:2d:cf:c1:81","RSSI":-78},{"SSID":"MeetInLeeds","BSSID":"5c:a6:2d:af:8e:a2","RSSI":-78},{"SSID":"MeetInLeeds","BSSID":"5c:a6:2d:5d:ab:6d","RSSI":-78},{"SSID":"eduroam","BSSID":"5c:a6:2d:1e:08:e1","RSSI":-79},{"SSID":"eduroam","BSSID":"5c:a6:2d:af:91:c1","RSSI":-79},{"SSID":"MeetInLeeds","BSSID":"ac:3a:67:08:2a:0d","RSSI":-79},{"SSID":"eduroam","BSSID":"ac:3a:67:08:2a:0e","RSSI":-79},{"SSID":"eduroam","BSSID":"5c:a6:2d:5d:ab:6e","RSSI":-79},{"SSID":"eduroam","BSSID":"5c:a6:2d:cf:c1:61","RSSI":-79},{"SSID":"MeetInLeeds","BSSID":"5c:a6:2d:af:91:c2","RSSI":-80},{"SSID":"eduroam","BSSID":"5c:a6:2d:ef:4a:ae","RSSI":-80},{"SSID":"MeetInLeeds","BSSID":"5c:a6:2d:ef:4a:ad","RSSI":-80},{"SSID":"eduroam","BSSID":"5c:a6:2d:ce:b9:21","RSSI":-80},{"SSID":"MeetInLeeds","BSSID":"5c:a6:2d:af:94:ad","RSSI":-81},{"SSID":"eduroam","BSSID":"5c:a6:2d:af:94:ae","RSSI":-82},{"SSID":"MeetInLeeds","BSSID":"5c:a6:2d:ce:8e:ad","RSSI":-82},{"SSID":"eduroam","BSSID":"5c:a6:2d:45:dc:ae","RSSI":-83},{"SSID":"MeetInLeeds","BSSID":"5c:a6:2d:ce:bf:0d","RSSI":-84},{"SSID":"eduroam","BSSID":"5c:a6:2d:cf:c4:41","RSSI":-84},{"SSID":"MeetInLeeds","BSSID":"5c:a6:2d:cf:bf:8d","RSSI":-85},{"SSID":"eduroam","BSSID":"5c:a6:2d:ce:bf:0e","RSSI":-85},{"SSID":"MeetInLeeds","BSSID":"5c:a6:2d:45:dc:ad","RSSI":-86},{"SSID":"MeetInLeeds","BSSID":"5c:a6:2d:5d:2e:2d","RSSI":-88},{"SSID":"eduroam","BSSID":"5c:a6:2d:5d:2e:2e","RSSI":-88}],[{"SSID":"MeetInLeeds","BSSID":"5c:a6:2d:cf:c4:e2","RSSI":-45},{"SSID":"eduroam","BSSID":"5c:a6:2d:cf:c4:e1","RSSI":-45},{"SSID":"MeetInLeeds","BSSID":"5c:a6:2d:ce:c1:e2","RSSI":-51},{"SSID":"eduroam","BSSID":"5c:a6:2d:cf:c4:ee","RSSI":-51},{"SSID":"MeetInLeeds","BSSID":"5c:a6:2d:86:69:c2","RSSI":-52},{"SSID":"eduroam","BSSID":"5c:a6:2d:86:69:c1","RSSI":-52},{"SSID":"eduroam","BSSID":"5c:a6:2d:ce:c1:e1","RSSI":-52},{"SSID":"MeetInLeeds","BSSID":"5c:a6:2d:cf:c4:ed","RSSI":-52},{"SSID":"MeetInLeeds","BSSID":"5c:a6:2d:86:69:cd","RSSI":-54},{"SSID":"eduroam","BSSID":"5c:a6:2d:86:69:ce","RSSI":-56},{"SSID":"eduroam","BSSID":"5c:a6:2d:ce:c1:ee","RSSI":-58},{"SSID":"MeetInLeeds","BSSID":"5c:a6:2d:ce:c1:ed","RSSI":-58},{"SSID":"MeetInLeeds","BSSID":"5c:a6:2d:86:69:22","RSSI":-59},{"SSID":"eduroam","BSSID":"5c:a6:2d:86:69:21","RSSI":-60},{"SSID":"eduroam","BSSID":"5c:a6:2d:ce:a1:c1","RSSI":-62},{"SSID":"MeetInLeeds","BSSID":"5c:a6:2d:ce:a1:c2","RSSI":-62},{"SSID":"MeetInLeeds","BSSID":"5c:a6:2d:af:91:42","RSSI":-65},{"SSID":"eduroam","BSSID":"5c:a6:2d:cf:bf:c1","RSSI":-66},{"SSID":"MeetInLeeds","BSSID":"5c:a6:2d:cf:bf:c2","RSSI":-67},{"SSID":"MeetInLeeds","BSSID":"5c:a6:2d:ce:8e:a2","RSSI":-67},{"SSID":"eduroam","BSSID":"5c:a6:2d:ce:a1:ce","RSSI":-68},{"SSID":"MeetInLeeds","BSSID":"5c:a6:2d:ce:a1:cd","RSSI":-68},{"SSID":"eduroam","BSSID":"5c:a6:2d:ce:8e:a1","RSSI":-68},{"SSID":"eduroam","BSSID":"5c:a6:2d:cf:bf:ce","RSSI":-68},{"SSID":"MeetInLeeds","BSSID":"5c:a6:2d:45:dc:a2","RSSI":-68},{"SSID":"MeetInLeeds","BSSID":"5c:a6:2d:86:6b:8d","RSSI":-69},{"SSID":"MeetInLeeds","BSSID":"5c:a6:2d:cf:bf:cd","RSSI":-69},{"SSID":"MeetInLeeds","BSSID":"5c:a6:2d:86:6b:82","RSSI":-69},{"SSID":"eduroam","BSSID":"5c:a6:2d:86:6b:8e","RSSI":-70},{"SSID":"MeetInLeeds","BSSID":"ac:3a:67:08:2a:02","RSSI":-71},{"SSID":"eduroam","BSSID":"5c:a6:2d:86:6b:81","RSSI":-71},{"SSID":"eduroam","BSSID":"5c:a6:2d:ef:4a:a1","RSSI":-72},{"SSID":"eduroam","BSSID":"ac:3a:67:08:2a:01","RSSI":-72},{"SSID":"MeetInLeeds","BSSID":"5c:a6:2d:ce:bf:02","RSSI":-72},{"SSID":"eduroam","BSSID":"5c:a6:2d:ce:bf:01","RSSI":-72},{"SSID":"MeetInLeeds","BSSID":"5c:a6:2d:af:8f:c2","RSSI":-72},{"SSID":"eduroam","BSSID":"5c:a6:2d:45:dc:a1","RSSI":-72},{"SSID":"MeetInLeeds","BSSID":"5c:a6:2d:ef:4a:a2","RSSI":-73},{"SSID":"MeetInLeeds","BSSID":"5c:a6:2d:cf:e5:a2","RSSI":-74},{"SSID":"eduroam","BSSID":"5c:a6:2d:af:94:a1","RSSI":-74},{"SSID":"MeetInLeeds","BSSID":"5c:a6:2d:5d:2e:22","RSSI":-74},{"SSID":"MeetInLeeds","BSSID":"5c:a6:2d:5d:ab:62","RSSI":-75},{"SSID":"eduroam","BSSID":"5c:a6:2d:af:91:4e","RSSI":-75},{"SSID":"MeetInLeeds","BSSID":"5c:a6:2d:af:91:4d","RSSI":-75},{"SSID":"My legs too long for train seats","BSSID":"86:da:33:a3:a5:9d","RSSI":-76},{"SSID":"MeetInLeeds","BSSID":"5c:a6:2d:86:6c:42","RSSI":-76},{"SSID":"eduroam","BSSID":"5c:a6:2d:cf:e5:ae","RSSI":-77},{"SSID":"eduroam","BSSID":"5c:a6:2d:cf:c1:81","RSSI":-77},{"SSID":"MeetInLeeds","BSSID":"5c:a6:2d:ce:ac:2d","RSSI":-77},{"SSID":"eduroam","BSSID":"5c:a6:2d:ce:ac:2e","RSSI":-77},{"SSID":"eduroam","BSSID":"5c:a6:2d:86:69:2e","RSSI":-77},{"SSID":"MeetInLeeds","BSSID":"5c:a6:2d:86:69:2d","RSSI":-77},{"SSID":"eduroam","BSSID":"5c:a6:2d:86:6c:41","RSSI":-77},{"SSID":"MeetInLeeds","BSSID":"5c:a6:2d:ce:b4:c2","RSSI":-77},{"SSID":"Bridge","BSSID":"42:ec:99:79:e3:5c","RSSI":-78},{"SSID":"MeetInLeeds","BSSID":"5c:a6:2d:cf:c1:82","RSSI":-78},{"SSID":"eduroam","BSSID":"5c:a6:2d:5d:ab:6e","RSSI":-78},{"SSID":"MeetInLeeds","BSSID":"5c:a6:2d:5d:ab:6d","RSSI":-78},{"SSID":"eduroam","BSSID":"5c:a6:2d:ce:b4:c1","RSSI":-78},{"SSID":"MeetInLeeds","BSSID":"5c:a6:2d:cf:e5:ad","RSSI":-79},{"SSID":"MeetInLeeds","BSSID":"5c:a6:2d:5d:2c:02","RSSI":-79},{"SSID":"eduroam","BSSID":"ac:3a:67:08:2a:0e","RSSI":-80},{"SSID":"MeetInLeeds","BSSID":"5c:a6:2d:ce:b9:22","RSSI":-80},{"SSID":"MeetInLeeds","BSSID":"5c:a6:2d:cf:bf:8d","RSSI":-81},{"SSID":"MeetInLeeds","BSSID":"5c:a6:2d:ef:4a:ad","RSSI":-81},{"SSID":"MeetInLeeds","BSSID":"ac:3a:67:08:29:a2","RSSI":-81},{"SSID":"eduroam","BSSID":"5c:a6:2d:ce:b9:21","RSSI":-81},{"SSID":"MeetInLeeds","BSSID":"5c:a6:2d:af:94:ad","RSSI":-82},{"SSID":"eduroam","BSSID":"5c:a6:2d:af:94:ae","RSSI":-82},{"SSID":"MeetInLeeds","BSSID":"5c:a6:2d:70:7b:42","RSSI":-82},{"SSID":"MeetInLeeds","BSSID":"5c:a6:2d:ce:8e:ad","RSSI":-83},{"SSID":"MeetInLeeds","BSSID":"ac:3a:67:08:2a:0d","RSSI":-83},{"SSID":"eduroam","BSSID":"5c:a6:2d:45:dc:ae","RSSI":-83},{"SSID":"MeetInLeeds","BSSID":"5c:a6:2d:45:dc:ad","RSSI":-83},{"SSID":"eduroam","BSSID":"5c:a6:2d:1e:08:ee","RSSI":-85},{"SSID":"MeetInLeeds","BSSID":"5c:a6:2d:ce:bf:0d","RSSI":-85},{"SSID":"eduroam","BSSID":"5c:a6:2d:ce:bf:0e","RSSI":-86},{"SSID":"MeetInLeeds","BSSID":"5c:a6:2d:cf:c5:ed","RSSI":-88}],[{"SSID":"eduroam","BSSID":"5c:a6:2d:cf:c4:e1","RSSI":-43},{"SSID":"MeetInLeeds","BSSID":"5c:a6:2d:cf:c4:e2","RSSI":-44},{"SSID":"MeetInLeeds","BSSID":"5c:a6:2d:86:69:c2","RSSI":-49},{"SSID":"eduroam","BSSID":"5c:a6:2d:86:69:c1","RSSI":-49},{"SSID":"MeetInLeeds","BSSID":"5c:a6:2d:ce:c1:e2","RSSI":-50},{"SSID":"eduroam","BSSID":"5c:a6:2d:ce:c1:e1","RSSI":-51},{"SSID":"MeetInLeeds","BSSID":"5c:a6:2d:cf:c4:ed","RSSI":-51},{"SSID":"eduroam","BSSID":"5c:a6:2d:cf:c4:ee","RSSI":-51},{"SSID":"MeetInLeeds","BSSID":"5c:a6:2d:86:69:cd","RSSI":-55},{"SSID":"eduroam","BSSID":"5c:a6:2d:86:69:ce","RSSI":-56},{"SSID":"MeetInLeeds","BSSID":"5c:a6:2d:86:69:22","RSSI":-61},{"SSID":"eduroam","BSSID":"5c:a6:2d:86:69:21","RSSI":-62},{"SSID":"MeetInLeeds","BSSID":"5c:a6:2d:ce:a1:c2","RSSI":-64},{"SSID":"MeetInLeeds","BSSID":"5c:a6:2d:cf:bf:cd","RSSI":-64},{"SSID":"eduroam","BSSID":"5c:a6:2d:cf:bf:ce","RSSI":-64},{"SSID":"MeetInLeeds","BSSID":"5c:a6:2d:cf:bf:c2","RSSI":-65},{"SSID":"eduroam","BSSID":"5c:a6:2d:ce:a1:c1","RSSI":-65},{"SSID":"eduroam","BSSID":"5c:a6:2d:ce:a1:ce","RSSI":-66},{"SSID":"MeetInLeeds","BSSID":"5c:a6:2d:ce:a1:cd","RSSI":-66},{"SSID":"eduroam","BSSID":"5c:a6:2d:86:6b:81","RSSI":-67},{"SSID":"eduroam","BSSID":"5c:a6:2d:86:6b:8e","RSSI":-68},{"SSID":"MeetInLeeds","BSSID":"5c:a6:2d:86:6b:82","RSSI":-68},{"SSID":"MeetInLeeds","BSSID":"5c:a6:2d:86:6b:8d","RSSI":-70},{"SSID":"MeetInLeeds","BSSID":"5c:a6:2d:ce:bf:02","RSSI":-72},{"SSID":"eduroam","BSSID":"5c:a6:2d:ce:bf:01","RSSI":-72},{"SSID":"eduroam","BSSID":"5c:a6:2d:af:8f:c1","RSSI":-72},{"SSID":"eduroam","BSSID":"5c:a6:2d:45:dc:a1","RSSI":-72},{"SSID":"MeetInLeeds","BSSID":"5c:a6:2d:ef:4a:a2","RSSI":-73},{"SSID":"MeetInLeeds","BSSID":"5c:a6:2d:ce:ac:22","RSSI":-73},{"SSID":"MeetInLeeds","BSSID":"5c:a6:2d:cf:bf:82","RSSI":-74},{"SSID":"eduroam","BSSID":"5c:a6:2d:cf:bf:81","RSSI":-74},{"SSID":"MeetInLeeds","BSSID":"5c:a6:2d:ce:ac:2d","RSSI":-74},{"SSID":"MeetInLeeds","BSSID":"5c:a6:2d:ce:b4:c2","RSSI":-74},{"SSID":"MeetInLeeds","BSSID":"5c:a6:2d:5d:2e:22","RSSI":-74},{"SSID":"MeetInLeeds","BSSID":"5c:a6:2d:cf:e5:a2","RSSI":-75},{"SSID":"eduroam","BSSID":"5c:a6:2d:cf:e5:ae","RSSI":-75},{"SSID":"MeetInLeeds","BSSID":"5c:a6:2d:5d:ab:62","RSSI":-75},{"SSID":"eduroam","BSSID":"5c:a6:2d:ce:ac:2e","RSSI":-75},{"SSID":"MeetInLeeds","BSSID":"5c:a6:2d:cf:e5:ad","RSSI":-76},{"SSID":"Bridge","BSSID":"42:ec:99:79:e3:5c","RSSI":-76},{"SSID":"eduroam","BSSID":"5c:a6:2d:86:69:2e","RSSI":-76},{"SSID":"eduroam","BSSID":"5c:a6:2d:86:6c:41","RSSI":-76},{"SSID":"My legs too long for train seats","BSSID":"86:da:33:a3:a5:9d","RSSI":-78},{"SSID":"MeetInLeeds","BSSID":"5c:a6:2d:ce:b5:02","RSSI":-78},{"SSID":"eduroam","BSSID":"5c:a6:2d:ce:b5:01","RSSI":-78},{"SSID":"MeetInLeeds","BSSID":"5c:a6:2d:86:69:2d","RSSI":-78},{"SSID":"MeetInLeeds","BSSID":"5c:a6:2d:1e:08:e2","RSSI":-79},{"SSID":"MeetInLeeds","BSSID":"5c:a6:2d:af:91:c2","RSSI":-79},{"SSID":"MeetInLeeds","BSSID":"5c:a6:2d:af:8e:a2","RSSI":-79},{"SSID":"MeetInLeeds","BSSID":"5c:a6:2d:af:8f:42","RSSI":-79},{"SSID":"MeetInLeeds","BSSID":"5c:a6:2d:ce:b9:22","RSSI":-80},{"SSID":"MeetInLeeds","BSSID":"5c:a6:2d:70:7b:42","RSSI":-81},{"SSID":"eduroam","BSSID":"ac:3a:67:08:25:81","RSSI":-81},{"SSID":"Vertical_Axis","BSSID":"3c:71:bf:84:d7:51","RSSI":-81},{"SSID":"eduroam","BSSID":"ac:3a:67:08:28:21","RSSI":-82},{"SSID":"eduroam","BSSID":"5c:a6:2d:ce:8e:ae","RSSI":-82},{"SSID":"MeetInLeeds","BSSID":"5c:a6:2d:cf:bf:8d","RSSI":-83},{"SSID":"eduroam","BSSID":"5c:a6:2d:45:dc:ae","RSSI":-83},{"SSID":"MeetInLeeds","BSSID":"5c:a6:2d:cf:c5:ed","RSSI":-86},{"SSID":"MeetInLeeds","BSSID":"5c:a6:2d:ce:8e:ad","RSSI":-86},{"SSID":"MeetInLeeds","BSSID":"5c:a6:2d:45:dc:ad","RSSI":-89}],[{"SSID":"eduroam","BSSID":"5c:a6:2d:ce:c1:ee","RSSI":-44},{"SSID":"MeetInLeeds","BSSID":"5c:a6:2d:cf:c4:e2","RSSI":-45},{"SSID":"eduroam","BSSID":"5c:a6:2d:cf:c4:e1","RSSI":-45},{"SSID":"MeetInLeeds","BSSID":"5c:a6:2d:ce:c1:ed","RSSI":-45},{"SSID":"eduroam","BSSID":"5c:a6:2d:86:69:c1","RSSI":-49},{"SSID":"MeetInLeeds","BSSID":"5c:a6:2d:ce:c1:e2","RSSI":-49},{"SSID":"MeetInLeeds","BSSID":"5c:a6:2d:86:69:c2","RSSI":-50},{"SSID":"MeetInLeeds","BSSID":"5c:a6:2d:cf:c4:ed","RSSI":-50},{"SSID":"eduroam","BSSID":"5c:a6:2d:cf:c4:ee","RSSI":-50},{"SSID":"MeetInLeeds","BSSID":"5c:a6:2d:86:69:cd","RSSI":-56},{"SSID":"eduroam","BSSID":"5c:a6:2d:86:69:ce","RSSI":-56},{"SSID":"MeetInLeeds","BSSID":"5c:a6:2d:cf:bf:c2","RSSI":-63},{"SSID":"eduroam","BSSID":"5c:a6:2d:ce:a1:c1","RSSI":-63},{"SSID":"MeetInLeeds","BSSID":"5c:a6:2d:ce:a1:c2","RSSI":-63},{"SSID":"eduroam","BSSID":"5c:a6:2d:cf:bf:c1","RSSI":-64},{"SSID":"eduroam","BSSID":"5c:a6:2d:ce:a1:ce","RSSI":-65},{"SSID":"MeetInLeeds","BSSID":"5c:a6:2d:ce:a1:cd","RSSI":-66},{"SSID":"eduroam","BSSID":"5c:a6:2d:86:69:21","RSSI":-66},{"SSID":"MeetInLeeds","BSSID":"5c:a6:2d:86:69:22","RSSI":-66},{"SSID":"eduroam","BSSID":"5c:a6:2d:af:91:4e","RSSI":-67},{"SSID":"eduroam","BSSID":"ac:3a:67:08:2a:01","RSSI":-68},{"SSID":"MeetInLeeds","BSSID":"ac:3a:67:08:2a:02","RSSI":-68},{"SSID":"MeetInLeeds","BSSID":"5c:a6:2d:af:91:4d","RSSI":-68},{"SSID":"MeetInLeeds","BSSID":"5c:a6:2d:af:91:42","RSSI":-68},{"SSID":"eduroam","BSSID":"5c:a6:2d:86:6b:81","RSSI":-68},{"SSID":"MeetInLeeds","BSSID":"5c:a6:2d:86:6b:82","RSSI":-68},{"SSID":"MeetInLeeds","BSSID":"5c:a6:2d:cf:bf:cd","RSSI":-69},{"SSID":"eduroam","BSSID":"5c:a6:2d:cf:bf:ce","RSSI":-69},{"SSID":"MeetInLeeds","BSSID":"5c:a6:2d:86:6b:8d","RSSI":-70},{"SSID":"eduroam","BSSID":"5c:a6:2d:86:6b:8e","RSSI":-71},{"SSID":"MeetInLeeds","BSSID":"5c:a6:2d:ce:bf:02","RSSI":-71},{"SSID":"eduroam","BSSID":"5c:a6:2d:ce:bf:01","RSSI":-71},{"SSID":"MeetInLeeds","BSSID":"5c:a6:2d:af:8f:c2","RSSI":-71},{"SSID":"MeetInLeeds","BSSID":"5c:a6:2d:ce:b4:c2","RSSI":-71},{"SSID":"eduroam","BSSID":"5c:a6:2d:cf:bf:81","RSSI":-72},{"SSID":"MeetInLeeds","BSSID":"5c:a6:2d:ce:8e:a2","RSSI":-72},{"SSID":"MeetInLeeds","BSSID":"5c:a6:2d:af:94:a2","RSSI":-73},{"SSID":"MeetInLeeds","BSSID":"5c:a6:2d:cf:bf:82","RSSI":-73},{"SSID":"MeetInLeeds","BSSID":"5c:a6:2d:ef:4a:a2","RSSI":-73},{"SSID":"MeetInLeeds","BSSID":"5c:a6:2d:ce:ac:2d","RSSI":-73},{"SSID":"eduroam","BSSID":"5c:a6:2d:ce:ac:2e","RSSI":-73},{"SSID":"eduroam","BSSID":"5c:a6:2d:af:94:a1","RSSI":-74},{"SSID":"MeetInLeeds","BSSID":"ac:3a:67:08:29:22","RSSI":-74},{"SSID":"MeetInLeeds","BSSID":"5c:a6:2d:af:8f:42","RSSI":-75},{"SSID":"MeetInLeeds","BSSID":"5c:a6:2d:cf:e5:ad","RSSI":-76},{"SSID":"eduroam","BSSID":"5c:a6:2d:86:6c:41","RSSI":-76},{"SSID":"MeetInLeeds","BSSID":"5c:a6:2d:86:6c:42","RSSI":-76},{"SSID":"MeetInLeeds","BSSID":"5c:a6:2d:ce:b5:02","RSSI":-77},{"SSID":"eduroam","BSSID":"ac:3a:67:08:2a:0e","RSSI":-77},{"SSID":"eduroam","BSSID":"5c:a6:2d:cf:e5:ae","RSSI":-78},{"SSID":"eduroam","BSSID":"5c:a6:2d:5d:ab:6e","RSSI":-78},{"SSID":"eduroam","BSSID":"5c:a6:2d:cf:c5:e1","RSSI":-79},{"SSID":"MeetInLeeds","BSSID":"ac:3a:67:08:2a:0d","RSSI":-79},{"SSID":"eduroam","BSSID":"5c:a6:2d:86:69:2e","RSSI":-79},{"SSID":"MeetInLeeds","BSSID":"5c:a6:2d:86:69:2d","RSSI":-79},{"SSID":"MeetInLeeds","BSSID":"5c:a6:2d:5d:2c:02","RSSI":-79},{"SSID":"MeetInLeeds","BSSID":"5c:a6:2d:af:91:c2","RSSI":-80},{"SSID":"eduroam","BSSID":"5c:a6:2d:cf:c4:41","RSSI":-80},{"SSID":"eduroam","BSSID":"5c:a6:2d:ef:4a:ae","RSSI":-81},{"SSID":"MeetInLeeds","BSSID":"5c:a6:2d:af:94:ad","RSSI":-82},{"SSID":"eduroam","BSSID":"5c:a6:2d:af:94:ae","RSSI":-82},{"SSID":"MeetInLeeds","BSSID":"5c:a6:2d:af:8e:a2","RSSI":-82},{"SSID":"eduroam","BSSID":"5c:a6:2d:cf:bf:8e","RSSI":-84},{"SSID":"MeetInLeeds","BSSID":"5c:a6:2d:ce:bf:0d","RSSI":-84},{"SSID":"eduroam","BSSID":"5c:a6:2d:45:dc:ae","RSSI":-84},{"SSID":"eduroam","BSSID":"5c:a6:2d:af:8f:ce","RSSI":-85},{"SSID":"MeetInLeeds","BSSID":"5c:a6:2d:af:8f:cd","RSSI":-85},{"SSID":"eduroam","BSSID":"5c:a6:2d:ce:bf:0e","RSSI":-85},{"SSID":"MeetInLeeds","BSSID":"5c:a6:2d:45:dc:ad","RSSI":-85},{"SSID":"MeetInLeeds","BSSID":"5c:a6:2d:86:6f:2d","RSSI":-86},{"SSID":"DESKTOP-73NVV7R 4141","BSSID":"f2:6e:0b:b7:46:4e","RSSI":-88},{"SSID":"MeetInLeeds","BSSID":"5c:a6:2d:ef:45:2d","RSSI":-89}]]