[[{"SSID":"MeetInLeeds","BSSID":"5c:a6:2d:ef:4c:02","RSSI":-50},{"SSID":"WiFi Setup - University of Leeds","BSSID":"5c:a6:2d:ef:4c:03","RSSI":-50},{"SSID":"WiFi Setup - University of Leeds","BSSID":"5c:a6:2d:ef:4c:0c","RSSI":-54},{"SSID":"MeetInLeeds","BSSID":"5c:a6:2d:ef:4c:0d","RSSI":-54},{"SSID":"eduroam","BSSID":"5c:a6:2d:ef:4c:0e","RSSI":-55},{"SSID":"MeetInLeeds","BSSID":"5c:a6:2d:af:8d:82","RSSI":-58},{"SSID":"WiFi Setup - University of Leeds","BSSID":"5c:a6:2d:87:01:43","RSSI":-59},{"SSID":"WiFi Setup - University of Leeds","BSSID":"5c:a6:2d:af:8d:83","RSSI":-59},{"SSID":"MeetInLeeds","BSSID":"5c:a6:2d:87:01:42","RSSI":-60},{"SSID":"eduroam","BSSID":"5c:a6:2d:ef:4a:a1","RSSI":-65},{"SSID":"MeetInLeeds","BSSID":"5c:a6:2d:ef:4a:a2","RSSI":-66},{"SSID":"eduroam","BSSID":"ac:3a:67:07:f8:61","RSSI":-70},{"SSID":"WiFi Setup - University of Leeds","BSSID":"5c:a6:2d:86:6c:4c","RSSI":-70},{"SSID":"MeetInLeeds","BSSID":"5c:a6:2d:86:6c:4d","RSSI":-70},{"SSID":"eduroam","BSSID":"5c:a6:2d:86:6c:4e","RSSI":-70},{"SSID":"eduroam","BSSID":"5c:a6:2d:87:01:4e","RSSI":-70},{"SSID":"MeetInLeeds","BSSID":"5c:a6:2d:87:01:4d","RSSI":-70},{"SSID":"MeetInLeeds","BSSID":"5c:a6:2d:cf:bf:c2","RSSI":-72},{"SSID":"eduroam","BSSID":"ac:3a:67:08:2a:0e","RSSI":-72},{"SSID":"WiFi Setup - University of Leeds","BSSID":"5c:a6:2d:cf:df:63","RSSI":-73},{"SSID":"MeetInLeeds","BSSID":"5c:a6:2d:cf:df:62","RSSI":-73},{"SSID":"MeetInLeeds","BSSID":"ac:3a:67:08:2a:0d","RSSI":-73},{"SSID":"WiFi Setup - University of Leeds","BSSID":"ac:3a:67:08:2a:0c","RSSI":-73},{"SSID":"MeetInLeeds","BSSID":"5c:a6:2d:cf:bf:cd","RSSI":-73},{"SSID":"WiFi Setup - University of Leeds","BSSID":"5c:a6:2d:cf:bf:cc","RSSI":-73},{"SSID":"eduroam","BSSID":"5c:a6:2d:cf:bf:ce","RSSI":-73},{"SSID":"MeetInLeeds","BSSID":"ac:3a:67:08:2a:02","RSSI":-75},{"SSID":"WiFi Setup - University of Leeds","BSSID":"ac:3a:67:08:2a:03","RSSI":-75},{"SSID":"MeetInLeeds","BSSID":"5c:a6:2d:af:8f:42","RSSI":-76},{"SSID":"eduroam","BSSID":"5c:a6:2d:cf:df:6e","RSSI":-77},{"SSID":"MeetInLeeds","BSSID":"5c:a6:2d:cf:df:6d","RSSI":-77},{"SSID":"WiFi Setup - University of Leeds","BSSID":"5c:a6:2d:cf:df:6c","RSSI":-78},{"SSID":"WiFi Setup - University of Leeds","BSSID":"5c:a6:2d:ef:4a:a3","RSSI":-80},{"SSID":"WiFi Setup - University of Leeds","BSSID":"5c:a6:2d:86:69:cc","RSSI":-81},{"SSID":"WiFi Setup - University of Leeds","BSSID":"ac:3a:67:08:29:23","RSSI":-81},{"SSID":"MeetInLeeds","BSSID":"5c:a6:2d:86:69:cd","RSSI":-82},{"SSID":"eduroam","BSSID":"5c:a6:2d:86:69:ce","RSSI":-82},{"SSID":"eduroam","BSSID":"ac:3a:67:08:29:21","RSSI":-82},{"SSID":"MeetInLeeds","BSSID":"ac:3a:67:08:29:22","RSSI":-83}],[{"SSID":"MeetInLeeds","BSSID":"5c:a6:2d:ef:4c:02","RSSI":-49},{"SSID":"WiFi Setup - University of Leeds","BSSID":"5c:a6:2d:ef:4c:03","RSSI":-49},{"SSID":"MeetInLeeds","BSSID":"5c:a6:2d:af:8d:82","RSSI":-54},{"SSID":"WiFi Setup - University of Leeds","BSSID":"5c:a6:2d:af:8d:83","RSSI":-54},{"SSID":"eduroam","BSSID":"5c:a6:2d:af:8d:81","RSSI":-55},{"SSID":"MeetInLeeds","BSSID":"5c:a6:2d:af:8d:8d","RSSI":-56},{"SSID":"eduroam","BSSID":"5c:a6:2d:af:8d:8e","RSSI":-56},{"SSID":"WiFi Setup - University of Leeds","BSSID":"5c:a6:2d:af:8d:8c","RSSI":-56},{"SSID":"WiFi Setup - University of Leeds","BSSID":"5c:a6:2d:86:6c:43","RSSI":-63},{"SSID":"WiFi Setup - University of Leeds","BSSID":"5c:a6:2d:87:01:43","RSSI":-64},{"SSID":"MeetInLeeds","BSSID":"5c:a6:2d:87:01:42","RSSI":-65},{"SSID":"eduroam","BSSID":"5c:a6:2d:87:01:41","RSSI":-65},{"SSID":"WiFi Setup - University of Leeds","BSSID":"5c:a6:2d:ef:4a:a3","RSSI":-68},{"SSID":"WiFi Setup - University of Leeds","BSSID":"5c:a6:2d:af:8f:43","RSSI":-68},{"SSID":"MeetInLeeds","BSSID":"5c:a6:2d:af:8f:42","RSSI":-68},{"SSID":"eduroam","BSSID":"5c:a6:2d:87:01:4e","RSSI":-69},{"SSID":"MeetInLeeds","BSSID":"5c:a6:2d:87:01:4d","RSSI":-69},{"SSID":"WiFi Setup - University of Leeds","BSSID":"ac:3a:67:08:2a:03","RSSI":-70},{"SSID":"WiFi Setup - University of Leeds","BSSID":"5c:a6:2d:87:01:4c","RSSI":-70},{"SSID":"MeetInLeeds","BSSID":"ac:3a:67:08:2a:02","RSSI":-71},{"SSID":"WiFi Setup - University of Leeds","BSSID":"5c:a6:2d:af:8f:4c","RSSI":-76},{"SSID":"MeetInLeeds","BSSID":"5c:a6:2d:ef:4a:ad","RSSI":-76},{"SSID":"MeetInLeeds","BSSID":"ac:3a:67:07:f8:6d","RSSI":-76},{"SSID":"WiFi Setup - University of Leeds","BSSID":"5c:a6:2d:ef:4a:ac","RSSI":-77},{"SSID":"MeetInLeeds","BSSID":"5c:a6:2d:cf:df:62","RSSI":-77},{"SSID":"WiFi Setup - University of Leeds","BSSID":"ac:3a:67:07:f8:6c","RSSI":-77},{"SSID":"eduroam","BSSID":"ac:3a:67:07:f8:6e","RSSI":-77},{"SSID":"WiFi Setup - University of Leeds","BSSID":"ac:3a:67:08:26:03","RSSI":-78},{"SSID":"MeetInLeeds","BSSID":"ac:3a:67:08:26:02","RSSI":-79},{"SSID":"eduroam","BSSID":"5c:a6:2d:ef:4a:ae","RSSI":-81},{"SSID":"MeetInLeeds","BSSID":"ac:3a:67:08:29:22","RSSI":-82},{"SSID":"WiFi Setup - University of Leeds","BSSID":"5c:a6:2d:cf:e8:ac","RSSI":-83},{"SSID":"eduroam","BSSID":"ac:3a:67:08:29:21","RSSI":-83},{"SSID":"eduroam","BSSID":"5c:a6:2d:cf:e5:a1","RSSI":-85}],[{"SSID":"MeetInLeeds","BSSID":"5c:a6:2d:ef:4c:02","RSSI":-55},{"SSID":"WiFi Setup - University of Leeds","BSSID":"5c:a6:2d:ef:4c:03","RSSI":-55},{"SSID":"MeetInLeeds","BSSID":"5c:a6:2d:af:8d:82","RSSI":-58},{"SSID":"WiFi Setup - University of Leeds","BSSID":"5c:a6:2d:af:8d:83","RSSI":-58},{"SSID":"MeetInLeeds","BSSID":"5c:a6:2d:af:8d:8d","RSSI":-60},{"SSID":"WiFi Setup - University of Leeds","BSSID":"5c:a6:2d:af:8d:8c","RSSI":-60},{"SSID":"eduroam","BSSID":"5c:a6:2d:af:8d:8e","RSSI":-61},{"SSID":"WiFi Setup - University of Leeds","BSSID":"5c:a6:2d:87:01:43","RSSI":-64},{"SSID":"MeetInLeeds","BSSID":"5c:a6:2d:87:01:42","RSSI":-64},{"SSID":"WiFi Setup - University of Leeds","BSSID":"5c:a6:2d:87:01:4c","RSSI":-67},{"SSID":"eduroam","BSSID":"5c:a6:2d:87:01:4e","RSSI":-68},{"SSID":"MeetInLeeds","BSSID":"5c:a6:2d:87:01:4d","RSSI":-68},{"SSID":"MeetInLeeds","BSSID":"ac:3a:67:07:f8:62","RSSI":-69},{"SSID":"WiFi Setup - University of Leeds","BSSID":"ac:3a:67:08:2a:03","RSSI":-70},{"SSID":"WiFi Setup - University of Leeds","BSSID":"5c:a6:2d:86:6c:4c","RSSI":-71},{"SSID":"eduroam","BSSID":"5c:a6:2d:86:6c:4e","RSSI":-71},{"SSID":"MeetInLeeds","BSSID":"ac:3a:67:08:2a:02","RSSI":-71},{"SSID":"eduroam","BSSID":"5c:a6:2d:ef:4a:ae","RSSI":-72},{"SSID":"MeetInLeeds","BSSID":"5c:a6:2d:ef:4a:ad","RSSI":-72},{"SSID":"WiFi Setup - University of Leeds","BSSID":"5c:a6:2d:ef:4a:ac","RSSI":-72},{"SSID":"MeetInLeeds","BSSID":"5c:a6:2d:af:8f:4d","RSSI":-74},{"SSID":"WiFi Setup - University of Leeds","BSSID":"ac:3a:67:07:f8:6c","RSSI":-74},{"SSID":"MeetInLeeds","BSSID":"ac:3a:67:07:f8:6d","RSSI":-74},{"SSID":"eduroam","BSSID":"ac:3a:67:07:f8:6e","RSSI":-74},{"SSID":"WiFi Setup - University of Leeds","BSSID":"5c:a6:2d:af:8f:4c","RSSI":-75},{"SSID":"eduroam","BSSID":"5c:a6:2d:af:8f:4e","RSSI":-75},{"SSID":"WiFi Setup - University of Leeds","BSSID":"ac:3a:67:08:26:03","RSSI":-78},{"SSID":"MeetInLeeds","BSSID":"ac:3a:67:08:26:02","RSSI":-79},{"SSID":"WiFi Setup - University of Leeds","BSSID":"ac:3a:67:08:29:23","RSSI":-80},{"SSID":"MeetInLeeds","BSSID":"5c:a6:2d:86:69:cd","RSSI":-88}],[{"SSID":"MeetInLeeds","BSSID":"5c:a6:2d:ef:4c:02","RSSI":-56},{"SSID":"WiFi Setup - University of Leeds","BSSID":"5c:a6:2d:ef:4c:03","RSSI":-57},{"SSID":"WiFi Setup - University of Leeds","BSSID":"5c:a6:2d:af:8d:83","RSSI":-57},{"SSID":"MeetInLeeds","BSSID":"5c:a6:2d:af:8d:82","RSSI":-58},{"SSID":"WiFi Setup - University of Leeds","BSSID":"5c:a6:2d:86:6c:43","RSSI":-65},{"SSID":"WiFi Setup - University of Leeds","BSSID":"ac:3a:67:07:f8:63","RSSI":-66},{"SSID":"MeetInLeeds","BSSID":"5c:a6:2d:86:6c:42","RSSI":-66},{"SSID":"WiFi Setup - University of Leeds","BSSID":"5c:a6:2d:87:01:43","RSSI":-66},{"SSID":"MeetInLeeds","BSSID":"5c:a6:2d:87:01:42","RSSI":-66},{"SSID":"MeetInLeeds","BSSID":"ac:3a:67:07:f8:62","RSSI":-67},{"SSID":"MeetInLeeds","BSSID":"5c:a6:2d:ef:4a:a2","RSSI":-68},{"SSID":"eduroam","BSSID":"5c:a6:2d:ef:4a:a1","RSSI":-68},{"SSID":"MeetInLeeds","BSSID":"ac:3a:67:08:2a:02","RSSI":-70},{"SSID":"WiFi Setup - University of Leeds","BSSID":"ac:3a:67:08:2a:03","RSSI":-70},{"SSID":"MeetInLeeds","BSSID":"5c:a6:2d:cf:bf:cd","RSSI":-71},{"SSID":"WiFi Setup - University of Leeds","BSSID":"5c:a6:2d:cf:bf:cc","RSSI":-71},{"SSID":"MeetInLeeds","BSSID":"ac:3a:67:07:f8:6d","RSSI":-72},{"SSID":"eduroam","BSSID":"5c:a6:2d:cf:bf:ce","RSSI":-72},{"SSID":"WiFi Setup - University of Leeds","BSSID":"5c:a6:2d:cf:bf:c3","RSSI":-73},{"SSID":"WiFi Setup - University of Leeds","BSSID":"5c:a6:2d:af:8f:43","RSSI":-73},{"SSID":"WiFi Setup - University of Leeds","BSSID":"ac:3a:67:07:f8:6c","RSSI":-73},{"SSID":"eduroam","BSSID":"ac:3a:67:07:f8:6e","RSSI":-73},{"SSID":"MeetInLeeds","BSSID":"5c:a6:2d:ef:4a:ad","RSSI":-74},{"SSID":"WiFi Setup - University of Leeds","BSSID":"5c:a6:2d:ef:4a:ac","RSSI":-74},{"SSID":"MeetInLeeds","BSSID":"5c:a6:2d:af:8f:42","RSSI":-74},{"SSID":"WiFi Setup - University of Leeds","BSSID":"5c:a6:2d:cf:df:63","RSSI":-76},{"SSID":"MeetInLeeds","BSSID":"5c:a6:2d:cf:df:62","RSSI":-76},{"SSID":"WiFi Setup - University of Leeds","BSSID":"5c:a6:2d:ef:4a:a3","RSSI":-79},{"SSID":"WiFi Setup - University of Leeds","BSSID":"5c:a6:2d:86:69:c3","RSSI":-80},{"SSID":"WiFi Setup - University of Leeds","BSSID":"5c:a6:2d:cf:c1:83","RSSI":-80},{"SSID":"MeetInLeeds","BSSID":"5c:a6:2d:cf:c1:82","RSSI":-80},{"SSID":"MeetInLeeds","BSSID":"ac:3a:67:08:26:02","RSSI":-81},{"SSID":"WiFi Setup - University of Leeds","BSSID":"ac:3a:67:08:26:03","RSSI":-82},{"SSID":"MeetInLeeds","BSSID":"5c:a6:2d:86:69:cd","RSSI":-84},{"SSID":"eduroam","BSSID":"5c:a6:2d:86:69:ce","RSSI":-84}],[{"SSID":"WiFi Setup - University of Leeds","BSSID":"5c:a6:2d:ef:4c:0c","RSSI":-51},{"SSID":"MeetInLeeds","BSSID":"5c:a6:2d:ef:4c:0d","RSSI":-51},{"SSID":"eduroam","BSSID":"5c:a6:2d:ef:4c:0e","RSSI":-51},{"SSID":"eduroam","BSSID":"5c:a6:2d:ef:4c:01","RSSI":-57},{"SSID":"MeetInLeeds","BSSID":"5c:a6:2d:ef:4c:02","RSSI":-58},{"SSID":"WiFi Setup - University of Leeds","BSSID":"5c:a6:2d:ef:4c:03","RSSI":-58},{"SSID":"MeetInLeeds","BSSID":"5c:a6:2d:af:8d:82","RSSI":-59},{"SSID":"WiFi Setup - University of Leeds","BSSID":"5c:a6:2d:af:8d:83","RSSI":-59},{"SSID":"WiFi Setup - University of Leeds","BSSID":"ac:3a:67:07:f8:63","RSSI":-65},{"SSID":"eduroam","BSSID":"5c:a6:2d:86:6c:41","RSSI":-65},{"SSID":"MeetInLeeds","BSSID":"5c:a6:2d:86:6c:42","RSSI":-65},{"SSID":"WiFi Setup - University of Leeds","BSSID":"5c:a6:2d:86:6c:43","RSSI":-65},{"SSID":"MeetInLeeds","BSSID":"ac:3a:67:07:f8:62","RSSI":-66},{"SSID":"MeetInLeeds","BSSID":"5c:a6:2d:87:01:42","RSSI":-67},{"SSID":"MeetInLeeds","BSSID":"5c:a6:2d:86:6c:4d","RSSI":-68},{"SSID":"eduroam","BSSID":"5c:a6:2d:86:6c:4e","RSSI":-68},{"SSID":"WiFi Setup - University of Leeds","BSSID":"5c:a6:2d:86:6c:4c","RSSI":-69},{"SSID":"WiFi Setup - University of Leeds","BSSID":"5c:a6:2d:ef:4a:a3","RSSI":-69},{"SSID":"MeetInLeeds","BSSID":"5c:a6:2d:ef:4a:a2","RSSI":-69},{"SSID":"MeetInLeeds","BSSID":"ac:3a:67:08:2a:02","RSSI":-71},{"SSID":"WiFi Setup - University of Leeds","BSSID":"ac:3a:67:08:2a:03","RSSI":-71},{"SSID":"MeetInLeeds","BSSID":"5c:a6:2d:cf:bf:cd","RSSI":-71},{"SSID":"WiFi Setup - University of Leeds","BSSID":"5c:a6:2d:cf:bf:cc","RSSI":-71},{"SSID":"eduroam","BSSID":"5c:a6:2d:cf:bf:ce","RSSI":-71},{"SSID":"WiFi Setup - University of Leeds","BSSID":"5c:a6:2d:cf:bf:c3","RSSI":-72},{"SSID":"MeetInLeeds","BSSID":"5c:a6:2d:cf:bf:c2","RSSI":-72},{"SSID":"WiFi Setup - University of Leeds","BSSID":"5c:a6:2d:af:8f:43","RSSI":-73},{"SSID":"MeetInLeeds","BSSID":"5c:a6:2d:af:8f:42","RSSI":-75},{"SSID":"eduroam","BSSID":"ac:3a:67:08:2a:0e","RSSI":-76},{"SSID":"WiFi Setup - University of Leeds","BSSID":"5c:a6:2d:cf:df:63","RSSI":-77},{"SSID":"MeetInLeeds","BSSID":"ac:3a:67:08:2a:0d","RSSI":-77},{"SSID":"eduroam","BSSID":"5c:a6:2d:cf:df:6e","RSSI":-77},{"SSID":"MeetInLeeds","BSSID":"5c:a6:2d:cf:df:6d","RSSI":-77},{"SSID":"WiFi Setup - University of Leeds","BSSID":"5c:a6:2d:cf:df:6c","RSSI":-78},{"SSID":"MeetInLeeds","BSSID":"ac:3a:67:08:29:22","RSSI":-80},{"SSID":"MeetInLeeds","BSSID":"5c:a6:2d:cf:c1:82","RSSI":-82}],[{"SSID":"MeetInLeeds","BSSID":"5c:a6:2d:ef:4c:02","RSSI":-52},{"SSID":"WiFi Setup - University of Leeds","BSSID":"5c:a6:2d:ef:4c:03","RSSI":-53},{"SSID":"WiFi Setup - University of Leeds","BSSID":"5c:a6:2d:ef:4c:0c","RSSI":-57},{"SSID":"MeetInLeeds","BSSID":"5c:a6:2d:ef:4c:0d","RSSI":-57},{"SSID":"eduroam","BSSID":"5c:a6:2d:ef:4c:0e","RSSI":-57},{"SSID":"MeetInLeeds","BSSID":"5c:a6:2d:af:8d:8d","RSSI":-58},{"SSID":"eduroam","BSSID":"5c:a6:2d:af:8d:8e","RSSI":-59},{"SSID":"WiFi Setup - University of Leeds","BSSID":"5c:a6:2d:af:8d:8c","RSSI":-59},{"SSID":"WiFi Setup - University of Leeds","BSSID":"5c:a6:2d:87:01:43","RSSI":-59},{"SSID":"MeetInLeeds","BSSID":"5c:a6:2d:86:6c:42","RSSI":-64},{"SSID":"WiFi Setup - University of Leeds","BSSID":"5c:a6:2d:86:6c:43","RSSI":-64},{"SSID":"MeetInLeeds","BSSID":"ac:3a:67:07:f8:62","RSSI":-67},{"SSID":"WiFi Setup - University of Leeds","BSSID":"ac:3a:67:07:f8:63","RSSI":-68},{"SSID":"WiFi Setup - University of Leeds","BSSID":"5c:a6:2d:cf:bf:c3","RSSI":-68},{"SSID":"MeetInLeeds","BSSID":"5c:a6:2d:cf:bf:c2","RSSI":-68},{"SSID":"WiFi Setup - University of Leeds","BSSID":"5c:a6:2d:ef:4a:a3","RSSI":-71},{"SSID":"MeetInLeeds","BSSID":"5c:a6:2d:ef:4a:a2","RSSI":-71},{"SSID":"eduroam","BSSID":"5c:a6:2d:87:01:4e","RSSI":-71},{"SSID":"MeetInLeeds","BSSID":"ac:3a:67:08:2a:0d","RSSI":-72},{"SSID":"WiFi Setup - University of Leeds","BSSID":"ac:3a:67:08:2a:0c","RSSI":-72},{"SSID":"MeetInLeeds","BSSID":"5c:a6:2d:cf:df:62","RSSI":-73},{"SSID":"eduroam","BSSID":"ac:3a:67:08:2a:0e","RSSI":-73},{"SSID":"MeetInLeeds","BSSID":"5c:a6:2d:af:8f:42","RSSI":-73},{"SSID":"WiFi Setup - University of Leeds","BSSID":"5c:a6:2d:87:01:4c","RSSI":-73},{"SSID":"MeetInLeeds","BSSID":"5c:a6:2d:ef:4a:ad","RSSI":-74},{"SSID":"WiFi Setup - University of Leeds","BSSID":"5c:a6:2d:ef:4a:ac","RSSI":-74},{"SSID":"WiFi Setup - University of Leeds","BSSID":"5c:a6:2d:af:8f:43","RSSI":-74},{"SSID":"MeetInLeeds","BSSID":"5c:a6:2d:87:01:4d","RSSI":-74},{"SSID":"MeetInLeeds","BSSID":"ac:3a:67:08:2a:02","RSSI":-75},{"SSID":"WiFi Setup - University of Leeds","BSSID":"ac:3a:67:08:2a:03","RSSI":-75},{"SSID":"eduroam","BSSID":"5c:a6:2d:cf:df:6e","RSSI":-75},{"SSID":"WiFi Setup - University of Leeds","BSSID":"5c:a6:2d:cf:df:6c","RSSI":-75},{"SSID":"eduroam","BSSID":"ac:3a:67:07:f8:6e","RSSI":-75},{"SSID":"eduroam","BSSID":"5c:a6:2d:cf:e8:a1","RSSI":-76},{"SSID":"MeetInLeeds","BSSID":"5c:a6:2d:cf:e8:a2","RSSI":-76},{"SSID":"WiFi Setup - University of Leeds","BSSID":"ac:3a:67:07:f8:6c","RSSI":-76},{"SSID":"MeetInLeeds","BSSID":"ac:3a:67:07:f8:6d","RSSI":-76},{"SSID":"eduroam","BSSID":"5c:a6:2d:ef:4a:ae","RSSI":-77},{"SSID":"WiFi Setup - University of Leeds","BSSID":"5c:a6:2d:af:8f:4c","RSSI":-81},{"SSID":"eduroam","BSSID":"5c:a6:2d:af:8f:4e","RSSI":-81},{"SSID":"MeetInLeeds","BSSID":"5c:a6:2d:af:8f:4d","RSSI":-81},{"SSID":"MeetInLeeds","BSSID":"5c:a6:2d:cf:e5:a2","RSSI":-82},{"SSID":"WiFi Setup - University of Leeds","BSSID":"5c:a6:2d:cf:e5:a3","RSSI":-82},{"SSID":"WiFi Setup - University of Leeds","BSSID":"5c:a6:2d:cf:c1:83","RSSI":-83},{"SSID":"MeetInLeeds","BSSID":"5c:a6:2d:cf:c1:82","RSSI":-84},{"SSID":"WiFi Setup - University of Leeds","BSSID":"5c:a6:2d:cf:c1:8c","RSSI":-86},{"SSID":"iL-25","BSSID":"00:15:6d:6b:5e:c7","RSSI":-89}],[{"SSID":"WiFi Setup - University of Leeds","BSSID":"5c:a6:2d:ef:4c:03","RSSI":-49},{"SSID":"MeetInLeeds","BSSID":"5c:a6:2d:ef:4c:02","RSSI":-50},{"SSID":"MeetInLeeds","BSSID":"5c:a6:2d:af:8d:82","RSSI":-56},{"SSID":"WiFi Setup - University of Leeds","BSSID":"5c:a6:2d:87:01:43","RSSI":-64},{"SSID":"MeetInLeeds","BSSID":"5c:a6:2d:87:01:42","RSSI":-64},{"SSID":"WiFi Setup - University of Leeds","BSSID":"5c:a6:2d:ef:4a:a3","RSSI":-65},{"SSID":"MeetInLeeds","BSSID":"5c:a6:2d:ef:4a:a2","RSSI":-66},{"SSID":"WiFi Setup - University of Leeds","BSSID":"ac:3a:67:07:f8:63","RSSI":-67},{"SSID":"MeetInLeeds","BSSID":"ac:3a:67:07:f8:62","RSSI":-68},{"SSID":"MeetInLeeds","BSSID":"5c:a6:2d:86:6c:42","RSSI":-68},{"SSID":"WiFi Setup - University of Leeds","BSSID":"5c:a6:2d:86:6c:43","RSSI":-68},{"SSID":"WiFi Setup - University of Leeds","BSSID":"5c:a6:2d:86:6c:4c","RSSI":-69},{"SSID":"MeetInLeeds","BSSID":"5c:a6:2d:86:6c:4d","RSSI":-69},{"SSID":"eduroam","BSSID":"5c:a6:2d:86:6c:4e","RSSI":-69},{"SSID":"MeetInLeeds","BSSID":"ac:3a:67:08:2a:02","RSSI":-70},{"SSID":"WiFi Setup - University of Leeds","BSSID":"ac:3a:67:08:2a:03","RSSI":-70},{"SSID":"WiFi Setup - University of Leeds","BSSID":"5c:a6:2d:af:8f:43","RSSI":-71},{"SSID":"WiFi Setup - University of Leeds","BSSID":"5c:a6:2d:cf:bf:c3","RSSI":-72},{"SSID":"eduroam","BSSID":"5c:a6:2d:ef:4a:ae","RSSI":-72},{"SSID":"MeetInLeeds","BSSID":"5c:a6:2d:af:8f:42","RSSI":-72},{"SSID":"MeetInLeeds","BSSID":"5c:a6:2d:cf:bf:c2","RSSI":-73},{"SSID":"WiFi Setup - University of Leeds","BSSID":"ac:3a:67:07:f8:6c","RSSI":-73},{"SSID":"MeetInLeeds","BSSID":"ac:3a:67:07:f8:6d","RSSI":-73},{"SSID":"eduroam","BSSID":"ac:3a:67:07:f8:6e","RSSI":-73},{"SSID":"WiFi Setup - University of Leeds","BSSID":"5c:a6:2d:cf:bf:cc","RSSI":-75},{"SSID":"WiFi Setup - University of Leeds","BSSID":"5c:a6:2d:ef:4a:ac","RSSI":-76},{"SSID":"MeetInLeeds","BSSID":"5c:a6:2d:cf:bf:cd","RSSI":-76},{"SSID":"eduroam","BSSID":"5c:a6:2d:cf:bf:ce","RSSI":-76},{"SSID":"WiFi Setup - University of Leeds","BSSID":"5c:a6:2d:cf:df:63","RSSI":-78},{"SSID":"MeetInLeeds","BSSID":"5c:a6:2d:cf:e8:a2","RSSI":-80},{"SSID":"WiFi Setup - University of Leeds","BSSID":"5c:a6:2d:cf:e8:a3","RSSI":-80},{"SSID":"WiFi Setup - University of Leeds","BSSID":"5c:a6:2d:af:8d:83","RSSI":-84},{"SSID":"WiFi Setup - University of Leeds","BSSID":"5c:a6:2d:86:69:cc","RSSI":-85}],[{"SSID":"WiFi Setup - University of Leeds","BSSID":"5c:a6:2d:ef:4c:03","RSSI":-48},{"SSID":"MeetInLeeds","BSSID":"5c:a6:2d:ef:4c:02","RSSI":-49},{"SSID":"MeetInLeeds","BSSID":"5c:a6:2d:af:8d:82","RSSI":-59},{"SSID":"WiFi Setup - University of Leeds","BSSID":"5c:a6:2d:87:01:43","RSSI":-65},{"SSID":"MeetInLeeds","BSSID":"5c:a6:2d:87:01:42","RSSI":-65},{"SSID":"WiFi Setup - University of Leeds","BSSID":"ac:3a:67:07:f8:63","RSSI":-68},{"SSID":"MeetInLeeds","BSSID":"5c:a6:2d:87:01:4d","RSSI":-68},{"SSID":"WiFi Setup - University of Leeds","BSSID":"5c:a6:2d:87:01:4c","RSSI":-68},{"SSID":"MeetInLeeds","BSSID":"5c:a6:2d:86:6c:42","RSSI":-68},{"SSID":"eduroam","BSSID":"5c:a6:2d:87:01:4e","RSSI":-69},{"SSID":"WiFi Setup - University of Leeds","BSSID":"5c:a6:2d:cf:bf:c3","RSSI":-70},{"SSID":"MeetInLeeds","BSSID":"5c:a6:2d:af:8f:42","RSSI":-71},{"SSID":"eduroam","BSSID":"5c:a6:2d:ef:4a:ae","RSSI":-72},{"SSID":"MeetInLeeds","BSSID":"5c:a6:2d:ef:4a:ad","RSSI":-72},{"SSID":"WiFi Setup - University of Leeds","BSSID":"5c:a6:2d:af:8f:43","RSSI":-72},{"SSID":"WiFi Setup - University of Leeds","BSSID":"ac:3a:67:07:f8:6c","RSSI":-72},{"SSID":"MeetInLeeds","BSSID":"ac:3a:67:07:f8:6d","RSSI":-73},{"SSID":"eduroam","BSSID":"ac:3a:67:07:f8:6e","RSSI":-73},{"SSID":"WiFi Setup - University of Leeds","BSSID":"5c:a6:2d:ef:4a:ac","RSSI":-75},{"SSID":"WiFi Setup - University of Leeds","BSSID":"5c:a6:2d:86:69:c3","RSSI":-78},{"SSID":"WiFi Setup - University of Leeds","BSSID":"5c:a6:2d:cf:e8:a3","RSSI":-80},{"SSID":"WiFi Setup - University of Leeds","BSSID":"5c:a6:2d:af:8f:4c","RSSI":-80},{"SSID":"WiFi Setup - University of Leeds","BSSID":"ac:3a:67:08:26:03","RSSI":-80},{"SSID":"MeetInLeeds","BSSID":"ac:3a:67:08:26:02","RSSI":-80},{"SSID":"eduroam","BSSID":"5c:a6:2d:af:8f:4e","RSSI":-81},{"SSID":"MeetInLeeds","BSSID":"5c:a6:2d:af:8f:4d","RSSI":-81},{"SSID":"eduroam","BSSID":"5c:a6:2d:ce:c1:e1","RSSI":-82},{"SSID":"MeetInLeeds","BSSID":"5c:a6:2d:ce:c1:e2","RSSI":-83}],[{"SSID":"MeetInLeeds","BSSID":"5c:a6:2d:ef:4c:02","RSSI":-48},{"SSID":"WiFi Setup - University of Leeds","BSSID":"5c:a6:2d:ef:4c:03","RSSI":-48},{"SSID":"WiFi Setup - University of Leeds","BSSID":"5c:a6:2d:ef:4c:0c","RSSI":-55},{"SSID":"MeetInLeeds","BSSID":"5c:a6:2d:ef:4c:0d","RSSI":-56},{"SSID":"eduroam","BSSID":"5c:a6:2d:ef:4c:0e","RSSI":-56},{"SSID":"MeetInLeeds","BSSID":"5c:a6:2d:af:8d:82","RSSI":-58},{"SSID":"WiFi Setup - University of Leeds","BSSID":"5c:a6:2d:af:8d:83","RSSI":-58},{"SSID":"WiFi Setup - University of Leeds","BSSID":"5c:a6:2d:87:01:43","RSSI":-65},{"SSID":"MeetInLeeds","BSSID":"5c:a6:2d:87:01:42","RSSI":-65},{"SSID":"WiFi Setup - University of Leeds","BSSID":"5c:a6:2d:cf:bf:c3","RSSI":-69},{"SSID":"eduroam","BSSID":"ac:3a:67:08:2a:01","RSSI":-69},{"SSID":"MeetInLeeds","BSSID":"ac:3a:67:08:2a:02","RSSI":-69},{"SSID":"WiFi Setup - University of Leeds","BSSID":"ac:3a:67:08:2a:03","RSSI":-69},{"SSID":"WiFi Setup - University of Leeds","BSSID":"5c:a6:2d:86:6c:4c","RSSI":-70},{"SSID":"MeetInLeeds","BSSID":"5c:a6:2d:86:6c:4d","RSSI":-70},{"SSID":"eduroam","BSSID":"5c:a6:2d:86:6c:4e","RSSI":-70},{"SSID":"WiFi Setup - University of Leeds","BSSID":"5c:a6:2d:86:6c:43","RSSI":-70},{"SSID":"MeetInLeeds","BSSID":"5c:a6:2d:af:8f:42","RSSI":-72},{"SSID":"WiFi Setup - University of Leeds","BSSID":"5c:a6:2d:af:8f:43","RSSI":-73},{"SSID":"WiFi Setup - University of Leeds","BSSID":"5c:a6:2d:cf:bf:cc","RSSI":-73},{"SSID":"MeetInLeeds","BSSID":"5c:a6:2d:cf:bf:cd","RSSI":-76},{"SSID":"MeetInLeeds","BSSID":"ac:3a:67:07:f8:6d","RSSI":-76},{"SSID":"eduroam","BSSID":"5c:a6:2d:cf:bf:ce","RSSI":-76},{"SSID":"eduroam","BSSID":"5c:a6:2d:cf:df:6e","RSSI":-77},{"SSID":"WiFi Setup - University of Leeds","BSSID":"5c:a6:2d:cf:df:6c","RSSI":-77},{"SSID":"WiFi Setup - University of Leeds","BSSID":"ac:3a:67:07:f8:6c","RSSI":-77},{"SSID":"eduroam","BSSID":"ac:3a:67:07:f8:6e","RSSI":-77},{"SSID":"WiFi Setup - University of Leeds","BSSID":"5c:a6:2d:cf:e8:a3","RSSI":-79},{"SSID":"MeetInLeeds","BSSID":"5c:a6:2d:cf:df:6d","RSSI":-80},{"SSID":"MeetInLeeds","BSSID":"5c:a6:2d:ef:4a:ad","RSSI":-81},{"SSID":"eduroam","BSSID":"5c:a6:2d:ef:4a:ae","RSSI":-82},{"SSID":"WiFi Setup - University of Leeds","BSSID":"5c:a6:2d:ef:4a:ac","RSSI":-83},{"SSID":"eduroam","BSSID":"ac:3a:67:08:2a:0e","RSSI":-83},{"SSID":"MeetInLeeds","BSSID":"ac:3a:67:08:2a:0d","RSSI":-84}],[{"SSID":"MeetInLeeds","BSSID":"5c:a6:2d:ef:4c:02","RSSI":-49},{"SSID":"WiFi Setup - University of Leeds","BSSID":"5c:a6:2d:ef:4c:03","RSSI":-50},{"SSID":"eduroam","BSSID":"5c:a6:2d:ef:4c:0e","RSSI":-54},{"SSID":"WiFi Setup - University of Leeds","BSSID":"5c:a6:2d:ef:4c:0c","RSSI":-55},{"SSID":"MeetInLeeds","BSSID":"5c:a6:2d:ef:4c:0d","RSSI":-55},{"SSID":"WiFi Setup - University of Leeds","BSSID":"5c:a6:2d:af:8d:83","RSSI":-58},{"SSID":"WiFi Setup - University of Leeds","BSSID":"5c:a6:2d:87:01:43","RSSI":-65},{"SSID":"MeetInLeeds","BSSID":"5c:a6:2d:87:01:42","RSSI":-65},{"SSID":"MeetInLeeds","BSSID":"ac:3a:67:07:f8:62","RSSI":-67},{"SSID":"WiFi Setup - University of Leeds","BSSID":"5c:a6:2d:ef:4a:a3","RSSI":-67},{"SSID":"MeetInLeeds","BSSID":"5c:a6:2d:ef:4a:a2","RSSI":-67},{"SSID":"eduroam","BSSID":"5c:a6:2d:ef:4a:a1","RSSI":-67},{"SSID":"WiFi Setup - University of Leeds","BSSID":"ac:3a:67:08:2a:03","RSSI":-68},{"SSID":"eduroam","BSSID":"ac:3a:67:08:2a:01","RSSI":-70},{"SSID":"MeetInLeeds","BSSID":"ac:3a:67:08:2a:02","RSSI":-71},{"SSID":"MeetInLeeds","BSSID":"5c:a6:2d:86:6c:4d","RSSI":-73},{"SSID":"MeetInLeeds","BSSID":"5c:a6:2d:cf:bf:cd","RSSI":-73},{"SSID":"WiFi Setup - University of Leeds","BSSID":"5c:a6:2d:cf:bf:cc","RSSI":-73},{"SSID":"eduroam","BSSID":"5c:a6:2d:cf:bf:ce","RSSI":-73},{"SSID":"WiFi Setup - University of Leeds","BSSID":"5c:a6:2d:86:6c:4c","RSSI":-74},{"SSID":"eduroam","BSSID":"5c:a6:2d:86:6c:4e","RSSI":-74},{"SSID":"WiFi Setup - University of Leeds","BSSID":"5c:a6:2d:af:8f:43","RSSI":-75},{"SSID":"WiFi Setup - University of Leeds","BSSID":"ac:3a:67:08:2a:0c","RSSI":-78},{"SSID":"eduroam","BSSID":"5c:a6:2d:cf:df:61","RSSI":-79},{"SSID":"MeetInLeeds","BSSID":"ac:3a:67:08:2a:0d","RSSI":-79},{"SSID":"eduroam","BSSID":"5c:a6:2d:cf:df:6e","RSSI":-79},{"SSID":"WiFi Setup - University of Leeds","BSSID":"5c:a6:2d:cf:df:6c","RSSI":-79},{"SSID":"WiFi Setup - University of Leeds","BSSID":"5c:a6:2d:cf:e8:a3","RSSI":-80},{"SSID":"eduroam","BSSID":"ac:3a:67:08:2a:0e","RSSI":-80},{"SSID":"MeetInLeeds","BSSID":"5c:a6:2d:cf:df:6d","RSSI":-80},{"SSID":"WiFi Setup - University of Leeds","BSSID":"ac:3a:67:08:29:23","RSSI":-80}]]