[[{"SSID":"MeetInLeeds","BSSID":"5c:a6:2d:cf:e3:42","RSSI":-43},{"SSID":"eduroam","BSSID":"5c:a6:2d:cf:e3:41","RSSI":-44},{"SSID":"eduroam","BSSID":"ac:3a:67:08:25:ce","RSSI":-51},{"SSID":"MeetInLeeds","BSSID":"ac:3a:67:08:25:cd","RSSI":-51},{"SSID":"MeetInLeeds","BSSID":"5c:a6:2d:b5:ca:e2","RSSI":-56},{"SSID":"MeetInLeeds","BSSID":"5c:a6:2d:b5:ca:ed","RSSI":-56},{"SSID":"eduroam","BSSID":"5c:a6:2d:b5:ca:ee","RSSI":-56},{"SSID":"MeetInLeeds","BSSID":"5c:a6:2d:cf:e3:4d","RSSI":-57},{"SSID":"eduroam","BSSID":"5c:a6:2d:45:db:81","RSSI":-59},{"SSID":"MeetInLeeds","BSSID":"5c:a6:2d:45:db:82","RSSI":-59},{"SSID":"MeetInLeeds","BSSID":"ac:3a:67:08:25:c2","RSSI":-59},{"SSID":"eduroam","BSSID":"ac:3a:67:08:25:c1","RSSI":-60},{"SSID":"eduroam","BSSID":"5c:a6:2d:cf:e3:4e","RSSI":-61},{"SSID":"eduroam","BSSID":"5c:a6:2d:86:6d:ae","RSSI":-65},{"SSID":"MeetInLeeds","BSSID":"5c:a6:2d:86:6d:ad","RSSI":-66},{"SSID":"MeetInLeeds","BSSID":"5c:a6:2d:af:90:6d","RSSI":-68},{"SSID":"eduroam","BSSID":"5c:a6:2d:af:90:6e","RSSI":-68},{"SSID":"MeetInLeeds","BSSID":"5c:a6:2d:45:db:8d","RSSI":-68},{"SSID":"eduroam","BSSID":"5c:a6:2d:af:90:61","RSSI":-68},{"SSID":"MeetInLeeds","BSSID":"5c:a6:2d:af:90:62","RSSI":-68},{"SSID":"eduroam","BSSID":"5c:a6:2d:45:db:8e","RSSI":-69},{"SSID":"eduroam","BSSID":"5c:a6:2d:86:6d:a1","RSSI":-70},{"SSID":"MeetInLeeds","BSSID":"5c:a6:2d:86:6d:a2","RSSI":-70},{"SSID":"eduroam","BSSID":"ac:3a:67:07:fb:0e","RSSI":-72},{"SSID":"MeetInLeeds","BSSID":"5c:a6:2d:cf:b0:02","RSSI":-72},{"SSID":"eduroam","BSSID":"5c:a6:2d:86:6b:2e","RSSI":-72},{"SSID":"MeetInLeeds","BSSID":"5c:a6:2d:b6:22:42","RSSI":-72},{"SSID":"MeetInLeeds","BSSID":"ac:3a:67:07:fb:0d","RSSI":-73},{"SSID":"MeetInLeeds","BSSID":"5c:a6:2d:86:6b:2d","RSSI":-73},{"SSID":"eduroam","BSSID":"5c:a6:2d:ef:45:21","RSSI":-73},{"SSID":"MeetInLeeds","BSSID":"ac:3a:67:07:fb:02","RSSI":-73},{"SSID":"MeetInLeeds","BSSID":"5c:a6:2d:ef:45:22","RSSI":-74},{"SSID":"MeetInLeeds","BSSID":"5c:a6:2d:b6:22:4d","RSSI":-74},{"SSID":"MeetInLeeds","BSSID":"5c:a6:2d:86:6c:c2","RSSI":-75},{"SSID":"eduroam","BSSID":"5c:a6:2d:af:91:c1","RSSI":-76},{"SSID":"eduroam","BSSID":"ac:3a:67:08:29:a1","RSSI":-76},{"SSID":"MeetInLeeds","BSSID":"5c:a6:2d:86:6b:62","RSSI":-76},{"SSID":"MeetInLeeds","BSSID":"5c:a6:2d:af:91:c2","RSSI":-77},{"SSID":"MeetInLeeds","BSSID":"5c:a6:2d:cf:c5:ed","RSSI":-77},{"SSID":"eduroam","BSSID":"5c:a6:2d:5d:ab:6e","RSSI":-77},{"SSID":"MeetInLeeds","BSSID":"5c:a6:2d:5d:ab:6d","RSSI":-77},{"SSID":"eduroam","BSSID":"5c:a6:2d:b6:22:4e","RSSI":-77},{"SSID":"eduroam","BSSID":"5c:a6:2d:ce:b4:c1","RSSI":-77},{"SSID":"MeetInLeeds","BSSID":"5c:a6:2d:85:81:ed","RSSI":-78},{"SSID":"eduroam","BSSID":"5c:a6:2d:cf:c5:ee","RSSI":-78},{"SSID":"MeetInLeeds","BSSID":"5c:a6:2d:86:6b:42","RSSI":-78},{"SSID":"MeetInLeeds","BSSID":"ac:3a:67:08:29:a2","RSSI":-78},{"SSID":"eduroam","BSSID":"5c:a6:2d:ce:b5:ce","RSSI":-79},{"SSID":"eduroam","BSSID":"5c:a6:2d:86:6b:4e","RSSI":-79},{"SSID":"MeetInLeeds","BSSID":"5c:a6:2d:85:81:e2","RSSI":-80},{"SSID":"eduroam","BSSID":"5c:a6:2d:85:81:ee","RSSI":-81},{"SSID":"MeetInLeeds","BSSID":"5c:a6:2d:ce:b5:0d","RSSI":-81},{"SSID":"MeetInLeeds","BSSID":"5c:a6:2d:af:8f:62","RSSI":-81},{"SSID":"MeetInLeeds","BSSID":"5c:a6:2d:af:90:a2","RSSI":-81},{"SSID":"MeetInLeeds","BSSID":"5c:a6:2d:86:6b:6d","RSSI":-81},{"SSID":"eduroam","BSSID":"5c:a6:2d:86:6b:6e","RSSI":-81},{"SSID":"MeetInLeeds","BSSID":"5c:a6:2d:1e:09:02","RSSI":-82},{"SSID":"MeetInLeeds","BSSID":"5c:a6:2d:70:7b:42","RSSI":-82},{"SSID":"MeetInLeeds","BSSID":"5c:a6:2d:86:6d:22","RSSI":-82},{"SSID":"MeetInLeeds","BSSID":"5c:a6:2d:af:8f:6d","RSSI":-83},{"SSID":"MeetInLeeds","BSSID":"5c:a6:2d:ce:ac:82","RSSI":-83},{"SSID":"MeetInLeeds","BSSID":"5c:a6:2d:af:91:8d","RSSI":-83},{"SSID":"MeetInLeeds","BSSID":"5c:a6:2d:cf:c3:2d","RSSI":-84},{"SSID":"eduroam","BSSID":"5c:a6:2d:af:91:8e","RSSI":-84},{"SSID":"eduroam","BSSID":"5c:a6:2d:af:91:ce","RSSI":-84},{"SSID":"eduroam","BSSID":"ac:3a:67:08:04:2e","RSSI":-84},{"SSID":"eduroam","BSSID":"5c:a6:2d:cf:c3:2e","RSSI":-85},{"SSID":"MeetInLeeds","BSSID":"ac:3a:67:08:04:2d","RSSI":-85},{"SSID":"MeetInLeeds","BSSID":"5c:a6:2d:af:91:cd","RSSI":-86},{"SSID":"eduroam","BSSID":"5c:a6:2d:af:91:4e","RSSI":-87}],[{"SSID":"MeetInLeeds","BSSID":"5c:a6:2d:cf:e3:42","RSSI":-44},{"SSID":"eduroam","BSSID":"5c:a6:2d:cf:e3:41","RSSI":-44},{"SSID":"MeetInLeeds","BSSID":"5c:a6:2d:b5:ca:e2","RSSI":-45},{"SSID":"eduroam","BSSID":"5c:a6:2d:af:90:61","RSSI":-56},{"SSID":"MeetInLeeds","BSSID":"5c:a6:2d:af:90:62","RSSI":-56},{"SSID":"eduroam","BSSID":"5c:a6:2d:86:6d:a1","RSSI":-57},{"SSID":"MeetInLeeds","BSSID":"5c:a6:2d:86:6d:a2","RSSI":-57},{"SSID":"MeetInLeeds","BSSID":"5c:a6:2d:cf:e3:4d","RSSI":-62},{"SSID":"eduroam","BSSID":"5c:a6:2d:cf:e3:4e","RSSI":-62},{"SSID":"MeetInLeeds","BSSID":"5c:a6:2d:b5:ca:ed","RSSI":-62},{"SSID":"eduroam","BSSID":"5c:a6:2d:b5:ca:ee","RSSI":-62},{"SSID":"MeetInLeeds","BSSID":"5c:a6:2d:45:db:82","RSSI":-64},{"SSID":"eduroam","BSSID":"5c:a6:2d:45:db:81","RSSI":-65},{"SSID":"MeetInLeeds","BSSID":"5c:a6:2d:86:6b:22","RSSI":-66},{"SSID":"MeetInLeeds","BSSID":"5c:a6:2d:ce:b5:c2","RSSI":-66},{"SSID":"MeetInLeeds","BSSID":"5c:a6:2d:b6:22:42","RSSI":-66},{"SSID":"eduroam","BSSID":"5c:a6:2d:86:6d:ae","RSSI":-66},{"SSID":"MeetInLeeds","BSSID":"5c:a6:2d:86:6d:ad","RSSI":-66},{"SSID":"eduroam","BSSID":"5c:a6:2d:b6:22:41","RSSI":-66},{"SSID":"MeetInLeeds","BSSID":"5c:a6:2d:ef:45:22","RSSI":-67},{"SSID":"eduroam","BSSID":"5c:a6:2d:ef:45:21","RSSI":-67},{"SSID":"eduroam","BSSID":"5c:a6:2d:ce:b5:c1","RSSI":-67},{"SSID":"eduroam","BSSID":"5c:a6:2d:86:6b:21","RSSI":-68},{"SSID":"MeetInLeeds","BSSID":"5c:a6:2d:af:8f:62","RSSI":-70},{"SSID":"MeetInLeeds","BSSID":"5c:a6:2d:86:6b:62","RSSI":-70},{"SSID":"eduroam","BSSID":"ac:3a:67:07:fb:01","RSSI":-70},{"SSID":"MeetInLeeds","BSSID":"5c:a6:2d:85:81:e2","RSSI":-71},{"SSID":"eduroam","BSSID":"5c:a6:2d:86:6b:2e","RSSI":-71},{"SSID":"MeetInLeeds","BSSID":"5c:a6:2d:86:6b:2d","RSSI":-71},{"SSID":"eduroam","BSSID":"5c:a6:2d:86:6c:c1","RSSI":-71},{"SSID":"MeetInLeeds","BSSID":"5c:a6:2d:86:6c:c2","RSSI":-71},{"SSID":"MeetInLeeds","BSSID":"ac:3a:67:08:04:22","RSSI":-71},{"SSID":"MeetInLeeds","BSSID":"5c:a6:2d:af:91:c2","RSSI":-73},{"SSID":"eduroam","BSSID":"5c:a6:2d:af:91:c1","RSSI":-73},{"SSID":"MeetInLeeds","BSSID":"5c:a6:2d:86:6b:42","RSSI":-73},{"SSID":"MeetInLeeds","BSSID":"5c:a6:2d:86:6a:42","RSSI":-75},{"SSID":"MeetInLeeds","BSSID":"5c:a6:2d:ce:b2:02","RSSI":-75},{"SSID":"eduroam","BSSID":"5c:a6:2d:86:6a:41","RSSI":-76},{"SSID":"MeetInLeeds","BSSID":"5c:a6:2d:cf:b0:02","RSSI":-77},{"SSID":"MeetInLeeds","BSSID":"5c:a6:2d:cf:c3:22","RSSI":-77},{"SSID":"eduroam","BSSID":"5c:a6:2d:cf:c5:ee","RSSI":-78},{"SSID":"MeetInLeeds","BSSID":"5c:a6:2d:af:90:a2","RSSI":-78},{"SSID":"eduroam","BSSID":"ac:3a:67:08:32:41","RSSI":-80},{"SSID":"MeetInLeeds","BSSID":"5c:a6:2d:5d:2d:02","RSSI":-80},{"SSID":"eduroam","BSSID":"5c:a6:2d:ce:b5:0e","RSSI":-80},{"SSID":"MeetInLeeds","BSSID":"5c:a6:2d:ce:b5:0d","RSSI":-80},{"SSID":"MeetInLeeds","BSSID":"5c:a6:2d:5d:ab:62","RSSI":-80},{"SSID":"eduroam","BSSID":"5c:a6:2d:af:91:41","RSSI":-80},{"SSID":"MeetInLeeds","BSSID":"ac:3a:67:08:32:42","RSSI":-81},{"SSID":"eduroam","BSSID":"5c:a6:2d:af:8f:c1","RSSI":-81},{"SSID":"MeetInLeeds","BSSID":"5c:a6:2d:86:6d:22","RSSI":-81},{"SSID":"eduroam","BSSID":"5c:a6:2d:86:6d:21","RSSI":-81},{"SSID":"eduroam","BSSID":"5c:a6:2d:85:81:ee","RSSI":-82},{"SSID":"MeetInLeeds","BSSID":"5c:a6:2d:85:81:ed","RSSI":-82},{"SSID":"MeetInLeeds","BSSID":"ac:3a:67:08:28:22","RSSI":-82},{"SSID":"eduroam","BSSID":"5c:a6:2d:af:91:ce","RSSI":-82},{"SSID":"MeetInLeeds","BSSID":"5c:a6:2d:af:91:cd","RSSI":-82},{"SSID":"MeetInLeeds","BSSID":"5c:a6:2d:af:91:42","RSSI":-82},{"SSID":"MeetInLeeds","BSSID":"5c:a6:2d:86:6b:6d","RSSI":-82},{"SSID":"MeetInLeeds","BSSID":"5c:a6:2d:cf:c4:42","RSSI":-83},{"SSID":"MeetInLeeds","BSSID":"5c:a6:2d:ce:b4:c2","RSSI":-83},{"SSID":"eduroam","BSSID":"5c:a6:2d:86:6b:6e","RSSI":-85}],[{"SSID":"eduroam","BSSID":"5c:a6:2d:cf:e3:41","RSSI":-43},{"SSID":"eduroam","BSSID":"5c:a6:2d:b5:ca:e1","RSSI":-48},{"SSID":"MeetInLeeds","BSSID":"5c:a6:2d:b5:ca:e2","RSSI":-48},{"SSID":"eduroam","BSSID":"ac:3a:67:08:25:c1","RSSI":-48},{"SSID":"MeetInLeeds","BSSID":"ac:3a:67:08:25:c2","RSSI":-49},{"SSID":"MeetInLeeds","BSSID":"5c:a6:2d:cf:e3:42","RSSI":-54},{"SSID":"MeetInLeeds","BSSID":"5c:a6:2d:af:90:62","RSSI":-57},{"SSID":"MeetInLeeds","BSSID":"5c:a6:2d:b5:ca:ed","RSSI":-61},{"SSID":"eduroam","BSSID":"5c:a6:2d:b5:ca:ee","RSSI":-62},{"SSID":"eduroam","BSSID":"5c:a6:2d:86:6d:a1","RSSI":-63},{"SSID":"MeetInLeeds","BSSID":"5c:a6:2d:86:6d:a2","RSSI":-63},{"SSID":"MeetInLeeds","BSSID":"5c:a6:2d:45:db:8d","RSSI":-66},{"SSID":"MeetInLeeds","BSSID":"5c:a6:2d:cf:e3:4d","RSSI":-67},{"SSID":"MeetInLeeds","BSSID":"5c:a6:2d:ce:b5:c2","RSSI":-67},{"SSID":"MeetInLeeds","BSSID":"5c:a6:2d:af:90:6d","RSSI":-67},{"SSID":"eduroam","BSSID":"5c:a6:2d:af:90:6e","RSSI":-67},{"SSID":"eduroam","BSSID":"5c:a6:2d:ce:b2:01","RSSI":-67},{"SSID":"eduroam","BSSID":"5c:a6:2d:45:db:8e","RSSI":-67},{"SSID":"eduroam","BSSID":"5c:a6:2d:cf:e3:4e","RSSI":-68},{"SSID":"MeetInLeeds","BSSID":"5c:a6:2d:45:db:82","RSSI":-68},{"SSID":"eduroam","BSSID":"5c:a6:2d:86:6b:21","RSSI":-69},{"SSID":"eduroam","BSSID":"5c:a6:2d:86:6d:ae","RSSI":-69},{"SSID":"MeetInLeeds","BSSID":"5c:a6:2d:86:6d:ad","RSSI":-69},{"SSID":"MeetInLeeds","BSSID":"5c:a6:2d:85:81:e2","RSSI":-70},{"SSID":"MeetInLeeds","BSSID":"5c:a6:2d:86:6b:22","RSSI":-70},{"SSID":"MeetInLeeds","BSSID":"5c:a6:2d:ce:b2:02","RSSI":-70},{"SSID":"eduroam","BSSID":"5c:a6:2d:85:81:e1","RSSI":-70},{"SSID":"MeetInLeeds","BSSID":"5c:a6:2d:af:91:c2","RSSI":-71},{"SSID":"eduroam","BSSID":"5c:a6:2d:af:91:c1","RSSI":-71},{"SSID":"MeetInLeeds","BSSID":"5c:a6:2d:86:6c:c2","RSSI":-71},{"SSID":"MeetInLeeds","BSSID":"5c:a6:2d:b6:22:42","RSSI":-71},{"SSID":"eduroam","BSSID":"5c:a6:2d:b6:22:41","RSSI":-71},{"SSID":"MeetInLeeds","BSSID":"5c:a6:2d:ef:45:22","RSSI":-72},{"SSID":"MeetInLeeds","BSSID":"5c:a6:2d:af:8f:62","RSSI":-72},{"SSID":"MeetInLeeds","BSSID":"ac:3a:67:07:fb:02","RSSI":-74},{"SSID":"eduroam","BSSID":"ac:3a:67:07:fb:0e","RSSI":-75},{"SSID":"MeetInLeeds","BSSID":"5c:a6:2d:ce:b2:0d","RSSI":-75},{"SSID":"eduroam","BSSID":"5c:a6:2d:ce:b2:0e","RSSI":-75},{"SSID":"MeetInLeeds","BSSID":"5c:a6:2d:ce:ac:82","RSSI":-76},{"SSID":"eduroam","BSSID":"5c:a6:2d:ce:ac:81","RSSI":-76},{"SSID":"MeetInLeeds","BSSID":"5c:a6:2d:af:8f:6d","RSSI":-77},{"SSID":"MeetInLeeds","BSSID":"5c:a6:2d:1e:09:02","RSSI":-77},{"SSID":"MeetInLeeds","BSSID":"ac:3a:67:08:29:a2","RSSI":-78},{"SSID":"MeetInLeeds","BSSID":"5c:a6:2d:ce:b5:0d","RSSI":-79},{"SSID":"eduroam","BSSID":"ac:3a:67:08:29:a1","RSSI":-79},{"SSID":"eduroam","BSSID":"5c:a6:2d:ce:b5:0e","RSSI":-80},{"SSID":"MeetInLeeds","BSSID":"5c:a6:2d:cf:c4:42","RSSI":-80},{"SSID":"eduroam","BSSID":"5c:a6:2d:ce:b4:c1","RSSI":-81},{"SSID":"MeetInLeeds","BSSID":"ac:3a:67:07:fb:0d","RSSI":-82},{"SSID":"eduroam","BSSID":"5c:a6:2d:5d:ab:6e","RSSI":-82},{"SSID":"MeetInLeeds","BSSID":"5c:a6:2d:86:6b:6d","RSSI":-82},{"SSID":"eduroam","BSSID":"ac:3a:67:08:32:41","RSSI":-83},{"SSID":"eduroam","BSSID":"5c:a6:2d:ce:ac:8e","RSSI":-84},{"SSID":"MeetInLeeds","BSSID":"5c:a6:2d:85:81:ed","RSSI":-85},{"SSID":"MeetInLeeds","BSSID":"5c:a6:2d:5d:2e:22","RSSI":-85},{"SSID":"eduroam","BSSID":"5c:a6:2d:85:81:ee","RSSI":-86},{"SSID":"MeetInLeeds","BSSID":"5c:a6:2d:ce:a1:cd","RSSI":-86},{"SSID":"MeetInLeeds","BSSID":"ac:3a:67:07:fc:4d","RSSI":-86},{"SSID":"MeetInLeeds","BSSID":"5c:a6:2d:ce:ac:8d","RSSI":-86},{"SSID":"eduroam","BSSID":"ac:3a:67:08:29:ae","RSSI":-87}],[{"SSID":"MeetInLeeds","BSSID":"5c:a6:2d:b5:ca:e2","RSSI":-44},{"SSID":"eduroam","BSSID":"ac:3a:67:08:25:c1","RSSI":-50},{"SSID":"MeetInLeeds","BSSID":"5c:a6:2d:b5:ca:ed","RSSI":-59},{"SSID":"eduroam","BSSID":"5c:a6:2d:b5:ca:ee","RSSI":-59},{"SSID":"MeetInLeeds","BSSID":"5c:a6:2d:cf:e3:4d","RSSI":-61},{"SSID":"eduroam","BSSID":"5c:a6:2d:cf:e3:4e","RSSI":-61},{"SSID":"MeetInLeeds","BSSID":"5c:a6:2d:86:6d:a2","RSSI":-61},{"SSID":"MeetInLeeds","BSSID":"5c:a6:2d:af:90:62","RSSI":-61},{"SSID":"eduroam","BSSID":"5c:a6:2d:af:90:61","RSSI":-62},{"SSID":"MeetInLeeds","BSSID":"ac:3a:67:08:25:cd","RSSI":-64},{"SSID":"MeetInLeeds","BSSID":"5c:a6:2d:af:90:6d","RSSI":-65},{"SSID":"MeetInLeeds","BSSID":"5c:a6:2d:86:6b:22","RSSI":-66},{"SSID":"eduroam","BSSID":"ac:3a:67:08:25:ce","RSSI":-66},{"SSID":"eduroam","BSSID":"5c:a6:2d:af:90:6e","RSSI":-66},{"SSID":"MeetInLeeds","BSSID":"5c:a6:2d:b6:22:42","RSSI":-66},{"SSID":"MeetInLeeds","BSSID":"5c:a6:2d:45:db:8d","RSSI":-67},{"SSID":"MeetInLeeds","BSSID":"5c:a6:2d:86:6d:ad","RSSI":-67},{"SSID":"MeetInLeeds","BSSID":"5c:a6:2d:ce:b5:c2","RSSI":-68},{"SSID":"eduroam","BSSID":"5c:a6:2d:ce:b5:c1","RSSI":-68},{"SSID":"eduroam","BSSID":"5c:a6:2d:45:db:8e","RSSI":-68},{"SSID":"eduroam","BSSID":"5c:a6:2d:b6:22:41","RSSI":-69},{"SSID":"MeetInLeeds","BSSID":"5c:a6:2d:86:6c:c2","RSSI":-70},{"SSID":"eduroam","BSSID":"5c:a6:2d:ce:b2:01","RSSI":-70},{"SSID":"MeetInLeeds","BSSID":"ac:3a:67:07:fb:0d","RSSI":-71},{"SSID":"eduroam","BSSID":"5c:a6:2d:af:8f:61","RSSI":-71},{"SSID":"MeetInLeeds","BSSID":"ac:3a:67:08:25:c2","RSSI":-71},{"SSID":"eduroam","BSSID":"ac:3a:67:07:fb:01","RSSI":-71},{"SSID":"eduroam","BSSID":"5c:a6:2d:86:6d:ae","RSSI":-71},{"SSID":"MeetInLeeds","BSSID":"ac:3a:67:08:04:22","RSSI":-71},{"SSID":"eduroam","BSSID":"5c:a6:2d:af:91:c1","RSSI":-72},{"SSID":"MeetInLeeds","BSSID":"5c:a6:2d:af:8f:62","RSSI":-72},{"SSID":"MeetInLeeds","BSSID":"ac:3a:67:07:fb:02","RSSI":-72},{"SSID":"MeetInLeeds","BSSID":"5c:a6:2d:af:91:c2","RSSI":-73},{"SSID":"MeetInLeeds","BSSID":"5c:a6:2d:ce:ac:82","RSSI":-74},{"SSID":"MeetInLeeds","BSSID":"5c:a6:2d:86:6b:42","RSSI":-74},{"SSID":"MeetInLeeds","BSSID":"5c:a6:2d:ce:b5:cd","RSSI":-75},{"SSID":"MeetInLeeds","BSSID":"5c:a6:2d:cf:b0:02","RSSI":-76},{"SSID":"eduroam","BSSID":"5c:a6:2d:86:6a:41","RSSI":-76},{"SSID":"MeetInLeeds","BSSID":"5c:a6:2d:ce:b2:0d","RSSI":-76},{"SSID":"MeetInLeeds","BSSID":"5c:a6:2d:86:6b:62","RSSI":-76},{"SSID":"MeetInLeeds","BSSID":"ac:3a:67:08:29:a2","RSSI":-77},{"SSID":"MeetInLeeds","BSSID":"5c:a6:2d:af:8f:c2","RSSI":-78},{"SSID":"eduroam","BSSID":"5c:a6:2d:85:81:ee","RSSI":-79},{"SSID":"MeetInLeeds","BSSID":"5c:a6:2d:1e:09:02","RSSI":-79},{"SSID":"MeetInLeeds","BSSID":"5c:a6:2d:85:81:ed","RSSI":-80},{"SSID":"MeetInLeeds","BSSID":"5c:a6:2d:af:91:82","RSSI":-80},{"SSID":"eduroam","BSSID":"5c:a6:2d:af:8f:c1","RSSI":-80},{"SSID":"MeetInLeeds","BSSID":"5c:a6:2d:b6:22:4d","RSSI":-80},{"SSID":"MeetInLeeds","BSSID":"5c:a6:2d:70:7b:42","RSSI":-81},{"SSID":"eduroam","BSSID":"ac:3a:67:08:32:41","RSSI":-82},{"SSID":"MeetInLeeds","BSSID":"ac:3a:67:08:32:42","RSSI":-82},{"SSID":"eduroam","BSSID":"5c:a6:2d:af:91:8e","RSSI":-82},{"SSID":"MeetInLeeds","BSSID":"5c:a6:2d:af:91:8d","RSSI":-82},{"SSID":"MeetInLeeds","BSSID":"5c:a6:2d:86:69:e2","RSSI":-83},{"SSID":"MeetInLeeds","BSSID":"ac:3a:67:08:04:2d","RSSI":-83},{"SSID":"eduroam","BSSID":"5c:a6:2d:af:91:ce","RSSI":-84},{"SSID":"MeetInLeeds","BSSID":"5c:a6:2d:af:91:cd","RSSI":-84},{"SSID":"eduroam","BSSID":"ac:3a:67:08:04:2e","RSSI":-84},{"SSID":"MeetInLeeds","BSSID":"5c:a6:2d:ce:ac:8d","RSSI":-84},{"SSID":"eduroam","BSSID":"5c:a6:2d:86:6a:4e","RSSI":-85},{"SSID":"MeetInLeeds","BSSID":"5c:a6:2d:cf:c4:4d","RSSI":-85},{"SSID":"MeetInLeeds","BSSID":"ac:3a:67:07:fc:4d","RSSI":-85},{"SSID":"MeetInLeeds","BSSID":"5c:a6:2d:86:6a:4d","RSSI":-86},{"SSID":"MeetInLeeds","BSSID":"5c:a6:2d:86:6b:6d","RSSI":-86},{"SSID":"eduroam","BSSID":"5c:a6:2d:cf:c4:4e","RSSI":-87}],[{"SSID":"eduroam","BSSID":"5c:a6:2d:b5:ca:e1","RSSI":-43},{"SSID":"MeetInLeeds","BSSID":"5c:a6:2d:b5:ca:e2","RSSI":-43},{"SSID":"eduroam","BSSID":"ac:3a:67:08:25:c1","RSSI":-52},{"SSID":"MeetInLeeds","BSSID":"ac:3a:67:08:25:c2","RSSI":-52},{"SSID":"eduroam","BSSID":"5c:a6:2d:b5:ca:ee","RSSI":-56},{"SSID":"MeetInLeeds","BSSID":"5c:a6:2d:af:90:62","RSSI":-57},{"SSID":"MeetInLeeds","BSSID":"5c:a6:2d:b5:ca:ed","RSSI":-57},{"SSID":"eduroam","BSSID":"5c:a6:2d:af:90:61","RSSI":-58},{"SSID":"MeetInLeeds","BSSID":"ac:3a:67:08:25:cd","RSSI":-59},{"SSID":"eduroam","BSSID":"ac:3a:67:08:25:ce","RSSI":-60},{"SSID":"eduroam","BSSID":"5c:a6:2d:86:6d:a1","RSSI":-63},{"SSID":"MeetInLeeds","BSSID":"5c:a6:2d:86:6d:a2","RSSI":-63},{"SSID":"eduroam","BSSID":"5c:a6:2d:cf:e3:4e","RSSI":-64},{"SSID":"eduroam","BSSID":"5c:a6:2d:45:db:8e","RSSI":-64},{"SSID":"MeetInLeeds","BSSID":"5c:a6:2d:45:db:8d","RSSI":-64},{"SSID":"MeetInLeeds","BSSID":"5c:a6:2d:cf:e3:4d","RSSI":-65},{"SSID":"MeetInLeeds","BSSID":"5c:a6:2d:86:6d:ad","RSSI":-65},{"SSID":"MeetInLeeds","BSSID":"5c:a6:2d:ce:b5:c2","RSSI":-66},{"SSID":"eduroam","BSSID":"5c:a6:2d:ce:b5:c1","RSSI":-66},{"SSID":"MeetInLeeds","BSSID":"5c:a6:2d:af:90:6d","RSSI":-66},{"SSID":"MeetInLeeds","BSSID":"5c:a6:2d:86:6b:22","RSSI":-67},{"SSID":"eduroam","BSSID":"5c:a6:2d:af:90:6e","RSSI":-67},{"SSID":"eduroam","BSSID":"ac:3a:67:07:fb:0e","RSSI":-68},{"SSID":"MeetInLeeds","BSSID":"ac:3a:67:07:fb:0d","RSSI":-68},{"SSID":"eduroam","BSSID":"5c:a6:2d:45:db:81","RSSI":-68},{"SSID":"MeetInLeeds","BSSID":"5c:a6:2d:b6:22:42","RSSI":-69},{"SSID":"eduroam","BSSID":"5c:a6:2d:86:6d:ae","RSSI":-69},{"SSID":"eduroam","BSSID":"5c:a6:2d:b6:22:41","RSSI":-69},{"SSID":"MeetInLeeds","BSSID":"5c:a6:2d:45:db:82","RSSI":-70},{"SSID":"MeetInLeeds","BSSID":"5c:a6:2d:ef:45:22","RSSI":-70},{"SSID":"eduroam","BSSID":"5c:a6:2d:ef:45:21","RSSI":-70},{"SSID":"MeetInLeeds","BSSID":"5c:a6:2d:ce:b2:02","RSSI":-70},{"SSID":"eduroam","BSSID":"5c:a6:2d:ce:b2:01","RSSI":-70},{"SSID":"eduroam","BSSID":"5c:a6:2d:86:6b:2e","RSSI":-71},{"SSID":"eduroam","BSSID":"5c:a6:2d:85:81:e1","RSSI":-71},{"SSID":"MeetInLeeds","BSSID":"5c:a6:2d:86:6b:2d","RSSI":-72},{"SSID":"eduroam","BSSID":"5c:a6:2d:af:8f:61","RSSI":-72},{"SSID":"MeetInLeeds","BSSID":"5c:a6:2d:af:8f:62","RSSI":-72},{"SSID":"eduroam","BSSID":"ac:3a:67:07:fb:01","RSSI":-72},{"SSID":"MeetInLeeds","BSSID":"ac:3a:67:08:04:22","RSSI":-72},{"SSID":"MeetInLeeds","BSSID":"5c:a6:2d:af:91:c2","RSSI":-73},{"SSID":"eduroam","BSSID":"5c:a6:2d:ce:b5:01","RSSI":-74},{"SSID":"MeetInLeeds","BSSID":"5c:a6:2d:b6:22:4d","RSSI":-74},{"SSID":"MeetInLeeds","BSSID":"5c:a6:2d:cf:b0:02","RSSI":-75},{"SSID":"eduroam","BSSID":"5c:a6:2d:ce:ac:81","RSSI":-75},{"SSID":"eduroam","BSSID":"5c:a6:2d:cf:b0:01","RSSI":-75},{"SSID":"MeetInLeeds","BSSID":"5c:a6:2d:86:6a:42","RSSI":-75},{"SSID":"MeetInLeeds","BSSID":"5c:a6:2d:ce:b5:02","RSSI":-75},{"SSID":"eduroam","BSSID":"5c:a6:2d:b6:22:4e","RSSI":-75},{"SSID":"MeetInLeeds","BSSID":"5c:a6:2d:86:6b:42","RSSI":-76},{"SSID":"eduroam","BSSID":"ac:3a:67:08:29:a1","RSSI":-76},{"SSID":"MeetInLeeds","BSSID":"ac:3a:67:08:29:a2","RSSI":-77},{"SSID":"MeetInLeeds","BSSID":"5c:a6:2d:af:90:a2","RSSI":-77},{"SSID":"MeetInLeeds","BSSID":"5c:a6:2d:cf:c5:ed","RSSI":-78},{"SSID":"MeetInLeeds","BSSID":"5c:a6:2d:af:91:82","RSSI":-78},{"SSID":"MeetInLeeds","BSSID":"5c:a6:2d:ce:b2:0d","RSSI":-78},{"SSID":"eduroam","BSSID":"5c:a6:2d:ce:b2:0e","RSSI":-78},{"SSID":"eduroam","BSSID":"5c:a6:2d:af:90:a1","RSSI":-78},{"SSID":"eduroam","BSSID":"5c:a6:2d:86:6c:ce","RSSI":-78},{"SSID":"MeetInLeeds","BSSID":"5c:a6:2d:86:6b:6d","RSSI":-78},{"SSID":"eduroam","BSSID":"5c:a6:2d:86:6b:6e","RSSI":-78},{"SSID":"MeetInLeeds","BSSID":"5c:a6:2d:1e:09:02","RSSI":-79},{"SSID":"MeetInLeeds","BSSID":"5c:a6:2d:cf:c3:22","RSSI":-79},{"SSID":"eduroam","BSSID":"5c:a6:2d:af:91:81","RSSI":-79},{"SSID":"MeetInLeeds","BSSID":"5c:a6:2d:86:6c:cd","RSSI":-79},{"SSID":"eduroam","BSSID":"5c:a6:2d:af:91:8e","RSSI":-80},{"SSID":"MeetInLeeds","BSSID":"5c:a6:2d:af:91:8d","RSSI":-80},{"SSID":"MeetInLeeds","BSSID":"ac:3a:67:08:01:82","RSSI":-80},{"SSID":"eduroam","BSSID":"5c:a6:2d:cf:c3:21","RSSI":-80},{"SSID":"eduroam","BSSID":"5c:a6:2d:ce:b5:0e","RSSI":-80},{"SSID":"MeetInLeeds","BSSID":"5c:a6:2d:af:91:42","RSSI":-80},{"SSID":"MeetInLeeds","BSSID":"5c:a6:2d:ce:ac:8d","RSSI":-81},{"SSID":"eduroam","BSSID":"5c:a6:2d:ce:ac:8e","RSSI":-81},{"SSID":"MeetInLeeds","BSSID":"5c:a6:2d:86:6d:22","RSSI":-81},{"SSID":"MeetInLeeds","BSSID":"5c:a6:2d:af:8f:6d","RSSI":-82},{"SSID":"MeetInLeeds","BSSID":"5c:a6:2d:85:81:ed","RSSI":-82},{"SSID":"eduroam","BSSID":"5c:a6:2d:ce:b5:ce","RSSI":-83},{"SSID":"eduroam","BSSID":"5c:a6:2d:af:91:ce","RSSI":-83},{"SSID":"eduroam","BSSID":"5c:a6:2d:af:91:e1","RSSI":-83},{"SSID":"MeetInLeeds","BSSID":"5c:a6:2d:ce:b5:cd","RSSI":-84},{"SSID":"MeetInLeeds","BSSID":"5c:a6:2d:ce:b5:0d","RSSI":-84}],[{"SSID":"eduroam","BSSID":"5c:a6:2d:b5:ca:e1","RSSI":-41},{"SSID":"MeetInLeeds","BSSID":"5c:a6:2d:b5:ca:e2","RSSI":-41},{"SSID":"MeetInLeeds","BSSID":"5c:a6:2d:cf:e3:42","RSSI":-46},{"SSID":"MeetInLeeds","BSSID":"ac:3a:67:08:25:c2","RSSI":-52},{"SSID":"eduroam","BSSID":"5c:a6:2d:b5:ca:ee","RSSI":-55},{"SSID":"eduroam","BSSID":"5c:a6:2d:af:90:61","RSSI":-57},{"SSID":"MeetInLeeds","BSSID":"5c:a6:2d:af:90:62","RSSI":-57},{"SSID":"MeetInLeeds","BSSID":"5c:a6:2d:b5:ca:ed","RSSI":-58},{"SSID":"MeetInLeeds","BSSID":"5c:a6:2d:86:6d:a2","RSSI":-59},{"SSID":"MeetInLeeds","BSSID":"5c:a6:2d:cf:e3:4d","RSSI":-62},{"SSID":"eduroam","BSSID":"5c:a6:2d:cf:e3:4e","RSSI":-62},{"SSID":"eduroam","BSSID":"ac:3a:67:08:25:ce","RSSI":-63},{"SSID":"MeetInLeeds","BSSID":"ac:3a:67:08:25:cd","RSSI":-63},{"SSID":"eduroam","BSSID":"5c:a6:2d:86:6b:21","RSSI":-66},{"SSID":"MeetInLeeds","BSSID":"5c:a6:2d:86:6b:22","RSSI":-66},{"SSID":"MeetInLeeds","BSSID":"5c:a6:2d:ef:45:22","RSSI":-66},{"SSID":"eduroam","BSSID":"5c:a6:2d:ef:45:21","RSSI":-66},{"SSID":"eduroam","BSSID":"5c:a6:2d:86:6d:ae","RSSI":-66},{"SSID":"MeetInLeeds","BSSID":"5c:a6:2d:86:6d:ad","RSSI":-66},{"SSID":"MeetInLeeds","BSSID":"5c:a6:2d:45:db:82","RSSI":-67},{"SSID":"MeetInLeeds","BSSID":"5c:a6:2d:ce:b5:c2","RSSI":-67},{"SSID":"eduroam","BSSID":"5c:a6:2d:ce:b5:c1","RSSI":-67},{"SSID":"MeetInLeeds","BSSID":"5c:a6:2d:86:6c:c2","RSSI":-67},{"SSID":"MeetInLeeds","BSSID":"5c:a6:2d:af:8f:62","RSSI":-69},{"SSID":"MeetInLeeds","BSSID":"5c:a6:2d:ce:b2:02","RSSI":-69},{"SSID":"eduroam","BSSID":"5c:a6:2d:af:8f:61","RSSI":-70},{"SSID":"MeetInLeeds","BSSID":"5c:a6:2d:b6:22:42","RSSI":-70},{"SSID":"eduroam","BSSID":"5c:a6:2d:b6:22:41","RSSI":-70},{"SSID":"eduroam","BSSID":"ac:3a:67:08:04:21","RSSI":-70},{"SSID":"eduroam","BSSID":"5c:a6:2d:85:81:e1","RSSI":-71},{"SSID":"MeetInLeeds","BSSID":"ac:3a:67:08:04:22","RSSI":-71},{"SSID":"MeetInLeeds","BSSID":"5c:a6:2d:85:81:e2","RSSI":-72},{"SSID":"MeetInLeeds","BSSID":"5c:a6:2d:af:91:c2","RSSI":-73},{"SSID":"eduroam","BSSID":"ac:3a:67:07:fb:01","RSSI":-73},{"SSID":"MeetInLeeds","BSSID":"ac:3a:67:07:fb:02","RSSI":-73},{"SSID":"MeetInLeeds","BSSID":"5c:a6:2d:ce:b5:02","RSSI":-74},{"SSID":"eduroam","BSSID":"5c:a6:2d:ce:b5:01","RSSI":-74},{"SSID":"MeetInLeeds","BSSID":"5c:a6:2d:ce:ac:82","RSSI":-75},{"SSID":"MeetInLeeds","BSSID":"5c:a6:2d:cf:b0:02","RSSI":-75},{"SSID":"eduroam","BSSID":"5c:a6:2d:86:6b:2e","RSSI":-75},{"SSID":"MeetInLeeds","BSSID":"5c:a6:2d:86:6b:2d","RSSI":-75},{"SSID":"MeetInLeeds","BSSID":"5c:a6:2d:86:6b:42","RSSI":-75},{"SSID":"eduroam","BSSID":"5c:a6:2d:cf:b0:01","RSSI":-76},{"SSID":"MeetInLeeds","BSSID":"5c:a6:2d:86:6a:42","RSSI":-76},{"SSID":"eduroam","BSSID":"5c:a6:2d:5d:ab:61","RSSI":-77},{"SSID":"MeetInLeeds","BSSID":"5c:a6:2d:86:6b:4d","RSSI":-77},{"SSID":"eduroam","BSSID":"5c:a6:2d:b6:22:4e","RSSI":-77},{"SSID":"MeetInLeeds","BSSID":"5c:a6:2d:1e:09:02","RSSI":-78},{"SSID":"eduroam","BSSID":"ac:3a:67:08:29:a1","RSSI":-78},{"SSID":"MeetInLeeds","BSSID":"5c:a6:2d:b6:22:4d","RSSI":-78},{"SSID":"eduroam","BSSID":"5c:a6:2d:85:81:ee","RSSI":-79},{"SSID":"MeetInLeeds","BSSID":"5c:a6:2d:86:6c:cd","RSSI":-79},{"SSID":"eduroam","BSSID":"5c:a6:2d:86:6c:ce","RSSI":-79},{"SSID":"eduroam","BSSID":"5c:a6:2d:af:91:41","RSSI":-79},{"SSID":"MeetInLeeds","BSSID":"ac:3a:67:08:01:82","RSSI":-80},{"SSID":"MeetInLeeds","BSSID":"5c:a6:2d:ce:b5:cd","RSSI":-80},{"SSID":"MeetInLeeds","BSSID":"5c:a6:2d:af:91:82","RSSI":-80},{"SSID":"MeetInLeeds","BSSID":"ac:3a:67:08:29:a2","RSSI":-80},{"SSID":"MeetInLeeds","BSSID":"5c:a6:2d:86:6d:22","RSSI":-80},{"SSID":"MeetInLeeds","BSSID":"5c:a6:2d:86:6a:4d","RSSI":-81},{"SSID":"eduroam","BSSID":"5c:a6:2d:af:8f:c1","RSSI":-81},{"SSID":"MeetInLeeds","BSSID":"5c:a6:2d:86:6b:6d","RSSI":-81},{"SSID":"MeetInLeeds","BSSID":"5c:a6:2d:85:81:ed","RSSI":-82},{"SSID":"MeetInLeeds","BSSID":"5c:a6:2d:ce:b5:0d","RSSI":-82},{"SSID":"MeetInLeeds","BSSID":"5c:a6:2d:af:8f:c2","RSSI":-82},{"SSID":"MeetInLeeds","BSSID":"5c:a6:2d:ce:b4:c2","RSSI":-82},{"SSID":"MeetInLeeds","BSSID":"5c:a6:2d:af:91:e2","RSSI":-82},{"SSID":"MeetInLeeds","BSSID":"5c:a6:2d:cf:c3:2d","RSSI":-83},{"SSID":"eduroam","BSSID":"5c:a6:2d:af:91:8e","RSSI":-83},{"SSID":"MeetInLeeds","BSSID":"5c:a6:2d:af:91:8d","RSSI":-83},{"SSID":"eduroam","BSSID":"5c:a6:2d:86:6b:6e","RSSI":-83},{"SSID":"eduroam","BSSID":"5c:a6:2d:cf:c5:ee","RSSI":-84},{"SSID":"MeetInLeeds","BSSID":"5c:a6:2d:cf:c5:ed","RSSI":-84},{"SSID":"MeetInLeeds","BSSID":"5c:a6:2d:ce:bf:02","RSSI":-84},{"SSID":"eduroam","BSSID":"5c:a6:2d:af:91:ce","RSSI":-84},{"SSID":"MeetInLeeds","BSSID":"ac:3a:67:08:04:2d","RSSI":-84},{"SSID":"MeetInLeeds","BSSID":"5c:a6:2d:5d:ab:6d","RSSI":-85},{"SSID":"MeetInLeeds","BSSID":"5c:a6:2d:af:91:cd","RSSI":-85},{"SSID":"eduroam","BSSID":"ac:3a:67:08:04:2e","RSSI":-85},{"SSID":"eduroam","BSSID":"5c:a6:2d:cf:c4:4e","RSSI":-87},{"SSID":"MeetInLeeds","BSSID":"5c:a6:2d:af:8f:cd","RSSI":-88},{"SSID":"MeetInLeeds","BSSID":"5c:a6:2d:af:92:2d","RSSI":-89}],[{"SSID":"eduroam","BSSID":"5c:a6:2d:b5:ca:e1","RSSI":-42},{"SSID":"MeetInLeeds","BSSID":"5c:a6:2d:b5:ca:e2","RSSI":-42},{"SSID":"eduroam","BSSID":"5c:a6:2d:cf:e3:41","RSSI":-44},{"SSID":"MeetInLeeds","BSSID":"5c:a6:2d:cf:e3:42","RSSI":-45},{"SSID":"MeetInLeeds","BSSID":"ac:3a:67:08:25:c2","RSSI":-47},{"SSID":"eduroam","BSSID":"5c:a6:2d:86:6d:a1","RSSI":-55},{"SSID":"MeetInLeeds","BSSID":"5c:a6:2d:86:6d:a2","RSSI":-56},{"SSID":"eduroam","BSSID":"5c:a6:2d:af:90:61","RSSI":-58},{"SSID":"MeetInLeeds","BSSID":"5c:a6:2d:b5:ca:ed","RSSI":-58},{"SSID":"eduroam","BSSID":"5c:a6:2d:b5:ca:ee","RSSI":-58},{"SSID":"MeetInLeeds","BSSID":"5c:a6:2d:af:90:62","RSSI":-60},{"SSID":"eduroam","BSSID":"5c:a6:2d:86:6b:21","RSSI":-64},{"SSID":"eduroam","BSSID":"ac:3a:67:08:25:ce","RSSI":-64},{"SSID":"eduroam","BSSID":"5c:a6:2d:45:db:8e","RSSI":-65},{"SSID":"MeetInLeeds","BSSID":"5c:a6:2d:45:db:8d","RSSI":-65},{"SSID":"MeetInLeeds","BSSID":"5c:a6:2d:b6:22:42","RSSI":-65},{"SSID":"MeetInLeeds","BSSID":"5c:a6:2d:86:6d:ad","RSSI":-65},{"SSID":"eduroam","BSSID":"5c:a6:2d:b6:22:41","RSSI":-65},{"SSID":"MeetInLeeds","BSSID":"5c:a6:2d:ce:b2:02","RSSI":-66},{"SSID":"eduroam","BSSID":"5c:a6:2d:af:90:6e","RSSI":-67},{"SSID":"eduroam","BSSID":"5c:a6:2d:45:db:81","RSSI":-68},{"SSID":"MeetInLeeds","BSSID":"5c:a6:2d:45:db:82","RSSI":-68},{"SSID":"eduroam","BSSID":"5c:a6:2d:ef:45:21","RSSI":-68},{"SSID":"MeetInLeeds","BSSID":"5c:a6:2d:ce:b5:c2","RSSI":-68},{"SSID":"eduroam","BSSID":"5c:a6:2d:ce:b5:c1","RSSI":-68},{"SSID":"MeetInLeeds","BSSID":"5c:a6:2d:86:6c:c2","RSSI":-68},{"SSID":"eduroam","BSSID":"5c:a6:2d:86:6c:c1","RSSI":-69},{"SSID":"MeetInLeeds","BSSID":"5c:a6:2d:ef:45:22","RSSI":-70},{"SSID":"MeetInLeeds","BSSID":"5c:a6:2d:af:90:6d","RSSI":-70},{"SSID":"MeetInLeeds","BSSID":"ac:3a:67:08:04:22","RSSI":-70},{"SSID":"eduroam","BSSID":"ac:3a:67:08:04:21","RSSI":-70},{"SSID":"MeetInLeeds","BSSID":"5c:a6:2d:ce:ac:82","RSSI":-72},{"SSID":"eduroam","BSSID":"5c:a6:2d:86:6b:2e","RSSI":-72},{"SSID":"MeetInLeeds","BSSID":"5c:a6:2d:86:6b:42","RSSI":-72},{"SSID":"MeetInLeeds","BSSID":"5c:a6:2d:86:6b:2d","RSSI":-73},{"SSID":"eduroam","BSSID":"5c:a6:2d:85:81:e1","RSSI":-73},{"SSID":"eduroam","BSSID":"5c:a6:2d:af:8f:61","RSSI":-74},{"SSID":"eduroam","BSSID":"5c:a6:2d:ef:45:2e","RSSI":-74},{"SSID":"MeetInLeeds","BSSID":"5c:a6:2d:1e:09:02","RSSI":-75},{"SSID":"MeetInLeeds","BSSID":"5c:a6:2d:af:91:c2","RSSI":-75},{"SSID":"eduroam","BSSID":"5c:a6:2d:af:91:c1","RSSI":-75},{"SSID":"MeetInLeeds","BSSID":"5c:a6:2d:86:6b:22","RSSI":-75},{"SSID":"MeetInLeeds","BSSID":"5c:a6:2d:af:8f:62","RSSI":-75},{"SSID":"MeetInLeeds","BSSID":"ac:3a:67:07:fb:0d","RSSI":-76},{"SSID":"eduroam","BSSID":"5c:a6:2d:cf:b0:01","RSSI":-76},{"SSID":"eduroam","BSSID":"5c:a6:2d:ce:b5:ce","RSSI":-76},{"SSID":"MeetInLeeds","BSSID":"5c:a6:2d:5d:ab:62","RSSI":-76},{"SSID":"eduroam","BSSID":"5c:a6:2d:85:81:ee","RSSI":-77},{"SSID":"MeetInLeeds","BSSID":"5c:a6:2d:cf:b0:02","RSSI":-77},{"SSID":"MeetInLeeds","BSSID":"5c:a6:2d:ce:b5:cd","RSSI":-77},{"SSID":"MeetInLeeds","BSSID":"5c:a6:2d:af:90:a2","RSSI":-77},{"SSID":"eduroam","BSSID":"5c:a6:2d:86:6d:ae","RSSI":-77},{"SSID":"MeetInLeeds","BSSID":"5c:a6:2d:85:81:ed","RSSI":-78},{"SSID":"MeetInLeeds","BSSID":"5c:a6:2d:86:6a:42","RSSI":-78},{"SSID":"MeetInLeeds","BSSID":"5c:a6:2d:cf:c3:22","RSSI":-79},{"SSID":"MeetInLeeds","BSSID":"ac:3a:67:08:01:82","RSSI":-79},{"SSID":"MeetInLeeds","BSSID":"5c:a6:2d:cf:c5:ed","RSSI":-79},{"SSID":"MeetInLeeds","BSSID":"ac:3a:67:08:29:a2","RSSI":-79},{"SSID":"eduroam","BSSID":"5c:a6:2d:af:91:ce","RSSI":-79},{"SSID":"eduroam","BSSID":"ac:3a:67:08:32:41","RSSI":-80},{"SSID":"eduroam","BSSID":"5c:a6:2d:af:8f:6e","RSSI":-80},{"SSID":"eduroam","BSSID":"5c:a6:2d:af:91:8e","RSSI":-80},{"SSID":"MeetInLeeds","BSSID":"5c:a6:2d:af:91:8d","RSSI":-80},{"SSID":"MeetInLeeds","BSSID":"5c:a6:2d:af:91:cd","RSSI":-80},{"SSID":"MeetInLeeds","BSSID":"5c:a6:2d:af:8f:6d","RSSI":-81},{"SSID":"eduroam","BSSID":"5c:a6:2d:cf:c3:21","RSSI":-81},{"SSID":"MeetInLeeds","BSSID":"5c:a6:2d:5d:2d:02","RSSI":-81},{"SSID":"MeetInLeeds","BSSID":"5c:a6:2d:5d:ab:6d","RSSI":-81},{"SSID":"MeetInLeeds","BSSID":"5c:a6:2d:af:8f:c2","RSSI":-81},{"SSID":"MeetInLeeds","BSSID":"5c:a6:2d:86:6b:6d","RSSI":-81},{"SSID":"MeetInLeeds","BSSID":"5c:a6:2d:cf:c3:2d","RSSI":-82},{"SSID":"MeetInLeeds","BSSID":"5c:a6:2d:85:81:c2","RSSI":-82},{"SSID":"eduroam","BSSID":"5c:a6:2d:86:6d:21","RSSI":-82},{"SSID":"eduroam","BSSID":"5c:a6:2d:cf:c3:2e","RSSI":-83},{"SSID":"eduroam","BSSID":"5c:a6:2d:ce:bf:01","RSSI":-84},{"SSID":"MeetInLeeds","BSSID":"ac:3a:67:08:29:ad","RSSI":-86},{"SSID":"MeetInLeeds","BSSID":"5c:a6:2d:af:91:4d","RSSI":-89}],[{"SSID":"MeetInLeeds","BSSID":"5c:a6:2d:cf:e3:42","RSSI":-41},{"SSID":"eduroam","BSSID":"5c:a6:2d:cf:e3:41","RSSI":-41},{"SSID":"MeetInLeeds","BSSID":"5c:a6:2d:b5:ca:e2","RSSI":-44},{"SSID":"eduroam","BSSID":"ac:3a:67:08:25:c1","RSSI":-46},{"SSID":"MeetInLeeds","BSSID":"ac:3a:67:08:25:c2","RSSI":-46},{"SSID":"MeetInLeeds","BSSID":"5c:a6:2d:b5:ca:ed","RSSI":-53},{"SSID":"eduroam","BSSID":"5c:a6:2d:b5:ca:ee","RSSI":-54},{"SSID":"MeetInLeeds","BSSID":"5c:a6:2d:af:90:62","RSSI":-57},{"SSID":"eduroam","BSSID":"ac:3a:67:08:25:ce","RSSI":-58},{"SSID":"eduroam","BSSID":"5c:a6:2d:af:90:61","RSSI":-58},{"SSID":"MeetInLeeds","BSSID":"ac:3a:67:08:25:cd","RSSI":-59},{"SSID":"eduroam","BSSID":"5c:a6:2d:86:6d:a1","RSSI":-59},{"SSID":"MeetInLeeds","BSSID":"5c:a6:2d:86:6d:a2","RSSI":-59},{"SSID":"MeetInLeeds","BSSID":"5c:a6:2d:cf:e3:4d","RSSI":-61},{"SSID":"eduroam","BSSID":"5c:a6:2d:cf:e3:4e","RSSI":-62},{"SSID":"MeetInLeeds","BSSID":"5c:a6:2d:86:6b:22","RSSI":-64},{"SSID":"eduroam","BSSID":"5c:a6:2d:45:db:8e","RSSI":-65},{"SSID":"MeetInLeeds","BSSID":"5c:a6:2d:45:db:8d","RSSI":-65},{"SSID":"eduroam","BSSID":"5c:a6:2d:86:6d:ae","RSSI":-66},{"SSID":"MeetInLeeds","BSSID":"5c:a6:2d:86:6d:ad","RSSI":-66},{"SSID":"MeetInLeeds","BSSID":"5c:a6:2d:45:db:82","RSSI":-67},{"SSID":"MeetInLeeds","BSSID":"5c:a6:2d:ce:b5:c2","RSSI":-68},{"SSID":"MeetInLeeds","BSSID":"5c:a6:2d:af:90:6d","RSSI":-68},{"SSID":"eduroam","BSSID":"5c:a6:2d:af:90:6e","RSSI":-70},{"SSID":"MeetInLeeds","BSSID":"5c:a6:2d:b6:22:42","RSSI":-70},{"SSID":"eduroam","BSSID":"5c:a6:2d:86:6b:2e","RSSI":-71},{"SSID":"eduroam","BSSID":"5c:a6:2d:86:6c:c1","RSSI":-71},{"SSID":"MeetInLeeds","BSSID":"5c:a6:2d:86:6c:c2","RSSI":-71},{"SSID":"MeetInLeeds","BSSID":"5c:a6:2d:b6:22:4d","RSSI":-71},{"SSID":"MeetInLeeds","BSSID":"ac:3a:67:07:fb:0d","RSSI":-72},{"SSID":"MeetInLeeds","BSSID":"5c:a6:2d:af:91:c2","RSSI":-72},{"SSID":"MeetInLeeds","BSSID":"5c:a6:2d:86:6b:2d","RSSI":-72},{"SSID":"MeetInLeeds","BSSID":"5c:a6:2d:ce:b2:02","RSSI":-72},{"SSID":"eduroam","BSSID":"5c:a6:2d:ce:b2:01","RSSI":-72},{"SSID":"eduroam","BSSID":"5c:a6:2d:86:6b:61","RSSI":-72},{"SSID":"eduroam","BSSID":"ac:3a:67:07:fb:0e","RSSI":-73},{"SSID":"eduroam","BSSID":"5c:a6:2d:af:91:c1","RSSI":-73},{"SSID":"eduroam","BSSID":"5c:a6:2d:ef:45:2e","RSSI":-73},{"SSID":"eduroam","BSSID":"5c:a6:2d:b6:22:4e","RSSI":-73},{"SSID":"MeetInLeeds","BSSID":"5c:a6:2d:1e:09:02","RSSI":-74},{"SSID":"MeetInLeeds","BSSID":"5c:a6:2d:ce:ac:82","RSSI":-75},{"SSID":"eduroam","BSSID":"5c:a6:2d:86:6a:41","RSSI":-75},{"SSID":"eduroam","BSSID":"5c:a6:2d:1e:09:01","RSSI":-75},{"SSID":"MeetInLeeds","BSSID":"5c:a6:2d:cf:c5:ed","RSSI":-75},{"SSID":"MeetInLeeds","BSSID":"ac:3a:67:07:fb:02","RSSI":-75},{"SSID":"MeetInLeeds","BSSID":"5c:a6:2d:86:6a:42","RSSI":-76},{"SSID":"MeetInLeeds","BSSID":"5c:a6:2d:af:8f:6d","RSSI":-77},{"SSID":"eduroam","BSSID":"5c:a6:2d:ce:b5:ce","RSSI":-77},{"SSID":"MeetInLeeds","BSSID":"5c:a6:2d:ce:b5:cd","RSSI":-77},{"SSID":"eduroam","BSSID":"5c:a6:2d:af:90:a1","RSSI":-77},{"SSID":"MeetInLeeds","BSSID":"5c:a6:2d:cf:c5:e2","RSSI":-78},{"SSID":"MeetInLeeds","BSSID":"5c:a6:2d:86:6d:22","RSSI":-79},{"SSID":"MeetInLeeds","BSSID":"5c:a6:2d:85:81:ed","RSSI":-80},{"SSID":"MeetInLeeds","BSSID":"5c:a6:2d:af:91:cd","RSSI":-81},{"SSID":"eduroam","BSSID":"5c:a6:2d:cf:c3:2e","RSSI":-82},{"SSID":"MeetInLeeds","BSSID":"5c:a6:2d:cf:c4:42","RSSI":-82},{"SSID":"eduroam","BSSID":"5c:a6:2d:70:7b:41","RSSI":-83},{"SSID":"MeetInLeeds","BSSID":"ac:3a:67:08:04:2d","RSSI":-83},{"SSID":"eduroam","BSSID":"ac:3a:67:08:04:2e","RSSI":-83},{"SSID":"MeetInLeeds","BSSID":"5c:a6:2d:86:6b:6d","RSSI":-83},{"SSID":"eduroam","BSSID":"5c:a6:2d:86:6b:6e","RSSI":-83},{"SSID":"MeetInLeeds","BSSID":"5c:a6:2d:cf:c3:2d","RSSI":-84},{"SSID":"MeetInLeeds","BSSID":"5c:a6:2d:af:91:8d","RSSI":-84},{"SSID":"eduroam","BSSID":"5c:a6:2d:85:81:ee","RSSI":-85},{"SSID":"MeetInLeeds","BSSID":"ac:3a:67:08:01:8d","RSSI":-86},{"SSID":"MeetInLeeds","BSSID":"5c:a6:2d:cf:c4:4d","RSSI":-87}],[{"SSID":"MeetInLeeds","BSSID":"5c:a6:2d:cf:e3:42","RSSI":-42},{"SSID":"eduroam","BSSID":"5c:a6:2d:cf:e3:41","RSSI":-42},{"SSID":"MeetInLeeds","BSSID":"5c:a6:2d:b5:ca:e2","RSSI":-44},{"SSID":"eduroam","BSSID":"ac:3a:67:08:25:c1","RSSI":-46},{"SSID":"MeetInLeeds","BSSID":"ac:3a:67:08:25:c2","RSSI":-46},{"SSID":"eduroam","BSSID":"5c:a6:2d:b5:ca:ee","RSSI":-52},{"SSID":"MeetInLeeds","BSSID":"5c:a6:2d:b5:ca:ed","RSSI":-53},{"SSID":"eduroam","BSSID":"ac:3a:67:08:25:ce","RSSI":-58},{"SSID":"MeetInLeeds","BSSID":"ac:3a:67:08:25:cd","RSSI":-58},{"SSID":"eduroam","BSSID":"5c:a6:2d:af:90:61","RSSI":-59},{"SSID":"MeetInLeeds","BSSID":"5c:a6:2d:af:90:62","RSSI":-59},{"SSID":"MeetInLeeds","BSSID":"5c:a6:2d:45:db:8d","RSSI":-62},{"SSID":"MeetInLeeds","BSSID":"5c:a6:2d:cf:e3:4d","RSSI":-63},{"SSID":"eduroam","BSSID":"5c:a6:2d:cf:e3:4e","RSSI":-63},{"SSID":"eduroam","BSSID":"5c:a6:2d:45:db:8e","RSSI":-64},{"SSID":"eduroam","BSSID":"5c:a6:2d:86:6d:ae","RSSI":-65},{"SSID":"MeetInLeeds","BSSID":"5c:a6:2d:86:6d:ad","RSSI":-65},{"SSID":"MeetInLeeds","BSSID":"5c:a6:2d:86:6b:22","RSSI":-66},{"SSID":"eduroam","BSSID":"5c:a6:2d:86:6b:21","RSSI":-67},{"SSID":"MeetInLeeds","BSSID":"5c:a6:2d:ce:b5:c2","RSSI":-67},{"SSID":"MeetInLeeds","BSSID":"5c:a6:2d:b6:22:42","RSSI":-67},{"SSID":"eduroam","BSSID":"5c:a6:2d:af:90:6e","RSSI":-68},{"SSID":"eduroam","BSSID":"5c:a6:2d:ce:b2:01","RSSI":-69},{"SSID":"eduroam","BSSID":"ac:3a:67:07:fb:0e","RSSI":-70},{"SSID":"MeetInLeeds","BSSID":"ac:3a:67:07:fb:0d","RSSI":-70},{"SSID":"MeetInLeeds","BSSID":"5c:a6:2d:ce:b2:0d","RSSI":-70},{"SSID":"eduroam","BSSID":"5c:a6:2d:86:6c:c1","RSSI":-70},{"SSID":"MeetInLeeds","BSSID":"5c:a6:2d:86:6c:c2","RSSI":-70},{"SSID":"MeetInLeeds","BSSID":"5c:a6:2d:af:90:6d","RSSI":-70},{"SSID":"eduroam","BSSID":"5c:a6:2d:ce:b2:0e","RSSI":-71},{"SSID":"eduroam","BSSID":"5c:a6:2d:86:6b:2e","RSSI":-72},{"SSID":"MeetInLeeds","BSSID":"5c:a6:2d:af:8f:62","RSSI":-72},{"SSID":"eduroam","BSSID":"5c:a6:2d:86:6a:41","RSSI":-73},{"SSID":"MeetInLeeds","BSSID":"5c:a6:2d:af:91:c2","RSSI":-73},{"SSID":"eduroam","BSSID":"5c:a6:2d:af:91:c1","RSSI":-73},{"SSID":"MeetInLeeds","BSSID":"5c:a6:2d:86:6b:2d","RSSI":-73},{"SSID":"eduroam","BSSID":"5c:a6:2d:b6:22:4e","RSSI":-73},{"SSID":"MeetInLeeds","BSSID":"5c:a6:2d:b6:22:4d","RSSI":-73},{"SSID":"eduroam","BSSID":"5c:a6:2d:ef:45:2e","RSSI":-74},{"SSID":"MeetInLeeds","BSSID":"5c:a6:2d:ce:ac:82","RSSI":-75},{"SSID":"eduroam","BSSID":"5c:a6:2d:ce:ac:81","RSSI":-75},{"SSID":"eduroam","BSSID":"5c:a6:2d:86:6b:61","RSSI":-75},{"SSID":"MeetInLeeds","BSSID":"5c:a6:2d:86:6b:62","RSSI":-75},{"SSID":"eduroam","BSSID":"5c:a6:2d:af:8f:6e","RSSI":-76},{"SSID":"MeetInLeeds","BSSID":"5c:a6:2d:ce:b5:02","RSSI":-76},{"SSID":"eduroam","BSSID":"5c:a6:2d:ce:b5:01","RSSI":-76},{"SSID":"MeetInLeeds","BSSID":"ac:3a:67:07:fb:02","RSSI":-76},{"SSID":"MeetInLeeds","BSSID":"5c:a6:2d:af:8f:6d","RSSI":-77},{"SSID":"eduroam","BSSID":"5c:a6:2d:ce:b5:ce","RSSI":-77},{"SSID":"MeetInLeeds","BSSID":"5c:a6:2d:af:90:a2","RSSI":-77},{"SSID":"MeetInLeeds","BSSID":"5c:a6:2d:ce:b5:cd","RSSI":-78},{"SSID":"MeetInLeeds","BSSID":"5c:a6:2d:cf:c5:ed","RSSI":-78},{"SSID":"MeetInLeeds","BSSID":"5c:a6:2d:86:6b:4d","RSSI":-78},{"SSID":"eduroam","BSSID":"ac:3a:67:07:fb:01","RSSI":-78},{"SSID":"MeetInLeeds","BSSID":"5c:a6:2d:85:81:e2","RSSI":-79},{"SSID":"MeetInLeeds","BSSID":"5c:a6:2d:cf:c5:e2","RSSI":-79},{"SSID":"MeetInLeeds","BSSID":"ac:3a:67:08:29:a2","RSSI":-79},{"SSID":"eduroam","BSSID":"5c:a6:2d:af:90:a1","RSSI":-80},{"SSID":"eduroam","BSSID":"5c:a6:2d:85:81:ee","RSSI":-81},{"SSID":"MeetInLeeds","BSSID":"5c:a6:2d:85:81:ed","RSSI":-81},{"SSID":"MeetInLeeds","BSSID":"5c:a6:2d:86:6a:22","RSSI":-81},{"SSID":"MeetInLeeds","BSSID":"5c:a6:2d:af:91:8d","RSSI":-82},{"SSID":"eduroam","BSSID":"5c:a6:2d:70:7b:41","RSSI":-82},{"SSID":"eduroam","BSSID":"5c:a6:2d:af:91:ce","RSSI":-82},{"SSID":"MeetInLeeds","BSSID":"5c:a6:2d:af:91:cd","RSSI":-82},{"SSID":"MeetInLeeds","BSSID":"ac:3a:67:08:04:2d","RSSI":-82},{"SSID":"MeetInLeeds","BSSID":"5c:a6:2d:cf:c3:2d","RSSI":-83},{"SSID":"eduroam","BSSID":"5c:a6:2d:af:91:8e","RSSI":-83},{"SSID":"MeetInLeeds","BSSID":"ac:3a:67:08:29:ad","RSSI":-83},{"SSID":"eduroam","BSSID":"ac:3a:67:08:04:2e","RSSI":-83},{"SSID":"eduroam","BSSID":"5c:a6:2d:ce:b5:0e","RSSI":-84},{"SSID":"MeetInLeeds","BSSID":"5c:a6:2d:ce:b5:0d","RSSI":-85},{"SSID":"MeetInLeeds","BSSID":"5c:a6:2d:86:6d:2d","RSSI":-86},{"SSID":"eduroam","BSSID":"5c:a6:2d:86:6d:2e","RSSI":-86},{"SSID":"MeetInLeeds","BSSID":"5c:a6:2d:cf:c4:4d","RSSI":-87}],[{"SSID":"eduroam","BSSID":"5c:a6:2d:b5:ca:e1","RSSI":-45},{"SSID":"MeetInLeeds","BSSID":"5c:a6:2d:b5:ca:e2","RSSI":-45},{"SSID":"eduroam","BSSID":"ac:3a:67:08:25:c1","RSSI":-46},{"SSID":"MeetInLeeds","BSSID":"ac:3a:67:08:25:c2","RSSI":-47},{"SSID":"MeetInLeeds","BSSID":"5c:a6:2d:cf:e3:42","RSSI":-47},{"SSID":"MeetInLeeds","BSSID":"5c:a6:2d:b5:ca:ed","RSSI":-53},{"SSID":"eduroam","BSSID":"5c:a6:2d:b5:ca:ee","RSSI":-53},{"SSID":"MeetInLeeds","BSSID":"5c:a6:2d:cf:e3:4d","RSSI":-55},{"SSID":"eduroam","BSSID":"5c:a6:2d:cf:e3:4e","RSSI":-55},{"SSID":"MeetInLeeds","BSSID":"5c:a6:2d:86:6d:a2","RSSI":-58},{"SSID":"eduroam","BSSID":"5c:a6:2d:86:6d:a1","RSSI":-59},{"SSID":"eduroam","BSSID":"ac:3a:67:08:25:ce","RSSI":-60},{"SSID":"MeetInLeeds","BSSID":"5c:a6:2d:af:90:62","RSSI":-60},{"SSID":"MeetInLeeds","BSSID":"ac:3a:67:08:25:cd","RSSI":-61},{"SSID":"eduroam","BSSID":"5c:a6:2d:af:90:61","RSSI":-61},{"SSID":"eduroam","BSSID":"5c:a6:2d:86:6b:21","RSSI":-65},{"SSID":"MeetInLeeds","BSSID":"5c:a6:2d:86:6b:2d","RSSI":-65},{"SSID":"MeetInLeeds","BSSID":"5c:a6:2d:45:db:8d","RSSI":-65},{"SSID":"MeetInLeeds","BSSID":"5c:a6:2d:86:6b:22","RSSI":-66},{"SSID":"eduroam","BSSID":"5c:a6:2d:86:6b:2e","RSSI":-66},{"SSID":"MeetInLeeds","BSSID":"5c:a6:2d:af:90:6d","RSSI":-67},{"SSID":"MeetInLeeds","BSSID":"5c:a6:2d:ef:45:2d","RSSI":-67},{"SSID":"eduroam","BSSID":"ac:3a:67:07:fb:0e","RSSI":-68},{"SSID":"MeetInLeeds","BSSID":"ac:3a:67:07:fb:0d","RSSI":-68},{"SSID":"MeetInLeeds","BSSID":"5c:a6:2d:45:db:82","RSSI":-68},{"SSID":"MeetInLeeds","BSSID":"5c:a6:2d:ef:45:22","RSSI":-68},{"SSID":"eduroam","BSSID":"5c:a6:2d:86:6d:ae","RSSI":-68},{"SSID":"MeetInLeeds","BSSID":"5c:a6:2d:86:6d:ad","RSSI":-68},{"SSID":"MeetInLeeds","BSSID":"5c:a6:2d:86:6c:c2","RSSI":-69},{"SSID":"eduroam","BSSID":"5c:a6:2d:ef:45:2e","RSSI":-69},{"SSID":"eduroam","BSSID":"5c:a6:2d:86:6c:c1","RSSI":-70},{"SSID":"eduroam","BSSID":"5c:a6:2d:af:90:6e","RSSI":-70},{"SSID":"MeetInLeeds","BSSID":"5c:a6:2d:ce:b2:02","RSSI":-70},{"SSID":"eduroam","BSSID":"5c:a6:2d:af:8f:61","RSSI":-71},{"SSID":"MeetInLeeds","BSSID":"5c:a6:2d:af:91:c2","RSSI":-72},{"SSID":"MeetInLeeds","BSSID":"5c:a6:2d:ce:b5:c2","RSSI":-72},{"SSID":"MeetInLeeds","BSSID":"5c:a6:2d:af:8f:62","RSSI":-72},{"SSID":"eduroam","BSSID":"5c:a6:2d:ce:b5:c1","RSSI":-72},{"SSID":"MeetInLeeds","BSSID":"5c:a6:2d:b6:22:42","RSSI":-72},{"SSID":"MeetInLeeds","BSSID":"ac:3a:67:08:04:22","RSSI":-72},{"SSID":"eduroam","BSSID":"ac:3a:67:08:04:21","RSSI":-72},{"SSID":"MeetInLeeds","BSSID":"5c:a6:2d:86:6a:42","RSSI":-73},{"SSID":"eduroam","BSSID":"5c:a6:2d:af:91:c1","RSSI":-73},{"SSID":"eduroam","BSSID":"ac:3a:67:07:fb:01","RSSI":-73},{"SSID":"MeetInLeeds","BSSID":"ac:3a:67:07:fb:02","RSSI":-73},{"SSID":"MeetInLeeds","BSSID":"5c:a6:2d:b6:22:4d","RSSI":-74},{"SSID":"MeetInLeeds","BSSID":"5c:a6:2d:ce:ac:82","RSSI":-75},{"SSID":"MeetInLeeds","BSSID":"5c:a6:2d:cf:b0:02","RSSI":-75},{"SSID":"eduroam","BSSID":"5c:a6:2d:ce:ac:81","RSSI":-75},{"SSID":"MeetInLeeds","BSSID":"5c:a6:2d:86:6b:42","RSSI":-75},{"SSID":"MeetInLeeds","BSSID":"5c:a6:2d:86:6b:62","RSSI":-75},{"SSID":"MeetInLeeds","BSSID":"5c:a6:2d:ce:b5:cd","RSSI":-76},{"SSID":"MeetInLeeds","BSSID":"5c:a6:2d:86:6b:4d","RSSI":-76},{"SSID":"MeetInLeeds","BSSID":"5c:a6:2d:5d:ab:62","RSSI":-77},{"SSID":"eduroam","BSSID":"5c:a6:2d:af:91:ce","RSSI":-77},{"SSID":"MeetInLeeds","BSSID":"5c:a6:2d:85:81:e2","RSSI":-78},{"SSID":"MeetInLeeds","BSSID":"5c:a6:2d:cf:c3:22","RSSI":-78},{"SSID":"eduroam","BSSID":"5c:a6:2d:cf:c3:21","RSSI":-78},{"SSID":"AndroidAPbe18","BSSID":"ce:1e:63:b7:40:a2","RSSI":-78},{"SSID":"eduroam","BSSID":"5c:a6:2d:cf:c5:e1","RSSI":-78},{"SSID":"MeetInLeeds","BSSID":"5c:a6:2d:af:90:a2","RSSI":-78},{"SSID":"eduroam","BSSID":"5c:a6:2d:af:90:a1","RSSI":-78},{"SSID":"MeetInLeeds","BSSID":"5c:a6:2d:af:91:cd","RSSI":-78},{"SSID":"eduroam","BSSID":"5c:a6:2d:b6:22:4e","RSSI":-78},{"SSID":"eduroam","BSSID":"5c:a6:2d:cf:c5:ee","RSSI":-79},{"SSID":"eduroam","BSSID":"5c:a6:2d:5d:ab:61","RSSI":-79},{"SSID":"eduroam","BSSID":"5c:a6:2d:af:91:81","RSSI":-79},{"SSID":"eduroam","BSSID":"5c:a6:2d:85:81:e1","RSSI":-79},{"SSID":"MeetInLeeds","BSSID":"5c:a6:2d:cf:c5:ed","RSSI":-80},{"SSID":"MeetInLeeds","BSSID":"5c:a6:2d:af:91:82","RSSI":-80},{"SSID":"eduroam","BSSID":"5c:a6:2d:ce:b4:c1","RSSI":-80},{"SSID":"MeetInLeeds","BSSID":"ac:3a:67:08:32:42","RSSI":-81},{"SSID":"MeetInLeeds","BSSID":"5c:a6:2d:af:8f:6d","RSSI":-81},{"SSID":"MeetInLeeds","BSSID":"5c:a6:2d:85:81:ed","RSSI":-81},{"SSID":"eduroam","BSSID":"ac:3a:67:08:29:a1","RSSI":-81},{"SSID":"MeetInLeeds","BSSID":"ac:3a:67:08:04:2d","RSSI":-81},{"SSID":"MeetInLeeds","BSSID":"5c:a6:2d:ce:b4:c2","RSSI":-81},{"SSID":"MeetInLeeds","BSSID":"5c:a6:2d:af:91:42","RSSI":-81},{"SSID":"eduroam","BSSID":"5c:a6:2d:ce:b5:0e","RSSI":-82},{"SSID":"MeetInLeeds","BSSID":"ac:3a:67:08:29:a2","RSSI":-82},{"SSID":"MeetInLeeds","BSSID":"5c:a6:2d:af:8f:c2","RSSI":-83},{"SSID":"MeetInLeeds","BSSID":"ac:3a:67:08:29:ad","RSSI":-83},{"SSID":"MeetInLeeds","BSSID":"5c:a6:2d:86:6b:6d","RSSI":-83},{"SSID":"eduroam","BSSID":"5c:a6:2d:85:81:ee","RSSI":-84},{"SSID":"TP-Link_0F14","BSSID":"c0:c9:e3:b8:0f:14","RSSI":-87}]]