[[{"SSID":"MeetInLeeds","BSSID":"5c:a6:2d:af:92:e2","RSSI":-43},{"SSID":"MeetInLeeds","BSSID":"5c:a6:2d:cf:e7:42","RSSI":-56},{"SSID":"eduroam","BSSID":"5c:a6:2d:cf:e7:41","RSSI":-57},{"SSID":"eduroam","BSSID":"ac:3a:67:08:25:ae","RSSI":-78},{"SSID":"MeetInLeeds","BSSID":"ac:3a:67:08:25:ad","RSSI":-78}],[{"SSID":"MeetInLeeds","BSSID":"5c:a6:2d:70:d0:a2","RSSI":-41},{"SSID":"MeetInLeeds","BSSID":"5c:a6:2d:af:92:e2","RSSI":-45},{"SSID":"MeetInLeeds","BSSID":"5c:a6:2d:cf:e7:42","RSSI":-59},{"SSID":"MeetInLeeds","BSSID":"5c:a6:2d:cf:e7:4d","RSSI":-65},{"SSID":"eduroam","BSSID":"5c:a6:2d:cf:e7:4e","RSSI":-69},{"SSID":"MeetInLeeds","BSSID":"ac:3a:67:08:25:a2","RSSI":-73},{"SSID":"MeetInLeeds","BSSID":"ac:3a:67:08:0f:42","RSSI":-78},{"SSID":"MeetInLeeds","BSSID":"5c:a6:2d:cf:b4:a2","RSSI":-79},{"SSID":"eduroam","BSSID":"5c:a6:2d:86:6b:a1","RSSI":-82},{"SSID":"MeetInLeeds","BSSID":"08:ec:f5:e6:50:22","RSSI":-83},{"SSID":"MeetInLeeds","BSSID":"5c:a6:2d:86:6b:a2","RSSI":-83},{"SSID":"MeetInLeeds","BSSID":"ac:3a:67:08:29:0d","RSSI":-84},{"SSID":"eduroam","BSSID":"ac:3a:67:08:29:0e","RSSI":-84}],[{"SSID":"MeetInLeeds","BSSID":"5c:a6:2d:70:d0:a2","RSSI":-36},{"SSID":"eduroam","BSSID":"5c:a6:2d:70:d0:a1","RSSI":-36},{"SSID":"MeetInLeeds","BSSID":"5c:a6:2d:af:92:ed","RSSI":-45},{"SSID":"eduroam","BSSID":"5c:a6:2d:af:92:ee","RSSI":-46},{"SSID":"MeetInLeeds","BSSID":"5c:a6:2d:cf:e7:42","RSSI":-54},{"SSID":"eduroam","BSSID":"5c:a6:2d:cf:e7:4e","RSSI":-61},{"SSID":"MeetInLeeds","BSSID":"5c:a6:2d:cf:e7:4d","RSSI":-65},{"SSID":"WiFi Setup - University of Leeds","BSSID":"08:ec:f5:e6:50:20","RSSI":-80},{"SSID":"MeetInLeeds","BSSID":"08:ec:f5:e6:50:22","RSSI":-81},{"SSID":"MeetInLeeds","BSSID":"5c:a6:2d:cf:b4:ad","RSSI":-83},{"SSID":"eduroam","BSSID":"5c:a6:2d:cf:b4:ae","RSSI":-83},{"SSID":"MeetInLeeds","BSSID":"ac:3a:67:08:29:0d","RSSI":-84},{"SSID":"eduroam","BSSID":"ac:3a:67:08:29:0e","RSSI":-87}],[{"SSID":"MeetInLeeds","BSSID":"5c:a6:2d:70:d0:a2","RSSI":-39},{"SSID":"MeetInLeeds","BSSID":"5c:a6:2d:af:92:e2","RSSI":-41},{"SSID":"MeetInLeeds","BSSID":"5c:a6:2d:cf:e7:42","RSSI":-56},{"SSID":"MeetInLeeds","BSSID":"ac:3a:67:08:0f:42","RSSI":-80},{"SSID":"MeetInLeeds","BSSID":"08:ec:f5:e6:50:22","RSSI":-80},{"SSID":"WiFi Setup - University of Leeds","BSSID":"08:ec:f5:e6:50:20","RSSI":-82}],[{"SSID":"MeetInLeeds","BSSID":"5c:a6:2d:70:d0:a2","RSSI":-37},{"SSID":"MeetInLeeds","BSSID":"5c:a6:2d:af:92:e2","RSSI":-42},{"SSID":"eduroam","BSSID":"5c:a6:2d:af:92:e1","RSSI":-43},{"SSID":"MeetInLeeds","BSSID":"5c:a6:2d:cf:e7:42","RSSI":-57},{"SSID":"MeetInLeeds","BSSID":"ac:3a:67:08:0f:42","RSSI":-79},{"SSID":"MeetInLeeds","BSSID":"08:ec:f5:e6:50:22","RSSI":-80},{"SSID":"WiFi Setup - University of Leeds","BSSID":"08:ec:f5:e6:50:20","RSSI":-80}],[{"SSID":"MeetInLeeds","BSSID":"5c:a6:2d:70:d0:a2","RSSI":-38},{"SSID":"MeetInLeeds","BSSID":"5c:a6:2d:af:92:e2","RSSI":-43},{"SSID":"eduroam","BSSID":"5c:a6:2d:af:92:ee","RSSI":-47},{"SSID":"MeetInLeeds","BSSID":"5c:a6:2d:af:92:ed","RSSI":-47},{"SSID":"MeetInLeeds","BSSID":"5c:a6:2d:cf:e7:42","RSSI":-56},{"SSID":"MeetInLeeds","BSSID":"ac:3a:67:08:25:a2","RSSI":-74},{"SSID":"MeetInLeeds","BSSID":"5c:a6:2d:cf:b4:a2","RSSI":-78},{"SSID":"MeetInLeeds","BSSID":"5c:a6:2d:cf:b4:ad","RSSI":-81},{"SSID":"eduroam","BSSID":"5c:a6:2d:cf:b4:ae","RSSI":-81},{"SSID":"eduroam","BSSID":"5c:a6:2d:cf:e8:0e","RSSI":-88}],[{"SSID":"MeetInLeeds","BSSID":"5c:a6:2d:70:d0:a2","RSSI":-38},{"SSID":"MeetInLeeds","BSSID":"5c:a6:2d:af:92:e2","RSSI":-43},{"SSID":"eduroam","BSSID":"5c:a6:2d:af:92:ee","RSSI":-47},{"SSID":"MeetInLeeds","BSSID":"5c:a6:2d:af:92:ed","RSSI":-47},{"SSID":"MeetInLeeds","BSSID":"5c:a6:2d:cf:e7:42","RSSI":-55},{"SSID":"eduroam","BSSID":"ac:3a:67:08:25:ae","RSSI":-76},{"SSID":"MeetInLeeds","BSSID":"ac:3a:67:08:25:ad","RSSI":-76},{"SSID":"MeetInLeeds","BSSID":"5c:a6:2d:cf:b4:a2","RSSI":-78},{"SSID":"MeetInLeeds","BSSID":"ac:3a:67:08:0f:42","RSSI":-80},{"SSID":"WiFi Setup - University of Leeds","BSSID":"08:ec:f5:e6:50:20","RSSI":-81},{"SSID":"MeetInLeeds","BSSID":"08:ec:f5:e6:50:22","RSSI":-82}],[{"SSID":"MeetInLeeds","BSSID":"5c:a6:2d:70:d0:a2","RSSI":-36},{"SSID":"eduroam","BSSID":"5c:a6:2d:af:92:e1","RSSI":-43},{"SSID":"MeetInLeeds","BSSID":"5c:a6:2d:af:92:e2","RSSI":-43},{"SSID":"MeetInLeeds","BSSID":"5c:a6:2d:cf:e7:42","RSSI":-58},{"SSID":"MeetInLeeds","BSSID":"5c:a6:2d:cf:b4:a2","RSSI":-77},{"SSID":"MeetInLeeds","BSSID":"ac:3a:67:08:0f:42","RSSI":-81},{"SSID":"WiFi Setup - University of Leeds","BSSID":"08:ec:f5:e6:50:20","RSSI":-81},{"SSID":"MeetInLeeds","BSSID":"08:ec:f5:e6:50:22","RSSI":-82}],[{"SSID":"MeetInLeeds","BSSID":"5c:a6:2d:70:d0:a2","RSSI":-38},{"SSID":"MeetInLeeds","BSSID":"5c:a6:2d:af:92:e2","RSSI":-45},{"SSID":"MeetInLeeds","BSSID":"5c:a6:2d:cf:e7:42","RSSI":-58},{"SSID":"MeetInLeeds","BSSID":"5c:a6:2d:cf:e7:4d","RSSI":-65},{"SSID":"eduroam","BSSID":"5c:a6:2d:cf:e7:4e","RSSI":-68},{"SSID":"MeetInLeeds","BSSID":"ac:3a:67:08:25:a2","RSSI":-74},{"SSID":"MeetInLeeds","BSSID":"5c:a6:2d:cf:b4:a2","RSSI":-78},{"SSID":"eduroam","BSSID":"ac:3a:67:08:0f:41","RSSI":-80},{"SSID":"MeetInLeeds","BSSID":"ac:3a:67:08:0f:42","RSSI":-80},{"SSID":"MeetInLeeds","BSSID":"08:ec:f5:e6:50:22","RSSI":-80},{"SSID":"WiFi Setup - University of Leeds","BSSID":"08:ec:f5:e6:50:20","RSSI":-81},{"SSID":"MeetInLeeds","BSSID":"5c:a6:2d:86:6b:a2","RSSI":-83},{"SSID":"MeetInLeeds","BSSID":"ac:3a:67:08:29:0d","RSSI":-85},{"SSID":"eduroam","BSSID":"ac:3a:67:08:29:0e","RSSI":-86}],[{"SSID":"MeetInLeeds","BSSID":"5c:a6:2d:70:d0:a2","RSSI":-40},{"SSID":"MeetInLeeds","BSSID":"5c:a6:2d:af:92:e2","RSSI":-40},{"SSID":"MeetInLeeds","BSSID":"5c:a6:2d:cf:e7:42","RSSI":-57},{"SSID":"MeetInLeeds","BSSID":"ac:3a:67:08:25:a2","RSSI":-73},{"SSID":"MeetInLeeds","BSSID":"5c:a6:2d:cf:b4:a2","RSSI":-79},{"SSID":"eduroam","BSSID":"08:ec:f5:e6:50:21","RSSI":-80},{"SSID":"MeetInLeeds","BSSID":"08:ec:f5:e6:50:22","RSSI":-81}]]