[[{"SSID":"WiFi Setup - University of Leeds","BSSID":"5c:a6:2d:cf:e8:a3","RSSI":-44},{"SSID":"eduroam","BSSID":"5c:a6:2d:cf:e8:ae","RSSI":-44},{"SSID":"MeetInLeeds","BSSID":"5c:a6:2d:cf:e8:a2","RSSI":-45},{"SSID":"MeetInLeeds","BSSID":"5c:a6:2d:86:6c:42","RSSI":-46},{"SSID":"WiFi Setup - University of Leeds","BSSID":"5c:a6:2d:86:6c:43","RSSI":-46},{"SSID":"eduroam","BSSID":"5c:a6:2d:86:6c:4e","RSSI":-47},{"SSID":"WiFi Setup - University of Leeds","BSSID":"5c:a6:2d:86:6c:4c","RSSI":-48},{"SSID":"MeetInLeeds","BSSID":"5c:a6:2d:86:6c:4d","RSSI":-48},{"SSID":"MeetInLeeds","BSSID":"ac:3a:67:08:26:02","RSSI":-54},{"SSID":"MeetInLeeds","BSSID":"ac:3a:67:07:f8:62","RSSI":-56},{"SSID":"WiFi Setup - University of Leeds","BSSID":"ac:3a:67:07:f8:63","RSSI":-56},{"SSID":"WiFi Setup - University of Leeds","BSSID":"5c:a6:2d:87:02:23","RSSI":-61},{"SSID":"MeetInLeeds","BSSID":"5c:a6:2d:87:02:22","RSSI":-61},{"SSID":"WiFi Setup - University of Leeds","BSSID":"5c:a6:2d:af:8f:43","RSSI":-62},{"SSID":"MeetInLeeds","BSSID":"5c:a6:2d:cf:df:6d","RSSI":-64},{"SSID":"MeetInLeeds","BSSID":"5c:a6:2d:cf:df:62","RSSI":-65},{"SSID":"eduroam","BSSID":"5c:a6:2d:ef:4a:a1","RSSI":-66},{"SSID":"WiFi Setup - University of Leeds","BSSID":"5c:a6:2d:cf:df:63","RSSI":-66},{"SSID":"WiFi Setup - University of Leeds","BSSID":"5c:a6:2d:eb:db:2c","RSSI":-67},{"SSID":"WiFi Setup - University of Leeds","BSSID":"5c:a6:2d:ef:4a:a3","RSSI":-67},{"SSID":"MeetInLeeds","BSSID":"5c:a6:2d:ef:4a:a2","RSSI":-67},{"SSID":"eduroam","BSSID":"5c:a6:2d:cf:df:6e","RSSI":-67},{"SSID":"WiFi Setup - University of Leeds","BSSID":"ac:3a:67:08:2a:03","RSSI":-68},{"SSID":"WiFi Setup - University of Leeds","BSSID":"5c:a6:2d:87:02:2c","RSSI":-68},{"SSID":"MeetInLeeds","BSSID":"ac:3a:67:08:26:0d","RSSI":-69},{"SSID":"MeetInLeeds","BSSID":"ac:3a:67:08:2a:0d","RSSI":-69},{"SSID":"eduroam","BSSID":"ac:3a:67:08:2a:0e","RSSI":-69},{"SSID":"WiFi Setup - University of Leeds","BSSID":"ac:3a:67:08:2a:0c","RSSI":-69},{"SSID":"WiFi Setup - University of Leeds","BSSID":"5c:a6:2d:cf:df:6c","RSSI":-69},{"SSID":"WiFi Setup - University of Leeds","BSSID":"ac:3a:67:08:26:0c","RSSI":-70},{"SSID":"MeetInLeeds","BSSID":"5c:a6:2d:87:02:2d","RSSI":-70},{"SSID":"WiFi Setup - University of Leeds","BSSID":"5c:a6:2d:eb:db:23","RSSI":-71},{"SSID":"eduroam","BSSID":"5c:a6:2d:af:8f:4e","RSSI":-72},{"SSID":"eduroam","BSSID":"5c:a6:2d:eb:db:21","RSSI":-72},{"SSID":"eduroam","BSSID":"5c:a6:2d:87:02:2e","RSSI":-72},{"SSID":"MeetInLeeds","BSSID":"5c:a6:2d:af:8f:4d","RSSI":-74},{"SSID":"WiFi Setup - University of Leeds","BSSID":"5c:a6:2d:af:8f:4c","RSSI":-76},{"SSID":"WiFi Setup - University of Leeds","BSSID":"5c:a6:2d:ce:a4:cc","RSSI":-78},{"SSID":"MeetInLeeds","BSSID":"5c:a6:2d:ce:71:02","RSSI":-78},{"SSID":"eduroam","BSSID":"5c:a6:2d:ce:71:01","RSSI":-78},{"SSID":"WiFi Setup - University of Leeds","BSSID":"5c:a6:2d:ce:71:03","RSSI":-79},{"SSID":"WiFi Setup - University of Leeds","BSSID":"5c:a6:2d:cf:bf:cc","RSSI":-80},{"SSID":"eduroam","BSSID":"5c:a6:2d:86:69:c1","RSSI":-81},{"SSID":"eduroam","BSSID":"5c:a6:2d:ce:71:0e","RSSI":-82},{"SSID":"WiFi Setup - University of Leeds","BSSID":"ac:3a:67:08:29:2c","RSSI":-83},{"SSID":"WiFi Setup - University of Leeds","BSSID":"5c:a6:2d:ce:ac:0c","RSSI":-83},{"SSID":"WiFi Setup - University of Leeds","BSSID":"5c:a6:2d:ce:71:0c","RSSI":-83}],[{"SSID":"MeetInLeeds","BSSID":"5c:a6:2d:cf:e8:a2","RSSI":-43},{"SSID":"WiFi Setup - University of Leeds","BSSID":"5c:a6:2d:cf:e8:a3","RSSI":-44},{"SSID":"WiFi Setup - University of Leeds","BSSID":"5c:a6:2d:cf:e8:ac","RSSI":-44},{"SSID":"MeetInLeeds","BSSID":"5c:a6:2d:86:6c:42","RSSI":-44},{"SSID":"WiFi Setup - University of Leeds","BSSID":"5c:a6:2d:86:6c:43","RSSI":-44},{"SSID":"MeetInLeeds","BSSID":"5c:a6:2d:cf:e8:ad","RSSI":-46},{"SSID":"eduroam","BSSID":"5c:a6:2d:cf:e8:ae","RSSI":-46},{"SSID":"eduroam","BSSID":"ac:3a:67:07:f8:61","RSSI":-53},{"SSID":"eduroam","BSSID":"ac:3a:67:07:f8:6e","RSSI":-53},{"SSID":"MeetInLeeds","BSSID":"ac:3a:67:07:f8:62","RSSI":-54},{"SSID":"WiFi Setup - University of Leeds","BSSID":"ac:3a:67:07:f8:63","RSSI":-54},{"SSID":"WiFi Setup - University of Leeds","BSSID":"ac:3a:67:07:f8:6c","RSSI":-54},{"SSID":"MeetInLeeds","BSSID":"ac:3a:67:07:f8:6d","RSSI":-54},{"SSID":"WiFi Setup - University of Leeds","BSSID":"ac:3a:67:08:26:03","RSSI":-58},{"SSID":"MeetInLeeds","BSSID":"ac:3a:67:08:26:02","RSSI":-58},{"SSID":"MeetInLeeds","BSSID":"5c:a6:2d:87:02:22","RSSI":-62},{"SSID":"eduroam","BSSID":"5c:a6:2d:cf:df:61","RSSI":-64},{"SSID":"WiFi Setup - University of Leeds","BSSID":"5c:a6:2d:cf:df:63","RSSI":-64},{"SSID":"MeetInLeeds","BSSID":"5c:a6:2d:cf:df:62","RSSI":-64},{"SSID":"WiFi Setup - University of Leeds","BSSID":"5c:a6:2d:87:02:23","RSSI":-64},{"SSID":"WiFi Setup - University of Leeds","BSSID":"ac:3a:67:08:26:0c","RSSI":-65},{"SSID":"eduroam","BSSID":"5c:a6:2d:eb:db:2e","RSSI":-65},{"SSID":"WiFi Setup - University of Leeds","BSSID":"5c:a6:2d:eb:db:2c","RSSI":-66},{"SSID":"MeetInLeeds","BSSID":"5c:a6:2d:eb:db:2d","RSSI":-67},{"SSID":"WiFi Setup - University of Leeds","BSSID":"5c:a6:2d:af:8f:43","RSSI":-67},{"SSID":"WiFi Setup - University of Leeds","BSSID":"5c:a6:2d:eb:db:23","RSSI":-68},{"SSID":"MeetInLeeds","BSSID":"5c:a6:2d:eb:db:22","RSSI":-68},{"SSID":"MeetInLeeds","BSSID":"5c:a6:2d:af:8f:42","RSSI":-68},{"SSID":"eduroam","BSSID":"ac:3a:67:08:26:0e","RSSI":-69},{"SSID":"MeetInLeeds","BSSID":"ac:3a:67:08:26:0d","RSSI":-69},{"SSID":"WiFi Setup - University of Leeds","BSSID":"5c:a6:2d:ef:4a:a3","RSSI":-70},{"SSID":"MeetInLeeds","BSSID":"5c:a6:2d:ef:4a:a2","RSSI":-70},{"SSID":"eduroam","BSSID":"5c:a6:2d:ef:4a:ae","RSSI":-71},{"SSID":"MeetInLeeds","BSSID":"5c:a6:2d:ef:4a:ad","RSSI":-71},{"SSID":"WiFi Setup - University of Leeds","BSSID":"5c:a6:2d:ef:4a:ac","RSSI":-71},{"SSID":"WiFi Setup - University of Leeds","BSSID":"5c:a6:2d:ce:a4:cc","RSSI":-74},{"SSID":"MeetInLeeds","BSSID":"5c:a6:2d:af:8d:8d","RSSI":-78},{"SSID":"WiFi Setup - University of Leeds","BSSID":"5c:a6:2d:ef:4c:0c","RSSI":-81},{"SSID":"MeetInLeeds","BSSID":"5c:a6:2d:ef:4c:0d","RSSI":-82},{"SSID":"eduroam","BSSID":"5c:a6:2d:ef:4c:01","RSSI":-82},{"SSID":"eduroam","BSSID":"5c:a6:2d:af:8d:81","RSSI":-83}],[{"SSID":"MeetInLeeds","BSSID":"5c:a6:2d:cf:e8:a2","RSSI":-42},{"SSID":"WiFi Setup - University of Leeds","BSSID":"5c:a6:2d:cf:e8:a3","RSSI":-43},{"SSID":"MeetInLeeds","BSSID":"5c:a6:2d:86:6c:42","RSSI":-44},{"SSID":"WiFi Setup - University of Leeds","BSSID":"5c:a6:2d:86:6c:43","RSSI":-44},{"SSID":"WiFi Setup - University of Leeds","BSSID":"5c:a6:2d:cf:e8:ac","RSSI":-46},{"SSID":"eduroam","BSSID":"5c:a6:2d:cf:e8:ae","RSSI":-46},{"SSID":"WiFi Setup - University of Leeds","BSSID":"ac:3a:67:07:f8:63","RSSI":-48},{"SSID":"MeetInLeeds","BSSID":"5c:a6:2d:cf:e8:ad","RSSI":-48},{"SSID":"MeetInLeeds","BSSID":"ac:3a:67:07:f8:62","RSSI":-49},{"SSID":"eduroam","BSSID":"ac:3a:67:07:f8:6e","RSSI":-54},{"SSID":"WiFi Setup - University of Leeds","BSSID":"ac:3a:67:07:f8:6c","RSSI":-55},{"SSID":"MeetInLeeds","BSSID":"ac:3a:67:07:f8:6d","RSSI":-55},{"SSID":"WiFi Setup - University of Leeds","BSSID":"ac:3a:67:08:26:03","RSSI":-61},{"SSID":"MeetInLeeds","BSSID":"ac:3a:67:08:26:02","RSSI":-61},{"SSID":"WiFi Setup - University of Leeds","BSSID":"5c:a6:2d:eb:db:2c","RSSI":-64},{"SSID":"eduroam","BSSID":"5c:a6:2d:eb:db:2e","RSSI":-64},{"SSID":"MeetInLeeds","BSSID":"5c:a6:2d:eb:db:2d","RSSI":-64},{"SSID":"WiFi Setup - University of Leeds","BSSID":"5c:a6:2d:ef:4a:a3","RSSI":-66},{"SSID":"eduroam","BSSID":"5c:a6:2d:ef:4a:a1","RSSI":-66},{"SSID":"WiFi Setup - University of Leeds","BSSID":"5c:a6:2d:cf:df:63","RSSI":-66},{"SSID":"MeetInLeeds","BSSID":"5c:a6:2d:cf:df:62","RSSI":-66},{"SSID":"WiFi Setup - University of Leeds","BSSID":"5c:a6:2d:87:02:23","RSSI":-66},{"SSID":"MeetInLeeds","BSSID":"5c:a6:2d:87:02:22","RSSI":-66},{"SSID":"MeetInLeeds","BSSID":"5c:a6:2d:ef:4a:a2","RSSI":-67},{"SSID":"WiFi Setup - University of Leeds","BSSID":"5c:a6:2d:af:8f:43","RSSI":-67},{"SSID":"eduroam","BSSID":"5c:a6:2d:cf:df:6e","RSSI":-68},{"SSID":"MeetInLeeds","BSSID":"5c:a6:2d:af:8f:42","RSSI":-68},{"SSID":"eduroam","BSSID":"ac:3a:67:08:26:0e","RSSI":-69},{"SSID":"MeetInLeeds","BSSID":"5c:a6:2d:ef:4a:ad","RSSI":-70},{"SSID":"WiFi Setup - University of Leeds","BSSID":"5c:a6:2d:ef:4a:ac","RSSI":-70},{"SSID":"MeetInLeeds","BSSID":"ac:3a:67:08:2a:02","RSSI":-70},{"SSID":"WiFi Setup - University of Leeds","BSSID":"ac:3a:67:08:2a:03","RSSI":-70},{"SSID":"WiFi Setup - University of Leeds","BSSID":"ac:3a:67:08:26:0c","RSSI":-71},{"SSID":"eduroam","BSSID":"5c:a6:2d:ef:4a:ae","RSSI":-72},{"SSID":"WiFi Setup - University of Leeds","BSSID":"5c:a6:2d:cf:bf:c3","RSSI":-76},{"SSID":"eduroam","BSSID":"5c:a6:2d:af:8d:8e","RSSI":-78},{"SSID":"MeetInLeeds","BSSID":"5c:a6:2d:ce:71:02","RSSI":-78},{"SSID":"WiFi Setup - University of Leeds","BSSID":"5c:a6:2d:ce:71:03","RSSI":-79},{"SSID":"MeetInLeeds","BSSID":"5c:a6:2d:cf:bb:ed","RSSI":-81},{"SSID":"WiFi Setup - University of Leeds","BSSID":"5c:a6:2d:45:db:a3","RSSI":-83}],[{"SSID":"WiFi Setup - University of Leeds","BSSID":"5c:a6:2d:86:6c:43","RSSI":-43},{"SSID":"MeetInLeeds","BSSID":"5c:a6:2d:86:6c:42","RSSI":-44},{"SSID":"MeetInLeeds","BSSID":"5c:a6:2d:cf:e8:ad","RSSI":-45},{"SSID":"eduroam","BSSID":"5c:a6:2d:cf:e8:ae","RSSI":-45},{"SSID":"WiFi Setup - University of Leeds","BSSID":"5c:a6:2d:cf:e8:ac","RSSI":-46},{"SSID":"WiFi Setup - University of Leeds","BSSID":"5c:a6:2d:cf:e8:a3","RSSI":-47},{"SSID":"MeetInLeeds","BSSID":"5c:a6:2d:cf:e8:a2","RSSI":-48},{"SSID":"WiFi Setup - University of Leeds","BSSID":"ac:3a:67:07:f8:63","RSSI":-53},{"SSID":"MeetInLeeds","BSSID":"ac:3a:67:07:f8:62","RSSI":-54},{"SSID":"MeetInLeeds","BSSID":"ac:3a:67:07:f8:6d","RSSI":-57},{"SSID":"eduroam","BSSID":"ac:3a:67:07:f8:6e","RSSI":-57},{"SSID":"WiFi Setup - University of Leeds","BSSID":"ac:3a:67:07:f8:6c","RSSI":-58},{"SSID":"MeetInLeeds","BSSID":"ac:3a:67:08:26:02","RSSI":-60},{"SSID":"eduroam","BSSID":"ac:3a:67:08:26:0e","RSSI":-61},{"SSID":"MeetInLeeds","BSSID":"ac:3a:67:08:26:0d","RSSI":-61},{"SSID":"eduroam","BSSID":"5c:a6:2d:87:02:21","RSSI":-61},{"SSID":"WiFi Setup - University of Leeds","BSSID":"5c:a6:2d:ef:4a:ac","RSSI":-63},{"SSID":"MeetInLeeds","BSSID":"5c:a6:2d:cf:df:62","RSSI":-63},{"SSID":"eduroam","BSSID":"5c:a6:2d:eb:db:2e","RSSI":-63},{"SSID":"eduroam","BSSID":"5c:a6:2d:ef:4a:ae","RSSI":-64},{"SSID":"MeetInLeeds","BSSID":"5c:a6:2d:ef:4a:ad","RSSI":-64},{"SSID":"WiFi Setup - University of Leeds","BSSID":"5c:a6:2d:cf:df:63","RSSI":-64},{"SSID":"MeetInLeeds","BSSID":"5c:a6:2d:eb:db:2d","RSSI":-64},{"SSID":"WiFi Setup - University of Leeds","BSSID":"5c:a6:2d:af:8f:43","RSSI":-65},{"SSID":"MeetInLeeds","BSSID":"5c:a6:2d:af:8f:42","RSSI":-65},{"SSID":"WiFi Setup - University of Leeds","BSSID":"5c:a6:2d:eb:db:2c","RSSI":-66},{"SSID":"WiFi Setup - University of Leeds","BSSID":"5c:a6:2d:ef:4a:a3","RSSI":-67},{"SSID":"WiFi Setup - University of Leeds","BSSID":"5c:a6:2d:af:8f:4c","RSSI":-68},{"SSID":"MeetInLeeds","BSSID":"5c:a6:2d:af:8f:4d","RSSI":-68},{"SSID":"MeetInLeeds","BSSID":"5c:a6:2d:cf:df:6d","RSSI":-68},{"SSID":"MeetInLeeds","BSSID":"5c:a6:2d:ef:4a:a2","RSSI":-69},{"SSID":"eduroam","BSSID":"5c:a6:2d:eb:db:21","RSSI":-69},{"SSID":"eduroam","BSSID":"5c:a6:2d:87:02:2e","RSSI":-69},{"SSID":"MeetInLeeds","BSSID":"5c:a6:2d:87:02:2d","RSSI":-69},{"SSID":"WiFi Setup - University of Leeds","BSSID":"5c:a6:2d:87:02:2c","RSSI":-69},{"SSID":"WiFi Setup - University of Leeds","BSSID":"ac:3a:67:08:2a:0c","RSSI":-69},{"SSID":"WiFi Setup - University of Leeds","BSSID":"5c:a6:2d:cf:df:6c","RSSI":-69},{"SSID":"MeetInLeeds","BSSID":"5c:a6:2d:ce:a4:cd","RSSI":-71},{"SSID":"eduroam","BSSID":"5c:a6:2d:ce:a4:ce","RSSI":-72},{"SSID":"WiFi Setup - University of Leeds","BSSID":"5c:a6:2d:ce:a4:cc","RSSI":-72},{"SSID":"WiFi Setup - University of Leeds","BSSID":"5c:a6:2d:cf:bf:c3","RSSI":-77},{"SSID":"eduroam","BSSID":"ac:3a:67:08:29:2e","RSSI":-77},{"SSID":"WiFi Setup - University of Leeds","BSSID":"ac:3a:67:08:29:2c","RSSI":-78},{"SSID":"MeetInLeeds","BSSID":"ac:3a:67:08:29:2d","RSSI":-78},{"SSID":"WiFi Setup - University of Leeds","BSSID":"5c:a6:2d:ce:71:03","RSSI":-79},{"SSID":"MeetInLeeds","BSSID":"5c:a6:2d:ef:4c:02","RSSI":-80},{"SSID":"WiFi Setup - University of Leeds","BSSID":"5c:a6:2d:ef:4c:03","RSSI":-80},{"SSID":"MeetInLeeds","BSSID":"5c:a6:2d:ce:ac:0d","RSSI":-82},{"SSID":"MeetInLeeds","BSSID":"5c:a6:2d:ef:4c:0d","RSSI":-83},{"SSID":"WiFi Setup - University of Leeds","BSSID":"5c:a6:2d:ce:ac:0c","RSSI":-83},{"SSID":"eduroam","BSSID":"5c:a6:2d:ef:4c:0e","RSSI":-85},{"SSID":"WiFi Setup - University of Leeds","BSSID":"5c:a6:2d:ef:4c:0c","RSSI":-87}],[{"SSID":"MeetInLeeds","BSSID":"5c:a6:2d:86:6c:42","RSSI":-43},{"SSID":"WiFi Setup - University of Leeds","BSSID":"5c:a6:2d:86:6c:43","RSSI":-43},{"SSID":"MeetInLeeds","BSSID":"5c:a6:2d:cf:e8:a2","RSSI":-45},{"SSID":"WiFi Setup - University of Leeds","BSSID":"5c:a6:2d:cf:e8:a3","RSSI":-45},{"SSID":"WiFi Setup - University of Leeds","BSSID":"5c:a6:2d:cf:e8:ac","RSSI":-46},{"SSID":"MeetInLeeds","BSSID":"5c:a6:2d:cf:e8:ad","RSSI":-46},{"SSID":"eduroam","BSSID":"5c:a6:2d:cf:e8:ae","RSSI":-47},{"SSID":"WiFi Setup - University of Leeds","BSSID":"ac:3a:67:07:f8:63","RSSI":-50},{"SSID":"eduroam","BSSID":"ac:3a:67:07:f8:61","RSSI":-50},{"SSID":"MeetInLeeds","BSSID":"ac:3a:67:07:f8:62","RSSI":-51},{"SSID":"WiFi Setup - University of Leeds","BSSID":"ac:3a:67:08:26:03","RSSI":-54},{"SSID":"MeetInLeeds","BSSID":"ac:3a:67:08:26:02","RSSI":-55},{"SSID":"WiFi Setup - University of Leeds","BSSID":"ac:3a:67:07:f8:6c","RSSI":-57},{"SSID":"MeetInLeeds","BSSID":"ac:3a:67:07:f8:6d","RSSI":-57},{"SSID":"eduroam","BSSID":"ac:3a:67:07:f8:6e","RSSI":-57},{"SSID":"MeetInLeeds","BSSID":"5c:a6:2d:af:8f:42","RSSI":-59},{"SSID":"WiFi Setup - University of Leeds","BSSID":"5c:a6:2d:af:8f:43","RSSI":-60},{"SSID":"WiFi Setup - University of Leeds","BSSID":"ac:3a:67:08:26:0c","RSSI":-62},{"SSID":"WiFi Setup - University of Leeds","BSSID":"ac:3a:67:08:2a:03","RSSI":-62},{"SSID":"MeetInLeeds","BSSID":"ac:3a:67:08:2a:02","RSSI":-63},{"SSID":"MeetInLeeds","BSSID":"5c:a6:2d:eb:db:2d","RSSI":-63},{"SSID":"WiFi Setup - University of Leeds","BSSID":"5c:a6:2d:eb:db:2c","RSSI":-64},{"SSID":"eduroam","BSSID":"5c:a6:2d:cf:df:61","RSSI":-64},{"SSID":"WiFi Setup - University of Leeds","BSSID":"5c:a6:2d:cf:df:63","RSSI":-64},{"SSID":"MeetInLeeds","BSSID":"5c:a6:2d:cf:df:62","RSSI":-64},{"SSID":"eduroam","BSSID":"5c:a6:2d:eb:db:2e","RSSI":-64},{"SSID":"MeetInLeeds","BSSID":"5c:a6:2d:cf:df:6d","RSSI":-65},{"SSID":"MeetInLeeds","BSSID":"ac:3a:67:08:2a:0d","RSSI":-66},{"SSID":"eduroam","BSSID":"5c:a6:2d:cf:df:6e","RSSI":-66},{"SSID":"eduroam","BSSID":"ac:3a:67:08:2a:0e","RSSI":-67},{"SSID":"WiFi Setup - University of Leeds","BSSID":"ac:3a:67:08:2a:0c","RSSI":-70},{"SSID":"eduroam","BSSID":"5c:a6:2d:ef:4a:ae","RSSI":-72},{"SSID":"MeetInLeeds","BSSID":"5c:a6:2d:ef:4a:ad","RSSI":-72},{"SSID":"WiFi Setup - University of Leeds","BSSID":"5c:a6:2d:ef:4a:ac","RSSI":-72},{"SSID":"WiFi Setup - University of Leeds","BSSID":"5c:a6:2d:cf:bf:c3","RSSI":-73},{"SSID":"WiFi Setup - University of Leeds","BSSID":"5c:a6:2d:ef:4c:03","RSSI":-76},{"SSID":"WiFi Setup - University of Leeds","BSSID":"5c:a6:2d:ce:71:0c","RSSI":-78},{"SSID":"WiFi Setup - University of Leeds","BSSID":"5c:a6:2d:86:69:c3","RSSI":-79},{"SSID":"WiFi Setup - University of Leeds","BSSID":"5c:a6:2d:ce:71:03","RSSI":-79},{"SSID":"eduroam","BSSID":"5c:a6:2d:ce:71:01","RSSI":-79},{"SSID":"MeetInLeeds","BSSID":"5c:a6:2d:87:01:42","RSSI":-82},{"SSID":"eduroam","BSSID":"5c:a6:2d:87:01:41","RSSI":-84}],[{"SSID":"eduroam","BSSID":"5c:a6:2d:86:6c:41","RSSI":-43},{"SSID":"WiFi Setup - University of Leeds","BSSID":"5c:a6:2d:cf:e8:a3","RSSI":-44},{"SSID":"WiFi Setup - University of Leeds","BSSID":"5c:a6:2d:86:6c:43","RSSI":-44},{"SSID":"MeetInLeeds","BSSID":"5c:a6:2d:cf:e8:a2","RSSI":-45},{"SSID":"WiFi Setup - University of Leeds","BSSID":"5c:a6:2d:86:6c:4c","RSSI":-46},{"SSID":"MeetInLeeds","BSSID":"5c:a6:2d:86:6c:4d","RSSI":-46},{"SSID":"eduroam","BSSID":"5c:a6:2d:86:6c:4e","RSSI":-46},{"SSID":"WiFi Setup - University of Leeds","BSSID":"5c:a6:2d:cf:e8:ac","RSSI":-46},{"SSID":"MeetInLeeds","BSSID":"5c:a6:2d:cf:e8:ad","RSSI":-46},{"SSID":"eduroam","BSSID":"5c:a6:2d:cf:e8:ae","RSSI":-46},{"SSID":"MeetInLeeds","BSSID":"ac:3a:67:07:f8:62","RSSI":-51},{"SSID":"WiFi Setup - University of Leeds","BSSID":"ac:3a:67:07:f8:63","RSSI":-51},{"SSID":"WiFi Setup - University of Leeds","BSSID":"ac:3a:67:08:26:03","RSSI":-54},{"SSID":"MeetInLeeds","BSSID":"ac:3a:67:08:26:02","RSSI":-54},{"SSID":"WiFi Setup - University of Leeds","BSSID":"5c:a6:2d:af:8f:43","RSSI":-60},{"SSID":"MeetInLeeds","BSSID":"5c:a6:2d:af:8f:42","RSSI":-60},{"SSID":"eduroam","BSSID":"ac:3a:67:07:f8:6e","RSSI":-61},{"SSID":"WiFi Setup - University of Leeds","BSSID":"ac:3a:67:08:2a:03","RSSI":-63},{"SSID":"eduroam","BSSID":"ac:3a:67:08:26:0e","RSSI":-64},{"SSID":"MeetInLeeds","BSSID":"ac:3a:67:08:2a:02","RSSI":-64},{"SSID":"eduroam","BSSID":"5c:a6:2d:eb:db:2e","RSSI":-64},{"SSID":"MeetInLeeds","BSSID":"5c:a6:2d:eb:db:2d","RSSI":-65},{"SSID":"MeetInLeeds","BSSID":"5c:a6:2d:ef:4a:a2","RSSI":-66},{"SSID":"MeetInLeeds","BSSID":"5c:a6:2d:87:02:2d","RSSI":-66},{"SSID":"eduroam","BSSID":"ac:3a:67:08:2a:0e","RSSI":-66},{"SSID":"eduroam","BSSID":"5c:a6:2d:87:02:2e","RSSI":-67},{"SSID":"WiFi Setup - University of Leeds","BSSID":"ac:3a:67:08:2a:0c","RSSI":-67},{"SSID":"MeetInLeeds","BSSID":"ac:3a:67:08:2a:0d","RSSI":-70},{"SSID":"WiFi Setup - University of Leeds","BSSID":"5c:a6:2d:87:02:2c","RSSI":-70},{"SSID":"eduroam","BSSID":"5c:a6:2d:cf:bf:c1","RSSI":-72},{"SSID":"eduroam","BSSID":"5c:a6:2d:af:8f:4e","RSSI":-72},{"SSID":"WiFi Setup - University of Leeds","BSSID":"5c:a6:2d:cf:bf:c3","RSSI":-73},{"SSID":"WiFi Setup - University of Leeds","BSSID":"5c:a6:2d:af:8f:4c","RSSI":-73},{"SSID":"MeetInLeeds","BSSID":"5c:a6:2d:af:8f:4d","RSSI":-73},{"SSID":"MeetInLeeds","BSSID":"5c:a6:2d:ce:71:02","RSSI":-73},{"SSID":"WiFi Setup - University of Leeds","BSSID":"5c:a6:2d:ce:ac:03","RSSI":-74},{"SSID":"MeetInLeeds","BSSID":"5c:a6:2d:ce:ac:02","RSSI":-75},{"SSID":"WiFi Setup - University of Leeds","BSSID":"5c:a6:2d:ce:71:03","RSSI":-75},{"SSID":"eduroam","BSSID":"5c:a6:2d:ef:4c:01","RSSI":-77},{"SSID":"WiFi Setup - University of Leeds","BSSID":"5c:a6:2d:ef:4c:03","RSSI":-77},{"SSID":"MeetInLeeds","BSSID":"5c:a6:2d:cf:bb:ed","RSSI":-80},{"SSID":"WiFi Setup - University of Leeds","BSSID":"5c:a6:2d:cf:bb:ec","RSSI":-81},{"SSID":"WiFi Setup - University of Leeds","BSSID":"5c:a6:2d:ce:71:0c","RSSI":-81},{"SSID":"WiFi Setup - University of Leeds","BSSID":"ac:3a:67:08:29:2c","RSSI":-82},{"SSID":"WiFi Setup - University of Leeds","BSSID":"5c:a6:2d:ce:a4:cc","RSSI":-82},{"SSID":"eduroam","BSSID":"5c:a6:2d:cf:c1:81","RSSI":-83},{"SSID":"MeetInLeeds","BSSID":"5c:a6:2d:86:69:cd","RSSI":-83},{"SSID":"WiFi Setup - University of Leeds","BSSID":"5c:a6:2d:86:69:cc","RSSI":-83},{"SSID":"eduroam","BSSID":"5c:a6:2d:86:69:ce","RSSI":-83},{"SSID":"WiFi Setup - University of Leeds","BSSID":"5c:a6:2d:45:db:ac","RSSI":-84},{"SSID":"WiFi Setup - University of Leeds","BSSID":"5c:a6:2d:45:dc:ac","RSSI":-84},{"SSID":"MeetInLeeds","BSSID":"5c:a6:2d:45:db:ad","RSSI":-85},{"SSID":"MeetInLeeds","BSSID":"5c:a6:2d:87:01:42","RSSI":-85}],[{"SSID":"MeetInLeeds","BSSID":"5c:a6:2d:cf:e8:a2","RSSI":-42},{"SSID":"MeetInLeeds","BSSID":"5c:a6:2d:86:6c:42","RSSI":-42},{"SSID":"WiFi Setup - University of Leeds","BSSID":"5c:a6:2d:cf:e8:a3","RSSI":-43},{"SSID":"WiFi Setup - University of Leeds","BSSID":"5c:a6:2d:86:6c:43","RSSI":-43},{"SSID":"WiFi Setup - University of Leeds","BSSID":"5c:a6:2d:cf:e8:ac","RSSI":-46},{"SSID":"MeetInLeeds","BSSID":"5c:a6:2d:cf:e8:ad","RSSI":-46},{"SSID":"eduroam","BSSID":"5c:a6:2d:cf:e8:ae","RSSI":-48},{"SSID":"MeetInLeeds","BSSID":"ac:3a:67:07:f8:62","RSSI":-51},{"SSID":"WiFi Setup - University of Leeds","BSSID":"ac:3a:67:07:f8:63","RSSI":-52},{"SSID":"WiFi Setup - University of Leeds","BSSID":"ac:3a:67:08:26:03","RSSI":-53},{"SSID":"MeetInLeeds","BSSID":"ac:3a:67:08:26:02","RSSI":-53},{"SSID":"MeetInLeeds","BSSID":"ac:3a:67:07:f8:6d","RSSI":-54},{"SSID":"eduroam","BSSID":"ac:3a:67:07:f8:6e","RSSI":-54},{"SSID":"MeetInLeeds","BSSID":"5c:a6:2d:87:02:22","RSSI":-56},{"SSID":"WiFi Setup - University of Leeds","BSSID":"5c:a6:2d:87:02:23","RSSI":-57},{"SSID":"WiFi Setup - University of Leeds","BSSID":"ac:3a:67:08:26:0c","RSSI":-60},{"SSID":"MeetInLeeds","BSSID":"ac:3a:67:08:26:0d","RSSI":-60},{"SSID":"eduroam","BSSID":"ac:3a:67:08:26:0e","RSSI":-61},{"SSID":"WiFi Setup - University of Leeds","BSSID":"5c:a6:2d:af:8f:43","RSSI":-61},{"SSID":"WiFi Setup - University of Leeds","BSSID":"5c:a6:2d:ef:4a:a3","RSSI":-62},{"SSID":"MeetInLeeds","BSSID":"5c:a6:2d:af:8f:42","RSSI":-62},{"SSID":"MeetInLeeds","BSSID":"ac:3a:67:08:2a:02","RSSI":-63},{"SSID":"WiFi Setup - University of Leeds","BSSID":"5c:a6:2d:cf:df:63","RSSI":-65},{"SSID":"eduroam","BSSID":"5c:a6:2d:eb:db:2e","RSSI":-65},{"SSID":"MeetInLeeds","BSSID":"5c:a6:2d:eb:db:2d","RSSI":-65},{"SSID":"MeetInLeeds","BSSID":"5c:a6:2d:cf:df:62","RSSI":-66},{"SSID":"WiFi Setup - University of Leeds","BSSID":"5c:a6:2d:eb:db:2c","RSSI":-67},{"SSID":"eduroam","BSSID":"5c:a6:2d:cf:df:6e","RSSI":-67},{"SSID":"eduroam","BSSID":"5c:a6:2d:87:02:2e","RSSI":-68},{"SSID":"MeetInLeeds","BSSID":"5c:a6:2d:87:02:2d","RSSI":-68},{"SSID":"eduroam","BSSID":"5c:a6:2d:ef:4a:ae","RSSI":-69},{"SSID":"WiFi Setup - University of Leeds","BSSID":"5c:a6:2d:ef:4a:ac","RSSI":-69},{"SSID":"WiFi Setup - University of Leeds","BSSID":"5c:a6:2d:87:02:2c","RSSI":-69},{"SSID":"WiFi Setup - University of Leeds","BSSID":"5c:a6:2d:af:8f:4c","RSSI":-70},{"SSID":"eduroam","BSSID":"5c:a6:2d:af:8f:4e","RSSI":-70},{"SSID":"MeetInLeeds","BSSID":"5c:a6:2d:af:8f:4d","RSSI":-71},{"SSID":"MeetInLeeds","BSSID":"5c:a6:2d:eb:db:22","RSSI":-71},{"SSID":"eduroam","BSSID":"5c:a6:2d:eb:db:21","RSSI":-71},{"SSID":"MeetInLeeds","BSSID":"ac:3a:67:08:2a:0d","RSSI":-71},{"SSID":"WiFi Setup - University of Leeds","BSSID":"5c:a6:2d:ce:ac:03","RSSI":-77},{"SSID":"WiFi Setup - University of Leeds","BSSID":"5c:a6:2d:ce:71:03","RSSI":-77},{"SSID":"MeetInLeeds","BSSID":"5c:a6:2d:ce:a4:cd","RSSI":-78},{"SSID":"MeetInLeeds","BSSID":"5c:a6:2d:ce:71:02","RSSI":-78},{"SSID":"eduroam","BSSID":"5c:a6:2d:af:8d:8e","RSSI":-80},{"SSID":"MeetInLeeds","BSSID":"ac:3a:67:08:29:22","RSSI":-81},{"SSID":"WiFi Setup - University of Leeds","BSSID":"5c:a6:2d:cf:bb:ec","RSSI":-82},{"SSID":"WiFi Setup - University of Leeds","BSSID":"ac:3a:67:08:29:2c","RSSI":-83},{"SSID":"WiFi Setup - University of Leeds","BSSID":"5c:a6:2d:45:dc:ac","RSSI":-83},{"SSID":"MeetInLeeds","BSSID":"5c:a6:2d:cf:e5:a2","RSSI":-85},{"SSID":"MeetInLeeds","BSSID":"ac:3a:67:08:29:2d","RSSI":-85},{"SSID":"MeetInLeeds","BSSID":"5c:a6:2d:45:dc:ad","RSSI":-86}],[{"SSID":"MeetInLeeds","BSSID":"5c:a6:2d:cf:e8:a2","RSSI":-41},{"SSID":"WiFi Setup - University of Leeds","BSSID":"5c:a6:2d:cf:e8:a3","RSSI":-41},{"SSID":"WiFi Setup - University of Leeds","BSSID":"5c:a6:2d:86:6c:43","RSSI":-43},{"SSID":"MeetInLeeds","BSSID":"5c:a6:2d:86:6c:42","RSSI":-44},{"SSID":"WiFi Setup - University of Leeds","BSSID":"5c:a6:2d:86:6c:4c","RSSI":-45},{"SSID":"eduroam","BSSID":"5c:a6:2d:86:6c:4e","RSSI":-45},{"SSID":"MeetInLeeds","BSSID":"5c:a6:2d:86:6c:4d","RSSI":-46},{"SSID":"eduroam","BSSID":"5c:a6:2d:cf:e8:ae","RSSI":-48},{"SSID":"MeetInLeeds","BSSID":"5c:a6:2d:cf:e8:ad","RSSI":-49},{"SSID":"WiFi Setup - University of Leeds","BSSID":"ac:3a:67:07:f8:63","RSSI":-50},{"SSID":"WiFi Setup - University of Leeds","BSSID":"5c:a6:2d:cf:e8:ac","RSSI":-51},{"SSID":"MeetInLeeds","BSSID":"ac:3a:67:07:f8:62","RSSI":-52},{"SSID":"WiFi Setup - University of Leeds","BSSID":"ac:3a:67:08:26:03","RSSI":-52},{"SSID":"MeetInLeeds","BSSID":"ac:3a:67:08:26:02","RSSI":-53},{"SSID":"WiFi Setup - University of Leeds","BSSID":"ac:3a:67:07:f8:6c","RSSI":-55},{"SSID":"MeetInLeeds","BSSID":"ac:3a:67:07:f8:6d","RSSI":-56},{"SSID":"eduroam","BSSID":"ac:3a:67:07:f8:6e","RSSI":-56},{"SSID":"WiFi Setup - University of Leeds","BSSID":"ac:3a:67:08:26:0c","RSSI":-59},{"SSID":"WiFi Setup - University of Leeds","BSSID":"5c:a6:2d:87:02:23","RSSI":-59},{"SSID":"MeetInLeeds","BSSID":"5c:a6:2d:87:02:22","RSSI":-59},{"SSID":"MeetInLeeds","BSSID":"ac:3a:67:08:26:0d","RSSI":-60},{"SSID":"WiFi Setup - University of Leeds","BSSID":"5c:a6:2d:ef:4a:a3","RSSI":-60},{"SSID":"MeetInLeeds","BSSID":"5c:a6:2d:ef:4a:a2","RSSI":-60},{"SSID":"eduroam","BSSID":"ac:3a:67:08:26:0e","RSSI":-61},{"SSID":"MeetInLeeds","BSSID":"5c:a6:2d:af:8f:42","RSSI":-61},{"SSID":"MeetInLeeds","BSSID":"ac:3a:67:08:2a:02","RSSI":-62},{"SSID":"WiFi Setup - University of Leeds","BSSID":"5c:a6:2d:af:8f:43","RSSI":-62},{"SSID":"WiFi Setup - University of Leeds","BSSID":"ac:3a:67:08:2a:03","RSSI":-63},{"SSID":"WiFi Setup - University of Leeds","BSSID":"5c:a6:2d:cf:df:63","RSSI":-65},{"SSID":"MeetInLeeds","BSSID":"5c:a6:2d:eb:db:2d","RSSI":-65},{"SSID":"WiFi Setup - University of Leeds","BSSID":"5c:a6:2d:eb:db:2c","RSSI":-66},{"SSID":"MeetInLeeds","BSSID":"5c:a6:2d:cf:df:62","RSSI":-66},{"SSID":"eduroam","BSSID":"5c:a6:2d:eb:db:2e","RSSI":-66},{"SSID":"eduroam","BSSID":"ac:3a:67:08:2a:0e","RSSI":-67},{"SSID":"WiFi Setup - University of Leeds","BSSID":"ac:3a:67:08:2a:0c","RSSI":-68},{"SSID":"eduroam","BSSID":"5c:a6:2d:cf:df:6e","RSSI":-68},{"SSID":"MeetInLeeds","BSSID":"5c:a6:2d:cf:df:6d","RSSI":-68},{"SSID":"WiFi Setup - University of Leeds","BSSID":"5c:a6:2d:cf:df:6c","RSSI":-69},{"SSID":"eduroam","BSSID":"5c:a6:2d:ef:4a:ae","RSSI":-71},{"SSID":"MeetInLeeds","BSSID":"5c:a6:2d:eb:db:22","RSSI":-72},{"SSID":"eduroam","BSSID":"5c:a6:2d:eb:db:21","RSSI":-72},{"SSID":"MeetInLeeds","BSSID":"5c:a6:2d:ef:4a:ad","RSSI":-72},{"SSID":"WiFi Setup - University of Leeds","BSSID":"5c:a6:2d:ef:4c:03","RSSI":-75},{"SSID":"WiFi Setup - University of Leeds","BSSID":"5c:a6:2d:ce:a4:cc","RSSI":-76},{"SSID":"WiFi Setup - University of Leeds","BSSID":"5c:a6:2d:af:8d:8c","RSSI":-78},{"SSID":"MeetInLeeds","BSSID":"5c:a6:2d:86:69:c2","RSSI":-79},{"SSID":"MeetInLeeds","BSSID":"5c:a6:2d:af:8d:8d","RSSI":-79},{"SSID":"WiFi Setup - University of Leeds","BSSID":"5c:a6:2d:ce:71:0c","RSSI":-79},{"SSID":"WiFi Setup - University of Leeds","BSSID":"5c:a6:2d:86:69:c3","RSSI":-80},{"SSID":"WiFi Setup - University of Leeds","BSSID":"ac:3a:67:08:29:2c","RSSI":-83},{"SSID":"MeetInLeeds","BSSID":"ac:3a:67:08:29:2d","RSSI":-83},{"SSID":"eduroam","BSSID":"ac:3a:67:08:29:2e","RSSI":-83},{"SSID":"MeetInLeeds","BSSID":"5c:a6:2d:cf:bf:cd","RSSI":-83},{"SSID":"WiFi Setup - University of Leeds","BSSID":"5c:a6:2d:cf:bf:cc","RSSI":-83},{"SSID":"eduroam","BSSID":"5c:a6:2d:cf:bf:ce","RSSI":-83},{"SSID":"eduroam","BSSID":"5c:a6:2d:45:dc:a1","RSSI":-83},{"SSID":"WiFi Setup - University of Leeds","BSSID":"5c:a6:2d:86:69:cc","RSSI":-86}],[{"SSID":"MeetInLeeds","BSSID":"5c:a6:2d:cf:e8:a2","RSSI":-41},{"SSID":"WiFi Setup - University of Leeds","BSSID":"5c:a6:2d:cf:e8:a3","RSSI":-42},{"SSID":"WiFi Setup - University of Leeds","BSSID":"5c:a6:2d:86:6c:43","RSSI":-44},{"SSID":"WiFi Setup - University of Leeds","BSSID":"5c:a6:2d:cf:e8:ac","RSSI":-45},{"SSID":"eduroam","BSSID":"5c:a6:2d:cf:e8:ae","RSSI":-45},{"SSID":"MeetInLeeds","BSSID":"5c:a6:2d:cf:e8:ad","RSSI":-46},{"SSID":"WiFi Setup - University of Leeds","BSSID":"5c:a6:2d:86:6c:4c","RSSI":-47},{"SSID":"MeetInLeeds","BSSID":"5c:a6:2d:86:6c:4d","RSSI":-47},{"SSID":"eduroam","BSSID":"5c:a6:2d:86:6c:4e","RSSI":-47},{"SSID":"MeetInLeeds","BSSID":"ac:3a:67:07:f8:62","RSSI":-52},{"SSID":"WiFi Setup - University of Leeds","BSSID":"ac:3a:67:07:f8:63","RSSI":-52},{"SSID":"WiFi Setup - University of Leeds","BSSID":"ac:3a:67:08:26:03","RSSI":-53},{"SSID":"MeetInLeeds","BSSID":"ac:3a:67:08:26:02","RSSI":-55},{"SSID":"MeetInLeeds","BSSID":"ac:3a:67:08:26:0d","RSSI":-59},{"SSID":"WiFi Setup - University of Leeds","BSSID":"5c:a6:2d:87:02:23","RSSI":-59},{"SSID":"WiFi Setup - University of Leeds","BSSID":"ac:3a:67:08:26:0c","RSSI":-60},{"SSID":"MeetInLeeds","BSSID":"5c:a6:2d:87:02:22","RSSI":-60},{"SSID":"MeetInLeeds","BSSID":"5c:a6:2d:ef:4a:a2","RSSI":-61},{"SSID":"WiFi Setup - University of Leeds","BSSID":"5c:a6:2d:af:8f:43","RSSI":-61},{"SSID":"MeetInLeeds","BSSID":"5c:a6:2d:af:8f:42","RSSI":-61},{"SSID":"WiFi Setup - University of Leeds","BSSID":"ac:3a:67:08:2a:03","RSSI":-63},{"SSID":"MeetInLeeds","BSSID":"ac:3a:67:08:2a:02","RSSI":-64},{"SSID":"WiFi Setup - University of Leeds","BSSID":"5c:a6:2d:cf:df:63","RSSI":-66},{"SSID":"eduroam","BSSID":"5c:a6:2d:eb:db:2e","RSSI":-66},{"SSID":"MeetInLeeds","BSSID":"ac:3a:67:08:2a:0d","RSSI":-67},{"SSID":"eduroam","BSSID":"ac:3a:67:08:2a:0e","RSSI":-67},{"SSID":"WiFi Setup - University of Leeds","BSSID":"ac:3a:67:08:2a:0c","RSSI":-67},{"SSID":"MeetInLeeds","BSSID":"5c:a6:2d:eb:db:2d","RSSI":-67},{"SSID":"eduroam","BSSID":"ac:3a:67:08:26:0e","RSSI":-69},{"SSID":"eduroam","BSSID":"5c:a6:2d:af:8f:4e","RSSI":-69},{"SSID":"eduroam","BSSID":"5c:a6:2d:87:02:2e","RSSI":-69},{"SSID":"MeetInLeeds","BSSID":"5c:a6:2d:87:02:2d","RSSI":-69},{"SSID":"eduroam","BSSID":"5c:a6:2d:cf:df:6e","RSSI":-69},{"SSID":"MeetInLeeds","BSSID":"5c:a6:2d:cf:df:6d","RSSI":-69},{"SSID":"WiFi Setup - University of Leeds","BSSID":"5c:a6:2d:cf:df:6c","RSSI":-69},{"SSID":"WiFi Setup - University of Leeds","BSSID":"5c:a6:2d:af:8f:4c","RSSI":-70},{"SSID":"MeetInLeeds","BSSID":"5c:a6:2d:af:8f:4d","RSSI":-70},{"SSID":"WiFi Setup - University of Leeds","BSSID":"5c:a6:2d:87:02:2c","RSSI":-70},{"SSID":"WiFi Setup - University of Leeds","BSSID":"5c:a6:2d:eb:db:23","RSSI":-72},{"SSID":"MeetInLeeds","BSSID":"5c:a6:2d:eb:db:22","RSSI":-72},{"SSID":"WiFi Setup - University of Leeds","BSSID":"5c:a6:2d:cf:bf:c3","RSSI":-73},{"SSID":"WiFi Setup - University of Leeds","BSSID":"5c:a6:2d:ef:4c:03","RSSI":-75},{"SSID":"WiFi Setup - University of Leeds","BSSID":"5c:a6:2d:86:69:c3","RSSI":-77},{"SSID":"WiFi Setup - University of Leeds","BSSID":"5c:a6:2d:ce:a4:cc","RSSI":-77},{"SSID":"MeetInLeeds","BSSID":"5c:a6:2d:ce:71:02","RSSI":-77},{"SSID":"MeetInLeeds","BSSID":"5c:a6:2d:86:69:c2","RSSI":-78},{"SSID":"WiFi Setup - University of Leeds","BSSID":"5c:a6:2d:ce:71:03","RSSI":-78},{"SSID":"MeetInLeeds","BSSID":"5c:a6:2d:ce:71:0d","RSSI":-78},{"SSID":"MeetInLeeds","BSSID":"5c:a6:2d:cf:bb:ed","RSSI":-79},{"SSID":"eduroam","BSSID":"5c:a6:2d:ce:71:01","RSSI":-79},{"SSID":"WiFi Setup - University of Leeds","BSSID":"5c:a6:2d:ce:71:0c","RSSI":-79},{"SSID":"WiFi Setup - University of Leeds","BSSID":"5c:a6:2d:cf:bb:ec","RSSI":-80},{"SSID":"eduroam","BSSID":"5c:a6:2d:cf:bb:ee","RSSI":-80},{"SSID":"eduroam","BSSID":"5c:a6:2d:ce:a4:c1","RSSI":-80},{"SSID":"WiFi Setup - University of Leeds","BSSID":"ac:3a:67:08:29:23","RSSI":-80},{"SSID":"MeetInLeeds","BSSID":"ac:3a:67:08:29:22","RSSI":-81},{"SSID":"eduroam","BSSID":"5c:a6:2d:ce:71:0e","RSSI":-81},{"SSID":"eduroam","BSSID":"5c:a6:2d:cf:e5:a1","RSSI":-84},{"SSID":"MeetInLeeds","BSSID":"5c:a6:2d:cf:bf:cd","RSSI":-84},{"SSID":"eduroam","BSSID":"5c:a6:2d:cf:bf:ce","RSSI":-84},{"SSID":"WiFi Setup - University of Leeds","BSSID":"5c:a6:2d:45:dc:a3","RSSI":-84},{"SSID":"WiFi Setup - University of Leeds","BSSID":"5c:a6:2d:cf:e5:a3","RSSI":-85},{"SSID":"WiFi Setup - University of Leeds","BSSID":"5c:a6:2d:45:dc:ac","RSSI":-85},{"SSID":"WiFi Setup - University of Leeds","BSSID":"5c:a6:2d:cf:bf:cc","RSSI":-86}],[{"SSID":"MeetInLeeds","BSSID":"5c:a6:2d:cf:e8:a2","RSSI":-41},{"SSID":"WiFi Setup - University of Leeds","BSSID":"5c:a6:2d:cf:e8:a3","RSSI":-42},{"SSID":"WiFi Setup - University of Leeds","BSSID":"5c:a6:2d:86:6c:43","RSSI":-43},{"SSID":"eduroam","BSSID":"5c:a6:2d:86:6c:41","RSSI":-44},{"SSID":"MeetInLeeds","BSSID":"5c:a6:2d:86:6c:42","RSSI":-44},{"SSID":"WiFi Setup - University of Leeds","BSSID":"5c:a6:2d:cf:e8:ac","RSSI":-46},{"SSID":"MeetInLeeds","BSSID":"5c:a6:2d:cf:e8:ad","RSSI":-46},{"SSID":"eduroam","BSSID":"5c:a6:2d:cf:e8:ae","RSSI":-46},{"SSID":"MeetInLeeds","BSSID":"ac:3a:67:07:f8:62","RSSI":-51},{"SSID":"WiFi Setup - University of Leeds","BSSID":"ac:3a:67:07:f8:63","RSSI":-51},{"SSID":"WiFi Setup - University of Leeds","BSSID":"ac:3a:67:08:26:03","RSSI":-53},{"SSID":"MeetInLeeds","BSSID":"ac:3a:67:08:26:02","RSSI":-53},{"SSID":"WiFi Setup - University of Leeds","BSSID":"ac:3a:67:08:26:0c","RSSI":-59},{"SSID":"WiFi Setup - University of Leeds","BSSID":"5c:a6:2d:ef:4a:a3","RSSI":-59},{"SSID":"MeetInLeeds","BSSID":"5c:a6:2d:ef:4a:a2","RSSI":-60},{"SSID":"WiFi Setup - University of Leeds","BSSID":"5c:a6:2d:af:8f:43","RSSI":-60},{"SSID":"MeetInLeeds","BSSID":"5c:a6:2d:87:02:22","RSSI":-60},{"SSID":"WiFi Setup - University of Leeds","BSSID":"5c:a6:2d:87:02:23","RSSI":-61},{"SSID":"MeetInLeeds","BSSID":"5c:a6:2d:af:8f:42","RSSI":-62},{"SSID":"WiFi Setup - University of Leeds","BSSID":"ac:3a:67:08:2a:03","RSSI":-63},{"SSID":"MeetInLeeds","BSSID":"ac:3a:67:08:26:0d","RSSI":-64},{"SSID":"MeetInLeeds","BSSID":"ac:3a:67:08:2a:02","RSSI":-64},{"SSID":"MeetInLeeds","BSSID":"5c:a6:2d:cf:df:62","RSSI":-67},{"SSID":"MeetInLeeds","BSSID":"ac:3a:67:08:2a:0d","RSSI":-67},{"SSID":"WiFi Setup - University of Leeds","BSSID":"ac:3a:67:08:2a:0c","RSSI":-67},{"SSID":"eduroam","BSSID":"5c:a6:2d:eb:db:2e","RSSI":-67},{"SSID":"MeetInLeeds","BSSID":"5c:a6:2d:eb:db:2d","RSSI":-67},{"SSID":"WiFi Setup - University of Leeds","BSSID":"5c:a6:2d:eb:db:2c","RSSI":-68},{"SSID":"eduroam","BSSID":"5c:a6:2d:cf:df:6e","RSSI":-68},{"SSID":"eduroam","BSSID":"ac:3a:67:08:26:0e","RSSI":-69},{"SSID":"MeetInLeeds","BSSID":"5c:a6:2d:cf:df:6d","RSSI":-70},{"SSID":"WiFi Setup - University of Leeds","BSSID":"5c:a6:2d:cf:df:6c","RSSI":-70},{"SSID":"WiFi Setup - University of Leeds","BSSID":"5c:a6:2d:eb:db:23","RSSI":-71},{"SSID":"MeetInLeeds","BSSID":"5c:a6:2d:eb:db:22","RSSI":-71},{"SSID":"WiFi Setup - University of Leeds","BSSID":"5c:a6:2d:ef:4c:03","RSSI":-75},{"SSID":"WiFi Setup - University of Leeds","BSSID":"5c:a6:2d:45:db:a3","RSSI":-77},{"SSID":"WiFi Setup - University of Leeds","BSSID":"5c:a6:2d:af:8d:8c","RSSI":-77},{"SSID":"MeetInLeeds","BSSID":"5c:a6:2d:86:69:c2","RSSI":-79},{"SSID":"WiFi Setup - University of Leeds","BSSID":"5c:a6:2d:86:69:c3","RSSI":-79},{"SSID":"WiFi Setup - University of Leeds","BSSID":"5c:a6:2d:cf:bb:ec","RSSI":-79},{"SSID":"eduroam","BSSID":"5c:a6:2d:af:8d:8e","RSSI":-79},{"SSID":"eduroam","BSSID":"ac:3a:67:08:2a:0e","RSSI":-79},{"SSID":"WiFi Setup - University of Leeds","BSSID":"ac:3a:67:08:29:23","RSSI":-79},{"SSID":"MeetInLeeds","BSSID":"5c:a6:2d:cf:e5:a2","RSSI":-84}]]