[[{"SSID":"WiFi Setup - University of Leeds","BSSID":"5c:a6:2d:cf:e6:23","RSSI":-50},{"SSID":"eduroam","BSSID":"5c:a6:2d:cf:e6:21","RSSI":-51},{"SSID":"MeetInLeeds","BSSID":"5c:a6:2d:cf:e6:22","RSSI":-51},{"SSID":"WiFi Setup - University of Leeds","BSSID":"5c:a6:2d:45:db:a3","RSSI":-54},{"SSID":"MeetInLeeds","BSSID":"5c:a6:2d:45:db:a2","RSSI":-55},{"SSID":"MeetInLeeds","BSSID":"ac:3a:67:08:28:c2","RSSI":-55},{"SSID":"WiFi Setup - University of Leeds","BSSID":"ac:3a:67:08:28:c3","RSSI":-56},{"SSID":"WiFi Setup - University of Leeds","BSSID":"5c:a6:2d:ef:4a:a3","RSSI":-57},{"SSID":"MeetInLeeds","BSSID":"5c:a6:2d:ef:4a:a2","RSSI":-57},{"SSID":"eduroam","BSSID":"ac:3a:67:08:28:ce","RSSI":-63},{"SSID":"MeetInLeeds","BSSID":"ac:3a:67:08:28:cd","RSSI":-63},{"SSID":"WiFi Setup - University of Leeds","BSSID":"ac:3a:67:08:28:cc","RSSI":-65},{"SSID":"WiFi Setup - University of Leeds","BSSID":"5c:a6:2d:86:6b:e3","RSSI":-66},{"SSID":"eduroam","BSSID":"5c:a6:2d:af:94:a1","RSSI":-69},{"SSID":"MeetInLeeds","BSSID":"5c:a6:2d:af:94:a2","RSSI":-69},{"SSID":"WiFi Setup - University of Leeds","BSSID":"5c:a6:2d:af:94:a3","RSSI":-69},{"SSID":"WiFi Setup - University of Leeds","BSSID":"ac:3a:67:08:0e:e3","RSSI":-69},{"SSID":"eduroam","BSSID":"ac:3a:67:08:29:2e","RSSI":-71},{"SSID":"MeetInLeeds","BSSID":"ac:3a:67:08:0e:ed","RSSI":-71},{"SSID":"WiFi Setup - University of Leeds","BSSID":"ac:3a:67:08:0e:ec","RSSI":-71},{"SSID":"eduroam","BSSID":"ac:3a:67:08:0e:ee","RSSI":-71},{"SSID":"eduroam","BSSID":"5c:a6:2d:cf:e5:01","RSSI":-73},{"SSID":"WiFi Setup - University of Leeds","BSSID":"5c:a6:2d:cf:e5:03","RSSI":-73},{"SSID":"MeetInLeeds","BSSID":"5c:a6:2d:cf:e5:02","RSSI":-73},{"SSID":"WiFi Setup - University of Leeds","BSSID":"5c:a6:2d:ce:ac:03","RSSI":-74},{"SSID":"MeetInLeeds","BSSID":"ac:3a:67:08:25:82","RSSI":-76},{"SSID":"WiFi Setup - University of Leeds","BSSID":"ac:3a:67:08:25:83","RSSI":-76},{"SSID":"WiFi Setup - University of Leeds","BSSID":"5c:a6:2d:cf:bb:e3","RSSI":-77},{"SSID":"WiFi Setup - University of Leeds","BSSID":"5c:a6:2d:af:8f:43","RSSI":-77},{"SSID":"eduroam","BSSID":"ac:3a:67:08:29:21","RSSI":-77},{"SSID":"eduroam","BSSID":"5c:a6:2d:ce:a4:ce","RSSI":-78},{"SSID":"MeetInLeeds","BSSID":"5c:a6:2d:cf:bb:e2","RSSI":-78},{"SSID":"MeetInLeeds","BSSID":"5c:a6:2d:ce:ac:0d","RSSI":-78},{"SSID":"WiFi Setup - University of Leeds","BSSID":"5c:a6:2d:ce:ac:0c","RSSI":-78},{"SSID":"eduroam","BSSID":"5c:a6:2d:ce:ac:0e","RSSI":-78},{"SSID":"WiFi Setup - University of Leeds","BSSID":"5c:a6:2d:86:6c:43","RSSI":-83}],[{"SSID":"WiFi Setup - University of Leeds","BSSID":"5c:a6:2d:1e:0a:03","RSSI":-47},{"SSID":"WiFi Setup - University of Leeds","BSSID":"5c:a6:2d:cf:e6:23","RSSI":-47},{"SSID":"eduroam","BSSID":"5c:a6:2d:1e:0a:01","RSSI":-48},{"SSID":"eduroam","BSSID":"5c:a6:2d:1e:0a:0e","RSSI":-50},{"SSID":"MeetInLeeds","BSSID":"5c:a6:2d:1e:0a:0d","RSSI":-50},{"SSID":"WiFi Setup - University of Leeds","BSSID":"5c:a6:2d:1e:0a:0c","RSSI":-50},{"SSID":"eduroam","BSSID":"5c:a6:2d:cf:e6:2e","RSSI":-51},{"SSID":"WiFi Setup - University of Leeds","BSSID":"5c:a6:2d:cf:e6:2c","RSSI":-51},{"SSID":"MeetInLeeds","BSSID":"5c:a6:2d:cf:e6:2d","RSSI":-51},{"SSID":"MeetInLeeds","BSSID":"5c:a6:2d:45:db:a2","RSSI":-52},{"SSID":"WiFi Setup - University of Leeds","BSSID":"5c:a6:2d:45:db:a3","RSSI":-52},{"SSID":"WiFi Setup - University of Leeds","BSSID":"ac:3a:67:08:28:c3","RSSI":-53},{"SSID":"eduroam","BSSID":"ac:3a:67:08:28:c1","RSSI":-53},{"SSID":"MeetInLeeds","BSSID":"ac:3a:67:08:28:c2","RSSI":-54},{"SSID":"MeetInLeeds","BSSID":"ac:3a:67:08:28:cd","RSSI":-59},{"SSID":"eduroam","BSSID":"5c:a6:2d:ef:4a:ae","RSSI":-59},{"SSID":"MeetInLeeds","BSSID":"5c:a6:2d:ef:4a:ad","RSSI":-59},{"SSID":"WiFi Setup - University of Leeds","BSSID":"5c:a6:2d:ef:4a:ac","RSSI":-59},{"SSID":"WiFi Setup - University of Leeds","BSSID":"5c:a6:2d:ef:4a:a3","RSSI":-60},{"SSID":"MeetInLeeds","BSSID":"5c:a6:2d:ef:4a:a2","RSSI":-60},{"SSID":"eduroam","BSSID":"5c:a6:2d:ef:4a:a1","RSSI":-60},{"SSID":"eduroam","BSSID":"ac:3a:67:08:28:ce","RSSI":-61},{"SSID":"WiFi Setup - University of Leeds","BSSID":"ac:3a:67:08:28:cc","RSSI":-61},{"SSID":"MeetInLeeds","BSSID":"5c:a6:2d:45:db:ad","RSSI":-61},{"SSID":"eduroam","BSSID":"5c:a6:2d:45:db:ae","RSSI":-61},{"SSID":"WiFi Setup - University of Leeds","BSSID":"5c:a6:2d:86:6b:e3","RSSI":-62},{"SSID":"WiFi Setup - University of Leeds","BSSID":"5c:a6:2d:86:6b:ec","RSSI":-65},{"SSID":"WiFi Setup - University of Leeds","BSSID":"5c:a6:2d:45:db:ac","RSSI":-65},{"SSID":"WiFi Setup - University of Leeds","BSSID":"5c:a6:2d:cf:e5:03","RSSI":-66},{"SSID":"MeetInLeeds","BSSID":"5c:a6:2d:86:6b:ed","RSSI":-66},{"SSID":"eduroam","BSSID":"5c:a6:2d:86:6b:ee","RSSI":-66},{"SSID":"MeetInLeeds","BSSID":"5c:a6:2d:cf:e5:02","RSSI":-67},{"SSID":"MeetInLeeds","BSSID":"5c:a6:2d:af:94:ad","RSSI":-69},{"SSID":"WiFi Setup - University of Leeds","BSSID":"5c:a6:2d:af:94:ac","RSSI":-69},{"SSID":"WiFi Setup - University of Leeds","BSSID":"ac:3a:67:08:29:2c","RSSI":-71},{"SSID":"eduroam","BSSID":"5c:a6:2d:af:94:ae","RSSI":-71},{"SSID":"MeetInLeeds","BSSID":"ac:3a:67:08:0e:ed","RSSI":-71},{"SSID":"eduroam","BSSID":"ac:3a:67:08:0e:ee","RSSI":-71},{"SSID":"WiFi Setup - University of Leeds","BSSID":"ac:3a:67:08:25:83","RSSI":-71},{"SSID":"MeetInLeeds","BSSID":"ac:3a:67:08:29:2d","RSSI":-72},{"SSID":"WiFi Setup - University of Leeds","BSSID":"ac:3a:67:08:0e:ec","RSSI":-72},{"SSID":"WiFi Setup - University of Leeds","BSSID":"ac:3a:67:08:0e:e3","RSSI":-72},{"SSID":"MeetInLeeds","BSSID":"ac:3a:67:08:0e:e2","RSSI":-72},{"SSID":"MeetInLeeds","BSSID":"ac:3a:67:08:25:82","RSSI":-72},{"SSID":"MeetInLeeds","BSSID":"ac:3a:67:08:29:22","RSSI":-74},{"SSID":"WiFi Setup - University of Leeds","BSSID":"ac:3a:67:08:29:23","RSSI":-74},{"SSID":"MeetInLeeds","BSSID":"5c:a6:2d:ce:ac:02","RSSI":-75},{"SSID":"WiFi Setup - University of Leeds","BSSID":"5c:a6:2d:cf:e5:0c","RSSI":-75},{"SSID":"eduroam","BSSID":"ac:3a:67:08:29:21","RSSI":-75},{"SSID":"eduroam","BSSID":"5c:a6:2d:cf:e5:0e","RSSI":-76},{"SSID":"MeetInLeeds","BSSID":"5c:a6:2d:cf:e5:0d","RSSI":-76},{"SSID":"WiFi Setup - University of Leeds","BSSID":"5c:a6:2d:cf:bb:ec","RSSI":-77},{"SSID":"WiFi Setup - University of Leeds","BSSID":"5c:a6:2d:cf:bb:e3","RSSI":-77},{"SSID":"WiFi Setup - University of Leeds","BSSID":"ac:3a:67:08:25:8c","RSSI":-80},{"SSID":"eduroam","BSSID":"ac:3a:67:08:25:8e","RSSI":-81},{"SSID":"MeetInLeeds","BSSID":"5c:a6:2d:cf:bb:e2","RSSI":-82},{"SSID":"WiFi Setup - University of Leeds","BSSID":"ac:3a:67:08:03:8c","RSSI":-84},{"SSID":"MeetInLeeds","BSSID":"ac:3a:67:08:03:8d","RSSI":-84},{"SSID":"MeetInLeeds","BSSID":"5c:a6:2d:ce:71:02","RSSI":-84}],[{"SSID":"MeetInLeeds","BSSID":"5c:a6:2d:cf:e6:22","RSSI":-44},{"SSID":"WiFi Setup - University of Leeds","BSSID":"5c:a6:2d:cf:e6:23","RSSI":-44},{"SSID":"MeetInLeeds","BSSID":"5c:a6:2d:1e:0a:02","RSSI":-45},{"SSID":"eduroam","BSSID":"5c:a6:2d:cf:e6:2e","RSSI":-50},{"SSID":"WiFi Setup - University of Leeds","BSSID":"5c:a6:2d:cf:e6:2c","RSSI":-50},{"SSID":"MeetInLeeds","BSSID":"5c:a6:2d:cf:e6:2d","RSSI":-50},{"SSID":"MeetInLeeds","BSSID":"ac:3a:67:08:28:c2","RSSI":-52},{"SSID":"eduroam","BSSID":"5c:a6:2d:1e:0a:0e","RSSI":-53},{"SSID":"MeetInLeeds","BSSID":"5c:a6:2d:1e:0a:0d","RSSI":-53},{"SSID":"WiFi Setup - University of Leeds","BSSID":"5c:a6:2d:1e:0a:0c","RSSI":-53},{"SSID":"MeetInLeeds","BSSID":"5c:a6:2d:45:db:a2","RSSI":-55},{"SSID":"WiFi Setup - University of Leeds","BSSID":"5c:a6:2d:45:db:a3","RSSI":-55},{"SSID":"MeetInLeeds","BSSID":"5c:a6:2d:ef:4a:a2","RSSI":-57},{"SSID":"WiFi Setup - University of Leeds","BSSID":"5c:a6:2d:ef:4a:a3","RSSI":-58},{"SSID":"eduroam","BSSID":"5c:a6:2d:ef:4a:ae","RSSI":-59},{"SSID":"MeetInLeeds","BSSID":"5c:a6:2d:ef:4a:ad","RSSI":-60},{"SSID":"MeetInLeeds","BSSID":"5c:a6:2d:86:6b:e2","RSSI":-61},{"SSID":"WiFi Setup - University of Leeds","BSSID":"5c:a6:2d:ef:4a:ac","RSSI":-61},{"SSID":"WiFi Setup - University of Leeds","BSSID":"ac:3a:67:08:28:cc","RSSI":-62},{"SSID":"eduroam","BSSID":"ac:3a:67:08:28:ce","RSSI":-63},{"SSID":"MeetInLeeds","BSSID":"ac:3a:67:08:28:cd","RSSI":-63},{"SSID":"MeetInLeeds","BSSID":"5c:a6:2d:cf:e5:02","RSSI":-64},{"SSID":"MeetInLeeds","BSSID":"5c:a6:2d:af:94:a2","RSSI":-67},{"SSID":"eduroam","BSSID":"5c:a6:2d:cf:e5:01","RSSI":-67},{"SSID":"WiFi Setup - University of Leeds","BSSID":"ac:3a:67:08:28:c3","RSSI":-67},{"SSID":"WiFi Setup - University of Leeds","BSSID":"5c:a6:2d:af:94:a3","RSSI":-68},{"SSID":"WiFi Setup - University of Leeds","BSSID":"5c:a6:2d:cf:e5:03","RSSI":-68},{"SSID":"WiFi Setup - University of Leeds","BSSID":"5c:a6:2d:86:6b:ec","RSSI":-68},{"SSID":"MeetInLeeds","BSSID":"5c:a6:2d:86:6b:ed","RSSI":-68},{"SSID":"eduroam","BSSID":"5c:a6:2d:86:6b:ee","RSSI":-68},{"SSID":"MeetInLeeds","BSSID":"5c:a6:2d:45:db:ad","RSSI":-69},{"SSID":"MeetInLeeds","BSSID":"ac:3a:67:08:0e:e2","RSSI":-70},{"SSID":"eduroam","BSSID":"5c:a6:2d:45:db:ae","RSSI":-70},{"SSID":"WiFi Setup - University of Leeds","BSSID":"ac:3a:67:08:0e:e3","RSSI":-71},{"SSID":"WiFi Setup - University of Leeds","BSSID":"5c:a6:2d:45:db:ac","RSSI":-71},{"SSID":"MeetInLeeds","BSSID":"ac:3a:67:08:0e:ed","RSSI":-72},{"SSID":"WiFi Setup - University of Leeds","BSSID":"ac:3a:67:08:0e:ec","RSSI":-72},{"SSID":"WiFi Setup - University of Leeds","BSSID":"ac:3a:67:08:29:2c","RSSI":-73},{"SSID":"MeetInLeeds","BSSID":"ac:3a:67:08:29:2d","RSSI":-73},{"SSID":"MeetInLeeds","BSSID":"ac:3a:67:08:25:82","RSSI":-73},{"SSID":"WiFi Setup - University of Leeds","BSSID":"ac:3a:67:08:25:83","RSSI":-73},{"SSID":"WiFi Setup - University of Leeds","BSSID":"5c:a6:2d:cf:e5:0c","RSSI":-75},{"SSID":"eduroam","BSSID":"ac:3a:67:08:0e:ee","RSSI":-75},{"SSID":"MeetInLeeds","BSSID":"5c:a6:2d:ce:ac:02","RSSI":-76},{"SSID":"WiFi Setup - University of Leeds","BSSID":"5c:a6:2d:ce:ac:03","RSSI":-76},{"SSID":"eduroam","BSSID":"5c:a6:2d:cf:e5:0e","RSSI":-76},{"SSID":"MeetInLeeds","BSSID":"5c:a6:2d:cf:e5:0d","RSSI":-76},{"SSID":"eduroam","BSSID":"5c:a6:2d:ce:ac:01","RSSI":-77},{"SSID":"eduroam","BSSID":"5c:a6:2d:ce:a4:c1","RSSI":-77},{"SSID":"MeetInLeeds","BSSID":"5c:a6:2d:ce:ac:0d","RSSI":-77},{"SSID":"WiFi Setup - University of Leeds","BSSID":"ac:3a:67:08:25:8c","RSSI":-78},{"SSID":"WiFi Setup - University of Leeds","BSSID":"5c:a6:2d:ce:ac:0c","RSSI":-79},{"SSID":"eduroam","BSSID":"5c:a6:2d:af:8f:41","RSSI":-80},{"SSID":"eduroam","BSSID":"5c:a6:2d:ce:ac:0e","RSSI":-80},{"SSID":"eduroam","BSSID":"5c:a6:2d:cf:bb:ee","RSSI":-81},{"SSID":"WiFi Setup - University of Leeds","BSSID":"ac:3a:67:08:03:8c","RSSI":-84},{"SSID":"MeetInLeeds","BSSID":"5c:a6:2d:af:8f:4d","RSSI":-85},{"SSID":"MeetInLeeds","BSSID":"ac:3a:67:08:03:8d","RSSI":-85},{"SSID":"WiFi Setup - University of Leeds","BSSID":"5c:a6:2d:af:8f:4c","RSSI":-86},{"SSID":"WiFi Setup - University of Leeds","BSSID":"5c:a6:2d:cf:c1:6c","RSSI":-87}],[{"SSID":"MeetInLeeds","BSSID":"5c:a6:2d:1e:0a:02","RSSI":-45},{"SSID":"eduroam","BSSID":"5c:a6:2d:1e:0a:01","RSSI":-46},{"SSID":"WiFi Setup - University of Leeds","BSSID":"5c:a6:2d:cf:e6:23","RSSI":-51},{"SSID":"eduroam","BSSID":"5c:a6:2d:cf:e6:2e","RSSI":-51},{"SSID":"WiFi Setup - University of Leeds","BSSID":"5c:a6:2d:cf:e6:2c","RSSI":-51},{"SSID":"MeetInLeeds","BSSID":"5c:a6:2d:cf:e6:2d","RSSI":-51},{"SSID":"WiFi Setup - University of Leeds","BSSID":"ac:3a:67:08:28:c3","RSSI":-53},{"SSID":"MeetInLeeds","BSSID":"ac:3a:67:08:28:c2","RSSI":-53},{"SSID":"eduroam","BSSID":"5c:a6:2d:1e:0a:0e","RSSI":-54},{"SSID":"MeetInLeeds","BSSID":"5c:a6:2d:1e:0a:0d","RSSI":-54},{"SSID":"WiFi Setup - University of Leeds","BSSID":"5c:a6:2d:1e:0a:0c","RSSI":-54},{"SSID":"MeetInLeeds","BSSID":"5c:a6:2d:ef:4a:a2","RSSI":-56},{"SSID":"WiFi Setup - University of Leeds","BSSID":"5c:a6:2d:ef:4a:a3","RSSI":-57},{"SSID":"MeetInLeeds","BSSID":"5c:a6:2d:45:db:a2","RSSI":-59},{"SSID":"MeetInLeeds","BSSID":"5c:a6:2d:86:6b:e2","RSSI":-60},{"SSID":"MeetInLeeds","BSSID":"ac:3a:67:08:28:cd","RSSI":-61},{"SSID":"WiFi Setup - University of Leeds","BSSID":"ac:3a:67:08:28:cc","RSSI":-61},{"SSID":"eduroam","BSSID":"5c:a6:2d:86:6b:e1","RSSI":-61},{"SSID":"eduroam","BSSID":"ac:3a:67:08:28:ce","RSSI":-65},{"SSID":"WiFi Setup - University of Leeds","BSSID":"5c:a6:2d:cf:e5:03","RSSI":-66},{"SSID":"MeetInLeeds","BSSID":"5c:a6:2d:cf:e5:02","RSSI":-66},{"SSID":"MeetInLeeds","BSSID":"ac:3a:67:08:0e:e2","RSSI":-68},{"SSID":"WiFi Setup - University of Leeds","BSSID":"5c:a6:2d:45:db:ac","RSSI":-68},{"SSID":"MeetInLeeds","BSSID":"5c:a6:2d:45:db:ad","RSSI":-69},{"SSID":"eduroam","BSSID":"5c:a6:2d:45:db:ae","RSSI":-69},{"SSID":"WiFi Setup - University of Leeds","BSSID":"5c:a6:2d:af:94:a3","RSSI":-71},{"SSID":"WiFi Setup - University of Leeds","BSSID":"ac:3a:67:08:0e:ec","RSSI":-71},{"SSID":"MeetInLeeds","BSSID":"ac:3a:67:08:0e:ed","RSSI":-72},{"SSID":"eduroam","BSSID":"ac:3a:67:08:0e:ee","RSSI":-72},{"SSID":"MeetInLeeds","BSSID":"ac:3a:67:08:25:82","RSSI":-73},{"SSID":"WiFi Setup - University of Leeds","BSSID":"ac:3a:67:08:25:83","RSSI":-73},{"SSID":"WiFi Setup - University of Leeds","BSSID":"ac:3a:67:08:29:2c","RSSI":-74},{"SSID":"WiFi Setup - University of Leeds","BSSID":"ac:3a:67:08:29:23","RSSI":-74},{"SSID":"eduroam","BSSID":"5c:a6:2d:cf:e5:0e","RSSI":-75},{"SSID":"WiFi Setup - University of Leeds","BSSID":"5c:a6:2d:cf:e5:0c","RSSI":-75},{"SSID":"MeetInLeeds","BSSID":"ac:3a:67:08:29:22","RSSI":-75},{"SSID":"MeetInLeeds","BSSID":"5c:a6:2d:cf:e5:0d","RSSI":-77}],[{"SSID":"WiFi Setup - University of Leeds","BSSID":"5c:a6:2d:1e:0a:03","RSSI":-45},{"SSID":"WiFi Setup - University of Leeds","BSSID":"ac:3a:67:08:28:c3","RSSI":-52},{"SSID":"eduroam","BSSID":"ac:3a:67:08:28:c1","RSSI":-52},{"SSID":"MeetInLeeds","BSSID":"ac:3a:67:08:28:c2","RSSI":-53},{"SSID":"eduroam","BSSID":"5c:a6:2d:cf:e6:21","RSSI":-54},{"SSID":"WiFi Setup - University of Leeds","BSSID":"5c:a6:2d:cf:e6:23","RSSI":-54},{"SSID":"MeetInLeeds","BSSID":"5c:a6:2d:cf:e6:22","RSSI":-55},{"SSID":"MeetInLeeds","BSSID":"5c:a6:2d:45:db:a2","RSSI":-60},{"SSID":"eduroam","BSSID":"ac:3a:67:08:28:ce","RSSI":-61},{"SSID":"MeetInLeeds","BSSID":"5c:a6:2d:ef:4a:ad","RSSI":-62},{"SSID":"eduroam","BSSID":"5c:a6:2d:cf:e5:01","RSSI":-66},{"SSID":"WiFi Setup - University of Leeds","BSSID":"5c:a6:2d:cf:e5:03","RSSI":-66},{"SSID":"MeetInLeeds","BSSID":"5c:a6:2d:cf:e5:02","RSSI":-66},{"SSID":"WiFi Setup - University of Leeds","BSSID":"5c:a6:2d:af:94:ac","RSSI":-67},{"SSID":"MeetInLeeds","BSSID":"ac:3a:67:08:0e:e2","RSSI":-68},{"SSID":"WiFi Setup - University of Leeds","BSSID":"ac:3a:67:08:0e:e3","RSSI":-69},{"SSID":"MeetInLeeds","BSSID":"5c:a6:2d:af:94:a2","RSSI":-73},{"SSID":"MeetInLeeds","BSSID":"ac:3a:67:08:25:82","RSSI":-73},{"SSID":"WiFi Setup - University of Leeds","BSSID":"ac:3a:67:08:25:83","RSSI":-73},{"SSID":"WiFi Setup - University of Leeds","BSSID":"ac:3a:67:08:0e:ec","RSSI":-74},{"SSID":"MeetInLeeds","BSSID":"5c:a6:2d:ce:ac:02","RSSI":-76},{"SSID":"WiFi Setup - University of Leeds","BSSID":"5c:a6:2d:ce:ac:03","RSSI":-76},{"SSID":"eduroam","BSSID":"ac:3a:67:08:29:21","RSSI":-76},{"SSID":"eduroam","BSSID":"5c:a6:2d:86:6c:41","RSSI":-83},{"SSID":"MeetInLeeds","BSSID":"5c:a6:2d:86:6c:42","RSSI":-83}],[{"SSID":"WiFi Setup - University of Leeds","BSSID":"5c:a6:2d:1e:0a:03","RSSI":-45},{"SSID":"MeetInLeeds","BSSID":"5c:a6:2d:1e:0a:02","RSSI":-45},{"SSID":"MeetInLeeds","BSSID":"5c:a6:2d:cf:e6:22","RSSI":-45},{"SSID":"WiFi Setup - University of Leeds","BSSID":"5c:a6:2d:cf:e6:23","RSSI":-45},{"SSID":"eduroam","BSSID":"5c:a6:2d:1e:0a:0e","RSSI":-48},{"SSID":"MeetInLeeds","BSSID":"5c:a6:2d:1e:0a:0d","RSSI":-48},{"SSID":"WiFi Setup - University of Leeds","BSSID":"5c:a6:2d:1e:0a:0c","RSSI":-48},{"SSID":"eduroam","BSSID":"5c:a6:2d:cf:e6:2e","RSSI":-48},{"SSID":"WiFi Setup - University of Leeds","BSSID":"5c:a6:2d:cf:e6:2c","RSSI":-48},{"SSID":"MeetInLeeds","BSSID":"5c:a6:2d:cf:e6:2d","RSSI":-48},{"SSID":"WiFi Setup - University of Leeds","BSSID":"ac:3a:67:08:28:c3","RSSI":-52},{"SSID":"MeetInLeeds","BSSID":"ac:3a:67:08:28:c2","RSSI":-52},{"SSID":"MeetInLeeds","BSSID":"5c:a6:2d:45:db:a2","RSSI":-59},{"SSID":"WiFi Setup - University of Leeds","BSSID":"5c:a6:2d:45:db:a3","RSSI":-59},{"SSID":"WiFi Setup - University of Leeds","BSSID":"5c:a6:2d:ef:4a:a3","RSSI":-60},{"SSID":"MeetInLeeds","BSSID":"5c:a6:2d:ef:4a:a2","RSSI":-60},{"SSID":"eduroam","BSSID":"5c:a6:2d:ef:4a:a1","RSSI":-60},{"SSID":"eduroam","BSSID":"ac:3a:67:08:28:ce","RSSI":-62},{"SSID":"WiFi Setup - University of Leeds","BSSID":"ac:3a:67:08:28:cc","RSSI":-62},{"SSID":"eduroam","BSSID":"5c:a6:2d:cf:e5:01","RSSI":-64},{"SSID":"WiFi Setup - University of Leeds","BSSID":"5c:a6:2d:cf:e5:03","RSSI":-64},{"SSID":"MeetInLeeds","BSSID":"ac:3a:67:08:28:cd","RSSI":-64},{"SSID":"MeetInLeeds","BSSID":"5c:a6:2d:cf:e5:02","RSSI":-65},{"SSID":"WiFi Setup - University of Leeds","BSSID":"ac:3a:67:08:0e:e3","RSSI":-66},{"SSID":"MeetInLeeds","BSSID":"ac:3a:67:08:0e:e2","RSSI":-67},{"SSID":"MeetInLeeds","BSSID":"5c:a6:2d:45:db:ad","RSSI":-67},{"SSID":"WiFi Setup - University of Leeds","BSSID":"5c:a6:2d:45:db:ac","RSSI":-67},{"SSID":"eduroam","BSSID":"5c:a6:2d:45:db:ae","RSSI":-68},{"SSID":"WiFi Setup - University of Leeds","BSSID":"5c:a6:2d:af:94:a3","RSSI":-69},{"SSID":"MeetInLeeds","BSSID":"ac:3a:67:08:25:82","RSSI":-69},{"SSID":"MeetInLeeds","BSSID":"5c:a6:2d:af:94:a2","RSSI":-70},{"SSID":"WiFi Setup - University of Leeds","BSSID":"ac:3a:67:08:25:83","RSSI":-70},{"SSID":"WiFi Setup - University of Leeds","BSSID":"ac:3a:67:08:0e:ec","RSSI":-73},{"SSID":"MeetInLeeds","BSSID":"ac:3a:67:08:29:2d","RSSI":-74},{"SSID":"WiFi Setup - University of Leeds","BSSID":"ac:3a:67:08:29:23","RSSI":-75},{"SSID":"MeetInLeeds","BSSID":"ac:3a:67:08:29:22","RSSI":-76},{"SSID":"eduroam","BSSID":"5c:a6:2d:ce:a4:ce","RSSI":-77},{"SSID":"MeetInLeeds","BSSID":"5c:a6:2d:ce:ac:02","RSSI":-77},{"SSID":"eduroam","BSSID":"5c:a6:2d:ce:ac:01","RSSI":-77},{"SSID":"WiFi Setup - University of Leeds","BSSID":"5c:a6:2d:ce:ac:03","RSSI":-77},{"SSID":"WiFi Setup - University of Leeds","BSSID":"5c:a6:2d:cf:bb:e3","RSSI":-77},{"SSID":"MeetInLeeds","BSSID":"5c:a6:2d:ce:a4:cd","RSSI":-77},{"SSID":"MeetInLeeds","BSSID":"5c:a6:2d:cf:bb:e2","RSSI":-77},{"SSID":"WiFi Setup - University of Leeds","BSSID":"5c:a6:2d:ce:a4:cc","RSSI":-78},{"SSID":"WiFi Setup - University of Leeds","BSSID":"5c:a6:2d:af:8f:43","RSSI":-80},{"SSID":"eduroam","BSSID":"5c:a6:2d:af:8f:41","RSSI":-80},{"SSID":"WiFi Setup - University of Leeds","BSSID":"5c:a6:2d:ce:a4:c3","RSSI":-82},{"SSID":"WiFi Setup - University of Leeds","BSSID":"5c:a6:2d:cf:e5:0c","RSSI":-82},{"SSID":"WiFi Setup - University of Leeds","BSSID":"5c:a6:2d:86:6c:43","RSSI":-82},{"SSID":"WiFi Setup - University of Leeds","BSSID":"ac:3a:67:08:2a:03","RSSI":-83},{"SSID":"MeetInLeeds","BSSID":"5c:a6:2d:86:6c:42","RSSI":-83},{"SSID":"WiFi Setup - University of Leeds","BSSID":"5c:a6:2d:ce:71:03","RSSI":-86},{"SSID":"eduroam","BSSID":"ac:3a:67:08:29:2e","RSSI":-88}],[{"SSID":"MeetInLeeds","BSSID":"5c:a6:2d:cf:e6:22","RSSI":-45},{"SSID":"WiFi Setup - University of Leeds","BSSID":"5c:a6:2d:cf:e6:23","RSSI":-45},{"SSID":"WiFi Setup - University of Leeds","BSSID":"5c:a6:2d:1e:0a:03","RSSI":-51},{"SSID":"MeetInLeeds","BSSID":"ac:3a:67:08:28:c2","RSSI":-52},{"SSID":"WiFi Setup - University of Leeds","BSSID":"ac:3a:67:08:28:c3","RSSI":-53},{"SSID":"eduroam","BSSID":"5c:a6:2d:cf:e6:2e","RSSI":-55},{"SSID":"WiFi Setup - University of Leeds","BSSID":"5c:a6:2d:cf:e6:2c","RSSI":-55},{"SSID":"MeetInLeeds","BSSID":"5c:a6:2d:cf:e6:2d","RSSI":-56},{"SSID":"MeetInLeeds","BSSID":"5c:a6:2d:45:db:a2","RSSI":-61},{"SSID":"eduroam","BSSID":"5c:a6:2d:45:db:a1","RSSI":-61},{"SSID":"WiFi Setup - University of Leeds","BSSID":"5c:a6:2d:45:db:a3","RSSI":-61},{"SSID":"WiFi Setup - University of Leeds","BSSID":"5c:a6:2d:ef:4a:a3","RSSI":-61},{"SSID":"MeetInLeeds","BSSID":"5c:a6:2d:ef:4a:a2","RSSI":-61},{"SSID":"WiFi Setup - University of Leeds","BSSID":"5c:a6:2d:cf:e5:03","RSSI":-67},{"SSID":"MeetInLeeds","BSSID":"5c:a6:2d:cf:e5:02","RSSI":-67},{"SSID":"eduroam","BSSID":"ac:3a:67:08:28:ce","RSSI":-67},{"SSID":"eduroam","BSSID":"5c:a6:2d:ef:4a:ae","RSSI":-67},{"SSID":"MeetInLeeds","BSSID":"5c:a6:2d:ef:4a:ad","RSSI":-67},{"SSID":"WiFi Setup - University of Leeds","BSSID":"5c:a6:2d:86:6b:e3","RSSI":-68},{"SSID":"WiFi Setup - University of Leeds","BSSID":"5c:a6:2d:ef:4a:ac","RSSI":-68},{"SSID":"WiFi Setup - University of Leeds","BSSID":"5c:a6:2d:86:6b:ec","RSSI":-68},{"SSID":"eduroam","BSSID":"5c:a6:2d:86:6b:ee","RSSI":-68},{"SSID":"MeetInLeeds","BSSID":"5c:a6:2d:86:6b:ed","RSSI":-69},{"SSID":"WiFi Setup - University of Leeds","BSSID":"ac:3a:67:08:25:83","RSSI":-70},{"SSID":"MeetInLeeds","BSSID":"ac:3a:67:08:25:82","RSSI":-71},{"SSID":"eduroam","BSSID":"ac:3a:67:08:25:81","RSSI":-71},{"SSID":"WiFi Setup - University of Leeds","BSSID":"ac:3a:67:08:0e:e3","RSSI":-72},{"SSID":"MeetInLeeds","BSSID":"ac:3a:67:08:0e:e2","RSSI":-72},{"SSID":"MeetInLeeds","BSSID":"ac:3a:67:08:29:2d","RSSI":-74},{"SSID":"WiFi Setup - University of Leeds","BSSID":"ac:3a:67:08:29:2c","RSSI":-75},{"SSID":"eduroam","BSSID":"ac:3a:67:08:29:2e","RSSI":-75},{"SSID":"MeetInLeeds","BSSID":"5c:a6:2d:ce:a4:c2","RSSI":-75},{"SSID":"WiFi Setup - University of Leeds","BSSID":"5c:a6:2d:cf:bb:e3","RSSI":-76},{"SSID":"MeetInLeeds","BSSID":"5c:a6:2d:cf:bb:ed","RSSI":-77},{"SSID":"eduroam","BSSID":"5c:a6:2d:cf:bb:e1","RSSI":-77},{"SSID":"eduroam","BSSID":"5c:a6:2d:cf:bb:ee","RSSI":-78},{"SSID":"WiFi Setup - University of Leeds","BSSID":"5c:a6:2d:cf:bb:ec","RSSI":-81},{"SSID":"MeetInLeeds","BSSID":"ac:3a:67:08:0e:ed","RSSI":-82},{"SSID":"MeetInLeeds","BSSID":"5c:a6:2d:ce:ac:0d","RSSI":-84}],[{"SSID":"MeetInLeeds","BSSID":"5c:a6:2d:cf:e6:22","RSSI":-41},{"SSID":"WiFi Setup - University of Leeds","BSSID":"5c:a6:2d:cf:e6:23","RSSI":-41},{"SSID":"WiFi Setup - University of Leeds","BSSID":"5c:a6:2d:1e:0a:03","RSSI":-47},{"SSID":"MeetInLeeds","BSSID":"5c:a6:2d:1e:0a:02","RSSI":-47},{"SSID":"WiFi Setup - University of Leeds","BSSID":"ac:3a:67:08:28:c3","RSSI":-51},{"SSID":"MeetInLeeds","BSSID":"5c:a6:2d:45:db:a2","RSSI":-56},{"SSID":"WiFi Setup - University of Leeds","BSSID":"5c:a6:2d:45:db:a3","RSSI":-57},{"SSID":"WiFi Setup - University of Leeds","BSSID":"5c:a6:2d:ef:4a:a3","RSSI":-58},{"SSID":"MeetInLeeds","BSSID":"5c:a6:2d:ef:4a:a2","RSSI":-58},{"SSID":"eduroam","BSSID":"5c:a6:2d:cf:e6:2e","RSSI":-58},{"SSID":"MeetInLeeds","BSSID":"5c:a6:2d:cf:e6:2d","RSSI":-58},{"SSID":"WiFi Setup - University of Leeds","BSSID":"5c:a6:2d:cf:e6:2c","RSSI":-59},{"SSID":"eduroam","BSSID":"ac:3a:67:08:28:ce","RSSI":-62},{"SSID":"MeetInLeeds","BSSID":"ac:3a:67:08:28:cd","RSSI":-62},{"SSID":"WiFi Setup - University of Leeds","BSSID":"ac:3a:67:08:28:cc","RSSI":-62},{"SSID":"MeetInLeeds","BSSID":"5c:a6:2d:86:6b:e2","RSSI":-65},{"SSID":"WiFi Setup - University of Leeds","BSSID":"5c:a6:2d:86:6b:e3","RSSI":-65},{"SSID":"MeetInLeeds","BSSID":"5c:a6:2d:cf:e5:02","RSSI":-67},{"SSID":"MeetInLeeds","BSSID":"ac:3a:67:08:0e:e2","RSSI":-67},{"SSID":"eduroam","BSSID":"ac:3a:67:08:0e:e1","RSSI":-67},{"SSID":"WiFi Setup - University of Leeds","BSSID":"ac:3a:67:08:0e:e3","RSSI":-68},{"SSID":"WiFi Setup - University of Leeds","BSSID":"5c:a6:2d:86:6b:ec","RSSI":-68},{"SSID":"eduroam","BSSID":"5c:a6:2d:ef:4a:ae","RSSI":-70},{"SSID":"MeetInLeeds","BSSID":"5c:a6:2d:ef:4a:ad","RSSI":-70},{"SSID":"MeetInLeeds","BSSID":"ac:3a:67:08:25:82","RSSI":-71},{"SSID":"WiFi Setup - University of Leeds","BSSID":"ac:3a:67:08:25:83","RSSI":-71},{"SSID":"eduroam","BSSID":"5c:a6:2d:af:94:ae","RSSI":-72},{"SSID":"eduroam","BSSID":"5c:a6:2d:cf:e5:0e","RSSI":-72},{"SSID":"WiFi Setup - University of Leeds","BSSID":"5c:a6:2d:af:94:ac","RSSI":-73},{"SSID":"MeetInLeeds","BSSID":"ac:3a:67:08:29:2d","RSSI":-74},{"SSID":"eduroam","BSSID":"ac:3a:67:08:29:2e","RSSI":-74},{"SSID":"MeetInLeeds","BSSID":"5c:a6:2d:af:94:ad","RSSI":-74},{"SSID":"WiFi Setup - University of Leeds","BSSID":"ac:3a:67:08:29:2c","RSSI":-75},{"SSID":"MeetInLeeds","BSSID":"5c:a6:2d:cf:bb:e2","RSSI":-75},{"SSID":"eduroam","BSSID":"5c:a6:2d:cf:bb:e1","RSSI":-75},{"SSID":"MeetInLeeds","BSSID":"ac:3a:67:08:0e:ed","RSSI":-76},{"SSID":"WiFi Setup - University of Leeds","BSSID":"ac:3a:67:08:0e:ec","RSSI":-76},{"SSID":"eduroam","BSSID":"5c:a6:2d:ce:a4:c1","RSSI":-79},{"SSID":"eduroam","BSSID":"ac:3a:67:08:0e:ee","RSSI":-79},{"SSID":"WiFi Setup - University of Leeds","BSSID":"5c:a6:2d:cf:c1:63","RSSI":-79},{"SSID":"WiFi Setup - University of Leeds","BSSID":"5c:a6:2d:cf:bb:ec","RSSI":-82}],[{"SSID":"MeetInLeeds","BSSID":"5c:a6:2d:cf:e6:22","RSSI":-42},{"SSID":"WiFi Setup - University of Leeds","BSSID":"5c:a6:2d:cf:e6:23","RSSI":-42},{"SSID":"eduroam","BSSID":"5c:a6:2d:cf:e6:2e","RSSI":-47},{"SSID":"WiFi Setup - University of Leeds","BSSID":"5c:a6:2d:cf:e6:2c","RSSI":-47},{"SSID":"MeetInLeeds","BSSID":"5c:a6:2d:cf:e6:2d","RSSI":-47},{"SSID":"WiFi Setup - University of Leeds","BSSID":"5c:a6:2d:1e:0a:03","RSSI":-48},{"SSID":"MeetInLeeds","BSSID":"5c:a6:2d:1e:0a:02","RSSI":-48},{"SSID":"WiFi Setup - University of Leeds","BSSID":"ac:3a:67:08:28:c3","RSSI":-51},{"SSID":"MeetInLeeds","BSSID":"ac:3a:67:08:28:c2","RSSI":-51},{"SSID":"MeetInLeeds","BSSID":"5c:a6:2d:45:db:a2","RSSI":-57},{"SSID":"WiFi Setup - University of Leeds","BSSID":"5c:a6:2d:45:db:a3","RSSI":-57},{"SSID":"eduroam","BSSID":"ac:3a:67:08:28:ce","RSSI":-61},{"SSID":"MeetInLeeds","BSSID":"ac:3a:67:08:28:cd","RSSI":-61},{"SSID":"WiFi Setup - University of Leeds","BSSID":"ac:3a:67:08:28:cc","RSSI":-61},{"SSID":"MeetInLeeds","BSSID":"5c:a6:2d:ef:4a:ad","RSSI":-64},{"SSID":"WiFi Setup - University of Leeds","BSSID":"5c:a6:2d:ef:4a:a3","RSSI":-65},{"SSID":"eduroam","BSSID":"5c:a6:2d:ef:4a:ae","RSSI":-65},{"SSID":"WiFi Setup - University of Leeds","BSSID":"5c:a6:2d:ef:4a:ac","RSSI":-65},{"SSID":"MeetInLeeds","BSSID":"5c:a6:2d:ef:4a:a2","RSSI":-66},{"SSID":"MeetInLeeds","BSSID":"5c:a6:2d:86:6b:e2","RSSI":-66},{"SSID":"MeetInLeeds","BSSID":"5c:a6:2d:86:6b:ed","RSSI":-66},{"SSID":"eduroam","BSSID":"5c:a6:2d:86:6b:ee","RSSI":-66},{"SSID":"eduroam","BSSID":"5c:a6:2d:cf:e5:01","RSSI":-67},{"SSID":"WiFi Setup - University of Leeds","BSSID":"5c:a6:2d:86:6b:e3","RSSI":-67},{"SSID":"WiFi Setup - University of Leeds","BSSID":"5c:a6:2d:86:6b:ec","RSSI":-68},{"SSID":"MeetInLeeds","BSSID":"5c:a6:2d:af:94:ad","RSSI":-69},{"SSID":"MeetInLeeds","BSSID":"ac:3a:67:08:0e:e2","RSSI":-69},{"SSID":"eduroam","BSSID":"5c:a6:2d:af:94:ae","RSSI":-70},{"SSID":"WiFi Setup - University of Leeds","BSSID":"ac:3a:67:08:0e:e3","RSSI":-70},{"SSID":"WiFi Setup - University of Leeds","BSSID":"5c:a6:2d:af:94:ac","RSSI":-71},{"SSID":"eduroam","BSSID":"5c:a6:2d:cf:bb:ee","RSSI":-72},{"SSID":"MeetInLeeds","BSSID":"5c:a6:2d:cf:bb:ed","RSSI":-73},{"SSID":"MeetInLeeds","BSSID":"5c:a6:2d:ce:ac:02","RSSI":-75},{"SSID":"eduroam","BSSID":"ac:3a:67:08:0e:ee","RSSI":-76},{"SSID":"MeetInLeeds","BSSID":"ac:3a:67:08:29:2d","RSSI":-77},{"SSID":"eduroam","BSSID":"ac:3a:67:08:29:2e","RSSI":-77},{"SSID":"WiFi Setup - University of Leeds","BSSID":"5c:a6:2d:cf:bb:ec","RSSI":-77},{"SSID":"MeetInLeeds","BSSID":"ac:3a:67:08:0e:ed","RSSI":-77},{"SSID":"WiFi Setup - University of Leeds","BSSID":"ac:3a:67:08:0e:ec","RSSI":-79},{"SSID":"WiFi Setup - University of Leeds","BSSID":"5c:a6:2d:ce:71:03","RSSI":-82},{"SSID":"MeetInLeeds","BSSID":"5c:a6:2d:ce:ac:0d","RSSI":-82},{"SSID":"WiFi Setup - University of Leeds","BSSID":"5c:a6:2d:ce:ac:0c","RSSI":-82},{"SSID":"WiFi Setup - University of Leeds","BSSID":"5c:a6:2d:1e:08:ec","RSSI":-86},{"SSID":"MeetInLeeds","BSSID":"5c:a6:2d:1e:08:ed","RSSI":-87},{"SSID":"eduroam","BSSID":"5c:a6:2d:1e:08:ee","RSSI":-88}],[{"SSID":"MeetInLeeds","BSSID":"5c:a6:2d:cf:e6:22","RSSI":-42},{"SSID":"WiFi Setup - University of Leeds","BSSID":"5c:a6:2d:cf:e6:23","RSSI":-42},{"SSID":"WiFi Setup - University of Leeds","BSSID":"5c:a6:2d:1e:0a:03","RSSI":-46},{"SSID":"MeetInLeeds","BSSID":"5c:a6:2d:1e:0a:02","RSSI":-46},{"SSID":"MeetInLeeds","BSSID":"5c:a6:2d:1e:0a:0d","RSSI":-50},{"SSID":"WiFi Setup - University of Leeds","BSSID":"5c:a6:2d:1e:0a:0c","RSSI":-50},{"SSID":"WiFi Setup - University of Leeds","BSSID":"5c:a6:2d:cf:e6:2c","RSSI":-50},{"SSID":"MeetInLeeds","BSSID":"5c:a6:2d:cf:e6:2d","RSSI":-50},{"SSID":"eduroam","BSSID":"5c:a6:2d:1e:0a:0e","RSSI":-51},{"SSID":"eduroam","BSSID":"5c:a6:2d:cf:e6:2e","RSSI":-51},{"SSID":"MeetInLeeds","BSSID":"ac:3a:67:08:28:c2","RSSI":-52},{"SSID":"eduroam","BSSID":"ac:3a:67:08:28:c1","RSSI":-52},{"SSID":"WiFi Setup - University of Leeds","BSSID":"ac:3a:67:08:28:c3","RSSI":-53},{"SSID":"WiFi Setup - University of Leeds","BSSID":"5c:a6:2d:ef:4a:a3","RSSI":-63},{"SSID":"WiFi Setup - University of Leeds","BSSID":"5c:a6:2d:86:6b:e3","RSSI":-65},{"SSID":"MeetInLeeds","BSSID":"5c:a6:2d:45:db:ad","RSSI":-65},{"SSID":"WiFi Setup - University of Leeds","BSSID":"5c:a6:2d:cf:e5:03","RSSI":-67},{"SSID":"MeetInLeeds","BSSID":"5c:a6:2d:cf:e5:02","RSSI":-68},{"SSID":"MeetInLeeds","BSSID":"ac:3a:67:08:28:cd","RSSI":-69},{"SSID":"WiFi Setup - University of Leeds","BSSID":"5c:a6:2d:cf:bb:ec","RSSI":-73},{"SSID":"WiFi Setup - University of Leeds","BSSID":"ac:3a:67:08:0e:e3","RSSI":-73},{"SSID":"MeetInLeeds","BSSID":"ac:3a:67:08:0e:e2","RSSI":-73},{"SSID":"eduroam","BSSID":"5c:a6:2d:cf:bb:ee","RSSI":-74},{"SSID":"WiFi Setup - University of Leeds","BSSID":"5c:a6:2d:cf:bb:e3","RSSI":-74},{"SSID":"WiFi Setup - University of Leeds","BSSID":"ac:3a:67:08:29:2c","RSSI":-75},{"SSID":"eduroam","BSSID":"ac:3a:67:08:29:2e","RSSI":-75},{"SSID":"MeetInLeeds","BSSID":"5c:a6:2d:cf:bb:ed","RSSI":-75},{"SSID":"eduroam","BSSID":"5c:a6:2d:ce:a4:c1","RSSI":-76},{"SSID":"MeetInLeeds","BSSID":"5c:a6:2d:ce:ac:02","RSSI":-78},{"SSID":"WiFi Setup - University of Leeds","BSSID":"5c:a6:2d:ce:ac:03","RSSI":-78},{"SSID":"MeetInLeeds","BSSID":"5c:a6:2d:cf:e5:0d","RSSI":-79},{"SSID":"WiFi Setup - University of Leeds","BSSID":"5c:a6:2d:cf:c1:63","RSSI":-79},{"SSID":"MeetInLeeds","BSSID":"5c:a6:2d:1e:08:e2","RSSI":-81},{"SSID":"WiFi Setup - University of Leeds","BSSID":"5c:a6:2d:1e:08:e3","RSSI":-82},{"SSID":"MeetInLeeds","BSSID":"5c:a6:2d:ce:71:02","RSSI":-82},{"SSID":"MeetInLeeds","BSSID":"ac:3a:67:08:2a:02","RSSI":-84}]]