[[{"SSID":"WiFi Setup - University of Leeds","BSSID":"5c:a6:2d:86:6a:63","RSSI":-54},{"SSID":"MeetInLeeds","BSSID":"5c:a6:2d:86:6a:62","RSSI":-55},{"SSID":"WiFi Setup - University of Leeds","BSSID":"5c:a6:2d:45:dc:c3","RSSI":-70},{"SSID":"MeetInLeeds","BSSID":"5c:a6:2d:b6:45:62","RSSI":-71},{"SSID":"WiFi Setup - University of Leeds","BSSID":"5c:a6:2d:b6:45:63","RSSI":-72},{"SSID":"eduroam","BSSID":"5c:a6:2d:45:dc:c1","RSSI":-73},{"SSID":"eduroam","BSSID":"ac:3a:67:07:fa:61","RSSI":-75},{"SSID":"MeetInLeeds","BSSID":"ac:3a:67:07:fa:62","RSSI":-75},{"SSID":"WiFi Setup - University of Leeds","BSSID":"ac:3a:67:07:fa:6c","RSSI":-75},{"SSID":"eduroam","BSSID":"ac:3a:67:07:fa:6e","RSSI":-76},{"SSID":"MeetInLeeds","BSSID":"ac:3a:67:07:fa:6d","RSSI":-79},{"SSID":"eduroam","BSSID":"5c:a6:2d:45:db:2e","RSSI":-79},{"SSID":"eduroam","BSSID":"5c:a6:2d:ce:b2:81","RSSI":-79},{"SSID":"WiFi Setup - University of Leeds","BSSID":"5c:a6:2d:45:db:2c","RSSI":-80},{"SSID":"MeetInLeeds","BSSID":"5c:a6:2d:45:db:2d","RSSI":-80},{"SSID":"MeetInLeeds","BSSID":"5c:a6:2d:ce:b2:82","RSSI":-80},{"SSID":"WiFi Setup - University of Leeds","BSSID":"5c:a6:2d:ce:b2:83","RSSI":-80},{"SSID":"WiFi Setup - University of Leeds","BSSID":"5c:a6:2d:b6:45:6c","RSSI":-81},{"SSID":"MeetInLeeds","BSSID":"5c:a6:2d:ce:c9:6d","RSSI":-81},{"SSID":"MeetInLeeds","BSSID":"5c:a6:2d:ce:c9:62","RSSI":-82},{"SSID":"eduroam","BSSID":"5c:a6:2d:ce:c9:6e","RSSI":-83},{"SSID":"WiFi Setup - University of Leeds","BSSID":"5c:a6:2d:ce:c9:6c","RSSI":-84},{"SSID":"MeetInLeeds","BSSID":"5c:a6:2d:5d:2e:0d","RSSI":-84},{"SSID":"WiFi Setup - University of Leeds","BSSID":"5c:a6:2d:cf:89:6c","RSSI":-85},{"SSID":"eduroam","BSSID":"5c:a6:2d:cf:89:6e","RSSI":-85},{"SSID":"WiFi Setup - University of Leeds","BSSID":"5c:a6:2d:5d:2e:0c","RSSI":-85},{"SSID":"eduroam","BSSID":"5c:a6:2d:45:dc:ce","RSSI":-86},{"SSID":"MeetInLeeds","BSSID":"5c:a6:2d:45:dc:cd","RSSI":-86},{"SSID":"MeetInLeeds","BSSID":"5c:a6:2d:cf:89:6d","RSSI":-86},{"SSID":"eduroam","BSSID":"5c:a6:2d:5d:2e:0e","RSSI":-86}],[{"SSID":"WiFi Setup - University of Leeds","BSSID":"5c:a6:2d:86:6a:63","RSSI":-55},{"SSID":"MeetInLeeds","BSSID":"5c:a6:2d:86:6a:62","RSSI":-55},{"SSID":"MeetInLeeds","BSSID":"ac:3a:67:07:fa:62","RSSI":-70},{"SSID":"MeetInLeeds","BSSID":"5c:a6:2d:45:db:22","RSSI":-70},{"SSID":"WiFi Setup - University of Leeds","BSSID":"ac:3a:67:07:fa:63","RSSI":-71},{"SSID":"WiFi Setup - University of Leeds","BSSID":"5c:a6:2d:45:db:23","RSSI":-71},{"SSID":"eduroam","BSSID":"ac:3a:67:07:fa:61","RSSI":-72},{"SSID":"WiFi Setup - University of Leeds","BSSID":"5c:a6:2d:45:dc:c3","RSSI":-74},{"SSID":"MeetInLeeds","BSSID":"5c:a6:2d:45:dc:c2","RSSI":-74},{"SSID":"eduroam","BSSID":"5c:a6:2d:45:db:2e","RSSI":-78},{"SSID":"MeetInLeeds","BSSID":"5c:a6:2d:45:db:2d","RSSI":-78},{"SSID":"WiFi Setup - University of Leeds","BSSID":"5c:a6:2d:45:db:2c","RSSI":-79},{"SSID":"WiFi Setup - University of Leeds","BSSID":"5c:a6:2d:ce:b2:83","RSSI":-80},{"SSID":"WiFi Setup - University of Leeds","BSSID":"5c:a6:2d:b6:45:63","RSSI":-81},{"SSID":"eduroam","BSSID":"5c:a6:2d:5d:2e:01","RSSI":-81},{"SSID":"MeetInLeeds","BSSID":"5c:a6:2d:5d:2e:02","RSSI":-81},{"SSID":"WiFi Setup - University of Leeds","BSSID":"5c:a6:2d:5d:2e:03","RSSI":-81},{"SSID":"eduroam","BSSID":"5c:a6:2d:ce:c9:6e","RSSI":-82},{"SSID":"MeetInLeeds","BSSID":"5c:a6:2d:ce:c9:6d","RSSI":-83}],[{"SSID":"WiFi Setup - University of Leeds","BSSID":"5c:a6:2d:86:6a:63","RSSI":-56},{"SSID":"MeetInLeeds","BSSID":"5c:a6:2d:86:6a:62","RSSI":-57},{"SSID":"WiFi Setup - University of Leeds","BSSID":"5c:a6:2d:86:6a:6c","RSSI":-62},{"SSID":"eduroam","BSSID":"5c:a6:2d:86:6a:6e","RSSI":-62},{"SSID":"MeetInLeeds","BSSID":"5c:a6:2d:86:6a:6d","RSSI":-62},{"SSID":"MeetInLeeds","BSSID":"5c:a6:2d:45:dc:c2","RSSI":-70},{"SSID":"WiFi Setup - University of Leeds","BSSID":"5c:a6:2d:45:dc:c3","RSSI":-71},{"SSID":"eduroam","BSSID":"5c:a6:2d:45:dc:c1","RSSI":-71},{"SSID":"WiFi Setup - University of Leeds","BSSID":"ac:3a:67:07:fa:63","RSSI":-74},{"SSID":"MeetInLeeds","BSSID":"ac:3a:67:07:fa:62","RSSI":-75},{"SSID":"MeetInLeeds","BSSID":"5c:a6:2d:b6:45:62","RSSI":-76},{"SSID":"WiFi Setup - University of Leeds","BSSID":"5c:a6:2d:ce:b2:83","RSSI":-77},{"SSID":"WiFi Setup - University of Leeds","BSSID":"ac:3a:67:07:fa:6c","RSSI":-80},{"SSID":"MeetInLeeds","BSSID":"ac:3a:67:07:fa:6d","RSSI":-80},{"SSID":"eduroam","BSSID":"ac:3a:67:07:fa:6e","RSSI":-80},{"SSID":"MeetInLeeds","BSSID":"5c:a6:2d:5d:2b:42","RSSI":-81},{"SSID":"WiFi Setup - University of Leeds","BSSID":"5c:a6:2d:5d:2b:43","RSSI":-82},{"SSID":"eduroam","BSSID":"5c:a6:2d:ce:c9:6e","RSSI":-82},{"SSID":"MeetInLeeds","BSSID":"5c:a6:2d:ce:c9:6d","RSSI":-82},{"SSID":"WiFi Setup - University of Leeds","BSSID":"5c:a6:2d:ce:c9:6c","RSSI":-82},{"SSID":"eduroam","BSSID":"5c:a6:2d:5d:2b:41","RSSI":-83},{"SSID":"WiFi Setup - University of Leeds","BSSID":"5c:a6:2d:ce:c9:63","RSSI":-83}],[{"SSID":"WiFi Setup - University of Leeds","BSSID":"5c:a6:2d:86:6a:63","RSSI":-55},{"SSID":"MeetInLeeds","BSSID":"5c:a6:2d:86:6a:62","RSSI":-56},{"SSID":"WiFi Setup - University of Leeds","BSSID":"5c:a6:2d:45:db:23","RSSI":-66},{"SSID":"MeetInLeeds","BSSID":"ac:3a:67:07:fa:62","RSSI":-72},{"SSID":"WiFi Setup - University of Leeds","BSSID":"5c:a6:2d:cf:89:63","RSSI":-80},{"SSID":"MeetInLeeds","BSSID":"5c:a6:2d:cf:89:62","RSSI":-80},{"SSID":"WiFi Setup - University of Leeds","BSSID":"5c:a6:2d:5d:2e:03","RSSI":-83},{"SSID":"eduroam","BSSID":"5c:a6:2d:ce:c9:6e","RSSI":-85},{"SSID":"WiFi Setup - University of Leeds","BSSID":"5c:a6:2d:ce:c9:6c","RSSI":-85}],[{"SSID":"WiFi Setup - University of Leeds","BSSID":"5c:a6:2d:86:6a:63","RSSI":-56},{"SSID":"MeetInLeeds","BSSID":"5c:a6:2d:86:6a:62","RSSI":-56},{"SSID":"eduroam","BSSID":"5c:a6:2d:86:6a:61","RSSI":-56},{"SSID":"WiFi Setup - University of Leeds","BSSID":"5c:a6:2d:45:db:23","RSSI":-68},{"SSID":"MeetInLeeds","BSSID":"5c:a6:2d:45:db:22","RSSI":-69},{"SSID":"WiFi Setup - University of Leeds","BSSID":"ac:3a:67:07:fa:63","RSSI":-75},{"SSID":"eduroam","BSSID":"5c:a6:2d:b6:45:61","RSSI":-78},{"SSID":"eduroam","BSSID":"ac:3a:67:07:fa:6e","RSSI":-81},{"SSID":"WiFi Setup - University of Leeds","BSSID":"ac:3a:67:07:fa:6c","RSSI":-82},{"SSID":"MeetInLeeds","BSSID":"ac:3a:67:07:fa:6d","RSSI":-82},{"SSID":"MeetInLeeds","BSSID":"5c:a6:2d:5d:2e:0d","RSSI":-84},{"SSID":"WiFi Setup - University of Leeds","BSSID":"5c:a6:2d:5d:2e:0c","RSSI":-85},{"SSID":"eduroam","BSSID":"5c:a6:2d:5d:2e:0e","RSSI":-85},{"SSID":"WiFi Setup - University of Leeds","BSSID":"5c:a6:2d:cf:89:6c","RSSI":-87},{"SSID":"MeetInLeeds","BSSID":"5c:a6:2d:cf:89:6d","RSSI":-88}],[{"SSID":"WiFi Setup - University of Leeds","BSSID":"5c:a6:2d:86:6a:63","RSSI":-54},{"SSID":"MeetInLeeds","BSSID":"5c:a6:2d:86:6a:62","RSSI":-54},{"SSID":"WiFi Setup - University of Leeds","BSSID":"5c:a6:2d:86:6a:6c","RSSI":-65},{"SSID":"eduroam","BSSID":"5c:a6:2d:86:6a:6e","RSSI":-65},{"SSID":"MeetInLeeds","BSSID":"5c:a6:2d:86:6a:6d","RSSI":-65},{"SSID":"eduroam","BSSID":"5c:a6:2d:45:db:21","RSSI":-72},{"SSID":"WiFi Setup - University of Leeds","BSSID":"5c:a6:2d:45:db:23","RSSI":-72},{"SSID":"WiFi Setup - University of Leeds","BSSID":"5c:a6:2d:b6:45:63","RSSI":-73},{"SSID":"MeetInLeeds","BSSID":"5c:a6:2d:b6:45:62","RSSI":-74},{"SSID":"WiFi Setup - University of Leeds","BSSID":"5c:a6:2d:45:dc:c3","RSSI":-76},{"SSID":"MeetInLeeds","BSSID":"5c:a6:2d:45:dc:c2","RSSI":-76},{"SSID":"MeetInLeeds","BSSID":"ac:3a:67:07:fa:62","RSSI":-76},{"SSID":"eduroam","BSSID":"ac:3a:67:07:fa:61","RSSI":-77},{"SSID":"WiFi Setup - University of Leeds","BSSID":"ac:3a:67:07:fa:63","RSSI":-77},{"SSID":"MeetInLeeds","BSSID":"5c:a6:2d:5d:2b:42","RSSI":-82},{"SSID":"WiFi Setup - University of Leeds","BSSID":"5c:a6:2d:45:db:2c","RSSI":-82},{"SSID":"eduroam","BSSID":"5c:a6:2d:45:db:2e","RSSI":-82},{"SSID":"MeetInLeeds","BSSID":"5c:a6:2d:45:db:2d","RSSI":-82},{"SSID":"MeetInLeeds","BSSID":"5c:a6:2d:ce:b2:82","RSSI":-84},{"SSID":"eduroam","BSSID":"5c:a6:2d:ce:c9:6e","RSSI":-85},{"SSID":"WiFi Setup - University of Leeds","BSSID":"5c:a6:2d:ce:c9:6c","RSSI":-85},{"SSID":"WiFi Setup - University of Leeds","BSSID":"5c:a6:2d:ce:b2:83","RSSI":-85},{"SSID":"iL-25","BSSID":"00:15:6d:6b:5e:c7","RSSI":-91}],[{"SSID":"WiFi Setup - University of Leeds","BSSID":"5c:a6:2d:86:6a:63","RSSI":-54},{"SSID":"MeetInLeeds","BSSID":"5c:a6:2d:86:6a:62","RSSI":-54},{"SSID":"WiFi Setup - University of Leeds","BSSID":"5c:a6:2d:45:dc:c3","RSSI":-72},{"SSID":"MeetInLeeds","BSSID":"5c:a6:2d:45:dc:c2","RSSI":-72},{"SSID":"MeetInLeeds","BSSID":"ac:3a:67:07:fa:62","RSSI":-73},{"SSID":"MeetInLeeds","BSSID":"5c:a6:2d:b6:45:62","RSSI":-73},{"SSID":"WiFi Setup - University of Leeds","BSSID":"5c:a6:2d:b6:45:63","RSSI":-73},{"SSID":"WiFi Setup - University of Leeds","BSSID":"ac:3a:67:07:fa:63","RSSI":-74},{"SSID":"MeetInLeeds","BSSID":"ac:3a:67:07:fa:6d","RSSI":-80},{"SSID":"eduroam","BSSID":"ac:3a:67:07:fa:6e","RSSI":-80},{"SSID":"MeetInLeeds","BSSID":"5c:a6:2d:5d:2b:42","RSSI":-81},{"SSID":"WiFi Setup - University of Leeds","BSSID":"5c:a6:2d:5d:2b:43","RSSI":-81},{"SSID":"MeetInLeeds","BSSID":"5c:a6:2d:ce:c9:62","RSSI":-82},{"SSID":"WiFi Setup - University of Leeds","BSSID":"ac:3a:67:07:fa:6c","RSSI":-84},{"SSID":"WiFi Setup - University of Leeds","BSSID":"5c:a6:2d:ce:b2:8c","RSSI":-85},{"SSID":"eduroam","BSSID":"5c:a6:2d:ce:b2:8e","RSSI":-85},{"SSID":"MeetInLeeds","BSSID":"5c:a6:2d:ce:b2:8d","RSSI":-86},{"SSID":"eduroam","BSSID":"5c:a6:2d:5d:2e:0e","RSSI":-87},{"SSID":"WiFi Setup - University of Leeds","BSSID":"5c:a6:2d:5d:2e:0c","RSSI":-88},{"SSID":"MeetInLeeds","BSSID":"5c:a6:2d:5d:2e:0d","RSSI":-88}],[{"SSID":"WiFi Setup - University of Leeds","BSSID":"5c:a6:2d:86:6a:63","RSSI":-55},{"SSID":"MeetInLeeds","BSSID":"5c:a6:2d:86:6a:62","RSSI":-55},{"SSID":"eduroam","BSSID":"5c:a6:2d:86:6a:61","RSSI":-55},{"SSID":"WiFi Setup - University of Leeds","BSSID":"5c:a6:2d:86:6a:6c","RSSI":-67},{"SSID":"MeetInLeeds","BSSID":"5c:a6:2d:86:6a:6d","RSSI":-67},{"SSID":"MeetInLeeds","BSSID":"5c:a6:2d:45:db:22","RSSI":-69},{"SSID":"eduroam","BSSID":"5c:a6:2d:86:6a:6e","RSSI":-70},{"SSID":"WiFi Setup - University of Leeds","BSSID":"5c:a6:2d:45:dc:c3","RSSI":-71},{"SSID":"MeetInLeeds","BSSID":"5c:a6:2d:45:dc:c2","RSSI":-71},{"SSID":"eduroam","BSSID":"5c:a6:2d:45:dc:c1","RSSI":-71},{"SSID":"eduroam","BSSID":"ac:3a:67:07:fa:61","RSSI":-75},{"SSID":"MeetInLeeds","BSSID":"5c:a6:2d:b6:45:62","RSSI":-75},{"SSID":"MeetInLeeds","BSSID":"ac:3a:67:07:fa:62","RSSI":-76},{"SSID":"WiFi Setup - University of Leeds","BSSID":"ac:3a:67:07:fa:63","RSSI":-76},{"SSID":"WiFi Setup - University of Leeds","BSSID":"5c:a6:2d:b6:45:63","RSSI":-76},{"SSID":"WiFi Setup - University of Leeds","BSSID":"5c:a6:2d:cf:89:63","RSSI":-80},{"SSID":"MeetInLeeds","BSSID":"5c:a6:2d:cf:89:62","RSSI":-80},{"SSID":"eduroam","BSSID":"5c:a6:2d:5d:2e:01","RSSI":-80},{"SSID":"WiFi Setup - University of Leeds","BSSID":"5c:a6:2d:45:db:2c","RSSI":-81},{"SSID":"eduroam","BSSID":"5c:a6:2d:45:db:2e","RSSI":-81},{"SSID":"MeetInLeeds","BSSID":"5c:a6:2d:45:db:2d","RSSI":-81},{"SSID":"WiFi Setup - University of Leeds","BSSID":"5c:a6:2d:ce:b2:83","RSSI":-83},{"SSID":"MeetInLeeds","BSSID":"5c:a6:2d:ce:c9:6d","RSSI":-86},{"SSID":"WiFi Setup - University of Leeds","BSSID":"5c:a6:2d:ce:c9:6c","RSSI":-86},{"SSID":"eduroam","BSSID":"5c:a6:2d:ce:b2:8e","RSSI":-88}],[{"SSID":"MeetInLeeds","BSSID":"5c:a6:2d:86:6a:62","RSSI":-54},{"SSID":"WiFi Setup - University of Leeds","BSSID":"5c:a6:2d:86:6a:63","RSSI":-55},{"SSID":"WiFi Setup - University of Leeds","BSSID":"5c:a6:2d:86:6a:6c","RSSI":-63},{"SSID":"eduroam","BSSID":"5c:a6:2d:86:6a:6e","RSSI":-63},{"SSID":"MeetInLeeds","BSSID":"5c:a6:2d:86:6a:6d","RSSI":-63},{"SSID":"WiFi Setup - University of Leeds","BSSID":"5c:a6:2d:45:db:23","RSSI":-68},{"SSID":"MeetInLeeds","BSSID":"5c:a6:2d:45:db:22","RSSI":-68},{"SSID":"WiFi Setup - University of Leeds","BSSID":"5c:a6:2d:45:dc:c3","RSSI":-73},{"SSID":"MeetInLeeds","BSSID":"5c:a6:2d:45:dc:c2","RSSI":-73},{"SSID":"MeetInLeeds","BSSID":"ac:3a:67:07:fa:62","RSSI":-78},{"SSID":"WiFi Setup - University of Leeds","BSSID":"ac:3a:67:07:fa:63","RSSI":-78},{"SSID":"eduroam","BSSID":"5c:a6:2d:45:db:2e","RSSI":-79},{"SSID":"WiFi Setup - University of Leeds","BSSID":"5c:a6:2d:b6:45:63","RSSI":-80},{"SSID":"WiFi Setup - University of Leeds","BSSID":"5c:a6:2d:45:db:2c","RSSI":-80},{"SSID":"MeetInLeeds","BSSID":"5c:a6:2d:45:db:2d","RSSI":-80},{"SSID":"WiFi Setup - University of Leeds","BSSID":"5c:a6:2d:5d:2e:03","RSSI":-81},{"SSID":"MeetInLeeds","BSSID":"5c:a6:2d:5d:2e:02","RSSI":-83},{"SSID":"eduroam","BSSID":"5c:a6:2d:ce:c9:6e","RSSI":-85},{"SSID":"WiFi Setup - University of Leeds","BSSID":"5c:a6:2d:ce:c9:6c","RSSI":-85},{"SSID":"MeetInLeeds","BSSID":"5c:a6:2d:ce:c9:6d","RSSI":-86}],[{"SSID":"MeetInLeeds","BSSID":"5c:a6:2d:86:6a:62","RSSI":-55},{"SSID":"WiFi Setup - University of Leeds","BSSID":"5c:a6:2d:86:6a:63","RSSI":-56},{"SSID":"MeetInLeeds","BSSID":"5c:a6:2d:45:db:22","RSSI":-69},{"SSID":"WiFi Setup - University of Leeds","BSSID":"5c:a6:2d:45:db:23","RSSI":-70},{"SSID":"WiFi Setup - University of Leeds","BSSID":"5c:a6:2d:45:dc:c3","RSSI":-73},{"SSID":"MeetInLeeds","BSSID":"5c:a6:2d:45:dc:c2","RSSI":-73},{"SSID":"MeetInLeeds","BSSID":"ac:3a:67:07:fa:62","RSSI":-77},{"SSID":"WiFi Setup - University of Leeds","BSSID":"ac:3a:67:07:fa:63","RSSI":-77},{"SSID":"WiFi Setup - University of Leeds","BSSID":"ac:3a:67:07:fa:6c","RSSI":-78},{"SSID":"MeetInLeeds","BSSID":"ac:3a:67:07:fa:6d","RSSI":-78},{"SSID":"MeetInLeeds","BSSID":"5c:a6:2d:b6:45:62","RSSI":-78},{"SSID":"eduroam","BSSID":"ac:3a:67:07:fa:6e","RSSI":-79},{"SSID":"MeetInLeeds","BSSID":"5c:a6:2d:45:db:2d","RSSI":-81},{"SSID":"eduroam","BSSID":"5c:a6:2d:5d:2b:41","RSSI":-82},{"SSID":"WiFi Setup - University of Leeds","BSSID":"5c:a6:2d:45:db:2c","RSSI":-82},{"SSID":"eduroam","BSSID":"5c:a6:2d:45:db:2e","RSSI":-82},{"SSID":"eduroam","BSSID":"5c:a6:2d:cf:89:61","RSSI":-83},{"SSID":"WiFi Setup - University of Leeds","BSSID":"5c:a6:2d:5d:2e:0c","RSSI":-84},{"SSID":"eduroam","BSSID":"5c:a6:2d:ce:c9:6e","RSSI":-85},{"SSID":"WiFi Setup - University of Leeds","BSSID":"5c:a6:2d:ce:c9:6c","RSSI":-85},{"SSID":"eduroam","BSSID":"5c:a6:2d:5d:2e:0e","RSSI":-85},{"SSID":"MeetInLeeds","BSSID":"5c:a6:2d:ce:c9:6d","RSSI":-86}]]