[[{"SSID":"eduroam","BSSID":"ac:3a:67:08:04:01","RSSI":-33},{"SSID":"MeetInLeeds","BSSID":"ac:3a:67:08:04:02","RSSI":-34},{"SSID":"MeetInLeeds","BSSID":"ac:3a:67:08:04:0d","RSSI":-50},{"SSID":"eduroam","BSSID":"ac:3a:67:08:04:0e","RSSI":-53},{"SSID":"MeetInLeeds","BSSID":"5c:a6:2d:cf:b3:62","RSSI":-57},{"SSID":"eduroam","BSSID":"5c:a6:2d:70:7b:4e","RSSI":-58},{"SSID":"MeetInLeeds","BSSID":"5c:a6:2d:70:7b:4d","RSSI":-58},{"SSID":"MeetInLeeds","BSSID":"ac:3a:67:08:28:42","RSSI":-59},{"SSID":"eduroam","BSSID":"ac:3a:67:08:28:41","RSSI":-59},{"SSID":"eduroam","BSSID":"5c:a6:2d:70:7b:41","RSSI":-59},{"SSID":"MeetInLeeds","BSSID":"5c:a6:2d:70:7b:42","RSSI":-60},{"SSID":"eduroam","BSSID":"ac:3a:67:08:29:a1","RSSI":-61},{"SSID":"MeetInLeeds","BSSID":"ac:3a:67:08:29:a2","RSSI":-61},{"SSID":"eduroam","BSSID":"ac:3a:67:08:29:01","RSSI":-61},{"SSID":"MeetInLeeds","BSSID":"5c:a6:2d:ce:b5:02","RSSI":-62},{"SSID":"MeetInLeeds","BSSID":"ac:3a:67:08:29:02","RSSI":-62},{"SSID":"eduroam","BSSID":"5c:a6:2d:ce:b5:01","RSSI":-62},{"SSID":"eduroam","BSSID":"5c:a6:2d:cf:c1:81","RSSI":-63},{"SSID":"MeetInLeeds","BSSID":"5c:a6:2d:cf:c1:82","RSSI":-63},{"SSID":"eduroam","BSSID":"5c:a6:2d:cf:b3:6e","RSSI":-65},{"SSID":"MeetInLeeds","BSSID":"5c:a6:2d:cf:b3:6d","RSSI":-65},{"SSID":"eduroam","BSSID":"5c:a6:2d:ce:b5:0e","RSSI":-65},{"SSID":"MeetInLeeds","BSSID":"5c:a6:2d:ce:b5:0d","RSSI":-65},{"SSID":"eduroam","BSSID":"ac:3a:67:08:25:a1","RSSI":-68},{"SSID":"MeetInLeeds","BSSID":"ac:3a:67:08:25:a2","RSSI":-68},{"SSID":"MeetInLeeds","BSSID":"ac:3a:67:08:29:ad","RSSI":-71},{"SSID":"eduroam","BSSID":"ac:3a:67:08:29:ae","RSSI":-71},{"SSID":"eduroam","BSSID":"ac:3a:67:08:28:4e","RSSI":-72},{"SSID":"MeetInLeeds","BSSID":"ac:3a:67:08:28:4d","RSSI":-72},{"SSID":"eduroam","BSSID":"ac:3a:67:08:25:ae","RSSI":-72},{"SSID":"MeetInLeeds","BSSID":"ac:3a:67:08:25:ad","RSSI":-72},{"SSID":"eduroam","BSSID":"5c:a6:2d:cf:b4:ae","RSSI":-72},{"SSID":"MeetInLeeds","BSSID":"5c:a6:2d:cf:b4:a2","RSSI":-72},{"SSID":"eduroam","BSSID":"5c:a6:2d:cf:b4:a1","RSSI":-74},{"SSID":"eduroam","BSSID":"ac:3a:67:08:29:0e","RSSI":-75},{"SSID":"MeetInLeeds","BSSID":"ac:3a:67:08:29:0d","RSSI":-76},{"SSID":"MeetInLeeds","BSSID":"5c:a6:2d:cf:c1:8d","RSSI":-78},{"SSID":"BEARD OF ZEUS","BSSID":"26:c3:dd:71:58:6c","RSSI":-78},{"SSID":"eduroam","BSSID":"5c:a6:2d:cf:e8:0e","RSSI":-81},{"SSID":"MeetInLeeds","BSSID":"5c:a6:2d:cf:e8:0d","RSSI":-81},{"SSID":"MeetInLeeds","BSSID":"5c:a6:2d:af:94:4d","RSSI":-83},{"SSID":"eduroam","BSSID":"5c:a6:2d:af:94:4e","RSSI":-83},{"SSID":"Ferial’s iPhone","BSSID":"ca:3b:10:2e:61:39","RSSI":-83},{"SSID":"DESKTOP-73NVV7R 4141","BSSID":"f2:6e:0b:b7:46:4e","RSSI":-85},{"SSID":"MeetInLeeds","BSSID":"5c:a6:2d:af:91:4d","RSSI":-86}],[{"SSID":"MeetInLeeds","BSSID":"ac:3a:67:08:04:02","RSSI":-35},{"SSID":"eduroam","BSSID":"ac:3a:67:08:04:01","RSSI":-35},{"SSID":"MeetInLeeds","BSSID":"ac:3a:67:08:04:0d","RSSI":-48},{"SSID":"eduroam","BSSID":"ac:3a:67:08:04:0e","RSSI":-48},{"SSID":"MeetInLeeds","BSSID":"5c:a6:2d:cf:b3:62","RSSI":-56},{"SSID":"eduroam","BSSID":"5c:a6:2d:cf:b3:61","RSSI":-57},{"SSID":"eduroam","BSSID":"5c:a6:2d:70:7b:4e","RSSI":-58},{"SSID":"MeetInLeeds","BSSID":"5c:a6:2d:70:7b:4d","RSSI":-58},{"SSID":"MeetInLeeds","BSSID":"ac:3a:67:08:29:02","RSSI":-59},{"SSID":"eduroam","BSSID":"5c:a6:2d:70:7b:41","RSSI":-60},{"SSID":"eduroam","BSSID":"5c:a6:2d:cf:c1:81","RSSI":-60},{"SSID":"MeetInLeeds","BSSID":"5c:a6:2d:cf:c1:82","RSSI":-60},{"SSID":"MeetInLeeds","BSSID":"5c:a6:2d:ce:b5:02","RSSI":-60},{"SSID":"MeetInLeeds","BSSID":"ac:3a:67:08:29:a2","RSSI":-60},{"SSID":"eduroam","BSSID":"5c:a6:2d:ce:b5:01","RSSI":-60},{"SSID":"eduroam","BSSID":"ac:3a:67:08:28:41","RSSI":-61},{"SSID":"MeetInLeeds","BSSID":"5c:a6:2d:70:7b:42","RSSI":-61},{"SSID":"eduroam","BSSID":"ac:3a:67:08:29:a1","RSSI":-61},{"SSID":"MeetInLeeds","BSSID":"ac:3a:67:08:28:42","RSSI":-63},{"SSID":"eduroam","BSSID":"5c:a6:2d:ce:b5:0e","RSSI":-64},{"SSID":"eduroam","BSSID":"ac:3a:67:08:28:4e","RSSI":-67},{"SSID":"MeetInLeeds","BSSID":"ac:3a:67:08:28:4d","RSSI":-67},{"SSID":"MeetInLeeds","BSSID":"5c:a6:2d:ce:b5:0d","RSSI":-68},{"SSID":"MeetInLeeds","BSSID":"ac:3a:67:08:29:ad","RSSI":-68},{"SSID":"eduroam","BSSID":"ac:3a:67:08:29:ae","RSSI":-68},{"SSID":"MeetInLeeds","BSSID":"ac:3a:67:08:29:0d","RSSI":-68},{"SSID":"eduroam","BSSID":"ac:3a:67:08:29:0e","RSSI":-68},{"SSID":"eduroam","BSSID":"5c:a6:2d:cf:c1:8e","RSSI":-69},{"SSID":"eduroam","BSSID":"ac:3a:67:08:25:a1","RSSI":-69},{"SSID":"MeetInLeeds","BSSID":"ac:3a:67:08:25:a2","RSSI":-69},{"SSID":"MeetInLeeds","BSSID":"5c:a6:2d:cf:c1:8d","RSSI":-70},{"SSID":"eduroam","BSSID":"5c:a6:2d:cf:b3:6e","RSSI":-71},{"SSID":"MeetInLeeds","BSSID":"5c:a6:2d:cf:b3:6d","RSSI":-72},{"SSID":"eduroam","BSSID":"5c:a6:2d:af:94:41","RSSI":-72},{"SSID":"MeetInLeeds","BSSID":"5c:a6:2d:af:94:42","RSSI":-72},{"SSID":"eduroam","BSSID":"5c:a6:2d:cf:b4:a1","RSSI":-73},{"SSID":"MeetInLeeds","BSSID":"5c:a6:2d:cf:e8:02","RSSI":-74},{"SSID":"MeetInLeeds","BSSID":"5c:a6:2d:5d:2e:22","RSSI":-74},{"SSID":"MeetInLeeds","BSSID":"ac:3a:67:08:25:ad","RSSI":-75},{"SSID":"MeetInLeeds","BSSID":"5c:a6:2d:cf:b4:a2","RSSI":-75},{"SSID":"eduroam","BSSID":"ac:3a:67:08:25:ae","RSSI":-76},{"SSID":"eduroam","BSSID":"5c:a6:2d:5d:2e:21","RSSI":-76},{"SSID":"MeetInLeeds","BSSID":"5c:a6:2d:5d:2b:8d","RSSI":-77},{"SSID":"MeetInLeeds","BSSID":"5c:a6:2d:cf:b4:ad","RSSI":-78},{"SSID":"eduroam","BSSID":"5c:a6:2d:5d:2b:8e","RSSI":-78},{"SSID":"Ferial’s iPhone","BSSID":"ca:3b:10:2e:61:39","RSSI":-78},{"SSID":"eduroam","BSSID":"5c:a6:2d:cf:e8:0e","RSSI":-81},{"SSID":"MeetInLeeds","BSSID":"5c:a6:2d:cf:e8:0d","RSSI":-81},{"SSID":"MeetInLeeds","BSSID":"5c:a6:2d:af:94:4d","RSSI":-82},{"SSID":"DESKTOP-73NVV7R 4141","BSSID":"f2:6e:0b:b7:46:4e","RSSI":-84},{"SSID":"MeetInLeeds","BSSID":"ac:3a:67:08:0b:4d","RSSI":-84},{"SSID":"MeetInLeeds","BSSID":"5c:a6:2d:cf:e7:2d","RSSI":-85},{"SSID":"MeetInLeeds","BSSID":"5c:a6:2d:ce:b4:cd","RSSI":-86}],[{"SSID":"MeetInLeeds","BSSID":"ac:3a:67:08:04:02","RSSI":-32},{"SSID":"eduroam","BSSID":"ac:3a:67:08:04:01","RSSI":-33},{"SSID":"MeetInLeeds","BSSID":"ac:3a:67:08:04:0d","RSSI":-45},{"SSID":"eduroam","BSSID":"ac:3a:67:08:04:0e","RSSI":-46},{"SSID":"MeetInLeeds","BSSID":"5c:a6:2d:cf:b3:62","RSSI":-55},{"SSID":"eduroam","BSSID":"5c:a6:2d:70:7b:4e","RSSI":-58},{"SSID":"MeetInLeeds","BSSID":"5c:a6:2d:70:7b:4d","RSSI":-58},{"SSID":"MeetInLeeds","BSSID":"ac:3a:67:08:29:a2","RSSI":-58},{"SSID":"MeetInLeeds","BSSID":"5c:a6:2d:70:7b:42","RSSI":-59},{"SSID":"eduroam","BSSID":"5c:a6:2d:ce:b5:01","RSSI":-61},{"SSID":"MeetInLeeds","BSSID":"ac:3a:67:08:28:42","RSSI":-62},{"SSID":"MeetInLeeds","BSSID":"5c:a6:2d:ce:b5:02","RSSI":-62},{"SSID":"eduroam","BSSID":"5c:a6:2d:ce:b5:0e","RSSI":-63},{"SSID":"MeetInLeeds","BSSID":"5c:a6:2d:ce:b5:0d","RSSI":-63},{"SSID":"MeetInLeeds","BSSID":"5c:a6:2d:cf:c1:82","RSSI":-63},{"SSID":"eduroam","BSSID":"ac:3a:67:08:29:01","RSSI":-63},{"SSID":"MeetInLeeds","BSSID":"ac:3a:67:08:29:02","RSSI":-63},{"SSID":"eduroam","BSSID":"5c:a6:2d:cf:c1:81","RSSI":-64},{"SSID":"MeetInLeeds","BSSID":"ac:3a:67:08:29:0d","RSSI":-64},{"SSID":"eduroam","BSSID":"ac:3a:67:08:29:0e","RSSI":-65},{"SSID":"MeetInLeeds","BSSID":"5c:a6:2d:cf:b3:6d","RSSI":-68},{"SSID":"MeetInLeeds","BSSID":"ac:3a:67:08:25:a2","RSSI":-68},{"SSID":"MeetInLeeds","BSSID":"ac:3a:67:08:28:4d","RSSI":-69},{"SSID":"eduroam","BSSID":"ac:3a:67:08:28:4e","RSSI":-70},{"SSID":"eduroam","BSSID":"5c:a6:2d:cf:b3:6e","RSSI":-70},{"SSID":"MeetInLeeds","BSSID":"ac:3a:67:08:29:ad","RSSI":-70},{"SSID":"MeetInLeeds","BSSID":"5c:a6:2d:cf:c1:8d","RSSI":-71},{"SSID":"MeetInLeeds","BSSID":"5c:a6:2d:cf:b4:ad","RSSI":-71},{"SSID":"eduroam","BSSID":"5c:a6:2d:cf:b4:ae","RSSI":-71},{"SSID":"eduroam","BSSID":"ac:3a:67:08:29:ae","RSSI":-71},{"SSID":"eduroam","BSSID":"5c:a6:2d:cf:c1:8e","RSSI":-72},{"SSID":"MeetInLeeds","BSSID":"5c:a6:2d:cf:b4:a2","RSSI":-73},{"SSID":"eduroam","BSSID":"ac:3a:67:08:25:ae","RSSI":-75},{"SSID":"MeetInLeeds","BSSID":"ac:3a:67:08:25:ad","RSSI":-75},{"SSID":"MeetInLeeds","BSSID":"5c:a6:2d:af:94:42","RSSI":-77},{"SSID":"Ferial’s iPhone","BSSID":"ca:3b:10:2e:61:39","RSSI":-78},{"SSID":"MeetInLeeds","BSSID":"5c:a6:2d:70:d0:a2","RSSI":-79},{"SSID":"MeetInLeeds","BSSID":"5c:a6:2d:af:8f:c2","RSSI":-79},{"SSID":"MeetInLeeds","BSSID":"5c:a6:2d:ce:b4:cd","RSSI":-80},{"SSID":"MeetInLeeds","BSSID":"5c:a6:2d:cf:e8:0d","RSSI":-81},{"SSID":"eduroam","BSSID":"5c:a6:2d:ce:b4:ce","RSSI":-81},{"SSID":"MeetInLeeds","BSSID":"5c:a6:2d:5d:2e:2d","RSSI":-82},{"SSID":"eduroam","BSSID":"5c:a6:2d:5d:2e:2e","RSSI":-83},{"SSID":"MeetInLeeds","BSSID":"5c:a6:2d:af:94:4d","RSSI":-83},{"SSID":"DESKTOP-73NVV7R 4141","BSSID":"f2:6e:0b:b7:46:4e","RSSI":-84},{"SSID":"MeetInLeeds","BSSID":"ac:3a:67:08:0b:4d","RSSI":-85}],[{"SSID":"eduroam","BSSID":"ac:3a:67:08:04:01","RSSI":-36},{"SSID":"MeetInLeeds","BSSID":"ac:3a:67:08:04:02","RSSI":-37},{"SSID":"eduroam","BSSID":"ac:3a:67:08:04:0e","RSSI":-50},{"SSID":"MeetInLeeds","BSSID":"ac:3a:67:08:28:42","RSSI":-56},{"SSID":"eduroam","BSSID":"5c:a6:2d:cf:b3:61","RSSI":-57},{"SSID":"MeetInLeeds","BSSID":"5c:a6:2d:cf:b3:62","RSSI":-57},{"SSID":"MeetInLeeds","BSSID":"5c:a6:2d:70:7b:42","RSSI":-59},{"SSID":"MeetInLeeds","BSSID":"5c:a6:2d:ce:b5:02","RSSI":-60},{"SSID":"MeetInLeeds","BSSID":"ac:3a:67:08:29:a2","RSSI":-60},{"SSID":"eduroam","BSSID":"5c:a6:2d:70:7b:4e","RSSI":-61},{"SSID":"MeetInLeeds","BSSID":"5c:a6:2d:70:7b:4d","RSSI":-61},{"SSID":"MeetInLeeds","BSSID":"5c:a6:2d:cf:c1:82","RSSI":-61},{"SSID":"eduroam","BSSID":"ac:3a:67:08:29:a1","RSSI":-61},{"SSID":"eduroam","BSSID":"5c:a6:2d:ce:b5:0e","RSSI":-62},{"SSID":"MeetInLeeds","BSSID":"5c:a6:2d:ce:b5:0d","RSSI":-62},{"SSID":"MeetInLeeds","BSSID":"ac:3a:67:08:04:0d","RSSI":-63},{"SSID":"MeetInLeeds","BSSID":"ac:3a:67:08:29:02","RSSI":-63},{"SSID":"eduroam","BSSID":"ac:3a:67:08:29:01","RSSI":-64},{"SSID":"eduroam","BSSID":"ac:3a:67:08:28:4e","RSSI":-67},{"SSID":"MeetInLeeds","BSSID":"ac:3a:67:08:28:4d","RSSI":-67},{"SSID":"eduroam","BSSID":"ac:3a:67:08:29:ae","RSSI":-67},{"SSID":"MeetInLeeds","BSSID":"ac:3a:67:08:25:a2","RSSI":-67},{"SSID":"MeetInLeeds","BSSID":"ac:3a:67:08:29:ad","RSSI":-68},{"SSID":"MeetInLeeds","BSSID":"ac:3a:67:08:29:0d","RSSI":-69},{"SSID":"eduroam","BSSID":"ac:3a:67:08:29:0e","RSSI":-69},{"SSID":"MeetInLeeds","BSSID":"5c:a6:2d:cf:b4:a2","RSSI":-70},{"SSID":"eduroam","BSSID":"5c:a6:2d:cf:b3:6e","RSSI":-73},{"SSID":"MeetInLeeds","BSSID":"5c:a6:2d:cf:b3:6d","RSSI":-73},{"SSID":"eduroam","BSSID":"5c:a6:2d:cf:e8:01","RSSI":-73},{"SSID":"MeetInLeeds","BSSID":"5c:a6:2d:cf:e8:02","RSSI":-73},{"SSID":"MeetInLeeds","BSSID":"ac:3a:67:08:25:ad","RSSI":-73},{"SSID":"eduroam","BSSID":"ac:3a:67:08:25:ae","RSSI":-74},{"SSID":"MeetInLeeds","BSSID":"5c:a6:2d:cf:c1:8d","RSSI":-75},{"SSID":"MeetInLeeds","BSSID":"5c:a6:2d:cf:b4:ad","RSSI":-75},{"SSID":"eduroam","BSSID":"5c:a6:2d:cf:c1:8e","RSSI":-76},{"SSID":"eduroam","BSSID":"5c:a6:2d:cf:b4:ae","RSSI":-76},{"SSID":"MeetInLeeds","BSSID":"5c:a6:2d:5d:2e:22","RSSI":-76},{"SSID":"Ferial’s iPhone","BSSID":"ca:3b:10:2e:61:39","RSSI":-78},{"SSID":"MeetInLeeds","BSSID":"5c:a6:2d:cf:e8:0d","RSSI":-81},{"SSID":"eduroam","BSSID":"5c:a6:2d:ce:b5:ce","RSSI":-82},{"SSID":"BEARD OF ZEUS","BSSID":"26:c3:dd:71:58:6c","RSSI":-82},{"SSID":"eduroam","BSSID":"5c:a6:2d:cf:e8:0e","RSSI":-82},{"SSID":"eduroam","BSSID":"5c:a6:2d:5d:2b:8e","RSSI":-82},{"SSID":"MeetInLeeds","BSSID":"5c:a6:2d:ce:b5:cd","RSSI":-84},{"SSID":"eduroam","BSSID":"5c:a6:2d:af:94:4e","RSSI":-84},{"SSID":"MeetInLeeds","BSSID":"ac:3a:67:08:0b:4d","RSSI":-84},{"SSID":"MeetInLeeds","BSSID":"5c:a6:2d:af:91:4d","RSSI":-84},{"SSID":"MeetInLeeds","BSSID":"5c:a6:2d:ce:b4:cd","RSSI":-85},{"SSID":"eduroam","BSSID":"5c:a6:2d:af:91:4e","RSSI":-85},{"SSID":"eduroam","BSSID":"5c:a6:2d:ce:b4:ce","RSSI":-86},{"SSID":"MeetInLeeds","BSSID":"5c:a6:2d:af:94:4d","RSSI":-87}],[{"SSID":"MeetInLeeds","BSSID":"ac:3a:67:08:04:02","RSSI":-34},{"SSID":"eduroam","BSSID":"ac:3a:67:08:04:01","RSSI":-34},{"SSID":"MeetInLeeds","BSSID":"ac:3a:67:08:04:0d","RSSI":-45},{"SSID":"eduroam","BSSID":"ac:3a:67:08:04:0e","RSSI":-48},{"SSID":"MeetInLeeds","BSSID":"ac:3a:67:08:28:42","RSSI":-57},{"SSID":"MeetInLeeds","BSSID":"5c:a6:2d:ce:b5:02","RSSI":-60},{"SSID":"MeetInLeeds","BSSID":"ac:3a:67:08:29:a2","RSSI":-60},{"SSID":"eduroam","BSSID":"5c:a6:2d:70:7b:4e","RSSI":-61},{"SSID":"MeetInLeeds","BSSID":"5c:a6:2d:70:7b:4d","RSSI":-61},{"SSID":"eduroam","BSSID":"5c:a6:2d:ce:b5:0e","RSSI":-62},{"SSID":"MeetInLeeds","BSSID":"5c:a6:2d:ce:b5:0d","RSSI":-62},{"SSID":"eduroam","BSSID":"5c:a6:2d:cf:c1:81","RSSI":-62},{"SSID":"MeetInLeeds","BSSID":"5c:a6:2d:cf:c1:82","RSSI":-62},{"SSID":"MeetInLeeds","BSSID":"5c:a6:2d:70:7b:42","RSSI":-64},{"SSID":"eduroam","BSSID":"5c:a6:2d:70:7b:41","RSSI":-64},{"SSID":"eduroam","BSSID":"ac:3a:67:08:29:01","RSSI":-65},{"SSID":"MeetInLeeds","BSSID":"ac:3a:67:08:29:02","RSSI":-66},{"SSID":"eduroam","BSSID":"5c:a6:2d:cf:b3:6e","RSSI":-67},{"SSID":"MeetInLeeds","BSSID":"ac:3a:67:08:29:0d","RSSI":-67},{"SSID":"eduroam","BSSID":"ac:3a:67:08:29:0e","RSSI":-67},{"SSID":"MeetInLeeds","BSSID":"5c:a6:2d:cf:b3:6d","RSSI":-68},{"SSID":"MeetInLeeds","BSSID":"ac:3a:67:08:29:ad","RSSI":-68},{"SSID":"eduroam","BSSID":"ac:3a:67:08:29:ae","RSSI":-68},{"SSID":"MeetInLeeds","BSSID":"ac:3a:67:08:25:a2","RSSI":-68},{"SSID":"MeetInLeeds","BSSID":"ac:3a:67:08:28:4d","RSSI":-69},{"SSID":"eduroam","BSSID":"ac:3a:67:08:28:4e","RSSI":-70},{"SSID":"eduroam","BSSID":"5c:a6:2d:cf:c1:8e","RSSI":-72},{"SSID":"MeetInLeeds","BSSID":"5c:a6:2d:cf:c1:8d","RSSI":-72},{"SSID":"eduroam","BSSID":"5c:a6:2d:cf:b4:a1","RSSI":-72},{"SSID":"MeetInLeeds","BSSID":"5c:a6:2d:cf:b4:a2","RSSI":-73},{"SSID":"eduroam","BSSID":"5c:a6:2d:cf:e8:01","RSSI":-74},{"SSID":"MeetInLeeds","BSSID":"5c:a6:2d:cf:e8:02","RSSI":-74},{"SSID":"eduroam","BSSID":"ac:3a:67:08:25:ae","RSSI":-74},{"SSID":"MeetInLeeds","BSSID":"ac:3a:67:08:25:ad","RSSI":-74},{"SSID":"MeetInLeeds","BSSID":"5c:a6:2d:cf:b4:ad","RSSI":-74},{"SSID":"eduroam","BSSID":"5c:a6:2d:cf:b4:ae","RSSI":-74},{"SSID":"MeetInLeeds","BSSID":"5c:a6:2d:af:91:c2","RSSI":-75},{"SSID":"BEARD OF ZEUS","BSSID":"26:c3:dd:71:58:6c","RSSI":-76},{"SSID":"MeetInLeeds","BSSID":"5c:a6:2d:5d:2e:22","RSSI":-76},{"SSID":"eduroam","BSSID":"5c:a6:2d:cf:e8:0e","RSSI":-80},{"SSID":"MeetInLeeds","BSSID":"5c:a6:2d:cf:e8:0d","RSSI":-80},{"SSID":"eduroam","BSSID":"5c:a6:2d:5d:2e:2e","RSSI":-81},{"SSID":"MeetInLeeds","BSSID":"5c:a6:2d:5d:2e:2d","RSSI":-82},{"SSID":"MeetInLeeds","BSSID":"5c:a6:2d:5d:2b:8d","RSSI":-84},{"SSID":"eduroam","BSSID":"5c:a6:2d:5d:2b:8e","RSSI":-84},{"SSID":"MeetInLeeds","BSSID":"5c:a6:2d:af:94:4d","RSSI":-85},{"SSID":"Ferial’s iPhone","BSSID":"ca:3b:10:2e:61:39","RSSI":-85},{"SSID":"DESKTOP-73NVV7R 4141","BSSID":"f2:6e:0b:b7:46:4e","RSSI":-86},{"SSID":"MeetInLeeds","BSSID":"5c:a6:2d:ce:a1:cd","RSSI":-87}],[{"SSID":"MeetInLeeds","BSSID":"ac:3a:67:08:04:02","RSSI":-35},{"SSID":"eduroam","BSSID":"ac:3a:67:08:04:01","RSSI":-36},{"SSID":"MeetInLeeds","BSSID":"ac:3a:67:08:04:0d","RSSI":-55},{"SSID":"MeetInLeeds","BSSID":"ac:3a:67:08:28:42","RSSI":-55},{"SSID":"eduroam","BSSID":"ac:3a:67:08:28:41","RSSI":-55},{"SSID":"eduroam","BSSID":"5c:a6:2d:cf:b3:61","RSSI":-56},{"SSID":"MeetInLeeds","BSSID":"5c:a6:2d:cf:b3:62","RSSI":-56},{"SSID":"eduroam","BSSID":"ac:3a:67:08:04:0e","RSSI":-58},{"SSID":"MeetInLeeds","BSSID":"5c:a6:2d:70:7b:42","RSSI":-58},{"SSID":"MeetInLeeds","BSSID":"ac:3a:67:08:29:a2","RSSI":-59},{"SSID":"eduroam","BSSID":"5c:a6:2d:70:7b:4e","RSSI":-60},{"SSID":"MeetInLeeds","BSSID":"5c:a6:2d:70:7b:4d","RSSI":-60},{"SSID":"eduroam","BSSID":"ac:3a:67:08:29:a1","RSSI":-60},{"SSID":"MeetInLeeds","BSSID":"5c:a6:2d:ce:b5:02","RSSI":-61},{"SSID":"eduroam","BSSID":"5c:a6:2d:ce:b5:01","RSSI":-61},{"SSID":"MeetInLeeds","BSSID":"5c:a6:2d:cf:c1:82","RSSI":-63},{"SSID":"MeetInLeeds","BSSID":"ac:3a:67:08:29:02","RSSI":-63},{"SSID":"eduroam","BSSID":"5c:a6:2d:cf:b3:6e","RSSI":-67},{"SSID":"MeetInLeeds","BSSID":"ac:3a:67:08:25:a2","RSSI":-67},{"SSID":"MeetInLeeds","BSSID":"5c:a6:2d:cf:b3:6d","RSSI":-68},{"SSID":"eduroam","BSSID":"5c:a6:2d:ce:b5:0e","RSSI":-68},{"SSID":"eduroam","BSSID":"ac:3a:67:08:25:a1","RSSI":-68},{"SSID":"MeetInLeeds","BSSID":"5c:a6:2d:ce:b5:0d","RSSI":-69},{"SSID":"eduroam","BSSID":"ac:3a:67:08:29:0e","RSSI":-69},{"SSID":"eduroam","BSSID":"ac:3a:67:08:28:4e","RSSI":-71},{"SSID":"MeetInLeeds","BSSID":"ac:3a:67:08:28:4d","RSSI":-71},{"SSID":"MeetInLeeds","BSSID":"ac:3a:67:08:29:ad","RSSI":-71},{"SSID":"eduroam","BSSID":"ac:3a:67:08:29:ae","RSSI":-71},{"SSID":"MeetInLeeds","BSSID":"5c:a6:2d:cf:b4:a2","RSSI":-71},{"SSID":"MeetInLeeds","BSSID":"5c:a6:2d:cf:b4:ad","RSSI":-72},{"SSID":"eduroam","BSSID":"5c:a6:2d:af:94:41","RSSI":-73},{"SSID":"MeetInLeeds","BSSID":"ac:3a:67:08:29:0d","RSSI":-73},{"SSID":"eduroam","BSSID":"5c:a6:2d:cf:c1:8e","RSSI":-74},{"SSID":"eduroam","BSSID":"ac:3a:67:08:25:ae","RSSI":-74},{"SSID":"eduroam","BSSID":"5c:a6:2d:cf:b4:ae","RSSI":-74},{"SSID":"MeetInLeeds","BSSID":"5c:a6:2d:cf:c1:8d","RSSI":-75},{"SSID":"MeetInLeeds","BSSID":"5c:a6:2d:af:94:42","RSSI":-75},{"SSID":"MeetInLeeds","BSSID":"ac:3a:67:08:25:ad","RSSI":-75},{"SSID":"MeetInLeeds","BSSID":"5c:a6:2d:5d:2b:8d","RSSI":-76},{"SSID":"Ferial’s iPhone","BSSID":"ca:3b:10:2e:61:39","RSSI":-77},{"SSID":"eduroam","BSSID":"5c:a6:2d:5d:2b:8e","RSSI":-78},{"SSID":"MeetInLeeds","BSSID":"5c:a6:2d:5d:2e:22","RSSI":-78},{"SSID":"eduroam","BSSID":"5c:a6:2d:cf:e8:0e","RSSI":-79},{"SSID":"MeetInLeeds","BSSID":"5c:a6:2d:cf:e8:0d","RSSI":-80},{"SSID":"BEARD OF ZEUS","BSSID":"26:c3:dd:71:58:6c","RSSI":-81},{"SSID":"eduroam","BSSID":"5c:a6:2d:af:94:4e","RSSI":-84},{"SSID":"MeetInLeeds","BSSID":"5c:a6:2d:5d:2e:2d","RSSI":-85},{"SSID":"eduroam","BSSID":"5c:a6:2d:5d:2e:2e","RSSI":-85},{"SSID":"MeetInLeeds","BSSID":"5c:a6:2d:af:94:4d","RSSI":-85},{"SSID":"eduroam","BSSID":"5c:a6:2d:ce:b4:ce","RSSI":-86},{"SSID":"DESKTOP-73NVV7R 4141","BSSID":"f2:6e:0b:b7:46:4e","RSSI":-88},{"SSID":"MeetInLeeds","BSSID":"5c:a6:2d:cf:e7:4d","RSSI":-89}],[{"SSID":"MeetInLeeds","BSSID":"ac:3a:67:08:04:02","RSSI":-36},{"SSID":"eduroam","BSSID":"ac:3a:67:08:04:01","RSSI":-36},{"SSID":"MeetInLeeds","BSSID":"ac:3a:67:08:04:0d","RSSI":-43},{"SSID":"eduroam","BSSID":"ac:3a:67:08:04:0e","RSSI":-43},{"SSID":"eduroam","BSSID":"ac:3a:67:08:28:41","RSSI":-56},{"SSID":"eduroam","BSSID":"5c:a6:2d:cf:b3:61","RSSI":-56},{"SSID":"MeetInLeeds","BSSID":"5c:a6:2d:cf:b3:62","RSSI":-56},{"SSID":"MeetInLeeds","BSSID":"ac:3a:67:08:28:42","RSSI":-57},{"SSID":"MeetInLeeds","BSSID":"5c:a6:2d:cf:c1:82","RSSI":-57},{"SSID":"eduroam","BSSID":"5c:a6:2d:70:7b:4e","RSSI":-58},{"SSID":"MeetInLeeds","BSSID":"5c:a6:2d:70:7b:4d","RSSI":-59},{"SSID":"MeetInLeeds","BSSID":"5c:a6:2d:70:7b:42","RSSI":-60},{"SSID":"eduroam","BSSID":"5c:a6:2d:70:7b:41","RSSI":-60},{"SSID":"eduroam","BSSID":"ac:3a:67:08:29:a1","RSSI":-61},{"SSID":"MeetInLeeds","BSSID":"ac:3a:67:08:29:a2","RSSI":-61},{"SSID":"eduroam","BSSID":"5c:a6:2d:ce:b5:0e","RSSI":-62},{"SSID":"eduroam","BSSID":"ac:3a:67:08:29:01","RSSI":-62},{"SSID":"MeetInLeeds","BSSID":"ac:3a:67:08:29:02","RSSI":-62},{"SSID":"MeetInLeeds","BSSID":"5c:a6:2d:ce:b5:0d","RSSI":-65},{"SSID":"eduroam","BSSID":"ac:3a:67:08:28:4e","RSSI":-68},{"SSID":"MeetInLeeds","BSSID":"ac:3a:67:08:28:4d","RSSI":-68},{"SSID":"MeetInLeeds","BSSID":"5c:a6:2d:cf:b3:6d","RSSI":-68},{"SSID":"eduroam","BSSID":"5c:a6:2d:cf:c1:8e","RSSI":-68},{"SSID":"MeetInLeeds","BSSID":"5c:a6:2d:cf:c1:8d","RSSI":-68},{"SSID":"eduroam","BSSID":"5c:a6:2d:cf:b3:6e","RSSI":-69},{"SSID":"MeetInLeeds","BSSID":"ac:3a:67:08:29:0d","RSSI":-69},{"SSID":"eduroam","BSSID":"ac:3a:67:08:29:0e","RSSI":-70},{"SSID":"eduroam","BSSID":"5c:a6:2d:af:94:41","RSSI":-71},{"SSID":"MeetInLeeds","BSSID":"5c:a6:2d:af:94:42","RSSI":-71},{"SSID":"MeetInLeeds","BSSID":"ac:3a:67:08:29:ad","RSSI":-71},{"SSID":"MeetInLeeds","BSSID":"5c:a6:2d:ce:b5:02","RSSI":-72},{"SSID":"eduroam","BSSID":"ac:3a:67:08:29:ae","RSSI":-72},{"SSID":"MeetInLeeds","BSSID":"ac:3a:67:08:25:ad","RSSI":-73},{"SSID":"MeetInLeeds","BSSID":"5c:a6:2d:cf:b4:a2","RSSI":-73},{"SSID":"eduroam","BSSID":"ac:3a:67:08:25:ae","RSSI":-75},{"SSID":"MeetInLeeds","BSSID":"5c:a6:2d:cf:b4:ad","RSSI":-75},{"SSID":"eduroam","BSSID":"5c:a6:2d:cf:b4:ae","RSSI":-76},{"SSID":"MeetInLeeds","BSSID":"5c:a6:2d:5d:ab:62","RSSI":-77},{"SSID":"MeetInLeeds","BSSID":"5c:a6:2d:ce:bf:02","RSSI":-77},{"SSID":"eduroam","BSSID":"5c:a6:2d:cf:e7:41","RSSI":-78},{"SSID":"MeetInLeeds","BSSID":"5c:a6:2d:cf:e8:0d","RSSI":-78},{"SSID":"MeetInLeeds","BSSID":"5c:a6:2d:5d:2e:22","RSSI":-78},{"SSID":"MeetInLeeds","BSSID":"ac:3a:67:08:25:a2","RSSI":-78},{"SSID":"DESKTOP-73NVV7R 4141","BSSID":"f2:6e:0b:b7:46:4e","RSSI":-80},{"SSID":"eduroam","BSSID":"5c:a6:2d:cf:e8:0e","RSSI":-80},{"SSID":"BEARD OF ZEUS","BSSID":"26:c3:dd:71:58:6c","RSSI":-81},{"SSID":"MeetInLeeds","BSSID":"ac:3a:67:08:0b:4d","RSSI":-82},{"SSID":"MeetInLeeds","BSSID":"5c:a6:2d:5d:2b:8d","RSSI":-82},{"SSID":"MeetInLeeds","BSSID":"5c:a6:2d:af:91:4d","RSSI":-85},{"SSID":"MeetInLeeds","BSSID":"5c:a6:2d:45:db:8d","RSSI":-85},{"SSID":"Ferial’s iPhone","BSSID":"ca:3b:10:2e:61:39","RSSI":-87}],[{"SSID":"MeetInLeeds","BSSID":"ac:3a:67:08:04:02","RSSI":-35},{"SSID":"eduroam","BSSID":"ac:3a:67:08:04:01","RSSI":-36},{"SSID":"eduroam","BSSID":"5c:a6:2d:cf:b3:61","RSSI":-52},{"SSID":"MeetInLeeds","BSSID":"5c:a6:2d:cf:b3:62","RSSI":-53},{"SSID":"MeetInLeeds","BSSID":"ac:3a:67:08:04:0d","RSSI":-55},{"SSID":"eduroam","BSSID":"ac:3a:67:08:04:0e","RSSI":-56},{"SSID":"eduroam","BSSID":"ac:3a:67:08:28:41","RSSI":-56},{"SSID":"MeetInLeeds","BSSID":"ac:3a:67:08:28:42","RSSI":-57},{"SSID":"MeetInLeeds","BSSID":"5c:a6:2d:70:7b:4d","RSSI":-60},{"SSID":"MeetInLeeds","BSSID":"5c:a6:2d:cf:c1:82","RSSI":-62},{"SSID":"eduroam","BSSID":"5c:a6:2d:ce:b5:0e","RSSI":-63},{"SSID":"MeetInLeeds","BSSID":"5c:a6:2d:ce:b5:0d","RSSI":-63},{"SSID":"MeetInLeeds","BSSID":"5c:a6:2d:ce:b5:02","RSSI":-63},{"SSID":"MeetInLeeds","BSSID":"ac:3a:67:08:29:a2","RSSI":-63},{"SSID":"eduroam","BSSID":"ac:3a:67:08:29:a1","RSSI":-65},{"SSID":"eduroam","BSSID":"ac:3a:67:08:29:01","RSSI":-65},{"SSID":"MeetInLeeds","BSSID":"ac:3a:67:08:29:02","RSSI":-65},{"SSID":"MeetInLeeds","BSSID":"5c:a6:2d:70:7b:42","RSSI":-66},{"SSID":"MeetInLeeds","BSSID":"ac:3a:67:08:29:ad","RSSI":-68},{"SSID":"MeetInLeeds","BSSID":"ac:3a:67:08:25:a2","RSSI":-69},{"SSID":"eduroam","BSSID":"5c:a6:2d:cf:b3:6e","RSSI":-70},{"SSID":"MeetInLeeds","BSSID":"5c:a6:2d:cf:b3:6d","RSSI":-70},{"SSID":"MeetInLeeds","BSSID":"ac:3a:67:08:29:0d","RSSI":-70},{"SSID":"eduroam","BSSID":"ac:3a:67:08:29:0e","RSSI":-70},{"SSID":"eduroam","BSSID":"5c:a6:2d:70:7b:4e","RSSI":-71},{"SSID":"MeetInLeeds","BSSID":"5c:a6:2d:af:94:42","RSSI":-71},{"SSID":"eduroam","BSSID":"ac:3a:67:08:29:ae","RSSI":-71},{"SSID":"MeetInLeeds","BSSID":"5c:a6:2d:cf:b4:a2","RSSI":-72},{"SSID":"MeetInLeeds","BSSID":"5c:a6:2d:cf:e8:02","RSSI":-74},{"SSID":"MeetInLeeds","BSSID":"ac:3a:67:08:25:ad","RSSI":-74},{"SSID":"MeetInLeeds","BSSID":"5c:a6:2d:af:91:c2","RSSI":-75},{"SSID":"eduroam","BSSID":"ac:3a:67:08:25:ae","RSSI":-75},{"SSID":"MeetInLeeds","BSSID":"5c:a6:2d:cf:b4:ad","RSSI":-75},{"SSID":"eduroam","BSSID":"5c:a6:2d:cf:b4:ae","RSSI":-75},{"SSID":"eduroam","BSSID":"ac:3a:67:08:28:4e","RSSI":-76},{"SSID":"MeetInLeeds","BSSID":"ac:3a:67:08:28:4d","RSSI":-76},{"SSID":"eduroam","BSSID":"5c:a6:2d:af:91:c1","RSSI":-76},{"SSID":"eduroam","BSSID":"5c:a6:2d:cf:c1:8e","RSSI":-78},{"SSID":"MeetInLeeds","BSSID":"5c:a6:2d:cf:c1:8d","RSSI":-78},{"SSID":"MeetInLeeds","BSSID":"5c:a6:2d:cf:e8:0d","RSSI":-79},{"SSID":"Ferial’s iPhone","BSSID":"ca:3b:10:2e:61:39","RSSI":-79},{"SSID":"BEARD OF ZEUS","BSSID":"26:c3:dd:71:58:6c","RSSI":-82},{"SSID":"MeetInLeeds","BSSID":"5c:a6:2d:af:94:4d","RSSI":-82},{"SSID":"eduroam","BSSID":"5c:a6:2d:af:94:4e","RSSI":-82},{"SSID":"MeetInLeeds","BSSID":"5c:a6:2d:5d:2e:2d","RSSI":-83},{"SSID":"DESKTOP-73NVV7R 4141","BSSID":"f2:6e:0b:b7:46:4e","RSSI":-83},{"SSID":"eduroam","BSSID":"5c:a6:2d:5d:2e:2e","RSSI":-85}],[{"SSID":"MeetInLeeds","BSSID":"ac:3a:67:08:04:02","RSSI":-36},{"SSID":"eduroam","BSSID":"ac:3a:67:08:04:01","RSSI":-36},{"SSID":"MeetInLeeds","BSSID":"ac:3a:67:08:04:0d","RSSI":-48},{"SSID":"eduroam","BSSID":"ac:3a:67:08:04:0e","RSSI":-51},{"SSID":"MeetInLeeds","BSSID":"5c:a6:2d:cf:b3:62","RSSI":-52},{"SSID":"MeetInLeeds","BSSID":"ac:3a:67:08:28:42","RSSI":-56},{"SSID":"eduroam","BSSID":"ac:3a:67:08:28:41","RSSI":-57},{"SSID":"MeetInLeeds","BSSID":"5c:a6:2d:70:7b:4d","RSSI":-58},{"SSID":"eduroam","BSSID":"5c:a6:2d:70:7b:4e","RSSI":-60},{"SSID":"MeetInLeeds","BSSID":"5c:a6:2d:70:7b:42","RSSI":-60},{"SSID":"eduroam","BSSID":"5c:a6:2d:70:7b:41","RSSI":-60},{"SSID":"eduroam","BSSID":"5c:a6:2d:cf:c1:81","RSSI":-61},{"SSID":"MeetInLeeds","BSSID":"5c:a6:2d:cf:c1:82","RSSI":-61},{"SSID":"MeetInLeeds","BSSID":"5c:a6:2d:ce:b5:02","RSSI":-62},{"SSID":"MeetInLeeds","BSSID":"ac:3a:67:08:29:a2","RSSI":-62},{"SSID":"eduroam","BSSID":"ac:3a:67:08:29:01","RSSI":-63},{"SSID":"MeetInLeeds","BSSID":"ac:3a:67:08:29:02","RSSI":-64},{"SSID":"MeetInLeeds","BSSID":"ac:3a:67:08:25:a2","RSSI":-64},{"SSID":"eduroam","BSSID":"ac:3a:67:08:28:4e","RSSI":-67},{"SSID":"eduroam","BSSID":"5c:a6:2d:cf:b3:6e","RSSI":-67},{"SSID":"MeetInLeeds","BSSID":"5c:a6:2d:cf:b3:6d","RSSI":-67},{"SSID":"eduroam","BSSID":"5c:a6:2d:cf:c1:8e","RSSI":-67},{"SSID":"MeetInLeeds","BSSID":"5c:a6:2d:cf:c1:8d","RSSI":-67},{"SSID":"eduroam","BSSID":"5c:a6:2d:ce:b5:0e","RSSI":-67},{"SSID":"MeetInLeeds","BSSID":"ac:3a:67:08:29:0d","RSSI":-67},{"SSID":"eduroam","BSSID":"ac:3a:67:08:29:0e","RSSI":-67},{"SSID":"MeetInLeeds","BSSID":"5c:a6:2d:ce:b5:0d","RSSI":-68},{"SSID":"MeetInLeeds","BSSID":"ac:3a:67:08:28:4d","RSSI":-69},{"SSID":"MeetInLeeds","BSSID":"ac:3a:67:08:29:ad","RSSI":-69},{"SSID":"eduroam","BSSID":"ac:3a:67:08:29:ae","RSSI":-70},{"SSID":"eduroam","BSSID":"5c:a6:2d:cf:b4:ae","RSSI":-72},{"SSID":"MeetInLeeds","BSSID":"5c:a6:2d:cf:b4:ad","RSSI":-73},{"SSID":"eduroam","BSSID":"5c:a6:2d:cf:b4:a1","RSSI":-73},{"SSID":"MeetInLeeds","BSSID":"5c:a6:2d:cf:b4:a2","RSSI":-73},{"SSID":"MeetInLeeds","BSSID":"5c:a6:2d:af:91:c2","RSSI":-74},{"SSID":"eduroam","BSSID":"5c:a6:2d:af:91:c1","RSSI":-74},{"SSID":"eduroam","BSSID":"ac:3a:67:08:25:ae","RSSI":-75},{"SSID":"MeetInLeeds","BSSID":"ac:3a:67:08:25:ad","RSSI":-75},{"SSID":"eduroam","BSSID":"5c:a6:2d:cf:e8:01","RSSI":-76},{"SSID":"MeetInLeeds","BSSID":"5c:a6:2d:45:db:82","RSSI":-78},{"SSID":"eduroam","BSSID":"5c:a6:2d:cf:e7:41","RSSI":-78},{"SSID":"MeetInLeeds","BSSID":"5c:a6:2d:ce:a1:c2","RSSI":-78},{"SSID":"MeetInLeeds","BSSID":"5c:a6:2d:5d:2b:82","RSSI":-78},{"SSID":"BEARD OF ZEUS","BSSID":"26:c3:dd:71:58:6c","RSSI":-79},{"SSID":"eduroam","BSSID":"5c:a6:2d:5d:2b:81","RSSI":-79},{"SSID":"MeetInLeeds","BSSID":"5c:a6:2d:5d:2e:22","RSSI":-79},{"SSID":"eduroam","BSSID":"5c:a6:2d:70:d0:a1","RSSI":-80},{"SSID":"MeetInLeeds","BSSID":"5c:a6:2d:cf:e8:0d","RSSI":-81},{"SSID":"MeetInLeeds","BSSID":"5c:a6:2d:af:8f:c2","RSSI":-82},{"SSID":"MeetInLeeds","BSSID":"5c:a6:2d:5d:2e:2d","RSSI":-83},{"SSID":"eduroam","BSSID":"5c:a6:2d:5d:2e:2e","RSSI":-83},{"SSID":"Ferial’s iPhone","BSSID":"ca:3b:10:2e:61:39","RSSI":-84},{"SSID":"MeetInLeeds","BSSID":"ac:3a:67:08:0b:4d","RSSI":-85},{"SSID":"MeetInLeeds","BSSID":"5c:a6:2d:45:db:8d","RSSI":-86},{"SSID":"eduroam","BSSID":"5c:a6:2d:cf:e7:4e","RSSI":-87},{"SSID":"eduroam","BSSID":"5c:a6:2d:ce:b4:ce","RSSI":-88}],[{"SSID":"eduroam","BSSID":"ac:3a:67:08:04:01","RSSI":-35},{"SSID":"MeetInLeeds","BSSID":"ac:3a:67:08:04:02","RSSI":-36},{"SSID":"eduroam","BSSID":"5c:a6:2d:cf:b3:61","RSSI":-51},{"SSID":"MeetInLeeds","BSSID":"5c:a6:2d:cf:b3:62","RSSI":-51},{"SSID":"MeetInLeeds","BSSID":"ac:3a:67:08:04:0d","RSSI":-55},{"SSID":"eduroam","BSSID":"ac:3a:67:08:04:0e","RSSI":-55},{"SSID":"MeetInLeeds","BSSID":"ac:3a:67:08:28:42","RSSI":-56},{"SSID":"MeetInLeeds","BSSID":"5c:a6:2d:70:7b:4d","RSSI":-57},{"SSID":"eduroam","BSSID":"ac:3a:67:08:28:41","RSSI":-57},{"SSID":"eduroam","BSSID":"5c:a6:2d:70:7b:4e","RSSI":-58},{"SSID":"MeetInLeeds","BSSID":"5c:a6:2d:ce:b5:02","RSSI":-61},{"SSID":"eduroam","BSSID":"5c:a6:2d:ce:b5:01","RSSI":-61},{"SSID":"MeetInLeeds","BSSID":"5c:a6:2d:70:7b:42","RSSI":-62},{"SSID":"eduroam","BSSID":"5c:a6:2d:cf:c1:81","RSSI":-62},{"SSID":"eduroam","BSSID":"ac:3a:67:08:29:a1","RSSI":-62},{"SSID":"MeetInLeeds","BSSID":"ac:3a:67:08:29:a2","RSSI":-62},{"SSID":"eduroam","BSSID":"5c:a6:2d:70:7b:41","RSSI":-63},{"SSID":"MeetInLeeds","BSSID":"5c:a6:2d:cf:c1:82","RSSI":-63},{"SSID":"MeetInLeeds","BSSID":"ac:3a:67:08:29:02","RSSI":-63},{"SSID":"eduroam","BSSID":"5c:a6:2d:ce:b5:0e","RSSI":-64},{"SSID":"MeetInLeeds","BSSID":"5c:a6:2d:ce:b5:0d","RSSI":-64},{"SSID":"MeetInLeeds","BSSID":"ac:3a:67:08:29:0d","RSSI":-65},{"SSID":"eduroam","BSSID":"ac:3a:67:08:29:0e","RSSI":-66},{"SSID":"MeetInLeeds","BSSID":"ac:3a:67:08:29:ad","RSSI":-67},{"SSID":"eduroam","BSSID":"ac:3a:67:08:29:ae","RSSI":-67},{"SSID":"eduroam","BSSID":"ac:3a:67:08:25:a1","RSSI":-68},{"SSID":"eduroam","BSSID":"ac:3a:67:08:28:4e","RSSI":-69},{"SSID":"MeetInLeeds","BSSID":"ac:3a:67:08:28:4d","RSSI":-69},{"SSID":"MeetInLeeds","BSSID":"ac:3a:67:08:25:a2","RSSI":-69},{"SSID":"eduroam","BSSID":"5c:a6:2d:cf:b3:6e","RSSI":-72},{"SSID":"MeetInLeeds","BSSID":"5c:a6:2d:cf:b3:6d","RSSI":-72},{"SSID":"eduroam","BSSID":"5c:a6:2d:af:94:41","RSSI":-72},{"SSID":"eduroam","BSSID":"5c:a6:2d:cf:b4:a1","RSSI":-72},{"SSID":"MeetInLeeds","BSSID":"5c:a6:2d:af:94:42","RSSI":-73},{"SSID":"MeetInLeeds","BSSID":"5c:a6:2d:cf:b4:ad","RSSI":-73},{"SSID":"MeetInLeeds","BSSID":"5c:a6:2d:cf:b4:a2","RSSI":-73},{"SSID":"eduroam","BSSID":"5c:a6:2d:cf:c1:8e","RSSI":-74},{"SSID":"MeetInLeeds","BSSID":"5c:a6:2d:cf:c1:8d","RSSI":-74},{"SSID":"eduroam","BSSID":"5c:a6:2d:cf:b4:ae","RSSI":-74},{"SSID":"BEARD OF ZEUS","BSSID":"26:c3:dd:71:58:6c","RSSI":-75},{"SSID":"MeetInLeeds","BSSID":"5c:a6:2d:5d:2e:22","RSSI":-75},{"SSID":"eduroam","BSSID":"ac:3a:67:08:25:ae","RSSI":-76},{"SSID":"MeetInLeeds","BSSID":"5c:a6:2d:45:db:82","RSSI":-77},{"SSID":"MeetInLeeds","BSSID":"ac:3a:67:08:25:ad","RSSI":-77},{"SSID":"Ferial’s iPhone","BSSID":"ca:3b:10:2e:61:39","RSSI":-77},{"SSID":"MeetInLeeds","BSSID":"5c:a6:2d:af:91:c2","RSSI":-78},{"SSID":"MeetInLeeds","BSSID":"5c:a6:2d:5d:ab:62","RSSI":-79},{"SSID":"eduroam","BSSID":"5c:a6:2d:cf:e8:0e","RSSI":-80},{"SSID":"MeetInLeeds","BSSID":"5c:a6:2d:cf:e8:0d","RSSI":-80},{"SSID":"MeetInLeeds","BSSID":"5c:a6:2d:af:94:4d","RSSI":-82},{"SSID":"eduroam","BSSID":"5c:a6:2d:ce:b4:ce","RSSI":-85},{"SSID":"eduroam","BSSID":"5c:a6:2d:af:94:4e","RSSI":-86}]]