[[{"SSID":"WiFi Setup - University of Leeds","BSSID":"5c:a6:2d:ef:4a:a3","RSSI":-33},{"SSID":"MeetInLeeds","BSSID":"5c:a6:2d:ef:4a:a2","RSSI":-33},{"SSID":"eduroam","BSSID":"5c:a6:2d:ef:4a:ae","RSSI":-41},{"SSID":"MeetInLeeds","BSSID":"5c:a6:2d:ef:4a:ad","RSSI":-41},{"SSID":"WiFi Setup - University of Leeds","BSSID":"5c:a6:2d:ef:4a:ac","RSSI":-41},{"SSID":"eduroam","BSSID":"ac:3a:67:08:2a:0e","RSSI":-51},{"SSID":"WiFi Setup - University of Leeds","BSSID":"5c:a6:2d:af:8f:43","RSSI":-52},{"SSID":"MeetInLeeds","BSSID":"5c:a6:2d:af:8f:42","RSSI":-52},{"SSID":"MeetInLeeds","BSSID":"5c:a6:2d:45:db:ad","RSSI":-53},{"SSID":"WiFi Setup - University of Leeds","BSSID":"5c:a6:2d:45:db:ac","RSSI":-53},{"SSID":"eduroam","BSSID":"5c:a6:2d:45:db:ae","RSSI":-53},{"SSID":"MeetInLeeds","BSSID":"5c:a6:2d:45:db:a2","RSSI":-54},{"SSID":"WiFi Setup - University of Leeds","BSSID":"5c:a6:2d:45:db:a3","RSSI":-54},{"SSID":"MeetInLeeds","BSSID":"ac:3a:67:08:2a:0d","RSSI":-54},{"SSID":"WiFi Setup - University of Leeds","BSSID":"ac:3a:67:08:2a:0c","RSSI":-55},{"SSID":"MeetInLeeds","BSSID":"5c:a6:2d:86:6c:42","RSSI":-55},{"SSID":"WiFi Setup - University of Leeds","BSSID":"5c:a6:2d:86:6c:43","RSSI":-55},{"SSID":"eduroam","BSSID":"ac:3a:67:08:29:2e","RSSI":-56},{"SSID":"WiFi Setup - University of Leeds","BSSID":"ac:3a:67:08:29:2c","RSSI":-57},{"SSID":"MeetInLeeds","BSSID":"ac:3a:67:08:29:2d","RSSI":-57},{"SSID":"WiFi Setup - University of Leeds","BSSID":"ac:3a:67:08:29:23","RSSI":-59},{"SSID":"eduroam","BSSID":"ac:3a:67:08:29:21","RSSI":-60},{"SSID":"MeetInLeeds","BSSID":"ac:3a:67:08:29:22","RSSI":-61},{"SSID":"WiFi Setup - University of Leeds","BSSID":"5c:a6:2d:cf:df:63","RSSI":-62},{"SSID":"WiFi Setup - University of Leeds","BSSID":"5c:a6:2d:86:6c:4c","RSSI":-63},{"SSID":"MeetInLeeds","BSSID":"5c:a6:2d:86:6c:4d","RSSI":-63},{"SSID":"eduroam","BSSID":"5c:a6:2d:86:6c:4e","RSSI":-63},{"SSID":"eduroam","BSSID":"5c:a6:2d:af:8f:4e","RSSI":-63},{"SSID":"eduroam","BSSID":"5c:a6:2d:af:94:ae","RSSI":-64},{"SSID":"WiFi Setup - University of Leeds","BSSID":"5c:a6:2d:af:94:ac","RSSI":-64},{"SSID":"MeetInLeeds","BSSID":"5c:a6:2d:af:8f:4d","RSSI":-64},{"SSID":"MeetInLeeds","BSSID":"5c:a6:2d:af:94:ad","RSSI":-65},{"SSID":"eduroam","BSSID":"5c:a6:2d:cf:df:6e","RSSI":-65},{"SSID":"MeetInLeeds","BSSID":"5c:a6:2d:cf:df:6d","RSSI":-65},{"SSID":"WiFi Setup - University of Leeds","BSSID":"5c:a6:2d:ce:71:03","RSSI":-66},{"SSID":"MeetInLeeds","BSSID":"5c:a6:2d:ce:71:02","RSSI":-66},{"SSID":"WiFi Setup - University of Leeds","BSSID":"5c:a6:2d:af:8f:4c","RSSI":-67},{"SSID":"MeetInLeeds","BSSID":"5c:a6:2d:cf:bf:c2","RSSI":-68},{"SSID":"WiFi Setup - University of Leeds","BSSID":"5c:a6:2d:af:94:a3","RSSI":-68},{"SSID":"WiFi Setup - University of Leeds","BSSID":"5c:a6:2d:ce:a4:cc","RSSI":-68},{"SSID":"eduroam","BSSID":"5c:a6:2d:ce:71:01","RSSI":-68},{"SSID":"WiFi Setup - University of Leeds","BSSID":"5c:a6:2d:cf:df:6c","RSSI":-68},{"SSID":"MeetInLeeds","BSSID":"5c:a6:2d:cf:bf:cd","RSSI":-68},{"SSID":"WiFi Setup - University of Leeds","BSSID":"5c:a6:2d:cf:bf:cc","RSSI":-68},{"SSID":"MeetInLeeds","BSSID":"5c:a6:2d:cf:e6:22","RSSI":-68},{"SSID":"WiFi Setup - University of Leeds","BSSID":"5c:a6:2d:cf:e6:23","RSSI":-68},{"SSID":"eduroam","BSSID":"5c:a6:2d:cf:bf:ce","RSSI":-68},{"SSID":"eduroam","BSSID":"5c:a6:2d:cf:e6:21","RSSI":-69},{"SSID":"WiFi Setup - University of Leeds","BSSID":"5c:a6:2d:cf:e6:2c","RSSI":-71},{"SSID":"MeetInLeeds","BSSID":"5c:a6:2d:ef:4c:02","RSSI":-72},{"SSID":"WiFi Setup - University of Leeds","BSSID":"5c:a6:2d:ef:4c:03","RSSI":-72},{"SSID":"WiFi Setup - University of Leeds","BSSID":"ac:3a:67:07:f8:6c","RSSI":-76},{"SSID":"MeetInLeeds","BSSID":"ac:3a:67:07:f8:6d","RSSI":-76},{"SSID":"MeetInLeeds","BSSID":"5c:a6:2d:1e:0a:0d","RSSI":-77},{"SSID":"WiFi Setup - University of Leeds","BSSID":"5c:a6:2d:ce:ac:0c","RSSI":-78},{"SSID":"eduroam","BSSID":"5c:a6:2d:ce:ac:0e","RSSI":-78},{"SSID":"MeetInLeeds","BSSID":"5c:a6:2d:ce:71:0d","RSSI":-78},{"SSID":"MeetInLeeds","BSSID":"5c:a6:2d:ce:ac:0d","RSSI":-79},{"SSID":"WiFi Setup - University of Leeds","BSSID":"5c:a6:2d:5d:2b:43","RSSI":-80},{"SSID":"WiFi Setup - University of Leeds","BSSID":"5c:a6:2d:cf:c4:e3","RSSI":-80},{"SSID":"MeetInLeeds","BSSID":"5c:a6:2d:cf:c4:e2","RSSI":-81},{"SSID":"WiFi Setup - University of Leeds","BSSID":"5c:a6:2d:ce:bf:03","RSSI":-82},{"SSID":"WiFi Setup - University of Leeds","BSSID":"ac:3a:67:08:28:cc","RSSI":-83},{"SSID":"WiFi Setup - University of Leeds","BSSID":"ac:3a:67:08:28:c3","RSSI":-84},{"SSID":"DESKTOP-73NVV7R 4141","BSSID":"f2:6e:0b:b7:46:4e","RSSI":-89}],[{"SSID":"WiFi Setup - University of Leeds","BSSID":"5c:a6:2d:ef:4a:a3","RSSI":-31},{"SSID":"MeetInLeeds","BSSID":"5c:a6:2d:ef:4a:a2","RSSI":-32},{"SSID":"eduroam","BSSID":"5c:a6:2d:ef:4a:ae","RSSI":-35},{"SSID":"WiFi Setup - University of Leeds","BSSID":"5c:a6:2d:ef:4a:ac","RSSI":-35},{"SSID":"MeetInLeeds","BSSID":"5c:a6:2d:ef:4a:ad","RSSI":-36},{"SSID":"MeetInLeeds","BSSID":"5c:a6:2d:45:db:a2","RSSI":-50},{"SSID":"WiFi Setup - University of Leeds","BSSID":"5c:a6:2d:45:db:a3","RSSI":-50},{"SSID":"MeetInLeeds","BSSID":"ac:3a:67:08:2a:02","RSSI":-51},{"SSID":"WiFi Setup - University of Leeds","BSSID":"ac:3a:67:08:2a:03","RSSI":-51},{"SSID":"WiFi Setup - University of Leeds","BSSID":"ac:3a:67:08:2a:0c","RSSI":-51},{"SSID":"MeetInLeeds","BSSID":"ac:3a:67:08:2a:0d","RSSI":-52},{"SSID":"eduroam","BSSID":"ac:3a:67:08:2a:0e","RSSI":-52},{"SSID":"WiFi Setup - University of Leeds","BSSID":"5c:a6:2d:af:8f:43","RSSI":-53},{"SSID":"MeetInLeeds","BSSID":"5c:a6:2d:af:8f:42","RSSI":-54},{"SSID":"WiFi Setup - University of Leeds","BSSID":"ac:3a:67:08:29:2c","RSSI":-56},{"SSID":"MeetInLeeds","BSSID":"ac:3a:67:08:29:2d","RSSI":-56},{"SSID":"eduroam","BSSID":"ac:3a:67:08:29:2e","RSSI":-56},{"SSID":"MeetInLeeds","BSSID":"5c:a6:2d:45:db:ad","RSSI":-57},{"SSID":"MeetInLeeds","BSSID":"5c:a6:2d:86:6c:42","RSSI":-57},{"SSID":"MeetInLeeds","BSSID":"ac:3a:67:08:29:22","RSSI":-57},{"SSID":"WiFi Setup - University of Leeds","BSSID":"ac:3a:67:08:29:23","RSSI":-57},{"SSID":"WiFi Setup - University of Leeds","BSSID":"5c:a6:2d:45:db:ac","RSSI":-58},{"SSID":"eduroam","BSSID":"5c:a6:2d:45:db:ae","RSSI":-58},{"SSID":"eduroam","BSSID":"5c:a6:2d:af:8f:4e","RSSI":-60},{"SSID":"MeetInLeeds","BSSID":"5c:a6:2d:86:6c:4d","RSSI":-62},{"SSID":"WiFi Setup - University of Leeds","BSSID":"5c:a6:2d:af:8f:4c","RSSI":-62},{"SSID":"MeetInLeeds","BSSID":"5c:a6:2d:af:8f:4d","RSSI":-62},{"SSID":"MeetInLeeds","BSSID":"5c:a6:2d:cf:e6:22","RSSI":-62},{"SSID":"WiFi Setup - University of Leeds","BSSID":"5c:a6:2d:cf:e6:23","RSSI":-62},{"SSID":"WiFi Setup - University of Leeds","BSSID":"5c:a6:2d:86:6c:4c","RSSI":-63},{"SSID":"WiFi Setup - University of Leeds","BSSID":"5c:a6:2d:cf:bf:c3","RSSI":-63},{"SSID":"MeetInLeeds","BSSID":"5c:a6:2d:cf:df:62","RSSI":-64},{"SSID":"WiFi Setup - University of Leeds","BSSID":"5c:a6:2d:ce:a4:c3","RSSI":-65},{"SSID":"eduroam","BSSID":"5c:a6:2d:86:6c:4e","RSSI":-66},{"SSID":"WiFi Setup - University of Leeds","BSSID":"5c:a6:2d:ce:71:03","RSSI":-66},{"SSID":"MeetInLeeds","BSSID":"5c:a6:2d:af:94:ad","RSSI":-67},{"SSID":"MeetInLeeds","BSSID":"5c:a6:2d:ce:71:02","RSSI":-67},{"SSID":"eduroam","BSSID":"5c:a6:2d:af:94:ae","RSSI":-68},{"SSID":"WiFi Setup - University of Leeds","BSSID":"5c:a6:2d:ce:a4:cc","RSSI":-69},{"SSID":"WiFi Setup - University of Leeds","BSSID":"5c:a6:2d:cf:e8:ac","RSSI":-71},{"SSID":"eduroam","BSSID":"5c:a6:2d:cf:df:6e","RSSI":-71},{"SSID":"WiFi Setup - University of Leeds","BSSID":"ac:3a:67:07:f8:63","RSSI":-72},{"SSID":"eduroam","BSSID":"5c:a6:2d:86:69:c1","RSSI":-72},{"SSID":"MeetInLeeds","BSSID":"5c:a6:2d:cf:df:6d","RSSI":-73},{"SSID":"MeetInLeeds","BSSID":"5c:a6:2d:cf:bf:cd","RSSI":-73},{"SSID":"eduroam","BSSID":"5c:a6:2d:cf:bf:ce","RSSI":-74},{"SSID":"WiFi Setup - University of Leeds","BSSID":"5c:a6:2d:ce:71:0c","RSSI":-76},{"SSID":"WiFi Setup - University of Leeds","BSSID":"5c:a6:2d:cf:bf:cc","RSSI":-77},{"SSID":"WiFi Setup - University of Leeds","BSSID":"5c:a6:2d:1e:0a:03","RSSI":-79},{"SSID":"WiFi Setup - University of Leeds","BSSID":"5c:a6:2d:eb:db:23","RSSI":-81},{"SSID":"WiFi Setup - University of Leeds","BSSID":"5c:a6:2d:cf:df:63","RSSI":-81},{"SSID":"WiFi Setup - University of Leeds","BSSID":"ac:3a:67:08:28:c3","RSSI":-81},{"SSID":"MeetInLeeds","BSSID":"ac:3a:67:08:28:c2","RSSI":-81},{"SSID":"WiFi Setup - University of Leeds","BSSID":"5c:a6:2d:af:8f:cc","RSSI":-81},{"SSID":"MeetInLeeds","BSSID":"5c:a6:2d:eb:db:22","RSSI":-82},{"SSID":"WiFi Setup - University of Leeds","BSSID":"5c:a6:2d:1e:0a:0c","RSSI":-83},{"SSID":"WiFi Setup - University of Leeds","BSSID":"5c:a6:2d:cf:bb:ec","RSSI":-85},{"SSID":"WiFi Setup - University of Leeds","BSSID":"5c:a6:2d:ce:bf:0c","RSSI":-85},{"SSID":"MeetInLeeds","BSSID":"5c:a6:2d:cf:c1:8d","RSSI":-86},{"SSID":"eduroam","BSSID":"5c:a6:2d:1e:0a:0e","RSSI":-86},{"SSID":"MeetInLeeds","BSSID":"5c:a6:2d:ce:b5:0d","RSSI":-90}],[{"SSID":"WiFi Setup - University of Leeds","BSSID":"5c:a6:2d:ef:4a:a3","RSSI":-31},{"SSID":"MeetInLeeds","BSSID":"5c:a6:2d:ef:4a:a2","RSSI":-31},{"SSID":"eduroam","BSSID":"5c:a6:2d:ef:4a:ae","RSSI":-38},{"SSID":"WiFi Setup - University of Leeds","BSSID":"5c:a6:2d:ef:4a:ac","RSSI":-38},{"SSID":"MeetInLeeds","BSSID":"5c:a6:2d:ef:4a:ad","RSSI":-39},{"SSID":"MeetInLeeds","BSSID":"5c:a6:2d:45:db:a2","RSSI":-50},{"SSID":"WiFi Setup - University of Leeds","BSSID":"ac:3a:67:08:2a:0c","RSSI":-50},{"SSID":"WiFi Setup - University of Leeds","BSSID":"5c:a6:2d:45:db:a3","RSSI":-51},{"SSID":"MeetInLeeds","BSSID":"ac:3a:67:08:2a:02","RSSI":-51},{"SSID":"MeetInLeeds","BSSID":"ac:3a:67:08:2a:0d","RSSI":-51},{"SSID":"eduroam","BSSID":"ac:3a:67:08:2a:0e","RSSI":-51},{"SSID":"WiFi Setup - University of Leeds","BSSID":"ac:3a:67:08:2a:03","RSSI":-52},{"SSID":"MeetInLeeds","BSSID":"5c:a6:2d:af:8f:42","RSSI":-55},{"SSID":"WiFi Setup - University of Leeds","BSSID":"5c:a6:2d:86:6c:43","RSSI":-55},{"SSID":"MeetInLeeds","BSSID":"ac:3a:67:08:29:22","RSSI":-55},{"SSID":"WiFi Setup - University of Leeds","BSSID":"ac:3a:67:08:29:23","RSSI":-55},{"SSID":"eduroam","BSSID":"5c:a6:2d:86:6c:41","RSSI":-56},{"SSID":"WiFi Setup - University of Leeds","BSSID":"5c:a6:2d:cf:e6:23","RSSI":-60},{"SSID":"eduroam","BSSID":"5c:a6:2d:af:94:ae","RSSI":-61},{"SSID":"WiFi Setup - University of Leeds","BSSID":"5c:a6:2d:cf:df:63","RSSI":-61},{"SSID":"WiFi Setup - University of Leeds","BSSID":"5c:a6:2d:45:db:ac","RSSI":-61},{"SSID":"eduroam","BSSID":"5c:a6:2d:45:db:ae","RSSI":-61},{"SSID":"MeetInLeeds","BSSID":"5c:a6:2d:cf:e6:22","RSSI":-61},{"SSID":"MeetInLeeds","BSSID":"5c:a6:2d:af:94:ad","RSSI":-62},{"SSID":"WiFi Setup - University of Leeds","BSSID":"5c:a6:2d:af:94:ac","RSSI":-62},{"SSID":"MeetInLeeds","BSSID":"5c:a6:2d:45:db:ad","RSSI":-62},{"SSID":"WiFi Setup - University of Leeds","BSSID":"5c:a6:2d:cf:bf:c3","RSSI":-64},{"SSID":"MeetInLeeds","BSSID":"5c:a6:2d:cf:bf:c2","RSSI":-64},{"SSID":"WiFi Setup - University of Leeds","BSSID":"5c:a6:2d:cf:e8:a3","RSSI":-64},{"SSID":"MeetInLeeds","BSSID":"5c:a6:2d:ce:a4:c2","RSSI":-65},{"SSID":"WiFi Setup - University of Leeds","BSSID":"5c:a6:2d:ce:71:03","RSSI":-68},{"SSID":"MeetInLeeds","BSSID":"5c:a6:2d:ce:71:02","RSSI":-69},{"SSID":"WiFi Setup - University of Leeds","BSSID":"ac:3a:67:07:f8:63","RSSI":-73},{"SSID":"eduroam","BSSID":"5c:a6:2d:ef:4c:01","RSSI":-73},{"SSID":"WiFi Setup - University of Leeds","BSSID":"5c:a6:2d:cf:e6:2c","RSSI":-73},{"SSID":"WiFi Setup - University of Leeds","BSSID":"5c:a6:2d:cf:bb:ec","RSSI":-75},{"SSID":"WiFi Setup - University of Leeds","BSSID":"5c:a6:2d:cf:bb:e3","RSSI":-75},{"SSID":"WiFi Setup - University of Leeds","BSSID":"ac:3a:67:07:f8:6c","RSSI":-78},{"SSID":"MeetInLeeds","BSSID":"ac:3a:67:07:f8:6d","RSSI":-78},{"SSID":"eduroam","BSSID":"ac:3a:67:07:f8:6e","RSSI":-78}],[{"SSID":"WiFi Setup - University of Leeds","BSSID":"5c:a6:2d:ef:4a:ac","RSSI":-33},{"SSID":"MeetInLeeds","BSSID":"5c:a6:2d:ef:4a:a2","RSSI":-34},{"SSID":"eduroam","BSSID":"5c:a6:2d:ef:4a:ae","RSSI":-34},{"SSID":"MeetInLeeds","BSSID":"5c:a6:2d:ef:4a:ad","RSSI":-34},{"SSID":"WiFi Setup - University of Leeds","BSSID":"5c:a6:2d:ef:4a:a3","RSSI":-35},{"SSID":"MeetInLeeds","BSSID":"5c:a6:2d:45:db:a2","RSSI":-50},{"SSID":"WiFi Setup - University of Leeds","BSSID":"5c:a6:2d:45:db:a3","RSSI":-50},{"SSID":"eduroam","BSSID":"ac:3a:67:08:2a:01","RSSI":-50},{"SSID":"MeetInLeeds","BSSID":"ac:3a:67:08:2a:02","RSSI":-51},{"SSID":"WiFi Setup - University of Leeds","BSSID":"ac:3a:67:08:2a:03","RSSI":-51},{"SSID":"WiFi Setup - University of Leeds","BSSID":"5c:a6:2d:af:8f:43","RSSI":-52},{"SSID":"MeetInLeeds","BSSID":"5c:a6:2d:af:8f:42","RSSI":-53},{"SSID":"MeetInLeeds","BSSID":"ac:3a:67:08:29:2d","RSSI":-54},{"SSID":"WiFi Setup - University of Leeds","BSSID":"ac:3a:67:08:29:2c","RSSI":-55},{"SSID":"eduroam","BSSID":"ac:3a:67:08:29:2e","RSSI":-55},{"SSID":"MeetInLeeds","BSSID":"5c:a6:2d:86:6c:42","RSSI":-57},{"SSID":"WiFi Setup - University of Leeds","BSSID":"5c:a6:2d:86:6c:43","RSSI":-57},{"SSID":"eduroam","BSSID":"ac:3a:67:08:29:21","RSSI":-58},{"SSID":"MeetInLeeds","BSSID":"ac:3a:67:08:29:22","RSSI":-58},{"SSID":"WiFi Setup - University of Leeds","BSSID":"ac:3a:67:08:29:23","RSSI":-58},{"SSID":"WiFi Setup - University of Leeds","BSSID":"5c:a6:2d:cf:df:63","RSSI":-60},{"SSID":"WiFi Setup - University of Leeds","BSSID":"5c:a6:2d:86:6c:4c","RSSI":-63},{"SSID":"eduroam","BSSID":"5c:a6:2d:86:6c:4e","RSSI":-63},{"SSID":"MeetInLeeds","BSSID":"5c:a6:2d:86:6c:4d","RSSI":-64},{"SSID":"eduroam","BSSID":"5c:a6:2d:cf:e8:a1","RSSI":-64},{"SSID":"MeetInLeeds","BSSID":"5c:a6:2d:cf:bf:c2","RSSI":-65},{"SSID":"MeetInLeeds","BSSID":"5c:a6:2d:cf:e8:a2","RSSI":-65},{"SSID":"WiFi Setup - University of Leeds","BSSID":"5c:a6:2d:cf:bf:c3","RSSI":-66},{"SSID":"MeetInLeeds","BSSID":"5c:a6:2d:af:94:ad","RSSI":-67},{"SSID":"MeetInLeeds","BSSID":"5c:a6:2d:ce:a4:c2","RSSI":-67},{"SSID":"eduroam","BSSID":"5c:a6:2d:af:94:ae","RSSI":-68},{"SSID":"WiFi Setup - University of Leeds","BSSID":"5c:a6:2d:af:94:ac","RSSI":-68},{"SSID":"eduroam","BSSID":"5c:a6:2d:ce:a4:c1","RSSI":-68},{"SSID":"eduroam","BSSID":"5c:a6:2d:af:8f:4e","RSSI":-68},{"SSID":"WiFi Setup - University of Leeds","BSSID":"5c:a6:2d:86:69:c3","RSSI":-69},{"SSID":"WiFi Setup - University of Leeds","BSSID":"5c:a6:2d:af:8f:4c","RSSI":-69},{"SSID":"MeetInLeeds","BSSID":"5c:a6:2d:af:8f:4d","RSSI":-69},{"SSID":"eduroam","BSSID":"5c:a6:2d:ce:71:01","RSSI":-69},{"SSID":"WiFi Setup - University of Leeds","BSSID":"5c:a6:2d:ce:71:03","RSSI":-70},{"SSID":"MeetInLeeds","BSSID":"5c:a6:2d:ce:71:02","RSSI":-71},{"SSID":"WiFi Setup - University of Leeds","BSSID":"5c:a6:2d:cf:bf:cc","RSSI":-71},{"SSID":"WiFi Setup - University of Leeds","BSSID":"5c:a6:2d:ce:c1:ec","RSSI":-71},{"SSID":"MeetInLeeds","BSSID":"5c:a6:2d:cf:bf:cd","RSSI":-72},{"SSID":"eduroam","BSSID":"5c:a6:2d:cf:bf:ce","RSSI":-72},{"SSID":"MeetInLeeds","BSSID":"5c:a6:2d:ce:c1:e2","RSSI":-73},{"SSID":"eduroam","BSSID":"5c:a6:2d:cf:e5:a1","RSSI":-76},{"SSID":"WiFi Setup - University of Leeds","BSSID":"ac:3a:67:07:f8:6c","RSSI":-76},{"SSID":"eduroam","BSSID":"ac:3a:67:07:f8:6e","RSSI":-76},{"SSID":"WiFi Setup - University of Leeds","BSSID":"5c:a6:2d:cf:e5:a3","RSSI":-79},{"SSID":"MeetInLeeds","BSSID":"5c:a6:2d:cf:bb:ed","RSSI":-79},{"SSID":"eduroam","BSSID":"ac:3a:67:08:26:01","RSSI":-79},{"SSID":"MeetInLeeds","BSSID":"5c:a6:2d:af:8f:c2","RSSI":-79},{"SSID":"eduroam","BSSID":"5c:a6:2d:ce:71:0e","RSSI":-79},{"SSID":"WiFi Setup - University of Leeds","BSSID":"ac:3a:67:08:26:03","RSSI":-80},{"SSID":"MeetInLeeds","BSSID":"5c:a6:2d:ce:ac:0d","RSSI":-80},{"SSID":"MeetInLeeds","BSSID":"5c:a6:2d:86:69:cd","RSSI":-81},{"SSID":"WiFi Setup - University of Leeds","BSSID":"5c:a6:2d:86:69:cc","RSSI":-81},{"SSID":"MeetInLeeds","BSSID":"5c:a6:2d:ef:45:22","RSSI":-82},{"SSID":"WiFi Setup - University of Leeds","BSSID":"5c:a6:2d:ce:ac:0c","RSSI":-82},{"SSID":"WiFi Setup - University of Leeds","BSSID":"5c:a6:2d:ce:a1:cc","RSSI":-84},{"SSID":"eduroam","BSSID":"ac:3a:67:07:f9:21","RSSI":-85},{"SSID":"eduroam","BSSID":"5c:a6:2d:af:8f:ce","RSSI":-85},{"SSID":"MeetInLeeds","BSSID":"5c:a6:2d:86:6b:ed","RSSI":-85},{"SSID":"WiFi Setup - University of Leeds","BSSID":"5c:a6:2d:86:6b:ec","RSSI":-86}],[{"SSID":"WiFi Setup - University of Leeds","BSSID":"5c:a6:2d:ef:4a:a3","RSSI":-29},{"SSID":"MeetInLeeds","BSSID":"5c:a6:2d:ef:4a:a2","RSSI":-29},{"SSID":"eduroam","BSSID":"5c:a6:2d:ef:4a:ae","RSSI":-37},{"SSID":"MeetInLeeds","BSSID":"5c:a6:2d:ef:4a:ad","RSSI":-38},{"SSID":"WiFi Setup - University of Leeds","BSSID":"5c:a6:2d:ef:4a:ac","RSSI":-39},{"SSID":"eduroam","BSSID":"ac:3a:67:08:2a:01","RSSI":-49},{"SSID":"MeetInLeeds","BSSID":"ac:3a:67:08:2a:02","RSSI":-49},{"SSID":"WiFi Setup - University of Leeds","BSSID":"ac:3a:67:08:2a:03","RSSI":-49},{"SSID":"WiFi Setup - University of Leeds","BSSID":"ac:3a:67:08:2a:0c","RSSI":-52},{"SSID":"eduroam","BSSID":"ac:3a:67:08:2a:0e","RSSI":-53},{"SSID":"MeetInLeeds","BSSID":"ac:3a:67:08:2a:0d","RSSI":-54},{"SSID":"eduroam","BSSID":"ac:3a:67:08:29:2e","RSSI":-56},{"SSID":"MeetInLeeds","BSSID":"5c:a6:2d:45:db:a2","RSSI":-56},{"SSID":"WiFi Setup - University of Leeds","BSSID":"5c:a6:2d:45:db:a3","RSSI":-56},{"SSID":"MeetInLeeds","BSSID":"ac:3a:67:08:29:22","RSSI":-56},{"SSID":"WiFi Setup - University of Leeds","BSSID":"ac:3a:67:08:29:23","RSSI":-56},{"SSID":"MeetInLeeds","BSSID":"ac:3a:67:08:29:2d","RSSI":-57},{"SSID":"WiFi Setup - University of Leeds","BSSID":"ac:3a:67:08:29:2c","RSSI":-59},{"SSID":"WiFi Setup - University of Leeds","BSSID":"5c:a6:2d:cf:df:63","RSSI":-61},{"SSID":"WiFi Setup - University of Leeds","BSSID":"5c:a6:2d:ce:a4:c3","RSSI":-62},{"SSID":"MeetInLeeds","BSSID":"5c:a6:2d:cf:df:62","RSSI":-62},{"SSID":"MeetInLeeds","BSSID":"5c:a6:2d:45:db:ad","RSSI":-62},{"SSID":"WiFi Setup - University of Leeds","BSSID":"5c:a6:2d:45:db:ac","RSSI":-62},{"SSID":"WiFi Setup - University of Leeds","BSSID":"5c:a6:2d:86:6c:4c","RSSI":-64},{"SSID":"MeetInLeeds","BSSID":"5c:a6:2d:86:6c:4d","RSSI":-64},{"SSID":"eduroam","BSSID":"5c:a6:2d:86:6c:4e","RSSI":-64},{"SSID":"eduroam","BSSID":"5c:a6:2d:af:94:ae","RSSI":-64},{"SSID":"WiFi Setup - University of Leeds","BSSID":"5c:a6:2d:af:94:ac","RSSI":-64},{"SSID":"WiFi Setup - University of Leeds","BSSID":"5c:a6:2d:ce:71:03","RSSI":-68},{"SSID":"MeetInLeeds","BSSID":"5c:a6:2d:ce:71:02","RSSI":-69},{"SSID":"eduroam","BSSID":"5c:a6:2d:ce:71:01","RSSI":-69},{"SSID":"WiFi Setup - University of Leeds","BSSID":"5c:a6:2d:af:94:a3","RSSI":-71},{"SSID":"WiFi Setup - University of Leeds","BSSID":"5c:a6:2d:cf:bf:cc","RSSI":-72},{"SSID":"eduroam","BSSID":"5c:a6:2d:86:69:c1","RSSI":-73},{"SSID":"WiFi Setup - University of Leeds","BSSID":"5c:a6:2d:86:69:c3","RSSI":-73},{"SSID":"MeetInLeeds","BSSID":"5c:a6:2d:cf:bf:cd","RSSI":-74},{"SSID":"MeetInLeeds","BSSID":"ac:3a:67:07:f8:6d","RSSI":-75},{"SSID":"WiFi Setup - University of Leeds","BSSID":"ac:3a:67:07:f8:6c","RSSI":-76},{"SSID":"MeetInLeeds","BSSID":"5c:a6:2d:1e:0a:0d","RSSI":-78},{"SSID":"MeetInLeeds","BSSID":"5c:a6:2d:ce:a1:c2","RSSI":-78},{"SSID":"eduroam","BSSID":"5c:a6:2d:cf:bb:ee","RSSI":-79},{"SSID":"WiFi Setup - University of Leeds","BSSID":"5c:a6:2d:5d:2b:43","RSSI":-81},{"SSID":"WiFi Setup - University of Leeds","BSSID":"5c:a6:2d:86:6b:ec","RSSI":-81},{"SSID":"MeetInLeeds","BSSID":"5c:a6:2d:ce:bf:0d","RSSI":-81},{"SSID":"WiFi Setup - University of Leeds","BSSID":"5c:a6:2d:ce:bf:0c","RSSI":-81},{"SSID":"MeetInLeeds","BSSID":"5c:a6:2d:af:94:ad","RSSI":-83},{"SSID":"MeetInLeeds","BSSID":"5c:a6:2d:86:6b:ed","RSSI":-83},{"SSID":"eduroam","BSSID":"5c:a6:2d:ce:a1:ce","RSSI":-84},{"SSID":"MeetInLeeds","BSSID":"5c:a6:2d:ce:a1:cd","RSSI":-84},{"SSID":"WiFi Setup - University of Leeds","BSSID":"5c:a6:2d:ce:a1:cc","RSSI":-84},{"SSID":"WiFi Setup - University of Leeds","BSSID":"5c:a6:2d:b5:ca:ec","RSSI":-87}],[{"SSID":"MeetInLeeds","BSSID":"5c:a6:2d:ef:4a:ad","RSSI":-33},{"SSID":"eduroam","BSSID":"5c:a6:2d:ef:4a:ae","RSSI":-34},{"SSID":"WiFi Setup - University of Leeds","BSSID":"5c:a6:2d:ef:4a:ac","RSSI":-34},{"SSID":"WiFi Setup - University of Leeds","BSSID":"5c:a6:2d:ef:4a:a3","RSSI":-36},{"SSID":"MeetInLeeds","BSSID":"5c:a6:2d:ef:4a:a2","RSSI":-36},{"SSID":"MeetInLeeds","BSSID":"5c:a6:2d:45:db:a2","RSSI":-48},{"SSID":"WiFi Setup - University of Leeds","BSSID":"5c:a6:2d:45:db:a3","RSSI":-49},{"SSID":"eduroam","BSSID":"5c:a6:2d:45:db:a1","RSSI":-50},{"SSID":"MeetInLeeds","BSSID":"ac:3a:67:08:2a:02","RSSI":-52},{"SSID":"WiFi Setup - University of Leeds","BSSID":"ac:3a:67:08:2a:03","RSSI":-52},{"SSID":"WiFi Setup - University of Leeds","BSSID":"5c:a6:2d:af:8f:43","RSSI":-52},{"SSID":"WiFi Setup - University of Leeds","BSSID":"ac:3a:67:08:29:2c","RSSI":-53},{"SSID":"eduroam","BSSID":"ac:3a:67:08:29:2e","RSSI":-53},{"SSID":"MeetInLeeds","BSSID":"5c:a6:2d:af:8f:42","RSSI":-53},{"SSID":"MeetInLeeds","BSSID":"ac:3a:67:08:29:2d","RSSI":-54},{"SSID":"MeetInLeeds","BSSID":"ac:3a:67:08:2a:0d","RSSI":-54},{"SSID":"eduroam","BSSID":"ac:3a:67:08:2a:0e","RSSI":-56},{"SSID":"WiFi Setup - University of Leeds","BSSID":"ac:3a:67:08:2a:0c","RSSI":-57},{"SSID":"MeetInLeeds","BSSID":"5c:a6:2d:86:6c:42","RSSI":-57},{"SSID":"MeetInLeeds","BSSID":"ac:3a:67:08:29:22","RSSI":-58},{"SSID":"WiFi Setup - University of Leeds","BSSID":"ac:3a:67:08:29:23","RSSI":-58},{"SSID":"WiFi Setup - University of Leeds","BSSID":"5c:a6:2d:45:db:ac","RSSI":-60},{"SSID":"MeetInLeeds","BSSID":"5c:a6:2d:45:db:ad","RSSI":-61},{"SSID":"eduroam","BSSID":"5c:a6:2d:45:db:ae","RSSI":-61},{"SSID":"WiFi Setup - University of Leeds","BSSID":"5c:a6:2d:cf:bf:c3","RSSI":-63},{"SSID":"MeetInLeeds","BSSID":"5c:a6:2d:cf:bf:c2","RSSI":-63},{"SSID":"eduroam","BSSID":"5c:a6:2d:cf:bf:c1","RSSI":-63},{"SSID":"MeetInLeeds","BSSID":"5c:a6:2d:af:94:ad","RSSI":-63},{"SSID":"eduroam","BSSID":"5c:a6:2d:af:94:ae","RSSI":-63},{"SSID":"WiFi Setup - University of Leeds","BSSID":"5c:a6:2d:af:94:ac","RSSI":-63},{"SSID":"WiFi Setup - University of Leeds","BSSID":"5c:a6:2d:ce:a4:c3","RSSI":-63},{"SSID":"MeetInLeeds","BSSID":"5c:a6:2d:86:6c:4d","RSSI":-65},{"SSID":"WiFi Setup - University of Leeds","BSSID":"5c:a6:2d:cf:e8:a3","RSSI":-65},{"SSID":"MeetInLeeds","BSSID":"5c:a6:2d:cf:e6:22","RSSI":-65},{"SSID":"WiFi Setup - University of Leeds","BSSID":"5c:a6:2d:86:6c:4c","RSSI":-66},{"SSID":"eduroam","BSSID":"5c:a6:2d:86:6c:4e","RSSI":-66},{"SSID":"WiFi Setup - University of Leeds","BSSID":"5c:a6:2d:ce:71:03","RSSI":-66},{"SSID":"eduroam","BSSID":"5c:a6:2d:af:8f:4e","RSSI":-67},{"SSID":"MeetInLeeds","BSSID":"5c:a6:2d:af:8f:4d","RSSI":-67},{"SSID":"MeetInLeeds","BSSID":"5c:a6:2d:ce:71:02","RSSI":-67},{"SSID":"WiFi Setup - University of Leeds","BSSID":"5c:a6:2d:af:8f:4c","RSSI":-68},{"SSID":"eduroam","BSSID":"5c:a6:2d:af:94:a1","RSSI":-71},{"SSID":"MeetInLeeds","BSSID":"5c:a6:2d:af:94:a2","RSSI":-72},{"SSID":"WiFi Setup - University of Leeds","BSSID":"5c:a6:2d:af:94:a3","RSSI":-72},{"SSID":"MeetInLeeds","BSSID":"5c:a6:2d:ce:a4:cd","RSSI":-74},{"SSID":"eduroam","BSSID":"5c:a6:2d:cf:bf:ce","RSSI":-74},{"SSID":"eduroam","BSSID":"5c:a6:2d:ef:4c:01","RSSI":-75},{"SSID":"MeetInLeeds","BSSID":"5c:a6:2d:cf:bf:cd","RSSI":-75},{"SSID":"WiFi Setup - University of Leeds","BSSID":"5c:a6:2d:cf:bf:cc","RSSI":-75},{"SSID":"WiFi Setup - University of Leeds","BSSID":"5c:a6:2d:ce:71:0c","RSSI":-77},{"SSID":"WiFi Setup - University of Leeds","BSSID":"ac:3a:67:07:f8:6c","RSSI":-78},{"SSID":"eduroam","BSSID":"ac:3a:67:07:f8:6e","RSSI":-78},{"SSID":"MeetInLeeds","BSSID":"5c:a6:2d:5d:ab:62","RSSI":-79},{"SSID":"MeetInLeeds","BSSID":"5c:a6:2d:ce:bf:02","RSSI":-79},{"SSID":"eduroam","BSSID":"5c:a6:2d:cf:c4:e1","RSSI":-79},{"SSID":"MeetInLeeds","BSSID":"5c:a6:2d:5d:2b:42","RSSI":-80},{"SSID":"WiFi Setup - University of Leeds","BSSID":"5c:a6:2d:cf:c1:83","RSSI":-80},{"SSID":"WiFi Setup - University of Leeds","BSSID":"ac:3a:67:07:f9:23","RSSI":-81},{"SSID":"MeetInLeeds","BSSID":"ac:3a:67:07:f9:22","RSSI":-81},{"SSID":"MeetInLeeds","BSSID":"5c:a6:2d:cf:c1:82","RSSI":-81},{"SSID":"WiFi Setup - University of Leeds","BSSID":"5c:a6:2d:1e:0a:0c","RSSI":-83},{"SSID":"WiFi Setup - University of Leeds","BSSID":"5c:a6:2d:86:6b:ec","RSSI":-85},{"SSID":"MeetInLeeds","BSSID":"5c:a6:2d:86:6b:ed","RSSI":-86},{"SSID":"WiFi Setup - University of Leeds","BSSID":"5c:a6:2d:eb:db:2c","RSSI":-87},{"SSID":"MeetInLeeds","BSSID":"5c:a6:2d:ce:b5:0d","RSSI":-88},{"SSID":"MeetInLeeds","BSSID":"5c:a6:2d:cf:c4:4d","RSSI":-88}],[{"SSID":"MeetInLeeds","BSSID":"ac:3a:67:08:2a:02","RSSI":-49},{"SSID":"WiFi Setup - University of Leeds","BSSID":"ac:3a:67:08:2a:03","RSSI":-49},{"SSID":"WiFi Setup - University of Leeds","BSSID":"ac:3a:67:08:29:2c","RSSI":-54},{"SSID":"MeetInLeeds","BSSID":"ac:3a:67:08:29:2d","RSSI":-54},{"SSID":"eduroam","BSSID":"ac:3a:67:08:29:2e","RSSI":-55},{"SSID":"MeetInLeeds","BSSID":"ac:3a:67:08:2a:0d","RSSI":-57},{"SSID":"WiFi Setup - University of Leeds","BSSID":"5c:a6:2d:af:8f:43","RSSI":-57},{"SSID":"MeetInLeeds","BSSID":"5c:a6:2d:45:db:a2","RSSI":-58},{"SSID":"eduroam","BSSID":"ac:3a:67:08:2a:0e","RSSI":-58},{"SSID":"MeetInLeeds","BSSID":"5c:a6:2d:af:8f:42","RSSI":-58},{"SSID":"MeetInLeeds","BSSID":"ac:3a:67:08:29:22","RSSI":-58},{"SSID":"WiFi Setup - University of Leeds","BSSID":"ac:3a:67:08:2a:0c","RSSI":-59},{"SSID":"WiFi Setup - University of Leeds","BSSID":"ac:3a:67:08:29:23","RSSI":-59},{"SSID":"eduroam","BSSID":"5c:a6:2d:45:db:ae","RSSI":-61},{"SSID":"MeetInLeeds","BSSID":"5c:a6:2d:86:6c:42","RSSI":-61},{"SSID":"WiFi Setup - University of Leeds","BSSID":"5c:a6:2d:86:6c:43","RSSI":-61},{"SSID":"MeetInLeeds","BSSID":"5c:a6:2d:45:db:ad","RSSI":-62},{"SSID":"WiFi Setup - University of Leeds","BSSID":"5c:a6:2d:45:db:ac","RSSI":-63},{"SSID":"eduroam","BSSID":"5c:a6:2d:cf:e6:21","RSSI":-63},{"SSID":"MeetInLeeds","BSSID":"5c:a6:2d:cf:e6:22","RSSI":-63},{"SSID":"MeetInLeeds","BSSID":"5c:a6:2d:86:6c:4d","RSSI":-64},{"SSID":"WiFi Setup - University of Leeds","BSSID":"5c:a6:2d:cf:e6:23","RSSI":-64},{"SSID":"WiFi Setup - University of Leeds","BSSID":"5c:a6:2d:86:6c:4c","RSSI":-65},{"SSID":"eduroam","BSSID":"5c:a6:2d:86:6c:4e","RSSI":-65},{"SSID":"MeetInLeeds","BSSID":"5c:a6:2d:cf:bf:c2","RSSI":-67},{"SSID":"WiFi Setup - University of Leeds","BSSID":"5c:a6:2d:cf:e6:2c","RSSI":-68},{"SSID":"MeetInLeeds","BSSID":"5c:a6:2d:ce:71:02","RSSI":-69},{"SSID":"eduroam","BSSID":"5c:a6:2d:cf:e6:2e","RSSI":-69},{"SSID":"WiFi Setup - University of Leeds","BSSID":"5c:a6:2d:ce:71:03","RSSI":-70},{"SSID":"WiFi Setup - University of Leeds","BSSID":"5c:a6:2d:cf:df:6c","RSSI":-70},{"SSID":"MeetInLeeds","BSSID":"5c:a6:2d:cf:df:6d","RSSI":-71},{"SSID":"MeetInLeeds","BSSID":"5c:a6:2d:ce:71:0d","RSSI":-71},{"SSID":"eduroam","BSSID":"5c:a6:2d:cf:bf:ce","RSSI":-72},{"SSID":"WiFi Setup - University of Leeds","BSSID":"5c:a6:2d:86:69:c3","RSSI":-74},{"SSID":"MeetInLeeds","BSSID":"5c:a6:2d:cf:bf:cd","RSSI":-74},{"SSID":"WiFi Setup - University of Leeds","BSSID":"5c:a6:2d:cf:bf:cc","RSSI":-74},{"SSID":"WiFi Setup - University of Leeds","BSSID":"5c:a6:2d:ef:4c:03","RSSI":-78},{"SSID":"MeetInLeeds","BSSID":"5c:a6:2d:ef:4c:02","RSSI":-79},{"SSID":"MeetInLeeds","BSSID":"5c:a6:2d:ce:bf:02","RSSI":-79},{"SSID":"WiFi Setup - University of Leeds","BSSID":"5c:a6:2d:ce:bf:03","RSSI":-79},{"SSID":"MeetInLeeds","BSSID":"5c:a6:2d:5d:ab:62","RSSI":-80},{"SSID":"WiFi Setup - University of Leeds","BSSID":"ac:3a:67:08:26:03","RSSI":-80},{"SSID":"MeetInLeeds","BSSID":"5c:a6:2d:cf:c4:e2","RSSI":-80},{"SSID":"WiFi Setup - University of Leeds","BSSID":"ac:3a:67:07:f9:23","RSSI":-81},{"SSID":"eduroam","BSSID":"ac:3a:67:07:f9:21","RSSI":-81},{"SSID":"MeetInLeeds","BSSID":"5c:a6:2d:ef:4c:0d","RSSI":-81},{"SSID":"WiFi Setup - University of Leeds","BSSID":"5c:a6:2d:ce:a1:cc","RSSI":-84},{"SSID":"WiFi Setup - University of Leeds","BSSID":"5c:a6:2d:af:8d:8c","RSSI":-84},{"SSID":"WiFi Setup - University of Leeds","BSSID":"5c:a6:2d:ce:bf:0c","RSSI":-84},{"SSID":"WiFi Setup - University of Leeds","BSSID":"ac:3a:67:08:26:0c","RSSI":-86},{"SSID":"MeetInLeeds","BSSID":"5c:a6:2d:ce:bf:0d","RSSI":-86},{"SSID":"MeetInLeeds","BSSID":"5c:a6:2d:cf:c4:ed","RSSI":-87},{"SSID":"eduroam","BSSID":"5c:a6:2d:cf:c4:ee","RSSI":-87},{"SSID":"WiFi Setup - University of Leeds","BSSID":"5c:a6:2d:cf:c4:ec","RSSI":-88}],[{"SSID":"WiFi Setup - University of Leeds","BSSID":"5c:a6:2d:ef:4a:ac","RSSI":-32},{"SSID":"WiFi Setup - University of Leeds","BSSID":"5c:a6:2d:ef:4a:a3","RSSI":-33},{"SSID":"MeetInLeeds","BSSID":"5c:a6:2d:ef:4a:a2","RSSI":-33},{"SSID":"eduroam","BSSID":"5c:a6:2d:ef:4a:ae","RSSI":-33},{"SSID":"MeetInLeeds","BSSID":"5c:a6:2d:ef:4a:ad","RSSI":-33},{"SSID":"eduroam","BSSID":"ac:3a:67:08:2a:01","RSSI":-51},{"SSID":"MeetInLeeds","BSSID":"ac:3a:67:08:2a:02","RSSI":-51},{"SSID":"WiFi Setup - University of Leeds","BSSID":"ac:3a:67:08:2a:03","RSSI":-51},{"SSID":"MeetInLeeds","BSSID":"5c:a6:2d:45:db:a2","RSSI":-52},{"SSID":"WiFi Setup - University of Leeds","BSSID":"5c:a6:2d:45:db:a3","RSSI":-53},{"SSID":"WiFi Setup - University of Leeds","BSSID":"ac:3a:67:08:29:2c","RSSI":-54},{"SSID":"eduroam","BSSID":"ac:3a:67:08:29:2e","RSSI":-54},{"SSID":"MeetInLeeds","BSSID":"ac:3a:67:08:29:2d","RSSI":-55},{"SSID":"MeetInLeeds","BSSID":"5c:a6:2d:af:8f:42","RSSI":-56},{"SSID":"MeetInLeeds","BSSID":"ac:3a:67:08:29:22","RSSI":-56},{"SSID":"eduroam","BSSID":"ac:3a:67:08:29:21","RSSI":-57},{"SSID":"WiFi Setup - University of Leeds","BSSID":"ac:3a:67:08:29:23","RSSI":-57},{"SSID":"MeetInLeeds","BSSID":"ac:3a:67:08:2a:0d","RSSI":-58},{"SSID":"WiFi Setup - University of Leeds","BSSID":"5c:a6:2d:cf:df:63","RSSI":-61},{"SSID":"MeetInLeeds","BSSID":"5c:a6:2d:cf:df:62","RSSI":-61},{"SSID":"MeetInLeeds","BSSID":"5c:a6:2d:86:6c:42","RSSI":-61},{"SSID":"WiFi Setup - University of Leeds","BSSID":"5c:a6:2d:86:6c:43","RSSI":-61},{"SSID":"MeetInLeeds","BSSID":"5c:a6:2d:af:94:ad","RSSI":-63},{"SSID":"eduroam","BSSID":"5c:a6:2d:af:94:ae","RSSI":-63},{"SSID":"WiFi Setup - University of Leeds","BSSID":"5c:a6:2d:af:94:ac","RSSI":-63},{"SSID":"MeetInLeeds","BSSID":"5c:a6:2d:86:6c:4d","RSSI":-65},{"SSID":"WiFi Setup - University of Leeds","BSSID":"5c:a6:2d:86:6c:4c","RSSI":-66},{"SSID":"eduroam","BSSID":"5c:a6:2d:86:6c:4e","RSSI":-66},{"SSID":"WiFi Setup - University of Leeds","BSSID":"5c:a6:2d:cf:e8:a3","RSSI":-67},{"SSID":"WiFi Setup - University of Leeds","BSSID":"5c:a6:2d:ce:71:03","RSSI":-67},{"SSID":"WiFi Setup - University of Leeds","BSSID":"5c:a6:2d:af:8f:4c","RSSI":-68},{"SSID":"eduroam","BSSID":"5c:a6:2d:af:8f:4e","RSSI":-68},{"SSID":"MeetInLeeds","BSSID":"5c:a6:2d:ce:71:02","RSSI":-69},{"SSID":"WiFi Setup - University of Leeds","BSSID":"5c:a6:2d:cf:e6:2c","RSSI":-69},{"SSID":"WiFi Setup - University of Leeds","BSSID":"5c:a6:2d:cf:bf:c3","RSSI":-71},{"SSID":"WiFi Setup - University of Leeds","BSSID":"5c:a6:2d:ce:c1:e3","RSSI":-71},{"SSID":"MeetInLeeds","BSSID":"5c:a6:2d:cf:e8:a2","RSSI":-71},{"SSID":"MeetInLeeds","BSSID":"5c:a6:2d:ce:a4:cd","RSSI":-71},{"SSID":"MeetInLeeds","BSSID":"5c:a6:2d:af:8f:4d","RSSI":-71},{"SSID":"WiFi Setup - University of Leeds","BSSID":"5c:a6:2d:ce:a4:cc","RSSI":-72},{"SSID":"WiFi Setup - University of Leeds","BSSID":"5c:a6:2d:cf:df:6c","RSSI":-72},{"SSID":"MeetInLeeds","BSSID":"5c:a6:2d:ce:71:0d","RSSI":-72},{"SSID":"MeetInLeeds","BSSID":"5c:a6:2d:86:69:c2","RSSI":-73},{"SSID":"MeetInLeeds","BSSID":"5c:a6:2d:ce:c1:e2","RSSI":-73},{"SSID":"MeetInLeeds","BSSID":"5c:a6:2d:cf:bb:ed","RSSI":-77},{"SSID":"WiFi Setup - University of Leeds","BSSID":"5c:a6:2d:ce:c1:ec","RSSI":-78},{"SSID":"MeetInLeeds","BSSID":"5c:a6:2d:ce:ac:0d","RSSI":-79},{"SSID":"WiFi Setup - University of Leeds","BSSID":"5c:a6:2d:ce:bf:03","RSSI":-80},{"SSID":"eduroam","BSSID":"5c:a6:2d:af:8f:ce","RSSI":-81},{"SSID":"WiFi Setup - University of Leeds","BSSID":"5c:a6:2d:ce:ac:0c","RSSI":-81},{"SSID":"WiFi Setup - University of Leeds","BSSID":"5c:a6:2d:ce:bf:0c","RSSI":-82},{"SSID":"MeetInLeeds","BSSID":"ac:3a:67:08:26:0d","RSSI":-83},{"SSID":"eduroam","BSSID":"5c:a6:2d:ce:a1:ce","RSSI":-85},{"SSID":"TP-Link_0F14","BSSID":"c0:c9:e3:b8:0f:14","RSSI":-87}],[{"SSID":"eduroam","BSSID":"5c:a6:2d:ef:4a:a1","RSSI":-33},{"SSID":"WiFi Setup - University of Leeds","BSSID":"5c:a6:2d:ef:4a:a3","RSSI":-34},{"SSID":"MeetInLeeds","BSSID":"5c:a6:2d:ef:4a:a2","RSSI":-34},{"SSID":"eduroam","BSSID":"5c:a6:2d:ef:4a:ae","RSSI":-34},{"SSID":"MeetInLeeds","BSSID":"5c:a6:2d:ef:4a:ad","RSSI":-35},{"SSID":"MeetInLeeds","BSSID":"5c:a6:2d:45:db:a2","RSSI":-53},{"SSID":"WiFi Setup - University of Leeds","BSSID":"5c:a6:2d:45:db:a3","RSSI":-53},{"SSID":"MeetInLeeds","BSSID":"ac:3a:67:08:2a:02","RSSI":-53},{"SSID":"WiFi Setup - University of Leeds","BSSID":"ac:3a:67:08:2a:03","RSSI":-53},{"SSID":"MeetInLeeds","BSSID":"ac:3a:67:08:29:2d","RSSI":-55},{"SSID":"MeetInLeeds","BSSID":"ac:3a:67:08:29:22","RSSI":-55},{"SSID":"WiFi Setup - University of Leeds","BSSID":"ac:3a:67:08:29:2c","RSSI":-56},{"SSID":"eduroam","BSSID":"ac:3a:67:08:29:2e","RSSI":-56},{"SSID":"eduroam","BSSID":"ac:3a:67:08:29:21","RSSI":-56},{"SSID":"WiFi Setup - University of Leeds","BSSID":"5c:a6:2d:af:8f:43","RSSI":-57},{"SSID":"MeetInLeeds","BSSID":"5c:a6:2d:af:8f:42","RSSI":-57},{"SSID":"WiFi Setup - University of Leeds","BSSID":"ac:3a:67:08:29:23","RSSI":-57},{"SSID":"WiFi Setup - University of Leeds","BSSID":"5c:a6:2d:86:6c:43","RSSI":-59},{"SSID":"MeetInLeeds","BSSID":"5c:a6:2d:86:6c:42","RSSI":-60},{"SSID":"WiFi Setup - University of Leeds","BSSID":"5c:a6:2d:cf:df:63","RSSI":-61},{"SSID":"eduroam","BSSID":"5c:a6:2d:cf:df:61","RSSI":-62},{"SSID":"MeetInLeeds","BSSID":"5c:a6:2d:cf:e6:22","RSSI":-65},{"SSID":"WiFi Setup - University of Leeds","BSSID":"5c:a6:2d:cf:e6:23","RSSI":-65},{"SSID":"eduroam","BSSID":"5c:a6:2d:cf:e6:21","RSSI":-66},{"SSID":"WiFi Setup - University of Leeds","BSSID":"5c:a6:2d:cf:e6:2c","RSSI":-67},{"SSID":"eduroam","BSSID":"5c:a6:2d:86:6c:4e","RSSI":-68},{"SSID":"WiFi Setup - University of Leeds","BSSID":"5c:a6:2d:af:94:a3","RSSI":-69},{"SSID":"eduroam","BSSID":"5c:a6:2d:cf:e6:2e","RSSI":-69},{"SSID":"MeetInLeeds","BSSID":"5c:a6:2d:cf:e6:2d","RSSI":-69},{"SSID":"MeetInLeeds","BSSID":"5c:a6:2d:ce:a4:cd","RSSI":-71},{"SSID":"eduroam","BSSID":"ac:3a:67:07:f8:61","RSSI":-75},{"SSID":"MeetInLeeds","BSSID":"ac:3a:67:07:f8:62","RSSI":-76},{"SSID":"MeetInLeeds","BSSID":"5c:a6:2d:cf:bb:ed","RSSI":-76},{"SSID":"WiFi Setup - University of Leeds","BSSID":"5c:a6:2d:cf:bb:ec","RSSI":-76},{"SSID":"MeetInLeeds","BSSID":"5c:a6:2d:cf:e8:ad","RSSI":-76},{"SSID":"MeetInLeeds","BSSID":"5c:a6:2d:cf:e5:a2","RSSI":-79},{"SSID":"eduroam","BSSID":"5c:a6:2d:1e:0a:01","RSSI":-81},{"SSID":"eduroam","BSSID":"5c:a6:2d:ce:c1:ee","RSSI":-83},{"SSID":"MeetInLeeds","BSSID":"5c:a6:2d:ce:a1:cd","RSSI":-87},{"SSID":"eduroam","BSSID":"5c:a6:2d:ce:b5:0e","RSSI":-87},{"SSID":"MeetInLeeds","BSSID":"5c:a6:2d:ce:bf:0d","RSSI":-87}],[{"SSID":"MeetInLeeds","BSSID":"5c:a6:2d:ef:4a:a2","RSSI":-32},{"SSID":"WiFi Setup - University of Leeds","BSSID":"5c:a6:2d:ef:4a:ac","RSSI":-32},{"SSID":"WiFi Setup - University of Leeds","BSSID":"5c:a6:2d:ef:4a:a3","RSSI":-33},{"SSID":"eduroam","BSSID":"5c:a6:2d:ef:4a:ae","RSSI":-33},{"SSID":"MeetInLeeds","BSSID":"5c:a6:2d:ef:4a:ad","RSSI":-33},{"SSID":"MeetInLeeds","BSSID":"ac:3a:67:08:2a:02","RSSI":-51},{"SSID":"WiFi Setup - University of Leeds","BSSID":"ac:3a:67:08:2a:03","RSSI":-51},{"SSID":"eduroam","BSSID":"ac:3a:67:08:2a:01","RSSI":-52},{"SSID":"MeetInLeeds","BSSID":"5c:a6:2d:45:db:a2","RSSI":-53},{"SSID":"eduroam","BSSID":"5c:a6:2d:45:db:a1","RSSI":-53},{"SSID":"WiFi Setup - University of Leeds","BSSID":"5c:a6:2d:45:db:a3","RSSI":-53},{"SSID":"WiFi Setup - University of Leeds","BSSID":"ac:3a:67:08:2a:0c","RSSI":-53},{"SSID":"eduroam","BSSID":"ac:3a:67:08:2a:0e","RSSI":-54},{"SSID":"WiFi Setup - University of Leeds","BSSID":"ac:3a:67:08:29:2c","RSSI":-55},{"SSID":"MeetInLeeds","BSSID":"5c:a6:2d:af:8f:42","RSSI":-55},{"SSID":"MeetInLeeds","BSSID":"ac:3a:67:08:29:2d","RSSI":-56},{"SSID":"eduroam","BSSID":"ac:3a:67:08:29:2e","RSSI":-56},{"SSID":"MeetInLeeds","BSSID":"ac:3a:67:08:2a:0d","RSSI":-56},{"SSID":"WiFi Setup - University of Leeds","BSSID":"5c:a6:2d:af:8f:43","RSSI":-56},{"SSID":"MeetInLeeds","BSSID":"ac:3a:67:08:29:22","RSSI":-57},{"SSID":"WiFi Setup - University of Leeds","BSSID":"ac:3a:67:08:29:23","RSSI":-58},{"SSID":"WiFi Setup - University of Leeds","BSSID":"5c:a6:2d:86:6c:43","RSSI":-60},{"SSID":"WiFi Setup - University of Leeds","BSSID":"5c:a6:2d:cf:df:63","RSSI":-61},{"SSID":"MeetInLeeds","BSSID":"5c:a6:2d:cf:df:62","RSSI":-61},{"SSID":"eduroam","BSSID":"5c:a6:2d:45:db:ae","RSSI":-61},{"SSID":"eduroam","BSSID":"5c:a6:2d:af:94:ae","RSSI":-63},{"SSID":"MeetInLeeds","BSSID":"5c:a6:2d:45:db:ad","RSSI":-63},{"SSID":"WiFi Setup - University of Leeds","BSSID":"5c:a6:2d:45:db:ac","RSSI":-63},{"SSID":"WiFi Setup - University of Leeds","BSSID":"5c:a6:2d:af:94:ac","RSSI":-64},{"SSID":"MeetInLeeds","BSSID":"5c:a6:2d:af:94:ad","RSSI":-65},{"SSID":"WiFi Setup - University of Leeds","BSSID":"5c:a6:2d:cf:e6:23","RSSI":-65},{"SSID":"WiFi Setup - University of Leeds","BSSID":"5c:a6:2d:af:8f:4c","RSSI":-66},{"SSID":"WiFi Setup - University of Leeds","BSSID":"5c:a6:2d:ce:a4:c3","RSSI":-66},{"SSID":"MeetInLeeds","BSSID":"5c:a6:2d:af:8f:4d","RSSI":-66},{"SSID":"WiFi Setup - University of Leeds","BSSID":"5c:a6:2d:ce:71:03","RSSI":-66},{"SSID":"MeetInLeeds","BSSID":"5c:a6:2d:cf:e8:a2","RSSI":-67},{"SSID":"MeetInLeeds","BSSID":"5c:a6:2d:ce:71:02","RSSI":-67},{"SSID":"WiFi Setup - University of Leeds","BSSID":"5c:a6:2d:cf:e8:a3","RSSI":-68},{"SSID":"eduroam","BSSID":"5c:a6:2d:cf:e6:2e","RSSI":-68},{"SSID":"MeetInLeeds","BSSID":"5c:a6:2d:cf:e6:2d","RSSI":-68},{"SSID":"WiFi Setup - University of Leeds","BSSID":"5c:a6:2d:cf:bf:c3","RSSI":-69},{"SSID":"MeetInLeeds","BSSID":"5c:a6:2d:cf:bf:c2","RSSI":-69},{"SSID":"WiFi Setup - University of Leeds","BSSID":"5c:a6:2d:ce:a4:cc","RSSI":-69},{"SSID":"eduroam","BSSID":"5c:a6:2d:af:8f:4e","RSSI":-69},{"SSID":"eduroam","BSSID":"5c:a6:2d:cf:bf:c1","RSSI":-70},{"SSID":"MeetInLeeds","BSSID":"5c:a6:2d:cf:df:6d","RSSI":-72},{"SSID":"MeetInLeeds","BSSID":"5c:a6:2d:86:69:c2","RSSI":-73},{"SSID":"eduroam","BSSID":"5c:a6:2d:86:69:c1","RSSI":-73},{"SSID":"WiFi Setup - University of Leeds","BSSID":"5c:a6:2d:ef:4c:03","RSSI":-74},{"SSID":"eduroam","BSSID":"5c:a6:2d:ce:a1:c1","RSSI":-76},{"SSID":"WiFi Setup - University of Leeds","BSSID":"5c:a6:2d:cf:bb:ec","RSSI":-78},{"SSID":"eduroam","BSSID":"5c:a6:2d:cf:bb:ee","RSSI":-78},{"SSID":"WiFi Setup - University of Leeds","BSSID":"5c:a6:2d:cf:bf:cc","RSSI":-78},{"SSID":"WiFi Setup - University of Leeds","BSSID":"5c:a6:2d:cf:c1:83","RSSI":-79},{"SSID":"MeetInLeeds","BSSID":"5c:a6:2d:cf:c1:82","RSSI":-79},{"SSID":"MeetInLeeds","BSSID":"5c:a6:2d:ce:c1:ed","RSSI":-80},{"SSID":"MeetInLeeds","BSSID":"5c:a6:2d:af:8f:cd","RSSI":-82},{"SSID":"eduroam","BSSID":"5c:a6:2d:ce:ac:0e","RSSI":-83},{"SSID":"WiFi Setup - University of Leeds","BSSID":"5c:a6:2d:86:6b:ec","RSSI":-85}]]