[[{"SSID":"WiFi Setup - University of Leeds","BSSID":"5c:a6:2d:af:92:43","RSSI":-53},{"SSID":"MeetInLeeds","BSSID":"5c:a6:2d:af:92:42","RSSI":-53},{"SSID":"WiFi Setup - University of Leeds","BSSID":"5c:a6:2d:cf:ae:63","RSSI":-53},{"SSID":"MeetInLeeds","BSSID":"ac:3a:67:08:05:82","RSSI":-53},{"SSID":"eduroam","BSSID":"ac:3a:67:08:05:8e","RSSI":-54},{"SSID":"WiFi Setup - University of Leeds","BSSID":"ac:3a:67:08:05:83","RSSI":-54},{"SSID":"WiFi Setup - University of Leeds","BSSID":"5c:a6:2d:1e:09:43","RSSI":-55},{"SSID":"MeetInLeeds","BSSID":"5c:a6:2d:1e:09:42","RSSI":-55},{"SSID":"WiFi Setup - University of Leeds","BSSID":"5c:a6:2d:af:92:4c","RSSI":-57},{"SSID":"eduroam","BSSID":"5c:a6:2d:af:92:4e","RSSI":-57},{"SSID":"MeetInLeeds","BSSID":"5c:a6:2d:af:92:4d","RSSI":-58},{"SSID":"eduroam","BSSID":"5c:a6:2d:cf:ae:6e","RSSI":-62},{"SSID":"MeetInLeeds","BSSID":"5c:a6:2d:cf:ae:6d","RSSI":-62},{"SSID":"YankeeNet2021","BSSID":"92:b1:44:7a:2c:c5","RSSI":-64},{"SSID":"WiFi Setup - University of Leeds","BSSID":"5c:a6:2d:cf:ae:6c","RSSI":-65},{"SSID":"MeetInLeeds","BSSID":"5c:a6:2d:86:6a:62","RSSI":-66},{"SSID":"WiFi Setup - University of Leeds","BSSID":"5c:a6:2d:ef:47:83","RSSI":-69},{"SSID":"WiFi Setup - University of Leeds","BSSID":"5c:a6:2d:86:6a:6c","RSSI":-72},{"SSID":"eduroam","BSSID":"5c:a6:2d:86:6a:6e","RSSI":-72},{"SSID":"WiFi Setup - University of Leeds","BSSID":"5c:a6:2d:ef:47:8c","RSSI":-73},{"SSID":"MeetInLeeds","BSSID":"ac:3a:67:08:32:42","RSSI":-74},{"SSID":"WiFi Setup - University of Leeds","BSSID":"ac:3a:67:08:32:43","RSSI":-74},{"SSID":"eduroam","BSSID":"5c:a6:2d:ef:47:8e","RSSI":-74},{"SSID":"MeetInLeeds","BSSID":"5c:a6:2d:af:92:22","RSSI":-74},{"SSID":"WiFi Setup - University of Leeds","BSSID":"5c:a6:2d:af:92:23","RSSI":-74},{"SSID":"MeetInLeeds","BSSID":"5c:a6:2d:5d:2b:42","RSSI":-76},{"SSID":"MeetInLeeds","BSSID":"5c:a6:2d:5d:2f:42","RSSI":-76},{"SSID":"WiFi Setup - University of Leeds","BSSID":"5c:a6:2d:5d:2f:43","RSSI":-76},{"SSID":"WiFi Setup - University of Leeds","BSSID":"5c:a6:2d:5d:2b:43","RSSI":-77},{"SSID":"WiFi Setup - University of Leeds","BSSID":"5c:a6:2d:ef:4c:43","RSSI":-77},{"SSID":"MeetInLeeds","BSSID":"ac:3a:67:08:01:82","RSSI":-82},{"SSID":"WiFi Setup - University of Leeds","BSSID":"5c:a6:2d:cf:c1:83","RSSI":-82},{"SSID":"eduroam","BSSID":"5c:a6:2d:ce:b2:8e","RSSI":-84}],[{"SSID":"MeetInLeeds","BSSID":"ac:3a:67:08:05:82","RSSI":-47},{"SSID":"WiFi Setup - University of Leeds","BSSID":"ac:3a:67:08:05:83","RSSI":-47},{"SSID":"MeetInLeeds","BSSID":"5c:a6:2d:cf:ae:62","RSSI":-51},{"SSID":"WiFi Setup - University of Leeds","BSSID":"5c:a6:2d:cf:ae:63","RSSI":-52},{"SSID":"WiFi Setup - University of Leeds","BSSID":"5c:a6:2d:af:92:43","RSSI":-53},{"SSID":"MeetInLeeds","BSSID":"5c:a6:2d:af:92:42","RSSI":-53},{"SSID":"WiFi Setup - University of Leeds","BSSID":"5c:a6:2d:1e:09:43","RSSI":-54},{"SSID":"MeetInLeeds","BSSID":"5c:a6:2d:cf:ae:6d","RSSI":-58},{"SSID":"YankeeNet2021","BSSID":"92:b1:44:7a:2c:c5","RSSI":-66},{"SSID":"MeetInLeeds","BSSID":"5c:a6:2d:ef:47:82","RSSI":-69},{"SSID":"TP-Link_0F14","BSSID":"c0:c9:e3:b8:0f:14","RSSI":-73},{"SSID":"MeetInLeeds","BSSID":"5c:a6:2d:ef:4c:42","RSSI":-73},{"SSID":"WiFi Setup - University of Leeds","BSSID":"5c:a6:2d:ef:4c:43","RSSI":-74},{"SSID":"WiFi Setup - University of Leeds","BSSID":"ac:3a:67:08:32:43","RSSI":-75},{"SSID":"MeetInLeeds","BSSID":"5c:a6:2d:af:92:22","RSSI":-76},{"SSID":"WiFi Setup - University of Leeds","BSSID":"5c:a6:2d:af:92:23","RSSI":-76},{"SSID":"eduroam","BSSID":"5c:a6:2d:ef:4c:4e","RSSI":-76},{"SSID":"WiFi Setup - University of Leeds","BSSID":"5c:a6:2d:5d:2b:43","RSSI":-78},{"SSID":"MeetInLeeds","BSSID":"5c:a6:2d:5d:2f:42","RSSI":-78},{"SSID":"WiFi Setup - University of Leeds","BSSID":"5c:a6:2d:5d:2f:43","RSSI":-78},{"SSID":"MeetInLeeds","BSSID":"5c:a6:2d:ef:4c:4d","RSSI":-80},{"SSID":"WiFi Setup - University of Leeds","BSSID":"5c:a6:2d:cf:c4:43","RSSI":-82},{"SSID":"eduroam","BSSID":"5c:a6:2d:5d:2e:0e","RSSI":-85}],[{"SSID":"MeetInLeeds","BSSID":"ac:3a:67:08:05:82","RSSI":-47},{"SSID":"eduroam","BSSID":"ac:3a:67:08:05:81","RSSI":-47},{"SSID":"WiFi Setup - University of Leeds","BSSID":"ac:3a:67:08:05:83","RSSI":-48},{"SSID":"WiFi Setup - University of Leeds","BSSID":"5c:a6:2d:af:92:43","RSSI":-50},{"SSID":"MeetInLeeds","BSSID":"5c:a6:2d:af:92:42","RSSI":-50},{"SSID":"WiFi Setup - University of Leeds","BSSID":"5c:a6:2d:1e:09:4c","RSSI":-52},{"SSID":"eduroam","BSSID":"5c:a6:2d:1e:09:4e","RSSI":-52},{"SSID":"WiFi Setup - University of Leeds","BSSID":"5c:a6:2d:1e:09:43","RSSI":-53},{"SSID":"MeetInLeeds","BSSID":"5c:a6:2d:1e:09:42","RSSI":-53},{"SSID":"eduroam","BSSID":"5c:a6:2d:1e:09:41","RSSI":-53},{"SSID":"WiFi Setup - University of Leeds","BSSID":"ac:3a:67:08:05:8c","RSSI":-58},{"SSID":"MeetInLeeds","BSSID":"ac:3a:67:08:05:8d","RSSI":-59},{"SSID":"eduroam","BSSID":"ac:3a:67:08:05:8e","RSSI":-59},{"SSID":"WiFi Setup - University of Leeds","BSSID":"5c:a6:2d:86:6a:63","RSSI":-67},{"SSID":"MeetInLeeds","BSSID":"5c:a6:2d:86:6a:62","RSSI":-67},{"SSID":"MeetInLeeds","BSSID":"5c:a6:2d:af:92:22","RSSI":-72},{"SSID":"WiFi Setup - University of Leeds","BSSID":"ac:3a:67:08:32:43","RSSI":-75},{"SSID":"WiFi Setup - University of Leeds","BSSID":"5c:a6:2d:ef:4c:43","RSSI":-75},{"SSID":"MeetInLeeds","BSSID":"ac:3a:67:08:32:42","RSSI":-76},{"SSID":"MeetInLeeds","BSSID":"5c:a6:2d:ef:4c:42","RSSI":-76},{"SSID":"WiFi Setup - University of Leeds","BSSID":"5c:a6:2d:5d:2f:43","RSSI":-77},{"SSID":"MeetInLeeds","BSSID":"5c:a6:2d:5d:2f:42","RSSI":-78},{"SSID":"MeetInLeeds","BSSID":"5c:a6:2d:86:6a:6d","RSSI":-79},{"SSID":"WiFi Setup - University of Leeds","BSSID":"5c:a6:2d:86:6a:6c","RSSI":-80},{"SSID":"MeetInLeeds","BSSID":"5c:a6:2d:b5:ca:e2","RSSI":-82},{"SSID":"WiFi Setup - University of Leeds","BSSID":"5c:a6:2d:cf:c4:43","RSSI":-82},{"SSID":"eduroam","BSSID":"5c:a6:2d:ce:b2:8e","RSSI":-85},{"SSID":"WiFi Setup - University of Leeds","BSSID":"5c:a6:2d:ef:45:2c","RSSI":-89}],[{"SSID":"MeetInLeeds","BSSID":"ac:3a:67:08:05:82","RSSI":-48},{"SSID":"eduroam","BSSID":"ac:3a:67:08:05:8e","RSSI":-51},{"SSID":"MeetInLeeds","BSSID":"5c:a6:2d:af:92:42","RSSI":-52},{"SSID":"WiFi Setup - University of Leeds","BSSID":"5c:a6:2d:cf:ae:63","RSSI":-54},{"SSID":"WiFi Setup - University of Leeds","BSSID":"5c:a6:2d:1e:09:43","RSSI":-54},{"SSID":"MeetInLeeds","BSSID":"5c:a6:2d:1e:09:42","RSSI":-54},{"SSID":"WiFi Setup - University of Leeds","BSSID":"ac:3a:67:08:05:8c","RSSI":-54},{"SSID":"MeetInLeeds","BSSID":"ac:3a:67:08:05:8d","RSSI":-54},{"SSID":"eduroam","BSSID":"5c:a6:2d:1e:09:4e","RSSI":-54},{"SSID":"WiFi Setup - University of Leeds","BSSID":"5c:a6:2d:af:92:4c","RSSI":-55},{"SSID":"WiFi Setup - University of Leeds","BSSID":"5c:a6:2d:1e:09:4c","RSSI":-55},{"SSID":"MeetInLeeds","BSSID":"5c:a6:2d:1e:09:4d","RSSI":-55},{"SSID":"MeetInLeeds","BSSID":"5c:a6:2d:af:92:4d","RSSI":-56},{"SSID":"eduroam","BSSID":"5c:a6:2d:af:92:4e","RSSI":-56},{"SSID":"MeetInLeeds","BSSID":"5c:a6:2d:cf:ae:62","RSSI":-69},{"SSID":"MeetInLeeds","BSSID":"5c:a6:2d:af:92:22","RSSI":-72},{"SSID":"eduroam","BSSID":"5c:a6:2d:af:92:21","RSSI":-73},{"SSID":"eduroam","BSSID":"5c:a6:2d:86:6a:6e","RSSI":-74},{"SSID":"WiFi Setup - University of Leeds","BSSID":"5c:a6:2d:86:6a:6c","RSSI":-75},{"SSID":"MeetInLeeds","BSSID":"5c:a6:2d:86:6a:6d","RSSI":-75},{"SSID":"eduroam","BSSID":"ac:3a:67:08:32:4e","RSSI":-81},{"SSID":"WiFi Setup - University of Leeds","BSSID":"ac:3a:67:08:32:4c","RSSI":-81},{"SSID":"MeetInLeeds","BSSID":"5c:a6:2d:5d:2f:42","RSSI":-81},{"SSID":"WiFi Setup - University of Leeds","BSSID":"5c:a6:2d:5d:2f:43","RSSI":-81},{"SSID":"eduroam","BSSID":"5c:a6:2d:ce:b2:8e","RSSI":-83},{"SSID":"MeetInLeeds","BSSID":"5c:a6:2d:5d:2f:4d","RSSI":-83},{"SSID":"MeetInLeeds","BSSID":"5c:a6:2d:ce:b2:8d","RSSI":-84},{"SSID":"WiFi Setup - University of Leeds","BSSID":"5c:a6:2d:5d:2f:4c","RSSI":-84},{"SSID":"eduroam","BSSID":"5c:a6:2d:5d:2f:4e","RSSI":-84},{"SSID":"WiFi Setup - University of Leeds","BSSID":"5c:a6:2d:ce:b2:8c","RSSI":-85},{"SSID":"WiFi Setup - University of Leeds","BSSID":"5c:a6:2d:ef:07:ac","RSSI":-85}],[{"SSID":"WiFi Setup - University of Leeds","BSSID":"5c:a6:2d:cf:ae:63","RSSI":-45},{"SSID":"MeetInLeeds","BSSID":"5c:a6:2d:cf:ae:62","RSSI":-45},{"SSID":"WiFi Setup - University of Leeds","BSSID":"5c:a6:2d:af:92:43","RSSI":-50},{"SSID":"eduroam","BSSID":"5c:a6:2d:af:92:41","RSSI":-51},{"SSID":"MeetInLeeds","BSSID":"5c:a6:2d:1e:09:42","RSSI":-51},{"SSID":"MeetInLeeds","BSSID":"5c:a6:2d:af:92:42","RSSI":-52},{"SSID":"WiFi Setup - University of Leeds","BSSID":"5c:a6:2d:1e:09:43","RSSI":-52},{"SSID":"WiFi Setup - University of Leeds","BSSID":"ac:3a:67:08:05:8c","RSSI":-53},{"SSID":"MeetInLeeds","BSSID":"ac:3a:67:08:05:8d","RSSI":-53},{"SSID":"eduroam","BSSID":"ac:3a:67:08:05:8e","RSSI":-53},{"SSID":"WiFi Setup - University of Leeds","BSSID":"5c:a6:2d:cf:ae:6c","RSSI":-54},{"SSID":"eduroam","BSSID":"5c:a6:2d:cf:ae:6e","RSSI":-54},{"SSID":"MeetInLeeds","BSSID":"5c:a6:2d:cf:ae:6d","RSSI":-54},{"SSID":"WiFi Setup - University of Leeds","BSSID":"5c:a6:2d:1e:09:4c","RSSI":-56},{"SSID":"eduroam","BSSID":"5c:a6:2d:1e:09:4e","RSSI":-56},{"SSID":"MeetInLeeds","BSSID":"5c:a6:2d:1e:09:4d","RSSI":-56},{"SSID":"YankeeNet2021","BSSID":"92:b1:44:7a:2c:c5","RSSI":-64},{"SSID":"MeetInLeeds","BSSID":"5c:a6:2d:af:92:22","RSSI":-67},{"SSID":"MeetInLeeds","BSSID":"5c:a6:2d:ef:47:82","RSSI":-68},{"SSID":"WiFi Setup - University of Leeds","BSSID":"5c:a6:2d:ef:47:83","RSSI":-68},{"SSID":"WiFi Setup - University of Leeds","BSSID":"5c:a6:2d:af:92:23","RSSI":-69},{"SSID":"WiFi Setup - University of Leeds","BSSID":"5c:a6:2d:5d:2f:43","RSSI":-72},{"SSID":"eduroam","BSSID":"5c:a6:2d:5d:2f:41","RSSI":-72},{"SSID":"WiFi Setup - University of Leeds","BSSID":"5c:a6:2d:ef:47:8c","RSSI":-73},{"SSID":"MeetInLeeds","BSSID":"5c:a6:2d:5d:2f:42","RSSI":-73},{"SSID":"MeetInLeeds","BSSID":"5c:a6:2d:5d:2b:42","RSSI":-74},{"SSID":"WiFi Setup - University of Leeds","BSSID":"5c:a6:2d:5d:2b:43","RSSI":-74},{"SSID":"MeetInLeeds","BSSID":"5c:a6:2d:ef:47:8d","RSSI":-74},{"SSID":"eduroam","BSSID":"5c:a6:2d:ef:47:8e","RSSI":-74},{"SSID":"TP-Link_0F14","BSSID":"c0:c9:e3:b8:0f:14","RSSI":-75},{"SSID":"WiFi Setup - University of Leeds","BSSID":"5c:a6:2d:5d:2f:4c","RSSI":-80},{"SSID":"WiFi Setup - University of Leeds","BSSID":"5c:a6:2d:ce:ab:cc","RSSI":-81},{"SSID":"WiFi Setup - University of Leeds","BSSID":"5c:a6:2d:cf:c5:e3","RSSI":-81},{"SSID":"MeetInLeeds","BSSID":"5c:a6:2d:eb:d7:42","RSSI":-81},{"SSID":"MeetInLeeds","BSSID":"5c:a6:2d:cf:c5:e2","RSSI":-82},{"SSID":"WiFi Setup - University of Leeds","BSSID":"5c:a6:2d:eb:d7:43","RSSI":-82},{"SSID":"eduroam","BSSID":"5c:a6:2d:5d:2f:4e","RSSI":-82},{"SSID":"WiFi Setup - University of Leeds","BSSID":"5c:a6:2d:ef:4c:43","RSSI":-82},{"SSID":"MeetInLeeds","BSSID":"5c:a6:2d:ce:ab:cd","RSSI":-83},{"SSID":"eduroam","BSSID":"5c:a6:2d:ce:ab:ce","RSSI":-83},{"SSID":"eduroam","BSSID":"5c:a6:2d:ef:4c:4e","RSSI":-83},{"SSID":"WiFi Setup - University of Leeds","BSSID":"5c:a6:2d:ce:b2:8c","RSSI":-84},{"SSID":"MeetInLeeds","BSSID":"5c:a6:2d:5d:2f:4d","RSSI":-84},{"SSID":"WiFi Setup - University of Leeds","BSSID":"5c:a6:2d:5d:2b:4c","RSSI":-85},{"SSID":"eduroam","BSSID":"5c:a6:2d:ce:b2:8e","RSSI":-85}],[{"SSID":"MeetInLeeds","BSSID":"ac:3a:67:08:05:82","RSSI":-44},{"SSID":"WiFi Setup - University of Leeds","BSSID":"ac:3a:67:08:05:83","RSSI":-44},{"SSID":"WiFi Setup - University of Leeds","BSSID":"5c:a6:2d:cf:ae:63","RSSI":-48},{"SSID":"MeetInLeeds","BSSID":"5c:a6:2d:cf:ae:62","RSSI":-48},{"SSID":"MeetInLeeds","BSSID":"5c:a6:2d:af:92:42","RSSI":-50},{"SSID":"WiFi Setup - University of Leeds","BSSID":"5c:a6:2d:af:92:43","RSSI":-51},{"SSID":"eduroam","BSSID":"5c:a6:2d:cf:ae:6e","RSSI":-54},{"SSID":"MeetInLeeds","BSSID":"5c:a6:2d:cf:ae:6d","RSSI":-54},{"SSID":"WiFi Setup - University of Leeds","BSSID":"5c:a6:2d:1e:09:43","RSSI":-54},{"SSID":"MeetInLeeds","BSSID":"5c:a6:2d:1e:09:42","RSSI":-54},{"SSID":"WiFi Setup - University of Leeds","BSSID":"5c:a6:2d:cf:ae:6c","RSSI":-55},{"SSID":"WiFi Setup - University of Leeds","BSSID":"5c:a6:2d:af:92:4c","RSSI":-56},{"SSID":"WiFi Setup - University of Leeds","BSSID":"ac:3a:67:08:05:8c","RSSI":-58},{"SSID":"MeetInLeeds","BSSID":"ac:3a:67:08:05:8d","RSSI":-59},{"SSID":"eduroam","BSSID":"ac:3a:67:08:05:8e","RSSI":-61},{"SSID":"MeetInLeeds","BSSID":"5c:a6:2d:ef:47:82","RSSI":-65},{"SSID":"WiFi Setup - University of Leeds","BSSID":"5c:a6:2d:ef:47:83","RSSI":-65},{"SSID":"YankeeNet2021","BSSID":"92:b1:44:7a:2c:c5","RSSI":-68},{"SSID":"WiFi Setup - University of Leeds","BSSID":"5c:a6:2d:ef:47:8c","RSSI":-70},{"SSID":"MeetInLeeds","BSSID":"5c:a6:2d:ef:47:8d","RSSI":-70},{"SSID":"eduroam","BSSID":"5c:a6:2d:ef:47:8e","RSSI":-70},{"SSID":"WiFi Setup - University of Leeds","BSSID":"5c:a6:2d:86:6a:63","RSSI":-70},{"SSID":"MeetInLeeds","BSSID":"5c:a6:2d:86:6a:62","RSSI":-71},{"SSID":"MeetInLeeds","BSSID":"5c:a6:2d:af:92:22","RSSI":-73},{"SSID":"WiFi Setup - University of Leeds","BSSID":"5c:a6:2d:af:92:23","RSSI":-74},{"SSID":"MeetInLeeds","BSSID":"5c:a6:2d:86:6a:6d","RSSI":-75},{"SSID":"WiFi Setup - University of Leeds","BSSID":"5c:a6:2d:5d:2b:43","RSSI":-76},{"SSID":"WiFi Setup - University of Leeds","BSSID":"5c:a6:2d:5d:2f:43","RSSI":-76},{"SSID":"MeetInLeeds","BSSID":"5c:a6:2d:5d:2f:42","RSSI":-77},{"SSID":"MeetInLeeds","BSSID":"ac:3a:67:08:32:42","RSSI":-78},{"SSID":"WiFi Setup - University of Leeds","BSSID":"ac:3a:67:08:32:43","RSSI":-78},{"SSID":"eduroam","BSSID":"ac:3a:67:08:32:4e","RSSI":-81},{"SSID":"MeetInLeeds","BSSID":"5c:a6:2d:eb:d7:42","RSSI":-84},{"SSID":"eduroam","BSSID":"5c:a6:2d:ce:b2:8e","RSSI":-85},{"SSID":"WiFi Setup - University of Leeds","BSSID":"5c:a6:2d:cf:89:6c","RSSI":-86}],[{"SSID":"WiFi Setup - University of Leeds","BSSID":"ac:3a:67:08:05:83","RSSI":-48},{"SSID":"WiFi Setup - University of Leeds","BSSID":"5c:a6:2d:cf:ae:63","RSSI":-51},{"SSID":"MeetInLeeds","BSSID":"5c:a6:2d:cf:ae:62","RSSI":-51},{"SSID":"WiFi Setup - University of Leeds","BSSID":"5c:a6:2d:1e:09:43","RSSI":-54},{"SSID":"MeetInLeeds","BSSID":"5c:a6:2d:1e:09:42","RSSI":-54},{"SSID":"eduroam","BSSID":"5c:a6:2d:1e:09:41","RSSI":-55},{"SSID":"WiFi Setup - University of Leeds","BSSID":"ac:3a:67:08:05:8c","RSSI":-56},{"SSID":"MeetInLeeds","BSSID":"ac:3a:67:08:05:8d","RSSI":-56},{"SSID":"eduroam","BSSID":"ac:3a:67:08:05:8e","RSSI":-56},{"SSID":"MeetInLeeds","BSSID":"5c:a6:2d:af:92:4d","RSSI":-57},{"SSID":"WiFi Setup - University of Leeds","BSSID":"5c:a6:2d:af:92:4c","RSSI":-57},{"SSID":"eduroam","BSSID":"5c:a6:2d:af:92:4e","RSSI":-57},{"SSID":"eduroam","BSSID":"5c:a6:2d:cf:ae:6e","RSSI":-58},{"SSID":"WiFi Setup - University of Leeds","BSSID":"5c:a6:2d:cf:ae:6c","RSSI":-59},{"SSID":"MeetInLeeds","BSSID":"5c:a6:2d:cf:ae:6d","RSSI":-60},{"SSID":"MeetInLeeds","BSSID":"5c:a6:2d:86:6a:62","RSSI":-65},{"SSID":"WiFi Setup - University of Leeds","BSSID":"5c:a6:2d:86:6a:63","RSSI":-66},{"SSID":"MeetInLeeds","BSSID":"5c:a6:2d:ef:47:8d","RSSI":-70},{"SSID":"eduroam","BSSID":"5c:a6:2d:ef:47:8e","RSSI":-70},{"SSID":"eduroam","BSSID":"5c:a6:2d:86:6a:6e","RSSI":-70},{"SSID":"MeetInLeeds","BSSID":"5c:a6:2d:86:6a:6d","RSSI":-70},{"SSID":"WiFi Setup - University of Leeds","BSSID":"5c:a6:2d:ef:47:8c","RSSI":-71},{"SSID":"WiFi Setup - University of Leeds","BSSID":"5c:a6:2d:86:6a:6c","RSSI":-71},{"SSID":"MeetInLeeds","BSSID":"ac:3a:67:08:32:42","RSSI":-73},{"SSID":"WiFi Setup - University of Leeds","BSSID":"5c:a6:2d:af:8d:e3","RSSI":-75},{"SSID":"MeetInLeeds","BSSID":"5c:a6:2d:5d:2f:42","RSSI":-75},{"SSID":"WiFi Setup - University of Leeds","BSSID":"5c:a6:2d:5d:2f:43","RSSI":-75},{"SSID":"WiFi Setup - University of Leeds","BSSID":"5c:a6:2d:af:92:2c","RSSI":-81},{"SSID":"WiFi Setup - University of Leeds","BSSID":"5c:a6:2d:ce:b2:8c","RSSI":-81},{"SSID":"eduroam","BSSID":"5c:a6:2d:ce:b2:8e","RSSI":-81},{"SSID":"WiFi Setup - University of Leeds","BSSID":"5c:a6:2d:ef:4c:4c","RSSI":-83},{"SSID":"eduroam","BSSID":"5c:a6:2d:b5:ca:e1","RSSI":-85},{"SSID":"MeetInLeeds","BSSID":"5c:a6:2d:ef:07:ad","RSSI":-85},{"SSID":"eduroam","BSSID":"5c:a6:2d:ef:07:ae","RSSI":-85}],[{"SSID":"MeetInLeeds","BSSID":"5c:a6:2d:cf:ae:62","RSSI":-49},{"SSID":"WiFi Setup - University of Leeds","BSSID":"5c:a6:2d:cf:ae:63","RSSI":-50},{"SSID":"WiFi Setup - University of Leeds","BSSID":"5c:a6:2d:1e:09:43","RSSI":-51},{"SSID":"MeetInLeeds","BSSID":"5c:a6:2d:1e:09:42","RSSI":-51},{"SSID":"MeetInLeeds","BSSID":"ac:3a:67:08:05:8d","RSSI":-51},{"SSID":"eduroam","BSSID":"ac:3a:67:08:05:8e","RSSI":-51},{"SSID":"WiFi Setup - University of Leeds","BSSID":"5c:a6:2d:af:92:43","RSSI":-55},{"SSID":"MeetInLeeds","BSSID":"5c:a6:2d:af:92:42","RSSI":-55},{"SSID":"MeetInLeeds","BSSID":"5c:a6:2d:cf:ae:6d","RSSI":-56},{"SSID":"eduroam","BSSID":"5c:a6:2d:cf:ae:6e","RSSI":-57},{"SSID":"WiFi Setup - University of Leeds","BSSID":"5c:a6:2d:cf:ae:6c","RSSI":-60},{"SSID":"WiFi Setup - University of Leeds","BSSID":"5c:a6:2d:86:6a:63","RSSI":-63},{"SSID":"MeetInLeeds","BSSID":"5c:a6:2d:ef:47:82","RSSI":-63},{"SSID":"WiFi Setup - University of Leeds","BSSID":"5c:a6:2d:ef:47:83","RSSI":-63},{"SSID":"MeetInLeeds","BSSID":"5c:a6:2d:86:6a:62","RSSI":-64},{"SSID":"WiFi Setup - University of Leeds","BSSID":"5c:a6:2d:af:92:23","RSSI":-70},{"SSID":"MeetInLeeds","BSSID":"5c:a6:2d:af:92:22","RSSI":-71},{"SSID":"MeetInLeeds","BSSID":"5c:a6:2d:5d:2b:42","RSSI":-73},{"SSID":"MeetInLeeds","BSSID":"5c:a6:2d:ef:47:8d","RSSI":-74},{"SSID":"eduroam","BSSID":"5c:a6:2d:ef:47:8e","RSSI":-74},{"SSID":"WiFi Setup - University of Leeds","BSSID":"ac:3a:67:08:32:43","RSSI":-75},{"SSID":"WiFi Setup - University of Leeds","BSSID":"5c:a6:2d:cf:c4:43","RSSI":-77},{"SSID":"WiFi Setup - University of Leeds","BSSID":"5c:a6:2d:5d:2f:43","RSSI":-79},{"SSID":"WiFi Setup - University of Leeds","BSSID":"5c:a6:2d:af:92:2c","RSSI":-81},{"SSID":"WiFi Setup - University of Leeds","BSSID":"5c:a6:2d:ce:ab:c3","RSSI":-82},{"SSID":"MeetInLeeds","BSSID":"5c:a6:2d:ce:ab:c2","RSSI":-82},{"SSID":"eduroam","BSSID":"5c:a6:2d:af:92:2e","RSSI":-85}],[{"SSID":"MeetInLeeds","BSSID":"ac:3a:67:08:05:82","RSSI":-46},{"SSID":"WiFi Setup - University of Leeds","BSSID":"ac:3a:67:08:05:83","RSSI":-46},{"SSID":"WiFi Setup - University of Leeds","BSSID":"5c:a6:2d:af:92:43","RSSI":-49},{"SSID":"MeetInLeeds","BSSID":"5c:a6:2d:af:92:42","RSSI":-49},{"SSID":"WiFi Setup - University of Leeds","BSSID":"5c:a6:2d:1e:09:43","RSSI":-51},{"SSID":"eduroam","BSSID":"5c:a6:2d:1e:09:41","RSSI":-51},{"SSID":"WiFi Setup - University of Leeds","BSSID":"5c:a6:2d:cf:ae:63","RSSI":-52},{"SSID":"MeetInLeeds","BSSID":"5c:a6:2d:1e:09:42","RSSI":-52},{"SSID":"MeetInLeeds","BSSID":"5c:a6:2d:cf:ae:62","RSSI":-53},{"SSID":"MeetInLeeds","BSSID":"5c:a6:2d:af:92:4d","RSSI":-54},{"SSID":"WiFi Setup - University of Leeds","BSSID":"5c:a6:2d:af:92:4c","RSSI":-54},{"SSID":"eduroam","BSSID":"5c:a6:2d:af:92:4e","RSSI":-54},{"SSID":"WiFi Setup - University of Leeds","BSSID":"5c:a6:2d:1e:09:4c","RSSI":-55},{"SSID":"eduroam","BSSID":"5c:a6:2d:1e:09:4e","RSSI":-55},{"SSID":"MeetInLeeds","BSSID":"5c:a6:2d:1e:09:4d","RSSI":-55},{"SSID":"WiFi Setup - University of Leeds","BSSID":"5c:a6:2d:cf:ae:6c","RSSI":-57},{"SSID":"WiFi Setup - University of Leeds","BSSID":"5c:a6:2d:86:6a:63","RSSI":-68},{"SSID":"WiFi Setup - University of Leeds","BSSID":"5c:a6:2d:86:6a:6c","RSSI":-69},{"SSID":"YankeeNet2021","BSSID":"92:b1:44:7a:2c:c5","RSSI":-70},{"SSID":"eduroam","BSSID":"5c:a6:2d:86:6a:6e","RSSI":-70},{"SSID":"MeetInLeeds","BSSID":"5c:a6:2d:86:6a:6d","RSSI":-70},{"SSID":"WiFi Setup - University of Leeds","BSSID":"5c:a6:2d:5d:2f:43","RSSI":-74},{"SSID":"MeetInLeeds","BSSID":"5c:a6:2d:5d:2f:42","RSSI":-75},{"SSID":"WiFi Setup - University of Leeds","BSSID":"5c:a6:2d:5d:2e:0c","RSSI":-80},{"SSID":"MeetInLeeds","BSSID":"5c:a6:2d:5d:2e:0d","RSSI":-81},{"SSID":"WiFi Setup - University of Leeds","BSSID":"5c:a6:2d:5d:2f:4c","RSSI":-83},{"SSID":"MeetInLeeds","BSSID":"5c:a6:2d:5d:2f:4d","RSSI":-83},{"SSID":"eduroam","BSSID":"5c:a6:2d:5d:2f:4e","RSSI":-84},{"SSID":"MeetInLeeds","BSSID":"5c:a6:2d:cf:c4:4d","RSSI":-86},{"SSID":"WiFi Setup - University of Leeds","BSSID":"5c:a6:2d:5d:2b:4c","RSSI":-87}],[{"SSID":"WiFi Setup - University of Leeds","BSSID":"5c:a6:2d:cf:ae:6c","RSSI":-47},{"SSID":"eduroam","BSSID":"5c:a6:2d:cf:ae:6e","RSSI":-47},{"SSID":"MeetInLeeds","BSSID":"5c:a6:2d:cf:ae:6d","RSSI":-47},{"SSID":"eduroam","BSSID":"5c:a6:2d:cf:ae:61","RSSI":-51},{"SSID":"WiFi Setup - University of Leeds","BSSID":"5c:a6:2d:cf:ae:63","RSSI":-51},{"SSID":"WiFi Setup - University of Leeds","BSSID":"ac:3a:67:08:05:8c","RSSI":-51},{"SSID":"MeetInLeeds","BSSID":"ac:3a:67:08:05:8d","RSSI":-51},{"SSID":"eduroam","BSSID":"ac:3a:67:08:05:8e","RSSI":-51},{"SSID":"MeetInLeeds","BSSID":"5c:a6:2d:cf:ae:62","RSSI":-52},{"SSID":"WiFi Setup - University of Leeds","BSSID":"5c:a6:2d:1e:09:43","RSSI":-52},{"SSID":"MeetInLeeds","BSSID":"5c:a6:2d:1e:09:42","RSSI":-53},{"SSID":"WiFi Setup - University of Leeds","BSSID":"ac:3a:67:08:05:83","RSSI":-53},{"SSID":"MeetInLeeds","BSSID":"5c:a6:2d:af:92:4d","RSSI":-59},{"SSID":"WiFi Setup - University of Leeds","BSSID":"5c:a6:2d:af:92:4c","RSSI":-59},{"SSID":"eduroam","BSSID":"5c:a6:2d:af:92:4e","RSSI":-59},{"SSID":"MeetInLeeds","BSSID":"5c:a6:2d:ef:47:82","RSSI":-69},{"SSID":"WiFi Setup - University of Leeds","BSSID":"5c:a6:2d:ef:47:83","RSSI":-69},{"SSID":"WiFi Setup - University of Leeds","BSSID":"5c:a6:2d:86:6a:6c","RSSI":-72},{"SSID":"eduroam","BSSID":"5c:a6:2d:86:6a:6e","RSSI":-72},{"SSID":"MeetInLeeds","BSSID":"5c:a6:2d:86:6a:6d","RSSI":-72},{"SSID":"eduroam","BSSID":"5c:a6:2d:ef:47:8e","RSSI":-75},{"SSID":"MeetInLeeds","BSSID":"5c:a6:2d:5d:2b:42","RSSI":-76},{"SSID":"WiFi Setup - University of Leeds","BSSID":"5c:a6:2d:5d:2b:43","RSSI":-76},{"SSID":"eduroam","BSSID":"5c:a6:2d:af:8d:e1","RSSI":-76},{"SSID":"WiFi Setup - University of Leeds","BSSID":"5c:a6:2d:af:8d:e3","RSSI":-76},{"SSID":"eduroam","BSSID":"5c:a6:2d:ef:4c:41","RSSI":-77},{"SSID":"eduroam","BSSID":"5c:a6:2d:cf:c4:41","RSSI":-77},{"SSID":"WiFi Setup - University of Leeds","BSSID":"5c:a6:2d:af:92:2c","RSSI":-78},{"SSID":"WiFi Setup - University of Leeds","BSSID":"5c:a6:2d:5d:2f:43","RSSI":-80},{"SSID":"eduroam","BSSID":"ac:3a:67:08:32:4e","RSSI":-81},{"SSID":"MeetInLeeds","BSSID":"5c:a6:2d:5d:2f:42","RSSI":-81},{"SSID":"eduroam","BSSID":"5c:a6:2d:ce:b2:8e","RSSI":-84},{"SSID":"WiFi Setup - University of Leeds","BSSID":"5c:a6:2d:cf:c4:4c","RSSI":-85},{"SSID":"MeetInLeeds","BSSID":"5c:a6:2d:ce:b2:8d","RSSI":-85},{"SSID":"WiFi Setup - University of Leeds","BSSID":"5c:a6:2d:ce:b2:8c","RSSI":-85},{"SSID":"WiFi Setup - University of Leeds","BSSID":"5c:a6:2d:5d:2b:4c","RSSI":-86}]]