[[{"SSID":"MeetInLeeds","BSSID":"5c:a6:2d:45:db:ad","RSSI":-42},{"SSID":"WiFi Setup - University of Leeds","BSSID":"5c:a6:2d:45:db:ac","RSSI":-42},{"SSID":"eduroam","BSSID":"5c:a6:2d:45:db:ae","RSSI":-42},{"SSID":"MeetInLeeds","BSSID":"5c:a6:2d:45:db:a2","RSSI":-52},{"SSID":"WiFi Setup - University of Leeds","BSSID":"5c:a6:2d:45:db:a3","RSSI":-52},{"SSID":"MeetInLeeds","BSSID":"5c:a6:2d:af:94:a2","RSSI":-58},{"SSID":"WiFi Setup - University of Leeds","BSSID":"5c:a6:2d:af:94:a3","RSSI":-58},{"SSID":"WiFi Setup - University of Leeds","BSSID":"5c:a6:2d:ef:4a:a3","RSSI":-58},{"SSID":"MeetInLeeds","BSSID":"5c:a6:2d:ef:4a:a2","RSSI":-58},{"SSID":"eduroam","BSSID":"ac:3a:67:08:29:21","RSSI":-58},{"SSID":"WiFi Setup - University of Leeds","BSSID":"ac:3a:67:08:29:2c","RSSI":-60},{"SSID":"MeetInLeeds","BSSID":"ac:3a:67:08:29:2d","RSSI":-60},{"SSID":"eduroam","BSSID":"ac:3a:67:08:29:2e","RSSI":-61},{"SSID":"MeetInLeeds","BSSID":"5c:a6:2d:cf:bb:ed","RSSI":-61},{"SSID":"WiFi Setup - University of Leeds","BSSID":"5c:a6:2d:cf:bb:ec","RSSI":-62},{"SSID":"eduroam","BSSID":"5c:a6:2d:cf:bb:ee","RSSI":-62},{"SSID":"MeetInLeeds","BSSID":"5c:a6:2d:ce:ac:02","RSSI":-69},{"SSID":"WiFi Setup - University of Leeds","BSSID":"5c:a6:2d:ce:ac:03","RSSI":-69},{"SSID":"WiFi Setup - University of Leeds","BSSID":"5c:a6:2d:cf:bb:e3","RSSI":-69},{"SSID":"WiFi Setup - University of Leeds","BSSID":"5c:a6:2d:cf:df:63","RSSI":-74},{"SSID":"MeetInLeeds","BSSID":"ac:3a:67:08:2a:02","RSSI":-74},{"SSID":"WiFi Setup - University of Leeds","BSSID":"ac:3a:67:08:2a:03","RSSI":-75},{"SSID":"MeetInLeeds","BSSID":"5c:a6:2d:1e:0a:02","RSSI":-76},{"SSID":"WiFi Setup - University of Leeds","BSSID":"5c:a6:2d:cf:e6:23","RSSI":-77},{"SSID":"eduroam","BSSID":"5c:a6:2d:1e:0a:0e","RSSI":-78},{"SSID":"WiFi Setup - University of Leeds","BSSID":"5c:a6:2d:86:6c:43","RSSI":-78},{"SSID":"eduroam","BSSID":"5c:a6:2d:cf:e6:2e","RSSI":-78},{"SSID":"MeetInLeeds","BSSID":"5c:a6:2d:1e:0a:0d","RSSI":-79},{"SSID":"WiFi Setup - University of Leeds","BSSID":"5c:a6:2d:cf:e6:2c","RSSI":-79},{"SSID":"MeetInLeeds","BSSID":"5c:a6:2d:cf:e6:2d","RSSI":-79},{"SSID":"WiFi Setup - University of Leeds","BSSID":"5c:a6:2d:1e:0a:0c","RSSI":-80},{"SSID":"MeetInLeeds","BSSID":"ac:3a:67:08:2a:0d","RSSI":-80},{"SSID":"WiFi Setup - University of Leeds","BSSID":"ac:3a:67:08:2a:0c","RSSI":-80},{"SSID":"eduroam","BSSID":"5c:a6:2d:cf:df:6e","RSSI":-80},{"SSID":"eduroam","BSSID":"ac:3a:67:08:2a:0e","RSSI":-81},{"SSID":"MeetInLeeds","BSSID":"5c:a6:2d:cf:df:6d","RSSI":-81},{"SSID":"WiFi Setup - University of Leeds","BSSID":"5c:a6:2d:cf:df:6c","RSSI":-81},{"SSID":"eduroam","BSSID":"5c:a6:2d:ce:a4:ce","RSSI":-82},{"SSID":"MeetInLeeds","BSSID":"5c:a6:2d:ce:a4:cd","RSSI":-82},{"SSID":"WiFi Setup - University of Leeds","BSSID":"5c:a6:2d:ce:a4:cc","RSSI":-83},{"SSID":"MeetInLeeds","BSSID":"5c:a6:2d:ce:71:02","RSSI":-84}],[{"SSID":"WiFi Setup - University of Leeds","BSSID":"5c:a6:2d:45:db:a3","RSSI":-37},{"SSID":"MeetInLeeds","BSSID":"5c:a6:2d:af:94:a2","RSSI":-49},{"SSID":"MeetInLeeds","BSSID":"5c:a6:2d:af:94:ad","RSSI":-50},{"SSID":"WiFi Setup - University of Leeds","BSSID":"5c:a6:2d:af:94:ac","RSSI":-50},{"SSID":"eduroam","BSSID":"5c:a6:2d:af:94:ae","RSSI":-51},{"SSID":"MeetInLeeds","BSSID":"5c:a6:2d:ef:4a:a2","RSSI":-51},{"SSID":"WiFi Setup - University of Leeds","BSSID":"5c:a6:2d:ef:4a:a3","RSSI":-52},{"SSID":"eduroam","BSSID":"5c:a6:2d:ef:4a:a1","RSSI":-52},{"SSID":"WiFi Setup - University of Leeds","BSSID":"ac:3a:67:08:29:2c","RSSI":-54},{"SSID":"eduroam","BSSID":"5c:a6:2d:cf:bb:ee","RSSI":-54},{"SSID":"MeetInLeeds","BSSID":"ac:3a:67:08:29:2d","RSSI":-55},{"SSID":"eduroam","BSSID":"ac:3a:67:08:29:2e","RSSI":-55},{"SSID":"WiFi Setup - University of Leeds","BSSID":"5c:a6:2d:cf:bb:ec","RSSI":-55},{"SSID":"MeetInLeeds","BSSID":"5c:a6:2d:cf:bb:ed","RSSI":-56},{"SSID":"WiFi Setup - University of Leeds","BSSID":"5c:a6:2d:ef:4a:ac","RSSI":-57},{"SSID":"eduroam","BSSID":"5c:a6:2d:ef:4a:ae","RSSI":-58},{"SSID":"MeetInLeeds","BSSID":"5c:a6:2d:ef:4a:ad","RSSI":-58},{"SSID":"WiFi Setup - University of Leeds","BSSID":"5c:a6:2d:cf:bb:e3","RSSI":-60},{"SSID":"WiFi Setup - University of Leeds","BSSID":"ac:3a:67:08:29:23","RSSI":-60},{"SSID":"MeetInLeeds","BSSID":"ac:3a:67:08:29:22","RSSI":-61},{"SSID":"eduroam","BSSID":"5c:a6:2d:ce:ac:0e","RSSI":-62},{"SSID":"WiFi Setup - University of Leeds","BSSID":"5c:a6:2d:ce:ac:0c","RSSI":-63},{"SSID":"WiFi Setup - University of Leeds","BSSID":"5c:a6:2d:af:8f:43","RSSI":-67},{"SSID":"MeetInLeeds","BSSID":"5c:a6:2d:ce:ac:0d","RSSI":-67},{"SSID":"WiFi Setup - University of Leeds","BSSID":"5c:a6:2d:cf:df:63","RSSI":-69},{"SSID":"MeetInLeeds","BSSID":"ac:3a:67:08:2a:02","RSSI":-70},{"SSID":"eduroam","BSSID":"5c:a6:2d:ce:a4:ce","RSSI":-71},{"SSID":"WiFi Setup - University of Leeds","BSSID":"5c:a6:2d:ce:a4:cc","RSSI":-71},{"SSID":"MeetInLeeds","BSSID":"5c:a6:2d:ce:a4:cd","RSSI":-71},{"SSID":"eduroam","BSSID":"5c:a6:2d:cf:e6:2e","RSSI":-71},{"SSID":"MeetInLeeds","BSSID":"5c:a6:2d:cf:e6:2d","RSSI":-71},{"SSID":"eduroam","BSSID":"5c:a6:2d:cf:df:6e","RSSI":-73},{"SSID":"WiFi Setup - University of Leeds","BSSID":"5c:a6:2d:86:6c:43","RSSI":-74},{"SSID":"MeetInLeeds","BSSID":"5c:a6:2d:ce:b4:c2","RSSI":-77},{"SSID":"eduroam","BSSID":"5c:a6:2d:ce:8e:a1","RSSI":-79},{"SSID":"WiFi Setup - University of Leeds","BSSID":"5c:a6:2d:86:6b:ec","RSSI":-79},{"SSID":"WiFi Setup - University of Leeds","BSSID":"ac:3a:67:08:28:cc","RSSI":-80},{"SSID":"WiFi Setup - University of Leeds","BSSID":"ac:3a:67:08:0e:ec","RSSI":-81},{"SSID":"eduroam","BSSID":"ac:3a:67:08:0e:ee","RSSI":-83},{"SSID":"MeetInLeeds","BSSID":"ac:3a:67:08:28:c2","RSSI":-83},{"SSID":"eduroam","BSSID":"ac:3a:67:08:0e:e1","RSSI":-83},{"SSID":"WiFi Setup - University of Leeds","BSSID":"ac:3a:67:08:28:c3","RSSI":-84}],[{"SSID":"eduroam","BSSID":"5c:a6:2d:45:db:ae","RSSI":-38},{"SSID":"MeetInLeeds","BSSID":"5c:a6:2d:45:db:a2","RSSI":-42},{"SSID":"WiFi Setup - University of Leeds","BSSID":"5c:a6:2d:45:db:a3","RSSI":-42},{"SSID":"MeetInLeeds","BSSID":"5c:a6:2d:af:94:ad","RSSI":-44},{"SSID":"eduroam","BSSID":"5c:a6:2d:af:94:ae","RSSI":-46},{"SSID":"WiFi Setup - University of Leeds","BSSID":"5c:a6:2d:af:94:ac","RSSI":-47},{"SSID":"MeetInLeeds","BSSID":"5c:a6:2d:ef:4a:ad","RSSI":-51},{"SSID":"MeetInLeeds","BSSID":"ac:3a:67:08:29:22","RSSI":-51},{"SSID":"WiFi Setup - University of Leeds","BSSID":"ac:3a:67:08:29:23","RSSI":-51},{"SSID":"MeetInLeeds","BSSID":"ac:3a:67:08:29:2d","RSSI":-52},{"SSID":"eduroam","BSSID":"ac:3a:67:08:29:2e","RSSI":-52},{"SSID":"WiFi Setup - University of Leeds","BSSID":"5c:a6:2d:ef:4a:ac","RSSI":-52},{"SSID":"WiFi Setup - University of Leeds","BSSID":"ac:3a:67:08:29:2c","RSSI":-53},{"SSID":"WiFi Setup - University of Leeds","BSSID":"5c:a6:2d:ef:4a:a3","RSSI":-53},{"SSID":"WiFi Setup - University of Leeds","BSSID":"5c:a6:2d:cf:bb:e3","RSSI":-54},{"SSID":"MeetInLeeds","BSSID":"5c:a6:2d:cf:bb:e2","RSSI":-54},{"SSID":"MeetInLeeds","BSSID":"5c:a6:2d:ef:4a:a2","RSSI":-54},{"SSID":"MeetInLeeds","BSSID":"5c:a6:2d:cf:bb:ed","RSSI":-55},{"SSID":"WiFi Setup - University of Leeds","BSSID":"5c:a6:2d:cf:bb:ec","RSSI":-55},{"SSID":"MeetInLeeds","BSSID":"5c:a6:2d:ce:ac:02","RSSI":-57},{"SSID":"MeetInLeeds","BSSID":"5c:a6:2d:cf:e6:22","RSSI":-62},{"SSID":"WiFi Setup - University of Leeds","BSSID":"5c:a6:2d:cf:e6:23","RSSI":-62},{"SSID":"WiFi Setup - University of Leeds","BSSID":"5c:a6:2d:cf:df:63","RSSI":-65},{"SSID":"WiFi Setup - University of Leeds","BSSID":"5c:a6:2d:1e:0a:03","RSSI":-67},{"SSID":"eduroam","BSSID":"5c:a6:2d:cf:df:6e","RSSI":-68},{"SSID":"WiFi Setup - University of Leeds","BSSID":"5c:a6:2d:ce:a4:cc","RSSI":-72},{"SSID":"eduroam","BSSID":"5c:a6:2d:cf:e6:2e","RSSI":-73},{"SSID":"MeetInLeeds","BSSID":"5c:a6:2d:cf:e6:2d","RSSI":-73},{"SSID":"MeetInLeeds","BSSID":"5c:a6:2d:ce:a4:cd","RSSI":-74},{"SSID":"WiFi Setup - University of Leeds","BSSID":"ac:3a:67:08:28:c3","RSSI":-75},{"SSID":"MeetInLeeds","BSSID":"5c:a6:2d:86:6b:ed","RSSI":-75},{"SSID":"WiFi Setup - University of Leeds","BSSID":"5c:a6:2d:86:6b:e3","RSSI":-76},{"SSID":"WiFi Setup - University of Leeds","BSSID":"5c:a6:2d:86:6b:ec","RSSI":-76},{"SSID":"WiFi Setup - University of Leeds","BSSID":"5c:a6:2d:ce:71:03","RSSI":-76},{"SSID":"eduroam","BSSID":"5c:a6:2d:ce:bf:0e","RSSI":-76},{"SSID":"MeetInLeeds","BSSID":"5c:a6:2d:ce:bf:0d","RSSI":-77},{"SSID":"WiFi Setup - University of Leeds","BSSID":"5c:a6:2d:ce:bf:0c","RSSI":-77},{"SSID":"eduroam","BSSID":"5c:a6:2d:cf:e5:01","RSSI":-80},{"SSID":"eduroam","BSSID":"5c:a6:2d:cf:e8:a1","RSSI":-81},{"SSID":"WiFi Setup - University of Leeds","BSSID":"5c:a6:2d:cf:e8:a3","RSSI":-81},{"SSID":"WiFi Setup - University of Leeds","BSSID":"5c:a6:2d:af:8f:cc","RSSI":-82},{"SSID":"eduroam","BSSID":"5c:a6:2d:cf:e8:ae","RSSI":-84},{"SSID":"eduroam","BSSID":"ac:3a:67:07:f8:6e","RSSI":-84},{"SSID":"eduroam","BSSID":"5c:a6:2d:86:69:21","RSSI":-84},{"SSID":"MeetInLeeds","BSSID":"ac:3a:67:07:f8:6d","RSSI":-85},{"SSID":"WiFi Setup - University of Leeds","BSSID":"ac:3a:67:07:f8:6c","RSSI":-86}],[{"SSID":"WiFi Setup - University of Leeds","BSSID":"5c:a6:2d:45:db:a3","RSSI":-36},{"SSID":"MeetInLeeds","BSSID":"5c:a6:2d:45:db:a2","RSSI":-37},{"SSID":"MeetInLeeds","BSSID":"5c:a6:2d:45:db:ad","RSSI":-40},{"SSID":"WiFi Setup - University of Leeds","BSSID":"5c:a6:2d:45:db:ac","RSSI":-40},{"SSID":"eduroam","BSSID":"5c:a6:2d:45:db:ae","RSSI":-41},{"SSID":"WiFi Setup - University of Leeds","BSSID":"ac:3a:67:08:29:2c","RSSI":-48},{"SSID":"MeetInLeeds","BSSID":"ac:3a:67:08:29:2d","RSSI":-48},{"SSID":"eduroam","BSSID":"ac:3a:67:08:29:2e","RSSI":-48},{"SSID":"MeetInLeeds","BSSID":"5c:a6:2d:af:94:ad","RSSI":-50},{"SSID":"eduroam","BSSID":"5c:a6:2d:af:94:ae","RSSI":-50},{"SSID":"WiFi Setup - University of Leeds","BSSID":"5c:a6:2d:af:94:ac","RSSI":-50},{"SSID":"MeetInLeeds","BSSID":"ac:3a:67:08:29:22","RSSI":-50},{"SSID":"WiFi Setup - University of Leeds","BSSID":"ac:3a:67:08:29:23","RSSI":-50},{"SSID":"MeetInLeeds","BSSID":"5c:a6:2d:af:94:a2","RSSI":-52},{"SSID":"MeetInLeeds","BSSID":"5c:a6:2d:cf:bb:e2","RSSI":-52},{"SSID":"eduroam","BSSID":"5c:a6:2d:ef:4a:ae","RSSI":-52},{"SSID":"MeetInLeeds","BSSID":"5c:a6:2d:ef:4a:ad","RSSI":-52},{"SSID":"WiFi Setup - University of Leeds","BSSID":"5c:a6:2d:ef:4a:ac","RSSI":-52},{"SSID":"WiFi Setup - University of Leeds","BSSID":"5c:a6:2d:cf:bb:e3","RSSI":-53},{"SSID":"MeetInLeeds","BSSID":"5c:a6:2d:ef:4a:a2","RSSI":-54},{"SSID":"eduroam","BSSID":"5c:a6:2d:ef:4a:a1","RSSI":-54},{"SSID":"WiFi Setup - University of Leeds","BSSID":"5c:a6:2d:ef:4a:a3","RSSI":-55},{"SSID":"MeetInLeeds","BSSID":"5c:a6:2d:ce:ac:02","RSSI":-58},{"SSID":"WiFi Setup - University of Leeds","BSSID":"5c:a6:2d:ce:ac:03","RSSI":-58},{"SSID":"WiFi Setup - University of Leeds","BSSID":"5c:a6:2d:ce:ac:0c","RSSI":-58},{"SSID":"WiFi Setup - University of Leeds","BSSID":"5c:a6:2d:cf:bb:ec","RSSI":-60},{"SSID":"MeetInLeeds","BSSID":"5c:a6:2d:cf:bb:ed","RSSI":-62},{"SSID":"eduroam","BSSID":"5c:a6:2d:cf:bb:ee","RSSI":-62},{"SSID":"WiFi Setup - University of Leeds","BSSID":"5c:a6:2d:1e:0a:03","RSSI":-65},{"SSID":"MeetInLeeds","BSSID":"5c:a6:2d:1e:0a:02","RSSI":-66},{"SSID":"eduroam","BSSID":"5c:a6:2d:cf:df:61","RSSI":-67},{"SSID":"WiFi Setup - University of Leeds","BSSID":"5c:a6:2d:cf:df:63","RSSI":-68},{"SSID":"MeetInLeeds","BSSID":"5c:a6:2d:cf:df:62","RSSI":-68},{"SSID":"WiFi Setup - University of Leeds","BSSID":"5c:a6:2d:86:6b:e3","RSSI":-71},{"SSID":"eduroam","BSSID":"5c:a6:2d:cf:e6:2e","RSSI":-71},{"SSID":"WiFi Setup - University of Leeds","BSSID":"5c:a6:2d:cf:e6:2c","RSSI":-71},{"SSID":"MeetInLeeds","BSSID":"5c:a6:2d:af:8f:42","RSSI":-72},{"SSID":"eduroam","BSSID":"5c:a6:2d:ce:a4:ce","RSSI":-73},{"SSID":"WiFi Setup - University of Leeds","BSSID":"5c:a6:2d:ce:a4:cc","RSSI":-73},{"SSID":"MeetInLeeds","BSSID":"5c:a6:2d:ce:a4:cd","RSSI":-73},{"SSID":"WiFi Setup - University of Leeds","BSSID":"5c:a6:2d:af:8f:43","RSSI":-73},{"SSID":"MeetInLeeds","BSSID":"5c:a6:2d:ce:bf:0d","RSSI":-73},{"SSID":"WiFi Setup - University of Leeds","BSSID":"5c:a6:2d:1e:0a:0c","RSSI":-74},{"SSID":"WiFi Setup - University of Leeds","BSSID":"ac:3a:67:08:2a:03","RSSI":-74},{"SSID":"WiFi Setup - University of Leeds","BSSID":"ac:3a:67:08:2a:0c","RSSI":-74},{"SSID":"WiFi Setup - University of Leeds","BSSID":"5c:a6:2d:ce:bf:0c","RSSI":-74},{"SSID":"MeetInLeeds","BSSID":"ac:3a:67:08:28:c2","RSSI":-75},{"SSID":"MeetInLeeds","BSSID":"5c:a6:2d:86:6b:ed","RSSI":-75},{"SSID":"WiFi Setup - University of Leeds","BSSID":"5c:a6:2d:ce:71:03","RSSI":-75},{"SSID":"MeetInLeeds","BSSID":"5c:a6:2d:1e:0a:0d","RSSI":-76},{"SSID":"WiFi Setup - University of Leeds","BSSID":"ac:3a:67:08:28:c3","RSSI":-76},{"SSID":"WiFi Setup - University of Leeds","BSSID":"5c:a6:2d:86:6b:ec","RSSI":-76},{"SSID":"eduroam","BSSID":"5c:a6:2d:86:6b:ee","RSSI":-76},{"SSID":"WiFi Setup - University of Leeds","BSSID":"5c:a6:2d:cf:df:6c","RSSI":-76},{"SSID":"MeetInLeeds","BSSID":"ac:3a:67:08:2a:0d","RSSI":-77},{"SSID":"eduroam","BSSID":"ac:3a:67:08:2a:0e","RSSI":-77},{"SSID":"MeetInLeeds","BSSID":"5c:a6:2d:ce:71:02","RSSI":-77},{"SSID":"eduroam","BSSID":"5c:a6:2d:ce:bf:0e","RSSI":-77},{"SSID":"WiFi Setup - University of Leeds","BSSID":"5c:a6:2d:86:6c:43","RSSI":-78},{"SSID":"WiFi Setup - University of Leeds","BSSID":"5c:a6:2d:af:8f:4c","RSSI":-79},{"SSID":"eduroam","BSSID":"5c:a6:2d:cf:e5:01","RSSI":-81},{"SSID":"WiFi Setup - University of Leeds","BSSID":"5c:a6:2d:cf:e8:a3","RSSI":-82},{"SSID":"WiFi Setup - University of Leeds","BSSID":"5c:a6:2d:ce:b5:03","RSSI":-82},{"SSID":"WiFi Setup - University of Leeds","BSSID":"5c:a6:2d:ce:71:0c","RSSI":-83},{"SSID":"eduroam","BSSID":"ac:3a:67:08:0e:ee","RSSI":-84},{"SSID":"WiFi Setup - University of Leeds","BSSID":"5c:a6:2d:af:8f:cc","RSSI":-84},{"SSID":"WiFi Setup - University of Leeds","BSSID":"5c:a6:2d:ce:8e:ac","RSSI":-84},{"SSID":"MeetInLeeds","BSSID":"5c:a6:2d:ce:71:0d","RSSI":-84},{"SSID":"eduroam","BSSID":"5c:a6:2d:ce:71:0e","RSSI":-84},{"SSID":"eduroam","BSSID":"5c:a6:2d:86:6c:4e","RSSI":-85},{"SSID":"eduroam","BSSID":"5c:a6:2d:ce:8e:ae","RSSI":-85},{"SSID":"MeetInLeeds","BSSID":"5c:a6:2d:ce:8e:ad","RSSI":-85}],[{"SSID":"eduroam","BSSID":"5c:a6:2d:45:db:a1","RSSI":-37},{"SSID":"MeetInLeeds","BSSID":"5c:a6:2d:45:db:a2","RSSI":-38},{"SSID":"WiFi Setup - University of Leeds","BSSID":"5c:a6:2d:45:db:a3","RSSI":-38},{"SSID":"MeetInLeeds","BSSID":"5c:a6:2d:45:db:ad","RSSI":-41},{"SSID":"WiFi Setup - University of Leeds","BSSID":"5c:a6:2d:45:db:ac","RSSI":-41},{"SSID":"eduroam","BSSID":"5c:a6:2d:45:db:ae","RSSI":-42},{"SSID":"WiFi Setup - University of Leeds","BSSID":"5c:a6:2d:af:94:a3","RSSI":-46},{"SSID":"MeetInLeeds","BSSID":"5c:a6:2d:af:94:a2","RSSI":-47},{"SSID":"eduroam","BSSID":"ac:3a:67:08:29:21","RSSI":-48},{"SSID":"MeetInLeeds","BSSID":"ac:3a:67:08:29:22","RSSI":-49},{"SSID":"WiFi Setup - University of Leeds","BSSID":"ac:3a:67:08:29:23","RSSI":-49},{"SSID":"MeetInLeeds","BSSID":"5c:a6:2d:ef:4a:a2","RSSI":-51},{"SSID":"WiFi Setup - University of Leeds","BSSID":"5c:a6:2d:ef:4a:a3","RSSI":-52},{"SSID":"MeetInLeeds","BSSID":"5c:a6:2d:ef:4a:ad","RSSI":-55},{"SSID":"MeetInLeeds","BSSID":"5c:a6:2d:cf:bb:e2","RSSI":-56},{"SSID":"eduroam","BSSID":"5c:a6:2d:cf:bb:e1","RSSI":-56},{"SSID":"WiFi Setup - University of Leeds","BSSID":"5c:a6:2d:cf:bb:e3","RSSI":-57},{"SSID":"MeetInLeeds","BSSID":"5c:a6:2d:ce:ac:02","RSSI":-58},{"SSID":"WiFi Setup - University of Leeds","BSSID":"5c:a6:2d:ce:ac:03","RSSI":-58},{"SSID":"MeetInLeeds","BSSID":"5c:a6:2d:cf:bb:ed","RSSI":-59},{"SSID":"WiFi Setup - University of Leeds","BSSID":"5c:a6:2d:cf:bb:ec","RSSI":-60},{"SSID":"eduroam","BSSID":"5c:a6:2d:cf:bb:ee","RSSI":-60},{"SSID":"MeetInLeeds","BSSID":"5c:a6:2d:cf:e6:22","RSSI":-64},{"SSID":"eduroam","BSSID":"5c:a6:2d:1e:0a:0e","RSSI":-71},{"SSID":"MeetInLeeds","BSSID":"5c:a6:2d:ce:bf:02","RSSI":-71},{"SSID":"WiFi Setup - University of Leeds","BSSID":"5c:a6:2d:af:8f:43","RSSI":-71},{"SSID":"WiFi Setup - University of Leeds","BSSID":"5c:a6:2d:ce:a4:c3","RSSI":-72},{"SSID":"MeetInLeeds","BSSID":"5c:a6:2d:af:8f:42","RSSI":-72},{"SSID":"eduroam","BSSID":"5c:a6:2d:ce:a4:ce","RSSI":-73},{"SSID":"MeetInLeeds","BSSID":"ac:3a:67:08:2a:0d","RSSI":-73},{"SSID":"eduroam","BSSID":"ac:3a:67:08:2a:0e","RSSI":-74},{"SSID":"WiFi Setup - University of Leeds","BSSID":"ac:3a:67:08:28:c3","RSSI":-76},{"SSID":"WiFi Setup - University of Leeds","BSSID":"5c:a6:2d:ce:71:03","RSSI":-76},{"SSID":"MeetInLeeds","BSSID":"5c:a6:2d:ce:71:02","RSSI":-76},{"SSID":"WiFi Setup - University of Leeds","BSSID":"5c:a6:2d:cf:e5:03","RSSI":-80},{"SSID":"WiFi Setup - University of Leeds","BSSID":"5c:a6:2d:cf:e8:a3","RSSI":-82},{"SSID":"eduroam","BSSID":"5c:a6:2d:af:91:41","RSSI":-84}],[{"SSID":"MeetInLeeds","BSSID":"5c:a6:2d:45:db:a2","RSSI":-38},{"SSID":"WiFi Setup - University of Leeds","BSSID":"5c:a6:2d:45:db:a3","RSSI":-38},{"SSID":"MeetInLeeds","BSSID":"5c:a6:2d:45:db:ad","RSSI":-41},{"SSID":"WiFi Setup - University of Leeds","BSSID":"5c:a6:2d:45:db:ac","RSSI":-41},{"SSID":"eduroam","BSSID":"5c:a6:2d:45:db:ae","RSSI":-42},{"SSID":"MeetInLeeds","BSSID":"5c:a6:2d:af:94:ad","RSSI":-48},{"SSID":"eduroam","BSSID":"5c:a6:2d:af:94:ae","RSSI":-48},{"SSID":"WiFi Setup - University of Leeds","BSSID":"5c:a6:2d:af:94:ac","RSSI":-48},{"SSID":"MeetInLeeds","BSSID":"5c:a6:2d:af:94:a2","RSSI":-50},{"SSID":"WiFi Setup - University of Leeds","BSSID":"5c:a6:2d:af:94:a3","RSSI":-50},{"SSID":"eduroam","BSSID":"ac:3a:67:08:29:2e","RSSI":-52},{"SSID":"WiFi Setup - University of Leeds","BSSID":"ac:3a:67:08:29:2c","RSSI":-53},{"SSID":"MeetInLeeds","BSSID":"5c:a6:2d:ef:4a:a2","RSSI":-55},{"SSID":"MeetInLeeds","BSSID":"5c:a6:2d:cf:bb:e2","RSSI":-56},{"SSID":"eduroam","BSSID":"5c:a6:2d:ef:4a:ae","RSSI":-56},{"SSID":"MeetInLeeds","BSSID":"5c:a6:2d:ef:4a:ad","RSSI":-56},{"SSID":"eduroam","BSSID":"5c:a6:2d:ef:4a:a1","RSSI":-57},{"SSID":"WiFi Setup - University of Leeds","BSSID":"5c:a6:2d:ef:4a:ac","RSSI":-57},{"SSID":"MeetInLeeds","BSSID":"5c:a6:2d:ce:ac:02","RSSI":-58},{"SSID":"WiFi Setup - University of Leeds","BSSID":"5c:a6:2d:ce:ac:03","RSSI":-58},{"SSID":"MeetInLeeds","BSSID":"5c:a6:2d:cf:bb:ed","RSSI":-58},{"SSID":"eduroam","BSSID":"5c:a6:2d:cf:bb:ee","RSSI":-58},{"SSID":"WiFi Setup - University of Leeds","BSSID":"5c:a6:2d:cf:bb:ec","RSSI":-59},{"SSID":"WiFi Setup - University of Leeds","BSSID":"5c:a6:2d:cf:e6:23","RSSI":-63},{"SSID":"MeetInLeeds","BSSID":"5c:a6:2d:cf:e6:22","RSSI":-64},{"SSID":"WiFi Setup - University of Leeds","BSSID":"5c:a6:2d:cf:df:6c","RSSI":-68},{"SSID":"eduroam","BSSID":"5c:a6:2d:cf:df:6e","RSSI":-69},{"SSID":"MeetInLeeds","BSSID":"5c:a6:2d:cf:df:6d","RSSI":-70},{"SSID":"MeetInLeeds","BSSID":"5c:a6:2d:af:8f:42","RSSI":-70},{"SSID":"WiFi Setup - University of Leeds","BSSID":"5c:a6:2d:af:8f:43","RSSI":-71},{"SSID":"eduroam","BSSID":"5c:a6:2d:cf:e6:2e","RSSI":-71},{"SSID":"WiFi Setup - University of Leeds","BSSID":"5c:a6:2d:cf:e6:2c","RSSI":-71},{"SSID":"WiFi Setup - University of Leeds","BSSID":"ac:3a:67:08:2a:03","RSSI":-72},{"SSID":"WiFi Setup - University of Leeds","BSSID":"5c:a6:2d:86:6b:ec","RSSI":-73},{"SSID":"MeetInLeeds","BSSID":"ac:3a:67:08:2a:0d","RSSI":-73},{"SSID":"WiFi Setup - University of Leeds","BSSID":"ac:3a:67:08:2a:0c","RSSI":-73},{"SSID":"MeetInLeeds","BSSID":"5c:a6:2d:86:6b:ed","RSSI":-73},{"SSID":"eduroam","BSSID":"5c:a6:2d:86:6b:ee","RSSI":-73},{"SSID":"eduroam","BSSID":"ac:3a:67:08:2a:0e","RSSI":-74},{"SSID":"WiFi Setup - University of Leeds","BSSID":"ac:3a:67:08:28:c3","RSSI":-76},{"SSID":"MeetInLeeds","BSSID":"ac:3a:67:08:28:c2","RSSI":-77},{"SSID":"WiFi Setup - University of Leeds","BSSID":"5c:a6:2d:ce:71:03","RSSI":-77},{"SSID":"MeetInLeeds","BSSID":"5c:a6:2d:ce:71:02","RSSI":-77},{"SSID":"WiFi Setup - University of Leeds","BSSID":"5c:a6:2d:cf:e5:03","RSSI":-79},{"SSID":"MeetInLeeds","BSSID":"5c:a6:2d:cf:e5:02","RSSI":-79},{"SSID":"WiFi Setup - University of Leeds","BSSID":"5c:a6:2d:1e:0a:0c","RSSI":-79},{"SSID":"MeetInLeeds","BSSID":"5c:a6:2d:1e:0a:0d","RSSI":-80},{"SSID":"eduroam","BSSID":"ac:3a:67:08:0e:e1","RSSI":-81}],[{"SSID":"MeetInLeeds","BSSID":"5c:a6:2d:45:db:a2","RSSI":-39},{"SSID":"WiFi Setup - University of Leeds","BSSID":"5c:a6:2d:45:db:a3","RSSI":-39},{"SSID":"MeetInLeeds","BSSID":"5c:a6:2d:45:db:ad","RSSI":-44},{"SSID":"WiFi Setup - University of Leeds","BSSID":"5c:a6:2d:45:db:ac","RSSI":-44},{"SSID":"eduroam","BSSID":"5c:a6:2d:45:db:ae","RSSI":-44},{"SSID":"eduroam","BSSID":"5c:a6:2d:af:94:ae","RSSI":-47},{"SSID":"MeetInLeeds","BSSID":"5c:a6:2d:af:94:a2","RSSI":-48},{"SSID":"WiFi Setup - University of Leeds","BSSID":"5c:a6:2d:af:94:a3","RSSI":-48},{"SSID":"MeetInLeeds","BSSID":"5c:a6:2d:af:94:ad","RSSI":-48},{"SSID":"MeetInLeeds","BSSID":"ac:3a:67:08:29:22","RSSI":-49},{"SSID":"WiFi Setup - University of Leeds","BSSID":"ac:3a:67:08:29:23","RSSI":-49},{"SSID":"WiFi Setup - University of Leeds","BSSID":"5c:a6:2d:ef:4a:a3","RSSI":-50},{"SSID":"MeetInLeeds","BSSID":"5c:a6:2d:ef:4a:a2","RSSI":-51},{"SSID":"WiFi Setup - University of Leeds","BSSID":"5c:a6:2d:cf:bb:ec","RSSI":-52},{"SSID":"eduroam","BSSID":"5c:a6:2d:cf:bb:ee","RSSI":-52},{"SSID":"WiFi Setup - University of Leeds","BSSID":"5c:a6:2d:af:94:ac","RSSI":-52},{"SSID":"MeetInLeeds","BSSID":"5c:a6:2d:cf:bb:e2","RSSI":-53},{"SSID":"WiFi Setup - University of Leeds","BSSID":"5c:a6:2d:cf:bb:e3","RSSI":-54},{"SSID":"MeetInLeeds","BSSID":"5c:a6:2d:ce:ac:02","RSSI":-55},{"SSID":"WiFi Setup - University of Leeds","BSSID":"5c:a6:2d:ce:ac:03","RSSI":-55},{"SSID":"WiFi Setup - University of Leeds","BSSID":"ac:3a:67:08:29:2c","RSSI":-55},{"SSID":"MeetInLeeds","BSSID":"ac:3a:67:08:29:2d","RSSI":-55},{"SSID":"eduroam","BSSID":"ac:3a:67:08:29:2e","RSSI":-55},{"SSID":"MeetInLeeds","BSSID":"5c:a6:2d:cf:bb:ed","RSSI":-55},{"SSID":"eduroam","BSSID":"5c:a6:2d:ef:4a:ae","RSSI":-55},{"SSID":"WiFi Setup - University of Leeds","BSSID":"5c:a6:2d:ef:4a:ac","RSSI":-55},{"SSID":"MeetInLeeds","BSSID":"5c:a6:2d:ef:4a:ad","RSSI":-56},{"SSID":"MeetInLeeds","BSSID":"5c:a6:2d:cf:e6:22","RSSI":-62},{"SSID":"WiFi Setup - University of Leeds","BSSID":"5c:a6:2d:cf:e6:23","RSSI":-62},{"SSID":"eduroam","BSSID":"5c:a6:2d:1e:0a:01","RSSI":-63},{"SSID":"WiFi Setup - University of Leeds","BSSID":"5c:a6:2d:1e:0a:03","RSSI":-63},{"SSID":"MeetInLeeds","BSSID":"5c:a6:2d:1e:0a:02","RSSI":-63},{"SSID":"WiFi Setup - University of Leeds","BSSID":"5c:a6:2d:cf:df:63","RSSI":-66},{"SSID":"MeetInLeeds","BSSID":"ac:3a:67:08:2a:02","RSSI":-66},{"SSID":"WiFi Setup - University of Leeds","BSSID":"ac:3a:67:08:2a:03","RSSI":-67},{"SSID":"eduroam","BSSID":"5c:a6:2d:ce:ac:0e","RSSI":-67},{"SSID":"WiFi Setup - University of Leeds","BSSID":"5c:a6:2d:af:8f:43","RSSI":-68},{"SSID":"MeetInLeeds","BSSID":"5c:a6:2d:ce:ac:0d","RSSI":-68},{"SSID":"WiFi Setup - University of Leeds","BSSID":"5c:a6:2d:ce:ac:0c","RSSI":-68},{"SSID":"eduroam","BSSID":"ac:3a:67:08:28:c1","RSSI":-71},{"SSID":"eduroam","BSSID":"5c:a6:2d:cf:e6:2e","RSSI":-71},{"SSID":"WiFi Setup - University of Leeds","BSSID":"5c:a6:2d:cf:e6:2c","RSSI":-71},{"SSID":"MeetInLeeds","BSSID":"5c:a6:2d:cf:e6:2d","RSSI":-71},{"SSID":"WiFi Setup - University of Leeds","BSSID":"5c:a6:2d:86:6b:e3","RSSI":-72},{"SSID":"WiFi Setup - University of Leeds","BSSID":"5c:a6:2d:ce:a4:cc","RSSI":-74},{"SSID":"MeetInLeeds","BSSID":"5c:a6:2d:ce:a4:cd","RSSI":-74},{"SSID":"WiFi Setup - University of Leeds","BSSID":"5c:a6:2d:86:6b:ec","RSSI":-75},{"SSID":"MeetInLeeds","BSSID":"5c:a6:2d:86:6b:ed","RSSI":-75},{"SSID":"eduroam","BSSID":"5c:a6:2d:86:6b:ee","RSSI":-76},{"SSID":"MeetInLeeds","BSSID":"5c:a6:2d:ce:71:02","RSSI":-77},{"SSID":"eduroam","BSSID":"5c:a6:2d:ef:45:21","RSSI":-78},{"SSID":"WiFi Setup - University of Leeds","BSSID":"5c:a6:2d:ef:45:23","RSSI":-79},{"SSID":"MeetInLeeds","BSSID":"5c:a6:2d:ef:45:22","RSSI":-79},{"SSID":"WiFi Setup - University of Leeds","BSSID":"ac:3a:67:08:0e:e3","RSSI":-80},{"SSID":"MeetInLeeds","BSSID":"5c:a6:2d:b5:ca:e2","RSSI":-83},{"SSID":"WiFi Setup - University of Leeds","BSSID":"ac:3a:67:07:f8:6c","RSSI":-85}],[{"SSID":"MeetInLeeds","BSSID":"5c:a6:2d:45:db:a2","RSSI":-38},{"SSID":"WiFi Setup - University of Leeds","BSSID":"5c:a6:2d:45:db:a3","RSSI":-39},{"SSID":"eduroam","BSSID":"5c:a6:2d:45:db:ae","RSSI":-41},{"SSID":"MeetInLeeds","BSSID":"5c:a6:2d:45:db:ad","RSSI":-42},{"SSID":"WiFi Setup - University of Leeds","BSSID":"5c:a6:2d:45:db:ac","RSSI":-42},{"SSID":"MeetInLeeds","BSSID":"5c:a6:2d:af:94:a2","RSSI":-48},{"SSID":"WiFi Setup - University of Leeds","BSSID":"5c:a6:2d:af:94:a3","RSSI":-48},{"SSID":"eduroam","BSSID":"ac:3a:67:08:29:21","RSSI":-48},{"SSID":"eduroam","BSSID":"5c:a6:2d:af:94:a1","RSSI":-49},{"SSID":"MeetInLeeds","BSSID":"5c:a6:2d:ef:4a:a2","RSSI":-49},{"SSID":"MeetInLeeds","BSSID":"ac:3a:67:08:29:22","RSSI":-49},{"SSID":"WiFi Setup - University of Leeds","BSSID":"ac:3a:67:08:29:23","RSSI":-49},{"SSID":"WiFi Setup - University of Leeds","BSSID":"5c:a6:2d:ef:4a:a3","RSSI":-50},{"SSID":"WiFi Setup - University of Leeds","BSSID":"ac:3a:67:08:29:2c","RSSI":-53},{"SSID":"MeetInLeeds","BSSID":"ac:3a:67:08:29:2d","RSSI":-53},{"SSID":"eduroam","BSSID":"ac:3a:67:08:29:2e","RSSI":-53},{"SSID":"WiFi Setup - University of Leeds","BSSID":"5c:a6:2d:cf:bb:e3","RSSI":-53},{"SSID":"MeetInLeeds","BSSID":"5c:a6:2d:cf:bb:e2","RSSI":-54},{"SSID":"MeetInLeeds","BSSID":"5c:a6:2d:ce:ac:02","RSSI":-56},{"SSID":"WiFi Setup - University of Leeds","BSSID":"5c:a6:2d:ce:ac:03","RSSI":-56},{"SSID":"MeetInLeeds","BSSID":"5c:a6:2d:cf:bb:ed","RSSI":-57},{"SSID":"WiFi Setup - University of Leeds","BSSID":"5c:a6:2d:cf:bb:ec","RSSI":-57},{"SSID":"eduroam","BSSID":"5c:a6:2d:cf:bb:ee","RSSI":-58},{"SSID":"MeetInLeeds","BSSID":"5c:a6:2d:1e:0a:02","RSSI":-62},{"SSID":"WiFi Setup - University of Leeds","BSSID":"5c:a6:2d:cf:e6:23","RSSI":-62},{"SSID":"WiFi Setup - University of Leeds","BSSID":"5c:a6:2d:1e:0a:03","RSSI":-63},{"SSID":"WiFi Setup - University of Leeds","BSSID":"5c:a6:2d:cf:df:63","RSSI":-67},{"SSID":"WiFi Setup - University of Leeds","BSSID":"5c:a6:2d:ce:bf:03","RSSI":-67},{"SSID":"MeetInLeeds","BSSID":"5c:a6:2d:cf:df:62","RSSI":-68},{"SSID":"MeetInLeeds","BSSID":"5c:a6:2d:af:8f:42","RSSI":-68},{"SSID":"MeetInLeeds","BSSID":"5c:a6:2d:cf:e6:22","RSSI":-68},{"SSID":"MeetInLeeds","BSSID":"5c:a6:2d:ce:a4:c2","RSSI":-70},{"SSID":"WiFi Setup - University of Leeds","BSSID":"5c:a6:2d:ce:a4:cc","RSSI":-72},{"SSID":"WiFi Setup - University of Leeds","BSSID":"5c:a6:2d:cf:e6:2c","RSSI":-72},{"SSID":"MeetInLeeds","BSSID":"5c:a6:2d:cf:e6:2d","RSSI":-72},{"SSID":"MeetInLeeds","BSSID":"5c:a6:2d:ce:a4:cd","RSSI":-73},{"SSID":"eduroam","BSSID":"5c:a6:2d:cf:e6:2e","RSSI":-73},{"SSID":"WiFi Setup - University of Leeds","BSSID":"ac:3a:67:08:28:c3","RSSI":-75},{"SSID":"MeetInLeeds","BSSID":"ac:3a:67:08:28:c2","RSSI":-75},{"SSID":"WiFi Setup - University of Leeds","BSSID":"5c:a6:2d:af:8f:c3","RSSI":-76},{"SSID":"MeetInLeeds","BSSID":"5c:a6:2d:ce:bf:0d","RSSI":-79},{"SSID":"WiFi Setup - University of Leeds","BSSID":"5c:a6:2d:ce:bf:0c","RSSI":-79},{"SSID":"eduroam","BSSID":"5c:a6:2d:ce:bf:0e","RSSI":-79},{"SSID":"MeetInLeeds","BSSID":"5c:a6:2d:af:91:c2","RSSI":-80},{"SSID":"eduroam","BSSID":"5c:a6:2d:86:69:21","RSSI":-82}],[{"SSID":"MeetInLeeds","BSSID":"5c:a6:2d:45:db:a2","RSSI":-37},{"SSID":"WiFi Setup - University of Leeds","BSSID":"5c:a6:2d:45:db:a3","RSSI":-38},{"SSID":"MeetInLeeds","BSSID":"5c:a6:2d:af:94:a2","RSSI":-43},{"SSID":"WiFi Setup - University of Leeds","BSSID":"5c:a6:2d:af:94:a3","RSSI":-43},{"SSID":"MeetInLeeds","BSSID":"5c:a6:2d:45:db:ad","RSSI":-43},{"SSID":"WiFi Setup - University of Leeds","BSSID":"5c:a6:2d:45:db:ac","RSSI":-43},{"SSID":"eduroam","BSSID":"5c:a6:2d:45:db:ae","RSSI":-46},{"SSID":"MeetInLeeds","BSSID":"5c:a6:2d:af:94:ad","RSSI":-49},{"SSID":"eduroam","BSSID":"5c:a6:2d:af:94:ae","RSSI":-49},{"SSID":"WiFi Setup - University of Leeds","BSSID":"5c:a6:2d:af:94:ac","RSSI":-49},{"SSID":"WiFi Setup - University of Leeds","BSSID":"5c:a6:2d:ef:4a:a3","RSSI":-50},{"SSID":"MeetInLeeds","BSSID":"5c:a6:2d:ef:4a:a2","RSSI":-50},{"SSID":"WiFi Setup - University of Leeds","BSSID":"5c:a6:2d:ce:ac:03","RSSI":-52},{"SSID":"MeetInLeeds","BSSID":"5c:a6:2d:ce:ac:02","RSSI":-53},{"SSID":"WiFi Setup - University of Leeds","BSSID":"5c:a6:2d:cf:bb:ec","RSSI":-53},{"SSID":"MeetInLeeds","BSSID":"5c:a6:2d:cf:bb:ed","RSSI":-54},{"SSID":"eduroam","BSSID":"5c:a6:2d:cf:bb:ee","RSSI":-54},{"SSID":"eduroam","BSSID":"ac:3a:67:08:29:2e","RSSI":-55},{"SSID":"WiFi Setup - University of Leeds","BSSID":"5c:a6:2d:cf:bb:e3","RSSI":-55},{"SSID":"WiFi Setup - University of Leeds","BSSID":"ac:3a:67:08:29:2c","RSSI":-56},{"SSID":"MeetInLeeds","BSSID":"ac:3a:67:08:29:2d","RSSI":-56},{"SSID":"WiFi Setup - University of Leeds","BSSID":"5c:a6:2d:cf:e6:23","RSSI":-61},{"SSID":"WiFi Setup - University of Leeds","BSSID":"5c:a6:2d:ce:a4:c3","RSSI":-62},{"SSID":"WiFi Setup - University of Leeds","BSSID":"5c:a6:2d:1e:0a:03","RSSI":-62},{"SSID":"MeetInLeeds","BSSID":"5c:a6:2d:cf:e6:22","RSSI":-62},{"SSID":"MeetInLeeds","BSSID":"5c:a6:2d:1e:0a:02","RSSI":-63},{"SSID":"MeetInLeeds","BSSID":"5c:a6:2d:ce:ac:0d","RSSI":-64},{"SSID":"WiFi Setup - University of Leeds","BSSID":"5c:a6:2d:ce:ac:0c","RSSI":-64},{"SSID":"MeetInLeeds","BSSID":"5c:a6:2d:af:8f:42","RSSI":-65},{"SSID":"eduroam","BSSID":"5c:a6:2d:ce:ac:0e","RSSI":-65},{"SSID":"WiFi Setup - University of Leeds","BSSID":"5c:a6:2d:cf:df:63","RSSI":-66},{"SSID":"MeetInLeeds","BSSID":"5c:a6:2d:cf:df:62","RSSI":-66},{"SSID":"WiFi Setup - University of Leeds","BSSID":"5c:a6:2d:af:8f:43","RSSI":-66},{"SSID":"WiFi Setup - University of Leeds","BSSID":"5c:a6:2d:ce:a4:cc","RSSI":-68},{"SSID":"MeetInLeeds","BSSID":"5c:a6:2d:ce:a4:cd","RSSI":-68},{"SSID":"WiFi Setup - University of Leeds","BSSID":"5c:a6:2d:86:6b:e3","RSSI":-68},{"SSID":"MeetInLeeds","BSSID":"ac:3a:67:08:2a:02","RSSI":-68},{"SSID":"WiFi Setup - University of Leeds","BSSID":"ac:3a:67:08:2a:03","RSSI":-68},{"SSID":"WiFi Setup - University of Leeds","BSSID":"5c:a6:2d:86:6c:43","RSSI":-68},{"SSID":"eduroam","BSSID":"5c:a6:2d:ce:a4:ce","RSSI":-70},{"SSID":"MeetInLeeds","BSSID":"5c:a6:2d:cf:df:6d","RSSI":-70},{"SSID":"eduroam","BSSID":"5c:a6:2d:cf:e6:2e","RSSI":-70},{"SSID":"WiFi Setup - University of Leeds","BSSID":"5c:a6:2d:cf:e6:2c","RSSI":-70},{"SSID":"MeetInLeeds","BSSID":"5c:a6:2d:cf:e6:2d","RSSI":-70},{"SSID":"WiFi Setup - University of Leeds","BSSID":"ac:3a:67:08:28:c3","RSSI":-72},{"SSID":"eduroam","BSSID":"ac:3a:67:08:28:c1","RSSI":-72},{"SSID":"WiFi Setup - University of Leeds","BSSID":"5c:a6:2d:1e:0a:0c","RSSI":-73},{"SSID":"MeetInLeeds","BSSID":"5c:a6:2d:86:6b:ed","RSSI":-75},{"SSID":"WiFi Setup - University of Leeds","BSSID":"5c:a6:2d:86:6b:ec","RSSI":-76},{"SSID":"eduroam","BSSID":"5c:a6:2d:86:6b:ee","RSSI":-77},{"SSID":"MeetInLeeds","BSSID":"ac:3a:67:08:2a:0d","RSSI":-78},{"SSID":"WiFi Setup - University of Leeds","BSSID":"5c:a6:2d:af:91:c3","RSSI":-81},{"SSID":"WiFi Setup - University of Leeds","BSSID":"ac:3a:67:08:0e:ec","RSSI":-81},{"SSID":"WiFi Setup - University of Leeds","BSSID":"5c:a6:2d:ce:a1:c3","RSSI":-82},{"SSID":"WiFi Setup - University of Leeds","BSSID":"5c:a6:2d:ce:b4:c3","RSSI":-82},{"SSID":"MeetInLeeds","BSSID":"ac:3a:67:08:28:cd","RSSI":-84},{"SSID":"WiFi Setup - University of Leeds","BSSID":"5c:a6:2d:cf:e8:ac","RSSI":-84},{"SSID":"MeetInLeeds","BSSID":"5c:a6:2d:cf:e8:ad","RSSI":-86}],[{"SSID":"WiFi Setup - University of Leeds","BSSID":"5c:a6:2d:45:db:a3","RSSI":-38},{"SSID":"WiFi Setup - University of Leeds","BSSID":"5c:a6:2d:45:db:ac","RSSI":-41},{"SSID":"MeetInLeeds","BSSID":"5c:a6:2d:45:db:ad","RSSI":-42},{"SSID":"eduroam","BSSID":"5c:a6:2d:45:db:ae","RSSI":-43},{"SSID":"MeetInLeeds","BSSID":"5c:a6:2d:af:94:a2","RSSI":-44},{"SSID":"WiFi Setup - University of Leeds","BSSID":"5c:a6:2d:af:94:a3","RSSI":-44},{"SSID":"MeetInLeeds","BSSID":"ac:3a:67:08:29:22","RSSI":-45},{"SSID":"WiFi Setup - University of Leeds","BSSID":"ac:3a:67:08:29:23","RSSI":-45},{"SSID":"WiFi Setup - University of Leeds","BSSID":"5c:a6:2d:ce:ac:03","RSSI":-52},{"SSID":"MeetInLeeds","BSSID":"5c:a6:2d:ce:ac:02","RSSI":-53},{"SSID":"WiFi Setup - University of Leeds","BSSID":"ac:3a:67:08:29:2c","RSSI":-55},{"SSID":"eduroam","BSSID":"ac:3a:67:08:29:2e","RSSI":-55},{"SSID":"MeetInLeeds","BSSID":"5c:a6:2d:cf:bb:ed","RSSI":-55},{"SSID":"WiFi Setup - University of Leeds","BSSID":"5c:a6:2d:cf:bb:ec","RSSI":-55},{"SSID":"MeetInLeeds","BSSID":"ac:3a:67:08:29:2d","RSSI":-56},{"SSID":"eduroam","BSSID":"5c:a6:2d:cf:bb:ee","RSSI":-56},{"SSID":"MeetInLeeds","BSSID":"5c:a6:2d:ce:ac:0d","RSSI":-64},{"SSID":"WiFi Setup - University of Leeds","BSSID":"5c:a6:2d:ce:ac:0c","RSSI":-64},{"SSID":"WiFi Setup - University of Leeds","BSSID":"5c:a6:2d:af:8f:43","RSSI":-65},{"SSID":"WiFi Setup - University of Leeds","BSSID":"5c:a6:2d:cf:e6:23","RSSI":-65},{"SSID":"WiFi Setup - University of Leeds","BSSID":"5c:a6:2d:cf:df:63","RSSI":-66},{"SSID":"eduroam","BSSID":"5c:a6:2d:cf:df:6e","RSSI":-66},{"SSID":"MeetInLeeds","BSSID":"5c:a6:2d:cf:df:6d","RSSI":-67},{"SSID":"WiFi Setup - University of Leeds","BSSID":"5c:a6:2d:cf:df:6c","RSSI":-67},{"SSID":"MeetInLeeds","BSSID":"ac:3a:67:08:2a:02","RSSI":-68},{"SSID":"WiFi Setup - University of Leeds","BSSID":"ac:3a:67:08:2a:03","RSSI":-68},{"SSID":"MeetInLeeds","BSSID":"5c:a6:2d:af:8f:42","RSSI":-68},{"SSID":"eduroam","BSSID":"5c:a6:2d:86:6c:41","RSSI":-68},{"SSID":"MeetInLeeds","BSSID":"5c:a6:2d:86:6c:42","RSSI":-68},{"SSID":"WiFi Setup - University of Leeds","BSSID":"5c:a6:2d:86:6c:43","RSSI":-69},{"SSID":"WiFi Setup - University of Leeds","BSSID":"5c:a6:2d:ce:a4:cc","RSSI":-70},{"SSID":"MeetInLeeds","BSSID":"5c:a6:2d:cf:e6:2d","RSSI":-71},{"SSID":"WiFi Setup - University of Leeds","BSSID":"5c:a6:2d:ce:bf:03","RSSI":-72},{"SSID":"eduroam","BSSID":"5c:a6:2d:cf:e6:2e","RSSI":-72},{"SSID":"WiFi Setup - University of Leeds","BSSID":"5c:a6:2d:cf:e6:2c","RSSI":-72},{"SSID":"eduroam","BSSID":"5c:a6:2d:1e:0a:0e","RSSI":-75},{"SSID":"WiFi Setup - University of Leeds","BSSID":"5c:a6:2d:ce:71:03","RSSI":-77},{"SSID":"MeetInLeeds","BSSID":"5c:a6:2d:ce:71:02","RSSI":-77},{"SSID":"eduroam","BSSID":"5c:a6:2d:ef:45:21","RSSI":-78},{"SSID":"MeetInLeeds","BSSID":"5c:a6:2d:ce:bf:0d","RSSI":-78},{"SSID":"WiFi Setup - University of Leeds","BSSID":"5c:a6:2d:ce:bf:0c","RSSI":-78},{"SSID":"WiFi Setup - University of Leeds","BSSID":"5c:a6:2d:ce:b5:03","RSSI":-80},{"SSID":"eduroam","BSSID":"5c:a6:2d:ce:bf:0e","RSSI":-81},{"SSID":"WiFi Setup - University of Leeds","BSSID":"ac:3a:67:08:2a:0c","RSSI":-83},{"SSID":"WiFi Setup - University of Leeds","BSSID":"5c:a6:2d:ce:71:0c","RSSI":-84},{"SSID":"WiFi Setup - University of Leeds","BSSID":"ac:3a:67:08:28:cc","RSSI":-86},{"SSID":"WiFi Setup - University of Leeds","BSSID":"5c:a6:2d:af:8f:cc","RSSI":-87}]]