[[{"SSID":"MeetInLeeds","BSSID":"5c:a6:2d:cf:bf:82","RSSI":-45},{"SSID":"eduroam","BSSID":"5c:a6:2d:cf:bf:81","RSSI":-45},{"SSID":"eduroam","BSSID":"5c:a6:2d:ce:a1:c1","RSSI":-46},{"SSID":"MeetInLeeds","BSSID":"5c:a6:2d:ce:a1:c2","RSSI":-46},{"SSID":"eduroam","BSSID":"5c:a6:2d:ce:a1:ce","RSSI":-48},{"SSID":"MeetInLeeds","BSSID":"5c:a6:2d:ce:a1:cd","RSSI":-48},{"SSID":"eduroam","BSSID":"5c:a6:2d:ce:b4:c1","RSSI":-52},{"SSID":"MeetInLeeds","BSSID":"5c:a6:2d:ce:b4:c2","RSSI":-53},{"SSID":"eduroam","BSSID":"5c:a6:2d:ce:c1:ee","RSSI":-53},{"SSID":"MeetInLeeds","BSSID":"5c:a6:2d:ce:c1:ed","RSSI":-53},{"SSID":"MeetInLeeds","BSSID":"5c:a6:2d:cf:bf:8d","RSSI":-54},{"SSID":"eduroam","BSSID":"5c:a6:2d:cf:bf:8e","RSSI":-55},{"SSID":"MeetInLeeds","BSSID":"5c:a6:2d:45:de:82","RSSI":-55},{"SSID":"eduroam","BSSID":"5c:a6:2d:ce:c1:e1","RSSI":-56},{"SSID":"MeetInLeeds","BSSID":"5c:a6:2d:ce:c1:e2","RSSI":-57},{"SSID":"eduroam","BSSID":"5c:a6:2d:ce:b9:21","RSSI":-58},{"SSID":"MeetInLeeds","BSSID":"5c:a6:2d:ce:b9:22","RSSI":-59},{"SSID":"MeetInLeeds","BSSID":"5c:a6:2d:af:8f:c2","RSSI":-60},{"SSID":"MeetInLeeds","BSSID":"ac:3a:67:07:fb:02","RSSI":-60},{"SSID":"MeetInLeeds","BSSID":"5c:a6:2d:ce:b4:cd","RSSI":-61},{"SSID":"MeetInLeeds","BSSID":"5c:a6:2d:45:de:8d","RSSI":-61},{"SSID":"eduroam","BSSID":"5c:a6:2d:45:de:8e","RSSI":-61},{"SSID":"eduroam","BSSID":"5c:a6:2d:ce:b4:ce","RSSI":-62},{"SSID":"eduroam","BSSID":"ac:3a:67:07:fb:01","RSSI":-62},{"SSID":"MeetInLeeds","BSSID":"5c:a6:2d:88:6b:62","RSSI":-63},{"SSID":"eduroam","BSSID":"5c:a6:2d:88:6b:61","RSSI":-64},{"SSID":"eduroam","BSSID":"5c:a6:2d:af:8f:ce","RSSI":-65},{"SSID":"MeetInLeeds","BSSID":"5c:a6:2d:af:8f:cd","RSSI":-66},{"SSID":"MeetInLeeds","BSSID":"ac:3a:67:08:0d:8d","RSSI":-67},{"SSID":"eduroam","BSSID":"ac:3a:67:07:fb:0e","RSSI":-68},{"SSID":"eduroam","BSSID":"ac:3a:67:08:0d:8e","RSSI":-68},{"SSID":"MeetInLeeds","BSSID":"5c:a6:2d:ce:a3:c2","RSSI":-68},{"SSID":"MeetInLeeds","BSSID":"ac:3a:67:08:28:22","RSSI":-69},{"SSID":"eduroam","BSSID":"ac:3a:67:08:28:21","RSSI":-70},{"SSID":"eduroam","BSSID":"5c:a6:2d:ce:bf:01","RSSI":-70},{"SSID":"MeetInLeeds","BSSID":"5c:a6:2d:ce:b9:2d","RSSI":-70},{"SSID":"MeetInLeeds","BSSID":"5c:a6:2d:ce:bf:02","RSSI":-71},{"SSID":"eduroam","BSSID":"5c:a6:2d:ce:b9:2e","RSSI":-71},{"SSID":"eduroam","BSSID":"5c:a6:2d:ce:bf:0e","RSSI":-71},{"SSID":"MeetInLeeds","BSSID":"ac:3a:67:07:f5:8d","RSSI":-73},{"SSID":"eduroam","BSSID":"ac:3a:67:07:f5:8e","RSSI":-73},{"SSID":"MeetInLeeds","BSSID":"5c:a6:2d:ce:bf:0d","RSSI":-73},{"SSID":"MeetInLeeds","BSSID":"5c:a6:2d:af:91:42","RSSI":-73},{"SSID":"MeetInLeeds","BSSID":"5c:a6:2d:88:6b:6d","RSSI":-74},{"SSID":"eduroam","BSSID":"5c:a6:2d:5d:ab:6e","RSSI":-74},{"SSID":"MeetInLeeds","BSSID":"5c:a6:2d:cf:c4:e2","RSSI":-74},{"SSID":"OnePlus 8 Pro","BSSID":"76:1f:45:3a:66:fd","RSSI":-74},{"SSID":"MeetInLeeds","BSSID":"ac:3a:67:07:fb:0d","RSSI":-75},{"SSID":"MeetInLeeds","BSSID":"5c:a6:2d:af:91:c2","RSSI":-75},{"SSID":"MeetInLeeds","BSSID":"5c:a6:2d:45:db:82","RSSI":-75},{"SSID":"eduroam","BSSID":"5c:a6:2d:88:6b:6e","RSSI":-75},{"SSID":"MeetInLeeds","BSSID":"5c:a6:2d:5d:ab:6d","RSSI":-75},{"SSID":"MeetInLeeds","BSSID":"5c:a6:2d:cf:e5:ad","RSSI":-76},{"SSID":"MeetInLeeds","BSSID":"5c:a6:2d:86:69:cd","RSSI":-76},{"SSID":"eduroam","BSSID":"5c:a6:2d:ce:a3:ce","RSSI":-77},{"SSID":"MeetInLeeds","BSSID":"5c:a6:2d:86:6d:02","RSSI":-77},{"SSID":"MeetInLeeds","BSSID":"5c:a6:2d:ce:a3:cd","RSSI":-78},{"SSID":"MeetInLeeds","BSSID":"ac:3a:67:08:29:2d","RSSI":-79},{"SSID":"eduroam","BSSID":"5c:a6:2d:ef:45:2e","RSSI":-79},{"SSID":"MeetInLeeds","BSSID":"5c:a6:2d:ef:45:2d","RSSI":-79},{"SSID":"eduroam","BSSID":"ac:3a:67:08:29:2e","RSSI":-80},{"SSID":"MeetInLeeds","BSSID":"5c:a6:2d:ce:b5:02","RSSI":-80},{"SSID":"MeetInLeeds","BSSID":"ac:3a:67:08:2a:0d","RSSI":-80},{"SSID":"MeetInLeeds","BSSID":"5c:a6:2d:ce:b2:02","RSSI":-80},{"SSID":"eduroam","BSSID":"5c:a6:2d:ce:b2:01","RSSI":-80},{"SSID":"MeetInLeeds","BSSID":"5c:a6:2d:af:8e:02","RSSI":-81},{"SSID":"MeetInLeeds","BSSID":"5c:a6:2d:af:94:ad","RSSI":-82},{"SSID":"eduroam","BSSID":"5c:a6:2d:b5:ca:ee","RSSI":-82},{"SSID":"MeetInLeeds","BSSID":"5c:a6:2d:cf:c4:42","RSSI":-82},{"SSID":"MeetInLeeds","BSSID":"5c:a6:2d:cf:bf:cd","RSSI":-83},{"SSID":"MeetInLeeds","BSSID":"5c:a6:2d:af:91:8d","RSSI":-85},{"SSID":"MeetInLeeds","BSSID":"5c:a6:2d:ce:b5:0d","RSSI":-85},{"SSID":"eduroam","BSSID":"5c:a6:2d:86:6d:2e","RSSI":-87},{"SSID":"MeetInLeeds","BSSID":"5c:a6:2d:86:6d:2d","RSSI":-88},{"SSID":"eduroam","BSSID":"5c:a6:2d:45:db:ae","RSSI":-88}],[{"SSID":"MeetInLeeds","BSSID":"5c:a6:2d:cf:bf:82","RSSI":-45},{"SSID":"eduroam","BSSID":"5c:a6:2d:cf:bf:81","RSSI":-45},{"SSID":"MeetInLeeds","BSSID":"5c:a6:2d:ce:a1:c2","RSSI":-45},{"SSID":"eduroam","BSSID":"5c:a6:2d:ce:a1:ce","RSSI":-51},{"SSID":"MeetInLeeds","BSSID":"5c:a6:2d:ce:a1:cd","RSSI":-51},{"SSID":"MeetInLeeds","BSSID":"5c:a6:2d:ce:b4:c2","RSSI":-52},{"SSID":"eduroam","BSSID":"5c:a6:2d:cf:bf:8e","RSSI":-54},{"SSID":"eduroam","BSSID":"5c:a6:2d:ce:c1:ee","RSSI":-54},{"SSID":"MeetInLeeds","BSSID":"5c:a6:2d:ce:c1:ed","RSSI":-54},{"SSID":"MeetInLeeds","BSSID":"5c:a6:2d:cf:bf:8d","RSSI":-56},{"SSID":"eduroam","BSSID":"5c:a6:2d:ce:b4:ce","RSSI":-56},{"SSID":"MeetInLeeds","BSSID":"5c:a6:2d:ce:b4:cd","RSSI":-58},{"SSID":"MeetInLeeds","BSSID":"5c:a6:2d:af:8f:c2","RSSI":-62},{"SSID":"eduroam","BSSID":"5c:a6:2d:ce:b9:21","RSSI":-63},{"SSID":"MeetInLeeds","BSSID":"5c:a6:2d:ce:c1:e2","RSSI":-64},{"SSID":"MeetInLeeds","BSSID":"5c:a6:2d:45:de:8d","RSSI":-64},{"SSID":"eduroam","BSSID":"5c:a6:2d:45:de:8e","RSSI":-64},{"SSID":"MeetInLeeds","BSSID":"5c:a6:2d:ce:b9:22","RSSI":-64},{"SSID":"MeetInLeeds","BSSID":"ac:3a:67:07:fb:02","RSSI":-65},{"SSID":"eduroam","BSSID":"ac:3a:67:07:fb:0e","RSSI":-67},{"SSID":"MeetInLeeds","BSSID":"ac:3a:67:07:fb:0d","RSSI":-67},{"SSID":"MeetInLeeds","BSSID":"ac:3a:67:08:0d:82","RSSI":-67},{"SSID":"MeetInLeeds","BSSID":"ac:3a:67:08:0d:8d","RSSI":-69},{"SSID":"MeetInLeeds","BSSID":"ac:3a:67:08:28:22","RSSI":-69},{"SSID":"MeetInLeeds","BSSID":"5c:a6:2d:af:8f:cd","RSSI":-69},{"SSID":"eduroam","BSSID":"5c:a6:2d:86:6c:21","RSSI":-69},{"SSID":"eduroam","BSSID":"ac:3a:67:08:0d:8e","RSSI":-70},{"SSID":"MeetInLeeds","BSSID":"5c:a6:2d:86:6c:22","RSSI":-70},{"SSID":"eduroam","BSSID":"5c:a6:2d:5d:ab:61","RSSI":-71},{"SSID":"MeetInLeeds","BSSID":"5c:a6:2d:ce:bf:02","RSSI":-71},{"SSID":"eduroam","BSSID":"5c:a6:2d:ce:bf:01","RSSI":-71},{"SSID":"eduroam","BSSID":"5c:a6:2d:ce:bf:0e","RSSI":-71},{"SSID":"eduroam","BSSID":"5c:a6:2d:45:db:81","RSSI":-72},{"SSID":"MeetInLeeds","BSSID":"5c:a6:2d:5d:ab:62","RSSI":-72},{"SSID":"MeetInLeeds","BSSID":"5c:a6:2d:ce:a3:c2","RSSI":-72},{"SSID":"eduroam","BSSID":"5c:a6:2d:ce:b9:2e","RSSI":-72},{"SSID":"MeetInLeeds","BSSID":"5c:a6:2d:ce:bf:0d","RSSI":-72},{"SSID":"MeetInLeeds","BSSID":"5c:a6:2d:45:db:82","RSSI":-73},{"SSID":"MeetInLeeds","BSSID":"5c:a6:2d:ce:b9:2d","RSSI":-73},{"SSID":"eduroam","BSSID":"5c:a6:2d:5d:ab:6e","RSSI":-74},{"SSID":"MeetInLeeds","BSSID":"5c:a6:2d:86:69:c2","RSSI":-75},{"SSID":"eduroam","BSSID":"5c:a6:2d:86:69:c1","RSSI":-75},{"SSID":"MeetInLeeds","BSSID":"5c:a6:2d:af:91:c2","RSSI":-75},{"SSID":"MeetInLeeds","BSSID":"5c:a6:2d:5d:ab:6d","RSSI":-75},{"SSID":"eduroam","BSSID":"ac:3a:67:07:f5:8e","RSSI":-75},{"SSID":"MeetInLeeds","BSSID":"5c:a6:2d:cf:c4:e2","RSSI":-75},{"SSID":"eduroam","BSSID":"ac:3a:67:08:28:2e","RSSI":-76},{"SSID":"MeetInLeeds","BSSID":"ac:3a:67:07:f5:8d","RSSI":-76},{"SSID":"MeetInLeeds","BSSID":"5c:a6:2d:86:6d:02","RSSI":-76},{"SSID":"eduroam","BSSID":"5c:a6:2d:cf:c4:e1","RSSI":-76},{"SSID":"MeetInLeeds","BSSID":"5c:a6:2d:af:91:42","RSSI":-76},{"SSID":"MeetInLeeds","BSSID":"ac:3a:67:08:29:2d","RSSI":-77},{"SSID":"eduroam","BSSID":"ac:3a:67:08:29:2e","RSSI":-77},{"SSID":"MeetInLeeds","BSSID":"5c:a6:2d:af:8e:02","RSSI":-77},{"SSID":"MeetInLeeds","BSSID":"5c:a6:2d:88:6b:6d","RSSI":-77},{"SSID":"eduroam","BSSID":"5c:a6:2d:88:6b:6e","RSSI":-77},{"SSID":"MeetInLeeds","BSSID":"5c:a6:2d:cf:e5:ad","RSSI":-78},{"SSID":"MeetInLeeds","BSSID":"5c:a6:2d:ce:a3:cd","RSSI":-78},{"SSID":"eduroam","BSSID":"5c:a6:2d:ce:a3:ce","RSSI":-78},{"SSID":"MeetInLeeds","BSSID":"ac:3a:67:08:2a:0d","RSSI":-78},{"SSID":"eduroam","BSSID":"ac:3a:67:08:2a:0e","RSSI":-78},{"SSID":"eduroam","BSSID":"5c:a6:2d:cf:e5:ae","RSSI":-79},{"SSID":"eduroam","BSSID":"5c:a6:2d:cf:bf:ce","RSSI":-79},{"SSID":"MeetInLeeds","BSSID":"5c:a6:2d:cf:c4:4d","RSSI":-80},{"SSID":"MeetInLeeds","BSSID":"5c:a6:2d:cf:bf:cd","RSSI":-80},{"SSID":"eduroam","BSSID":"5c:a6:2d:af:91:ce","RSSI":-80},{"SSID":"MeetInLeeds","BSSID":"ac:3a:67:08:04:22","RSSI":-80},{"SSID":"MeetInLeeds","BSSID":"5c:a6:2d:cf:c4:ed","RSSI":-81},{"SSID":"MeetInLeeds","BSSID":"ac:3a:67:08:2a:02","RSSI":-81},{"SSID":"MeetInLeeds","BSSID":"5c:a6:2d:af:91:cd","RSSI":-82},{"SSID":"MeetInLeeds","BSSID":"5c:a6:2d:af:94:ad","RSSI":-83},{"SSID":"eduroam","BSSID":"5c:a6:2d:af:94:ae","RSSI":-84},{"SSID":"MeetInLeeds","BSSID":"5c:a6:2d:86:6d:2d","RSSI":-84},{"SSID":"eduroam","BSSID":"5c:a6:2d:86:6d:2e","RSSI":-84},{"SSID":"MeetInLeeds","BSSID":"ac:3a:67:08:29:ad","RSSI":-85},{"SSID":"MeetInLeeds","BSSID":"5c:a6:2d:b5:ca:ed","RSSI":-85},{"SSID":"eduroam","BSSID":"5c:a6:2d:ce:8e:ae","RSSI":-86},{"SSID":"DESKTOP-73NVV7R 4141","BSSID":"f2:6e:0b:b7:46:4e","RSSI":-89}],[{"SSID":"eduroam","BSSID":"5c:a6:2d:ce:a1:c1","RSSI":-44},{"SSID":"MeetInLeeds","BSSID":"5c:a6:2d:ce:a1:c2","RSSI":-45},{"SSID":"MeetInLeeds","BSSID":"5c:a6:2d:cf:bf:82","RSSI":-46},{"SSID":"eduroam","BSSID":"5c:a6:2d:cf:bf:81","RSSI":-46},{"SSID":"eduroam","BSSID":"5c:a6:2d:ce:a1:ce","RSSI":-49},{"SSID":"MeetInLeeds","BSSID":"5c:a6:2d:ce:a1:cd","RSSI":-49},{"SSID":"eduroam","BSSID":"5c:a6:2d:cf:bf:8e","RSSI":-52},{"SSID":"MeetInLeeds","BSSID":"5c:a6:2d:cf:bf:8d","RSSI":-52},{"SSID":"MeetInLeeds","BSSID":"5c:a6:2d:ce:b4:c2","RSSI":-54},{"SSID":"eduroam","BSSID":"5c:a6:2d:ce:b4:c1","RSSI":-54},{"SSID":"MeetInLeeds","BSSID":"5c:a6:2d:ce:c1:ed","RSSI":-55},{"SSID":"eduroam","BSSID":"5c:a6:2d:ce:c1:ee","RSSI":-56},{"SSID":"MeetInLeeds","BSSID":"5c:a6:2d:af:8f:c2","RSSI":-58},{"SSID":"eduroam","BSSID":"5c:a6:2d:af:8f:c1","RSSI":-58},{"SSID":"MeetInLeeds","BSSID":"5c:a6:2d:ce:c1:e2","RSSI":-59},{"SSID":"eduroam","BSSID":"5c:a6:2d:ce:c1:e1","RSSI":-60},{"SSID":"eduroam","BSSID":"5c:a6:2d:ce:b4:ce","RSSI":-60},{"SSID":"eduroam","BSSID":"5c:a6:2d:ce:b9:21","RSSI":-60},{"SSID":"eduroam","BSSID":"5c:a6:2d:88:6b:61","RSSI":-60},{"SSID":"MeetInLeeds","BSSID":"5c:a6:2d:ce:b9:22","RSSI":-60},{"SSID":"MeetInLeeds","BSSID":"5c:a6:2d:ce:b4:cd","RSSI":-61},{"SSID":"MeetInLeeds","BSSID":"5c:a6:2d:88:6b:62","RSSI":-61},{"SSID":"eduroam","BSSID":"ac:3a:67:07:fb:01","RSSI":-62},{"SSID":"MeetInLeeds","BSSID":"ac:3a:67:07:fb:02","RSSI":-62},{"SSID":"eduroam","BSSID":"5c:a6:2d:45:de:8e","RSSI":-64},{"SSID":"eduroam","BSSID":"5c:a6:2d:af:8f:ce","RSSI":-65},{"SSID":"MeetInLeeds","BSSID":"5c:a6:2d:45:de:8d","RSSI":-65},{"SSID":"MeetInLeeds","BSSID":"5c:a6:2d:af:8f:cd","RSSI":-65},{"SSID":"eduroam","BSSID":"ac:3a:67:07:f5:81","RSSI":-67},{"SSID":"MeetInLeeds","BSSID":"ac:3a:67:07:fb:0d","RSSI":-68},{"SSID":"MeetInLeeds","BSSID":"ac:3a:67:08:0d:8d","RSSI":-68},{"SSID":"eduroam","BSSID":"ac:3a:67:08:0d:81","RSSI":-68},{"SSID":"eduroam","BSSID":"ac:3a:67:08:0d:8e","RSSI":-69},{"SSID":"MeetInLeeds","BSSID":"ac:3a:67:08:0d:82","RSSI":-69},{"SSID":"MeetInLeeds","BSSID":"5c:a6:2d:86:6c:22","RSSI":-69},{"SSID":"MeetInLeeds","BSSID":"5c:a6:2d:88:6b:6d","RSSI":-70},{"SSID":"eduroam","BSSID":"5c:a6:2d:88:6b:6e","RSSI":-70},{"SSID":"MeetInLeeds","BSSID":"5c:a6:2d:ce:b9:2d","RSSI":-70},{"SSID":"eduroam","BSSID":"5c:a6:2d:ce:b9:2e","RSSI":-70},{"SSID":"LAPTOP-B8KPU0TL 7250","BSSID":"fa:d0:fc:e4:31:a7","RSSI":-71},{"SSID":"MeetInLeeds","BSSID":"5c:a6:2d:ce:bf:02","RSSI":-72},{"SSID":"eduroam","BSSID":"5c:a6:2d:ce:a3:ce","RSSI":-73},{"SSID":"eduroam","BSSID":"5c:a6:2d:ce:bf:01","RSSI":-73},{"SSID":"eduroam","BSSID":"5c:a6:2d:5d:ab:6e","RSSI":-73},{"SSID":"MeetInLeeds","BSSID":"5c:a6:2d:5d:ab:6d","RSSI":-73},{"SSID":"MeetInLeeds","BSSID":"5c:a6:2d:af:94:a2","RSSI":-74},{"SSID":"MeetInLeeds","BSSID":"5c:a6:2d:af:91:c2","RSSI":-74},{"SSID":"eduroam","BSSID":"5c:a6:2d:af:91:c1","RSSI":-74},{"SSID":"eduroam","BSSID":"ac:3a:67:08:28:2e","RSSI":-74},{"SSID":"MeetInLeeds","BSSID":"5c:a6:2d:ce:a3:cd","RSSI":-74},{"SSID":"eduroam","BSSID":"ac:3a:67:07:f5:8e","RSSI":-74},{"SSID":"MeetInLeeds","BSSID":"5c:a6:2d:86:6d:02","RSSI":-74},{"SSID":"eduroam","BSSID":"5c:a6:2d:86:69:ce","RSSI":-74},{"SSID":"MeetInLeeds","BSSID":"ac:3a:67:07:f5:8d","RSSI":-75},{"SSID":"MeetInLeeds","BSSID":"5c:a6:2d:ce:bf:0d","RSSI":-75},{"SSID":"eduroam","BSSID":"5c:a6:2d:ce:bf:0e","RSSI":-75},{"SSID":"eduroam","BSSID":"5c:a6:2d:af:94:a1","RSSI":-76},{"SSID":"eduroam","BSSID":"5c:a6:2d:af:91:41","RSSI":-77},{"SSID":"MeetInLeeds","BSSID":"ac:3a:67:08:2a:0d","RSSI":-78},{"SSID":"MeetInLeeds","BSSID":"ac:3a:67:08:29:2d","RSSI":-79},{"SSID":"eduroam","BSSID":"ac:3a:67:08:29:2e","RSSI":-79},{"SSID":"eduroam","BSSID":"5c:a6:2d:cf:e5:ae","RSSI":-79},{"SSID":"MeetInLeeds","BSSID":"5c:a6:2d:cf:bf:cd","RSSI":-79},{"SSID":"eduroam","BSSID":"5c:a6:2d:cf:bf:ce","RSSI":-79},{"SSID":"eduroam","BSSID":"ac:3a:67:08:2a:0e","RSSI":-81},{"SSID":"MeetInLeeds","BSSID":"5c:a6:2d:ef:45:2d","RSSI":-81},{"SSID":"MeetInLeeds","BSSID":"5c:a6:2d:70:7b:4d","RSSI":-82},{"SSID":"eduroam","BSSID":"5c:a6:2d:ce:b5:0e","RSSI":-82},{"SSID":"eduroam","BSSID":"ac:3a:67:08:29:a1","RSSI":-82},{"SSID":"MeetInLeeds","BSSID":"ac:3a:67:08:29:a2","RSSI":-82},{"SSID":"eduroam","BSSID":"5c:a6:2d:ce:b2:01","RSSI":-82},{"SSID":"MeetInLeeds","BSSID":"5c:a6:2d:af:94:ad","RSSI":-83},{"SSID":"MeetInLeeds","BSSID":"5c:a6:2d:ce:b2:02","RSSI":-83},{"SSID":"MeetInLeeds","BSSID":"5c:a6:2d:cf:bf:c2","RSSI":-84},{"SSID":"eduroam","BSSID":"5c:a6:2d:af:94:ae","RSSI":-84},{"SSID":"MeetInLeeds","BSSID":"5c:a6:2d:af:91:8d","RSSI":-84},{"SSID":"eduroam","BSSID":"5c:a6:2d:ce:b2:0e","RSSI":-84},{"SSID":"MeetInLeeds","BSSID":"5c:a6:2d:cf:c4:4d","RSSI":-84},{"SSID":"MeetInLeeds","BSSID":"5c:a6:2d:86:6d:2d","RSSI":-85},{"SSID":"eduroam","BSSID":"5c:a6:2d:86:6d:2e","RSSI":-85},{"SSID":"eduroam","BSSID":"5c:a6:2d:cf:c4:4e","RSSI":-86},{"SSID":"MeetInLeeds","BSSID":"5c:a6:2d:ce:8e:ad","RSSI":-86},{"SSID":"eduroam","BSSID":"5c:a6:2d:af:91:ce","RSSI":-86}],[{"SSID":"MeetInLeeds","BSSID":"5c:a6:2d:cf:bf:82","RSSI":-44},{"SSID":"eduroam","BSSID":"5c:a6:2d:cf:bf:81","RSSI":-44},{"SSID":"MeetInLeeds","BSSID":"5c:a6:2d:ce:a1:cd","RSSI":-45},{"SSID":"eduroam","BSSID":"5c:a6:2d:ce:a1:ce","RSSI":-46},{"SSID":"eduroam","BSSID":"5c:a6:2d:ce:a1:c1","RSSI":-46},{"SSID":"MeetInLeeds","BSSID":"5c:a6:2d:ce:a1:c2","RSSI":-46},{"SSID":"eduroam","BSSID":"5c:a6:2d:cf:bf:8e","RSSI":-49},{"SSID":"MeetInLeeds","BSSID":"5c:a6:2d:cf:bf:8d","RSSI":-52},{"SSID":"MeetInLeeds","BSSID":"5c:a6:2d:45:de:82","RSSI":-54},{"SSID":"MeetInLeeds","BSSID":"5c:a6:2d:ce:b4:c2","RSSI":-54},{"SSID":"eduroam","BSSID":"5c:a6:2d:ce:b4:c1","RSSI":-54},{"SSID":"eduroam","BSSID":"5c:a6:2d:ce:c1:ee","RSSI":-56},{"SSID":"MeetInLeeds","BSSID":"5c:a6:2d:ce:c1:ed","RSSI":-56},{"SSID":"eduroam","BSSID":"5c:a6:2d:ce:b4:ce","RSSI":-59},{"SSID":"MeetInLeeds","BSSID":"5c:a6:2d:af:8f:c2","RSSI":-59},{"SSID":"MeetInLeeds","BSSID":"5c:a6:2d:ce:b4:cd","RSSI":-60},{"SSID":"MeetInLeeds","BSSID":"5c:a6:2d:ce:c1:e2","RSSI":-62},{"SSID":"MeetInLeeds","BSSID":"5c:a6:2d:45:de:8d","RSSI":-62},{"SSID":"eduroam","BSSID":"5c:a6:2d:45:de:8e","RSSI":-62},{"SSID":"eduroam","BSSID":"ac:3a:67:08:0d:8e","RSSI":-66},{"SSID":"eduroam","BSSID":"5c:a6:2d:af:8f:ce","RSSI":-66},{"SSID":"MeetInLeeds","BSSID":"5c:a6:2d:af:8f:cd","RSSI":-66},{"SSID":"eduroam","BSSID":"ac:3a:67:07:f5:81","RSSI":-66},{"SSID":"MeetInLeeds","BSSID":"ac:3a:67:07:f5:82","RSSI":-66},{"SSID":"MeetInLeeds","BSSID":"ac:3a:67:08:0d:82","RSSI":-67},{"SSID":"eduroam","BSSID":"5c:a6:2d:88:6b:6e","RSSI":-67},{"SSID":"MeetInLeeds","BSSID":"ac:3a:67:07:fb:02","RSSI":-67},{"SSID":"MeetInLeeds","BSSID":"ac:3a:67:08:0d:8d","RSSI":-69},{"SSID":"eduroam","BSSID":"5c:a6:2d:5d:ab:61","RSSI":-69},{"SSID":"MeetInLeeds","BSSID":"5c:a6:2d:86:6c:22","RSSI":-69},{"SSID":"MeetInLeeds","BSSID":"5c:a6:2d:5d:ab:62","RSSI":-70},{"SSID":"MeetInLeeds","BSSID":"5c:a6:2d:88:6b:6d","RSSI":-70},{"SSID":"eduroam","BSSID":"5c:a6:2d:ce:b9:2e","RSSI":-71},{"SSID":"MeetInLeeds","BSSID":"5c:a6:2d:ce:b9:2d","RSSI":-72},{"SSID":"MeetInLeeds","BSSID":"5c:a6:2d:86:69:c2","RSSI":-73},{"SSID":"eduroam","BSSID":"5c:a6:2d:86:69:c1","RSSI":-73},{"SSID":"MeetInLeeds","BSSID":"ac:3a:67:08:28:2d","RSSI":-73},{"SSID":"MeetInLeeds","BSSID":"5c:a6:2d:ce:a3:c2","RSSI":-73},{"SSID":"LAPTOP-B8KPU0TL 7250","BSSID":"fa:d0:fc:e4:31:a7","RSSI":-73},{"SSID":"MeetInLeeds","BSSID":"5c:a6:2d:ce:bf:02","RSSI":-74},{"SSID":"eduroam","BSSID":"5c:a6:2d:86:69:ce","RSSI":-74},{"SSID":"eduroam","BSSID":"ac:3a:67:08:28:21","RSSI":-75},{"SSID":"eduroam","BSSID":"5c:a6:2d:ce:bf:01","RSSI":-75},{"SSID":"eduroam","BSSID":"5c:a6:2d:5d:ab:6e","RSSI":-75},{"SSID":"MeetInLeeds","BSSID":"5c:a6:2d:af:94:a2","RSSI":-76},{"SSID":"MeetInLeeds","BSSID":"5c:a6:2d:5d:ab:6d","RSSI":-76},{"SSID":"MeetInLeeds","BSSID":"ac:3a:67:07:f5:8d","RSSI":-76},{"SSID":"MeetInLeeds","BSSID":"5c:a6:2d:ce:bf:0d","RSSI":-76},{"SSID":"eduroam","BSSID":"5c:a6:2d:ce:bf:0e","RSSI":-76},{"SSID":"MeetInLeeds","BSSID":"5c:a6:2d:86:69:cd","RSSI":-76},{"SSID":"MeetInLeeds","BSSID":"5c:a6:2d:ce:a3:cd","RSSI":-77},{"SSID":"eduroam","BSSID":"ac:3a:67:08:2a:0e","RSSI":-77},{"SSID":"MeetInLeeds","BSSID":"5c:a6:2d:af:91:4d","RSSI":-77},{"SSID":"eduroam","BSSID":"5c:a6:2d:ce:8e:a1","RSSI":-78},{"SSID":"eduroam","BSSID":"5c:a6:2d:af:8e:01","RSSI":-78},{"SSID":"MeetInLeeds","BSSID":"ac:3a:67:08:2a:0d","RSSI":-78},{"SSID":"eduroam","BSSID":"5c:a6:2d:cf:c4:e1","RSSI":-78},{"SSID":"MeetInLeeds","BSSID":"ac:3a:67:08:2a:02","RSSI":-79},{"SSID":"eduroam","BSSID":"5c:a6:2d:af:91:4e","RSSI":-79},{"SSID":"OnePlus 8 Pro","BSSID":"76:1f:45:3a:66:fd","RSSI":-79},{"SSID":"MeetInLeeds","BSSID":"5c:a6:2d:af:8e:02","RSSI":-80},{"SSID":"eduroam","BSSID":"ac:3a:67:08:2a:01","RSSI":-80},{"SSID":"MeetInLeeds","BSSID":"5c:a6:2d:cf:c4:ed","RSSI":-80},{"SSID":"MeetInLeeds","BSSID":"5c:a6:2d:af:91:42","RSSI":-80},{"SSID":"eduroam","BSSID":"5c:a6:2d:af:91:41","RSSI":-80},{"SSID":"MeetInLeeds","BSSID":"5c:a6:2d:ce:b5:02","RSSI":-81},{"SSID":"MeetInLeeds","BSSID":"5c:a6:2d:ef:45:2d","RSSI":-81},{"SSID":"MeetInLeeds","BSSID":"5c:a6:2d:ce:b5:0d","RSSI":-82},{"SSID":"MeetInLeeds","BSSID":"5c:a6:2d:ef:45:22","RSSI":-82},{"SSID":"eduroam","BSSID":"5c:a6:2d:ce:b5:01","RSSI":-82},{"SSID":"MeetInLeeds","BSSID":"5c:a6:2d:cf:bf:c2","RSSI":-83},{"SSID":"MeetInLeeds","BSSID":"5c:a6:2d:86:6e:02","RSSI":-83},{"SSID":"MeetInLeeds","BSSID":"5c:a6:2d:ce:b2:0d","RSSI":-83},{"SSID":"MeetInLeeds","BSSID":"5c:a6:2d:cf:c4:4d","RSSI":-84},{"SSID":"MeetInLeeds","BSSID":"5c:a6:2d:af:94:ad","RSSI":-86},{"SSID":"MeetInLeeds","BSSID":"5c:a6:2d:45:db:8d","RSSI":-86},{"SSID":"MeetInLeeds","BSSID":"5c:a6:2d:b5:ca:ed","RSSI":-86},{"SSID":"MeetInLeeds","BSSID":"5c:a6:2d:86:6d:2d","RSSI":-87},{"SSID":"eduroam","BSSID":"5c:a6:2d:b5:ca:ee","RSSI":-88}],[{"SSID":"eduroam","BSSID":"5c:a6:2d:ce:a1:ce","RSSI":-45},{"SSID":"MeetInLeeds","BSSID":"5c:a6:2d:ce:a1:cd","RSSI":-45},{"SSID":"MeetInLeeds","BSSID":"5c:a6:2d:cf:bf:82","RSSI":-45},{"SSID":"eduroam","BSSID":"5c:a6:2d:ce:a1:c1","RSSI":-45},{"SSID":"MeetInLeeds","BSSID":"5c:a6:2d:ce:a1:c2","RSSI":-45},{"SSID":"eduroam","BSSID":"5c:a6:2d:cf:bf:8e","RSSI":-51},{"SSID":"MeetInLeeds","BSSID":"5c:a6:2d:cf:bf:8d","RSSI":-51},{"SSID":"eduroam","BSSID":"5c:a6:2d:45:de:81","RSSI":-54},{"SSID":"MeetInLeeds","BSSID":"5c:a6:2d:45:de:82","RSSI":-54},{"SSID":"MeetInLeeds","BSSID":"5c:a6:2d:ce:b4:c2","RSSI":-54},{"SSID":"MeetInLeeds","BSSID":"5c:a6:2d:ce:b4:cd","RSSI":-58},{"SSID":"eduroam","BSSID":"5c:a6:2d:ce:b4:ce","RSSI":-58},{"SSID":"MeetInLeeds","BSSID":"5c:a6:2d:ce:b9:22","RSSI":-59},{"SSID":"eduroam","BSSID":"5c:a6:2d:ce:c1:ee","RSSI":-59},{"SSID":"MeetInLeeds","BSSID":"5c:a6:2d:ce:c1:ed","RSSI":-59},{"SSID":"MeetInLeeds","BSSID":"5c:a6:2d:af:8f:c2","RSSI":-60},{"SSID":"eduroam","BSSID":"5c:a6:2d:ce:b9:21","RSSI":-60},{"SSID":"MeetInLeeds","BSSID":"5c:a6:2d:ce:c1:e2","RSSI":-64},{"SSID":"eduroam","BSSID":"5c:a6:2d:45:de:8e","RSSI":-64},{"SSID":"MeetInLeeds","BSSID":"5c:a6:2d:88:6b:62","RSSI":-64},{"SSID":"MeetInLeeds","BSSID":"5c:a6:2d:45:de:8d","RSSI":-66},{"SSID":"MeetInLeeds","BSSID":"ac:3a:67:07:fb:02","RSSI":-66},{"SSID":"MeetInLeeds","BSSID":"ac:3a:67:08:0d:8d","RSSI":-67},{"SSID":"eduroam","BSSID":"5c:a6:2d:ce:b9:2e","RSSI":-67},{"SSID":"MeetInLeeds","BSSID":"ac:3a:67:07:fb:0d","RSSI":-69},{"SSID":"eduroam","BSSID":"ac:3a:67:08:0d:8e","RSSI":-69},{"SSID":"eduroam","BSSID":"ac:3a:67:07:f5:81","RSSI":-69},{"SSID":"MeetInLeeds","BSSID":"ac:3a:67:07:f5:82","RSSI":-69},{"SSID":"eduroam","BSSID":"ac:3a:67:07:fb:0e","RSSI":-70},{"SSID":"MeetInLeeds","BSSID":"5c:a6:2d:af:8f:cd","RSSI":-70},{"SSID":"MeetInLeeds","BSSID":"5c:a6:2d:ce:b9:2d","RSSI":-70},{"SSID":"eduroam","BSSID":"5c:a6:2d:88:6b:6e","RSSI":-71},{"SSID":"MeetInLeeds","BSSID":"5c:a6:2d:5d:ab:62","RSSI":-72},{"SSID":"eduroam","BSSID":"5c:a6:2d:86:6c:21","RSSI":-72},{"SSID":"MeetInLeeds","BSSID":"5c:a6:2d:ce:bf:0d","RSSI":-72},{"SSID":"eduroam","BSSID":"ac:3a:67:08:29:21","RSSI":-72},{"SSID":"MeetInLeeds","BSSID":"5c:a6:2d:88:6b:6d","RSSI":-73},{"SSID":"MeetInLeeds","BSSID":"5c:a6:2d:86:6c:22","RSSI":-73},{"SSID":"eduroam","BSSID":"5c:a6:2d:5d:ab:6e","RSSI":-73},{"SSID":"MeetInLeeds","BSSID":"ac:3a:67:08:29:2d","RSSI":-74},{"SSID":"MeetInLeeds","BSSID":"5c:a6:2d:ce:bf:02","RSSI":-74},{"SSID":"MeetInLeeds","BSSID":"5c:a6:2d:ce:a3:c2","RSSI":-74},{"SSID":"MeetInLeeds","BSSID":"5c:a6:2d:5d:ab:6d","RSSI":-74},{"SSID":"eduroam","BSSID":"5c:a6:2d:ce:bf:0e","RSSI":-74},{"SSID":"MeetInLeeds","BSSID":"5c:a6:2d:af:91:c2","RSSI":-75},{"SSID":"MeetInLeeds","BSSID":"ac:3a:67:08:28:22","RSSI":-75},{"SSID":"MeetInLeeds","BSSID":"ac:3a:67:07:f5:8d","RSSI":-75},{"SSID":"MeetInLeeds","BSSID":"5c:a6:2d:86:6d:02","RSSI":-75},{"SSID":"MeetInLeeds","BSSID":"5c:a6:2d:cf:c4:e2","RSSI":-76},{"SSID":"eduroam","BSSID":"5c:a6:2d:cf:c4:e1","RSSI":-76},{"SSID":"eduroam","BSSID":"5c:a6:2d:af:94:a1","RSSI":-77},{"SSID":"MeetInLeeds","BSSID":"5c:a6:2d:af:94:a2","RSSI":-77},{"SSID":"eduroam","BSSID":"5c:a6:2d:ce:8e:a1","RSSI":-77},{"SSID":"eduroam","BSSID":"5c:a6:2d:86:69:c1","RSSI":-78},{"SSID":"eduroam","BSSID":"ac:3a:67:07:f5:8e","RSSI":-78},{"SSID":"MeetInLeeds","BSSID":"5c:a6:2d:cf:bf:cd","RSSI":-78},{"SSID":"LAPTOP-B8KPU0TL 7250","BSSID":"fa:d0:fc:e4:31:a7","RSSI":-78},{"SSID":"eduroam","BSSID":"5c:a6:2d:cf:bf:ce","RSSI":-78},{"SSID":"eduroam","BSSID":"ac:3a:67:08:29:2e","RSSI":-79},{"SSID":"MeetInLeeds","BSSID":"5c:a6:2d:cf:e5:ad","RSSI":-79},{"SSID":"eduroam","BSSID":"ac:3a:67:08:2a:0e","RSSI":-79},{"SSID":"OnePlus 8 Pro","BSSID":"76:1f:45:3a:66:fd","RSSI":-79},{"SSID":"MeetInLeeds","BSSID":"5c:a6:2d:ce:a3:cd","RSSI":-80},{"SSID":"MeetInLeeds","BSSID":"5c:a6:2d:86:6b:42","RSSI":-80},{"SSID":"MeetInLeeds","BSSID":"ac:3a:67:08:2a:0d","RSSI":-80},{"SSID":"MeetInLeeds","BSSID":"5c:a6:2d:ef:45:2d","RSSI":-80},{"SSID":"eduroam","BSSID":"5c:a6:2d:ce:a3:ce","RSSI":-81},{"SSID":"eduroam","BSSID":"5c:a6:2d:cf:c4:ee","RSSI":-81},{"SSID":"eduroam","BSSID":"5c:a6:2d:ef:45:2e","RSSI":-81},{"SSID":"MeetInLeeds","BSSID":"5c:a6:2d:ce:b2:0d","RSSI":-82},{"SSID":"MeetInLeeds","BSSID":"5c:a6:2d:cf:c4:ed","RSSI":-82},{"SSID":"MeetInLeeds","BSSID":"5c:a6:2d:ce:b5:0d","RSSI":-83},{"SSID":"MeetInLeeds","BSSID":"5c:a6:2d:ce:b5:02","RSSI":-83},{"SSID":"MeetInLeeds","BSSID":"5c:a6:2d:b5:ca:ed","RSSI":-83},{"SSID":"MeetInLeeds","BSSID":"5c:a6:2d:af:91:cd","RSSI":-83},{"SSID":"MeetInLeeds","BSSID":"5c:a6:2d:70:7b:4d","RSSI":-84},{"SSID":"MeetInLeeds","BSSID":"5c:a6:2d:af:94:ad","RSSI":-84},{"SSID":"MeetInLeeds","BSSID":"5c:a6:2d:ce:8e:ad","RSSI":-84},{"SSID":"eduroam","BSSID":"5c:a6:2d:af:91:ce","RSSI":-84},{"SSID":"MeetInLeeds","BSSID":"5c:a6:2d:ef:4a:ad","RSSI":-85},{"SSID":"MeetInLeeds","BSSID":"5c:a6:2d:45:db:ad","RSSI":-85},{"SSID":"eduroam","BSSID":"5c:a6:2d:b5:ca:ee","RSSI":-85},{"SSID":"MeetInLeeds","BSSID":"5c:a6:2d:86:6d:2d","RSSI":-87},{"SSID":"eduroam","BSSID":"5c:a6:2d:86:6d:2e","RSSI":-87}],[{"SSID":"MeetInLeeds","BSSID":"5c:a6:2d:ce:a1:c2","RSSI":-43},{"SSID":"eduroam","BSSID":"5c:a6:2d:ce:a1:c1","RSSI":-44},{"SSID":"eduroam","BSSID":"5c:a6:2d:ce:a1:ce","RSSI":-46},{"SSID":"MeetInLeeds","BSSID":"5c:a6:2d:cf:bf:82","RSSI":-46},{"SSID":"eduroam","BSSID":"5c:a6:2d:cf:bf:81","RSSI":-46},{"SSID":"MeetInLeeds","BSSID":"5c:a6:2d:ce:a1:cd","RSSI":-47},{"SSID":"eduroam","BSSID":"5c:a6:2d:cf:bf:8e","RSSI":-51},{"SSID":"MeetInLeeds","BSSID":"5c:a6:2d:cf:bf:8d","RSSI":-52},{"SSID":"MeetInLeeds","BSSID":"5c:a6:2d:45:de:82","RSSI":-53},{"SSID":"MeetInLeeds","BSSID":"5c:a6:2d:ce:b4:c2","RSSI":-54},{"SSID":"eduroam","BSSID":"5c:a6:2d:ce:b4:c1","RSSI":-54},{"SSID":"MeetInLeeds","BSSID":"5c:a6:2d:ce:b4:cd","RSSI":-55},{"SSID":"eduroam","BSSID":"5c:a6:2d:ce:b4:ce","RSSI":-55},{"SSID":"MeetInLeeds","BSSID":"5c:a6:2d:ce:b9:22","RSSI":-59},{"SSID":"eduroam","BSSID":"5c:a6:2d:ce:c1:ee","RSSI":-59},{"SSID":"MeetInLeeds","BSSID":"5c:a6:2d:ce:c1:ed","RSSI":-59},{"SSID":"MeetInLeeds","BSSID":"5c:a6:2d:af:8f:c2","RSSI":-60},{"SSID":"MeetInLeeds","BSSID":"5c:a6:2d:ce:c1:e2","RSSI":-61},{"SSID":"eduroam","BSSID":"5c:a6:2d:af:8f:ce","RSSI":-63},{"SSID":"MeetInLeeds","BSSID":"5c:a6:2d:af:8f:cd","RSSI":-63},{"SSID":"MeetInLeeds","BSSID":"5c:a6:2d:88:6b:62","RSSI":-64},{"SSID":"MeetInLeeds","BSSID":"ac:3a:67:08:0d:82","RSSI":-65},{"SSID":"MeetInLeeds","BSSID":"5c:a6:2d:45:de:8d","RSSI":-66},{"SSID":"eduroam","BSSID":"ac:3a:67:07:fb:01","RSSI":-66},{"SSID":"MeetInLeeds","BSSID":"ac:3a:67:07:fb:02","RSSI":-66},{"SSID":"eduroam","BSSID":"5c:a6:2d:45:de:8e","RSSI":-68},{"SSID":"eduroam","BSSID":"5c:a6:2d:5d:ab:61","RSSI":-69},{"SSID":"MeetInLeeds","BSSID":"5c:a6:2d:ce:b9:2d","RSSI":-69},{"SSID":"eduroam","BSSID":"5c:a6:2d:ce:b9:2e","RSSI":-69},{"SSID":"eduroam","BSSID":"ac:3a:67:07:fb:0e","RSSI":-71},{"SSID":"eduroam","BSSID":"ac:3a:67:08:0d:8e","RSSI":-71},{"SSID":"MeetInLeeds","BSSID":"ac:3a:67:08:0d:8d","RSSI":-71},{"SSID":"eduroam","BSSID":"5c:a6:2d:88:6b:6e","RSSI":-71},{"SSID":"eduroam","BSSID":"5c:a6:2d:ce:bf:01","RSSI":-72},{"SSID":"MeetInLeeds","BSSID":"5c:a6:2d:86:6c:22","RSSI":-72},{"SSID":"MeetInLeeds","BSSID":"5c:a6:2d:ce:a3:c2","RSSI":-72},{"SSID":"MeetInLeeds","BSSID":"ac:3a:67:08:29:22","RSSI":-72},{"SSID":"MeetInLeeds","BSSID":"5c:a6:2d:88:6b:6d","RSSI":-73},{"SSID":"MeetInLeeds","BSSID":"5c:a6:2d:cf:c4:e2","RSSI":-73},{"SSID":"MeetInLeeds","BSSID":"5c:a6:2d:ce:bf:02","RSSI":-74},{"SSID":"MeetInLeeds","BSSID":"5c:a6:2d:ce:bf:0d","RSSI":-74},{"SSID":"eduroam","BSSID":"5c:a6:2d:ce:bf:0e","RSSI":-74},{"SSID":"eduroam","BSSID":"ac:3a:67:08:28:21","RSSI":-75},{"SSID":"MeetInLeeds","BSSID":"5c:a6:2d:86:69:c2","RSSI":-76},{"SSID":"MeetInLeeds","BSSID":"5c:a6:2d:af:91:c2","RSSI":-76},{"SSID":"MeetInLeeds","BSSID":"ac:3a:67:08:29:2d","RSSI":-77},{"SSID":"eduroam","BSSID":"5c:a6:2d:af:94:a1","RSSI":-77},{"SSID":"MeetInLeeds","BSSID":"5c:a6:2d:45:db:82","RSSI":-77},{"SSID":"MeetInLeeds","BSSID":"ac:3a:67:08:28:22","RSSI":-77},{"SSID":"eduroam","BSSID":"ac:3a:67:08:2a:0e","RSSI":-77},{"SSID":"eduroam","BSSID":"5c:a6:2d:5d:ab:6e","RSSI":-77},{"SSID":"MeetInLeeds","BSSID":"5c:a6:2d:5d:ab:6d","RSSI":-77},{"SSID":"eduroam","BSSID":"ac:3a:67:08:29:2e","RSSI":-78},{"SSID":"MeetInLeeds","BSSID":"5c:a6:2d:ce:8e:a2","RSSI":-78},{"SSID":"eduroam","BSSID":"5c:a6:2d:ce:8e:a1","RSSI":-78},{"SSID":"MeetInLeeds","BSSID":"5c:a6:2d:ce:a3:cd","RSSI":-78},{"SSID":"MeetInLeeds","BSSID":"5c:a6:2d:cf:bf:cd","RSSI":-78},{"SSID":"eduroam","BSSID":"5c:a6:2d:cf:bf:ce","RSSI":-78},{"SSID":"MeetInLeeds","BSSID":"5c:a6:2d:cf:e5:ad","RSSI":-79},{"SSID":"MeetInLeeds","BSSID":"ac:3a:67:08:2a:0d","RSSI":-79},{"SSID":"MeetInLeeds","BSSID":"ac:3a:67:07:f5:8d","RSSI":-79},{"SSID":"eduroam","BSSID":"ac:3a:67:07:f5:8e","RSSI":-79},{"SSID":"MeetInLeeds","BSSID":"5c:a6:2d:af:91:42","RSSI":-79},{"SSID":"eduroam","BSSID":"5c:a6:2d:af:8e:01","RSSI":-80},{"SSID":"eduroam","BSSID":"5c:a6:2d:ef:45:2e","RSSI":-80},{"SSID":"MeetInLeeds","BSSID":"5c:a6:2d:ef:45:2d","RSSI":-80},{"SSID":"eduroam","BSSID":"5c:a6:2d:ce:a3:ce","RSSI":-81},{"SSID":"eduroam","BSSID":"5c:a6:2d:b5:ca:e1","RSSI":-81},{"SSID":"eduroam","BSSID":"5c:a6:2d:af:94:ae","RSSI":-82},{"SSID":"F GHAZAANI","BSSID":"4e:36:be:c8:de:5d","RSSI":-82},{"SSID":"eduroam","BSSID":"5c:a6:2d:ce:b2:01","RSSI":-82},{"SSID":"MeetInLeeds","BSSID":"5c:a6:2d:af:94:ad","RSSI":-83},{"SSID":"MeetInLeeds","BSSID":"5c:a6:2d:ef:45:22","RSSI":-83},{"SSID":"MeetInLeeds","BSSID":"5c:a6:2d:ce:8e:ad","RSSI":-83},{"SSID":"eduroam","BSSID":"5c:a6:2d:af:91:ce","RSSI":-83},{"SSID":"MeetInLeeds","BSSID":"5c:a6:2d:cf:c4:ed","RSSI":-84},{"SSID":"eduroam","BSSID":"5c:a6:2d:ce:b2:0e","RSSI":-84},{"SSID":"eduroam","BSSID":"5c:a6:2d:cf:c4:4e","RSSI":-84},{"SSID":"MeetInLeeds","BSSID":"ac:3a:67:08:29:ad","RSSI":-84},{"SSID":"eduroam","BSSID":"5c:a6:2d:b5:ca:ee","RSSI":-84},{"SSID":"MeetInLeeds","BSSID":"5c:a6:2d:ef:4a:ad","RSSI":-85},{"SSID":"MeetInLeeds","BSSID":"5c:a6:2d:cf:c4:4d","RSSI":-85},{"SSID":"MeetInLeeds","BSSID":"5c:a6:2d:86:6d:2d","RSSI":-86},{"SSID":"DESKTOP-73NVV7R 4141","BSSID":"f2:6e:0b:b7:46:4e","RSSI":-86},{"SSID":"eduroam","BSSID":"5c:a6:2d:ef:4a:ae","RSSI":-86},{"SSID":"MeetInLeeds","BSSID":"5c:a6:2d:ce:b2:0d","RSSI":-86},{"SSID":"eduroam","BSSID":"5c:a6:2d:ce:8e:ae","RSSI":-86},{"SSID":"MeetInLeeds","BSSID":"5c:a6:2d:45:db:8d","RSSI":-86},{"SSID":"MeetInLeeds","BSSID":"5c:a6:2d:b5:ca:ed","RSSI":-86},{"SSID":"MeetInLeeds","BSSID":"5c:a6:2d:af:91:cd","RSSI":-86},{"SSID":"eduroam","BSSID":"5c:a6:2d:45:db:8e","RSSI":-87},{"SSID":"MeetInLeeds","BSSID":"5c:a6:2d:5d:2c:0d","RSSI":-88}],[{"SSID":"eduroam","BSSID":"5c:a6:2d:ce:a1:c1","RSSI":-45},{"SSID":"MeetInLeeds","BSSID":"5c:a6:2d:ce:a1:c2","RSSI":-45},{"SSID":"MeetInLeeds","BSSID":"5c:a6:2d:cf:bf:8d","RSSI":-47},{"SSID":"eduroam","BSSID":"5c:a6:2d:ce:a1:ce","RSSI":-47},{"SSID":"MeetInLeeds","BSSID":"5c:a6:2d:ce:a1:cd","RSSI":-47},{"SSID":"MeetInLeeds","BSSID":"5c:a6:2d:cf:bf:82","RSSI":-48},{"SSID":"eduroam","BSSID":"5c:a6:2d:cf:bf:81","RSSI":-48},{"SSID":"eduroam","BSSID":"5c:a6:2d:cf:bf:8e","RSSI":-49},{"SSID":"MeetInLeeds","BSSID":"5c:a6:2d:45:de:82","RSSI":-53},{"SSID":"MeetInLeeds","BSSID":"5c:a6:2d:ce:b4:cd","RSSI":-56},{"SSID":"MeetInLeeds","BSSID":"5c:a6:2d:af:8f:c2","RSSI":-56},{"SSID":"MeetInLeeds","BSSID":"5c:a6:2d:ce:c1:e2","RSSI":-57},{"SSID":"eduroam","BSSID":"5c:a6:2d:ce:b4:ce","RSSI":-57},{"SSID":"MeetInLeeds","BSSID":"5c:a6:2d:ce:c1:ed","RSSI":-58},{"SSID":"MeetInLeeds","BSSID":"5c:a6:2d:ce:b4:c2","RSSI":-59},{"SSID":"eduroam","BSSID":"5c:a6:2d:ce:b4:c1","RSSI":-59},{"SSID":"eduroam","BSSID":"5c:a6:2d:ce:c1:ee","RSSI":-59},{"SSID":"MeetInLeeds","BSSID":"5c:a6:2d:45:de:8d","RSSI":-61},{"SSID":"MeetInLeeds","BSSID":"5c:a6:2d:ce:b9:22","RSSI":-61},{"SSID":"eduroam","BSSID":"5c:a6:2d:45:de:8e","RSSI":-62},{"SSID":"eduroam","BSSID":"ac:3a:67:07:fb:0e","RSSI":-66},{"SSID":"MeetInLeeds","BSSID":"ac:3a:67:07:fb:0d","RSSI":-66},{"SSID":"MeetInLeeds","BSSID":"ac:3a:67:08:0d:82","RSSI":-66},{"SSID":"MeetInLeeds","BSSID":"5c:a6:2d:5d:ab:62","RSSI":-67},{"SSID":"LAPTOP-B8KPU0TL 7250","BSSID":"fa:d0:fc:e4:31:a7","RSSI":-67},{"SSID":"eduroam","BSSID":"ac:3a:67:08:0d:8e","RSSI":-68},{"SSID":"eduroam","BSSID":"5c:a6:2d:af:8f:ce","RSSI":-68},{"SSID":"MeetInLeeds","BSSID":"ac:3a:67:07:fb:02","RSSI":-68},{"SSID":"MeetInLeeds","BSSID":"ac:3a:67:08:0d:8d","RSSI":-69},{"SSID":"eduroam","BSSID":"5c:a6:2d:5d:ab:61","RSSI":-69},{"SSID":"MeetInLeeds","BSSID":"5c:a6:2d:af:8f:cd","RSSI":-69},{"SSID":"MeetInLeeds","BSSID":"5c:a6:2d:ce:bf:02","RSSI":-70},{"SSID":"eduroam","BSSID":"ac:3a:67:07:fb:01","RSSI":-70},{"SSID":"eduroam","BSSID":"5c:a6:2d:ce:bf:01","RSSI":-71},{"SSID":"MeetInLeeds","BSSID":"5c:a6:2d:86:6c:22","RSSI":-72},{"SSID":"MeetInLeeds","BSSID":"5c:a6:2d:ce:bf:0d","RSSI":-72},{"SSID":"eduroam","BSSID":"5c:a6:2d:ce:bf:0e","RSSI":-72},{"SSID":"eduroam","BSSID":"ac:3a:67:07:f5:81","RSSI":-72},{"SSID":"MeetInLeeds","BSSID":"ac:3a:67:07:f5:82","RSSI":-72},{"SSID":"eduroam","BSSID":"5c:a6:2d:88:6b:6e","RSSI":-73},{"SSID":"MeetInLeeds","BSSID":"5c:a6:2d:ce:b9:2d","RSSI":-73},{"SSID":"MeetInLeeds","BSSID":"5c:a6:2d:45:db:82","RSSI":-74},{"SSID":"eduroam","BSSID":"ac:3a:67:08:28:21","RSSI":-74},{"SSID":"MeetInLeeds","BSSID":"5c:a6:2d:88:6b:6d","RSSI":-74},{"SSID":"eduroam","BSSID":"5c:a6:2d:ce:b9:2e","RSSI":-74},{"SSID":"eduroam","BSSID":"ac:3a:67:08:29:21","RSSI":-74},{"SSID":"MeetInLeeds","BSSID":"5c:a6:2d:ce:a3:cd","RSSI":-75},{"SSID":"MeetInLeeds","BSSID":"5c:a6:2d:86:69:c2","RSSI":-76},{"SSID":"eduroam","BSSID":"5c:a6:2d:af:94:a1","RSSI":-76},{"SSID":"eduroam","BSSID":"5c:a6:2d:ce:8e:a1","RSSI":-76},{"SSID":"MeetInLeeds","BSSID":"ac:3a:67:08:2a:02","RSSI":-76},{"SSID":"MeetInLeeds","BSSID":"5c:a6:2d:5d:ab:6d","RSSI":-76},{"SSID":"MeetInLeeds","BSSID":"5c:a6:2d:cf:c4:e2","RSSI":-76},{"SSID":"eduroam","BSSID":"5c:a6:2d:86:69:c1","RSSI":-77},{"SSID":"eduroam","BSSID":"ac:3a:67:08:29:2e","RSSI":-77},{"SSID":"eduroam","BSSID":"ac:3a:67:08:2a:01","RSSI":-77},{"SSID":"eduroam","BSSID":"5c:a6:2d:5d:ab:6e","RSSI":-77},{"SSID":"MeetInLeeds","BSSID":"ac:3a:67:07:f5:8d","RSSI":-77},{"SSID":"eduroam","BSSID":"ac:3a:67:07:f5:8e","RSSI":-77},{"SSID":"eduroam","BSSID":"5c:a6:2d:cf:c4:ee","RSSI":-78},{"SSID":"MeetInLeeds","BSSID":"ac:3a:67:08:2a:0d","RSSI":-78},{"SSID":"MeetInLeeds","BSSID":"ac:3a:67:08:28:2d","RSSI":-79},{"SSID":"eduroam","BSSID":"ac:3a:67:08:2a:0e","RSSI":-79},{"SSID":"MeetInLeeds","BSSID":"5c:a6:2d:ef:45:2d","RSSI":-79},{"SSID":"MeetInLeeds","BSSID":"5c:a6:2d:af:91:42","RSSI":-79},{"SSID":"eduroam","BSSID":"5c:a6:2d:cf:e5:ae","RSSI":-80},{"SSID":"eduroam","BSSID":"ac:3a:67:08:28:2e","RSSI":-80},{"SSID":"MeetInLeeds","BSSID":"5c:a6:2d:cf:c4:ed","RSSI":-80},{"SSID":"eduroam","BSSID":"5c:a6:2d:ef:45:2e","RSSI":-80},{"SSID":"MeetInLeeds","BSSID":"5c:a6:2d:cf:bf:cd","RSSI":-81},{"SSID":"eduroam","BSSID":"5c:a6:2d:cf:bf:ce","RSSI":-81},{"SSID":"eduroam","BSSID":"5c:a6:2d:af:91:ce","RSSI":-82},{"SSID":"OnePlus 8 Pro","BSSID":"76:1f:45:3a:66:fd","RSSI":-82},{"SSID":"eduroam","BSSID":"5c:a6:2d:86:6d:21","RSSI":-82},{"SSID":"MeetInLeeds","BSSID":"5c:a6:2d:af:94:ad","RSSI":-83},{"SSID":"eduroam","BSSID":"5c:a6:2d:ce:8e:ae","RSSI":-84},{"SSID":"MeetInLeeds","BSSID":"5c:a6:2d:cf:c4:4d","RSSI":-84},{"SSID":"MeetInLeeds","BSSID":"ac:3a:67:08:29:ad","RSSI":-84},{"SSID":"eduroam","BSSID":"5c:a6:2d:af:94:ae","RSSI":-85},{"SSID":"eduroam","BSSID":"5c:a6:2d:b5:ca:ee","RSSI":-85},{"SSID":"MeetInLeeds","BSSID":"5c:a6:2d:af:91:cd","RSSI":-85},{"SSID":"eduroam","BSSID":"ac:3a:67:08:29:ae","RSSI":-86},{"SSID":"eduroam","BSSID":"5c:a6:2d:af:8e:0e","RSSI":-88},{"SSID":"iL-25","BSSID":"00:15:6d:6b:1d:d8","RSSI":-89}],[{"SSID":"MeetInLeeds","BSSID":"5c:a6:2d:cf:bf:82","RSSI":-44},{"SSID":"eduroam","BSSID":"5c:a6:2d:cf:bf:81","RSSI":-45},{"SSID":"MeetInLeeds","BSSID":"5c:a6:2d:ce:a1:cd","RSSI":-48},{"SSID":"eduroam","BSSID":"5c:a6:2d:cf:bf:8e","RSSI":-49},{"SSID":"MeetInLeeds","BSSID":"5c:a6:2d:cf:bf:8d","RSSI":-49},{"SSID":"eduroam","BSSID":"5c:a6:2d:ce:a1:c1","RSSI":-49},{"SSID":"MeetInLeeds","BSSID":"5c:a6:2d:ce:a1:c2","RSSI":-49},{"SSID":"eduroam","BSSID":"5c:a6:2d:ce:a1:ce","RSSI":-51},{"SSID":"eduroam","BSSID":"5c:a6:2d:45:de:81","RSSI":-51},{"SSID":"MeetInLeeds","BSSID":"5c:a6:2d:45:de:82","RSSI":-51},{"SSID":"eduroam","BSSID":"5c:a6:2d:ce:c1:ee","RSSI":-56},{"SSID":"eduroam","BSSID":"5c:a6:2d:ce:b4:ce","RSSI":-57},{"SSID":"MeetInLeeds","BSSID":"5c:a6:2d:ce:b4:c2","RSSI":-57},{"SSID":"eduroam","BSSID":"5c:a6:2d:ce:b4:c1","RSSI":-57},{"SSID":"MeetInLeeds","BSSID":"5c:a6:2d:ce:c1:ed","RSSI":-57},{"SSID":"MeetInLeeds","BSSID":"5c:a6:2d:ce:b4:cd","RSSI":-58},{"SSID":"MeetInLeeds","BSSID":"5c:a6:2d:af:8f:c2","RSSI":-59},{"SSID":"eduroam","BSSID":"5c:a6:2d:af:8f:c1","RSSI":-59},{"SSID":"MeetInLeeds","BSSID":"5c:a6:2d:ce:b9:22","RSSI":-59},{"SSID":"MeetInLeeds","BSSID":"5c:a6:2d:88:6b:62","RSSI":-60},{"SSID":"MeetInLeeds","BSSID":"5c:a6:2d:ce:c1:e2","RSSI":-61},{"SSID":"eduroam","BSSID":"5c:a6:2d:ce:c1:e1","RSSI":-61},{"SSID":"MeetInLeeds","BSSID":"ac:3a:67:07:fb:02","RSSI":-63},{"SSID":"eduroam","BSSID":"ac:3a:67:07:fb:0e","RSSI":-66},{"SSID":"MeetInLeeds","BSSID":"ac:3a:67:07:f5:82","RSSI":-66},{"SSID":"MeetInLeeds","BSSID":"ac:3a:67:08:0d:82","RSSI":-67},{"SSID":"MeetInLeeds","BSSID":"5c:a6:2d:45:de:8d","RSSI":-67},{"SSID":"MeetInLeeds","BSSID":"5c:a6:2d:af:8f:cd","RSSI":-67},{"SSID":"eduroam","BSSID":"5c:a6:2d:45:de:8e","RSSI":-67},{"SSID":"MeetInLeeds","BSSID":"ac:3a:67:07:fb:0d","RSSI":-68},{"SSID":"MeetInLeeds","BSSID":"5c:a6:2d:5d:ab:62","RSSI":-69},{"SSID":"eduroam","BSSID":"ac:3a:67:07:fb:01","RSSI":-69},{"SSID":"MeetInLeeds","BSSID":"ac:3a:67:08:28:22","RSSI":-70},{"SSID":"MeetInLeeds","BSSID":"5c:a6:2d:86:6c:22","RSSI":-70},{"SSID":"MeetInLeeds","BSSID":"5c:a6:2d:ce:b9:2d","RSSI":-70},{"SSID":"eduroam","BSSID":"ac:3a:67:08:28:21","RSSI":-71},{"SSID":"MeetInLeeds","BSSID":"5c:a6:2d:ce:a3:c2","RSSI":-71},{"SSID":"eduroam","BSSID":"5c:a6:2d:ce:b9:2e","RSSI":-71},{"SSID":"MeetInLeeds","BSSID":"5c:a6:2d:ce:bf:0d","RSSI":-71},{"SSID":"eduroam","BSSID":"5c:a6:2d:ce:bf:0e","RSSI":-71},{"SSID":"eduroam","BSSID":"5c:a6:2d:86:69:ce","RSSI":-72},{"SSID":"eduroam","BSSID":"ac:3a:67:08:0d:8e","RSSI":-73},{"SSID":"MeetInLeeds","BSSID":"ac:3a:67:08:0d:8d","RSSI":-73},{"SSID":"MeetInLeeds","BSSID":"5c:a6:2d:88:6b:6d","RSSI":-73},{"SSID":"eduroam","BSSID":"5c:a6:2d:ce:a3:c1","RSSI":-73},{"SSID":"MeetInLeeds","BSSID":"5c:a6:2d:86:69:cd","RSSI":-73},{"SSID":"eduroam","BSSID":"ac:3a:67:08:29:21","RSSI":-73},{"SSID":"MeetInLeeds","BSSID":"5c:a6:2d:ce:bf:02","RSSI":-74},{"SSID":"eduroam","BSSID":"5c:a6:2d:88:6b:6e","RSSI":-74},{"SSID":"MeetInLeeds","BSSID":"ac:3a:67:08:29:22","RSSI":-74},{"SSID":"eduroam","BSSID":"5c:a6:2d:ce:bf:01","RSSI":-75},{"SSID":"eduroam","BSSID":"ac:3a:67:07:f5:8e","RSSI":-75},{"SSID":"OnePlus 8 Pro","BSSID":"76:1f:45:3a:66:fd","RSSI":-75},{"SSID":"eduroam","BSSID":"5c:a6:2d:ce:a3:ce","RSSI":-76},{"SSID":"eduroam","BSSID":"5c:a6:2d:5d:ab:6e","RSSI":-76},{"SSID":"MeetInLeeds","BSSID":"5c:a6:2d:5d:ab:6d","RSSI":-76},{"SSID":"MeetInLeeds","BSSID":"ac:3a:67:07:f5:8d","RSSI":-76},{"SSID":"MeetInLeeds","BSSID":"5c:a6:2d:86:6d:02","RSSI":-76},{"SSID":"MeetInLeeds","BSSID":"ac:3a:67:08:29:2d","RSSI":-77},{"SSID":"MeetInLeeds","BSSID":"5c:a6:2d:45:db:82","RSSI":-77},{"SSID":"eduroam","BSSID":"5c:a6:2d:ce:8e:a1","RSSI":-77},{"SSID":"MeetInLeeds","BSSID":"5c:a6:2d:ce:a3:cd","RSSI":-77},{"SSID":"F GHAZAANI","BSSID":"4e:36:be:c8:de:5d","RSSI":-77},{"SSID":"MeetInLeeds","BSSID":"5c:a6:2d:af:91:42","RSSI":-77},{"SSID":"eduroam","BSSID":"ac:3a:67:08:2a:01","RSSI":-78},{"SSID":"MeetInLeeds","BSSID":"5c:a6:2d:86:69:c2","RSSI":-79},{"SSID":"eduroam","BSSID":"5c:a6:2d:cf:e5:ae","RSSI":-79},{"SSID":"eduroam","BSSID":"ac:3a:67:08:28:2e","RSSI":-79},{"SSID":"MeetInLeeds","BSSID":"5c:a6:2d:cf:e5:ad","RSSI":-79},{"SSID":"MeetInLeeds","BSSID":"ac:3a:67:08:2a:02","RSSI":-79},{"SSID":"MeetInLeeds","BSSID":"5c:a6:2d:cf:c4:ed","RSSI":-80},{"SSID":"MeetInLeeds","BSSID":"ac:3a:67:08:2a:0d","RSSI":-80},{"SSID":"MeetInLeeds","BSSID":"5c:a6:2d:ef:45:2d","RSSI":-81},{"SSID":"MeetInLeeds","BSSID":"5c:a6:2d:cf:c4:4d","RSSI":-82},{"SSID":"MeetInLeeds","BSSID":"5c:a6:2d:cf:bf:cd","RSSI":-82},{"SSID":"eduroam","BSSID":"5c:a6:2d:cf:bf:ce","RSSI":-82},{"SSID":"eduroam","BSSID":"ac:3a:67:08:29:a1","RSSI":-83},{"SSID":"eduroam","BSSID":"5c:a6:2d:af:91:ce","RSSI":-83},{"SSID":"MeetInLeeds","BSSID":"5c:a6:2d:af:91:cd","RSSI":-83},{"SSID":"MeetInLeeds","BSSID":"5c:a6:2d:5d:2e:22","RSSI":-83},{"SSID":"MeetInLeeds","BSSID":"5c:a6:2d:af:91:8d","RSSI":-84},{"SSID":"MeetInLeeds","BSSID":"5c:a6:2d:b5:ca:ed","RSSI":-84},{"SSID":"eduroam","BSSID":"5c:a6:2d:cf:c4:4e","RSSI":-85},{"SSID":"MeetInLeeds","BSSID":"5c:a6:2d:ce:b5:0d","RSSI":-86},{"SSID":"eduroam","BSSID":"5c:a6:2d:b5:ca:ee","RSSI":-86}],[{"SSID":"MeetInLeeds","BSSID":"5c:a6:2d:cf:bf:82","RSSI":-46},{"SSID":"MeetInLeeds","BSSID":"5c:a6:2d:ce:a1:cd","RSSI":-48},{"SSID":"eduroam","BSSID":"5c:a6:2d:ce:a1:c1","RSSI":-48},{"SSID":"MeetInLeeds","BSSID":"5c:a6:2d:ce:a1:c2","RSSI":-48},{"SSID":"MeetInLeeds","BSSID":"5c:a6:2d:cf:bf:8d","RSSI":-50},{"SSID":"eduroam","BSSID":"5c:a6:2d:cf:bf:8e","RSSI":-51},{"SSID":"eduroam","BSSID":"5c:a6:2d:ce:a1:ce","RSSI":-51},{"SSID":"MeetInLeeds","BSSID":"5c:a6:2d:ce:b4:c2","RSSI":-55},{"SSID":"eduroam","BSSID":"5c:a6:2d:ce:b4:c1","RSSI":-55},{"SSID":"eduroam","BSSID":"5c:a6:2d:ce:c1:ee","RSSI":-55},{"SSID":"MeetInLeeds","BSSID":"5c:a6:2d:ce:c1:ed","RSSI":-55},{"SSID":"MeetInLeeds","BSSID":"5c:a6:2d:ce:b4:cd","RSSI":-58},{"SSID":"eduroam","BSSID":"5c:a6:2d:ce:b4:ce","RSSI":-58},{"SSID":"MeetInLeeds","BSSID":"5c:a6:2d:ce:c1:e2","RSSI":-61},{"SSID":"MeetInLeeds","BSSID":"5c:a6:2d:88:6b:62","RSSI":-61},{"SSID":"eduroam","BSSID":"5c:a6:2d:45:de:8e","RSSI":-62},{"SSID":"MeetInLeeds","BSSID":"5c:a6:2d:af:8f:c2","RSSI":-62},{"SSID":"MeetInLeeds","BSSID":"5c:a6:2d:ce:b9:22","RSSI":-62},{"SSID":"MeetInLeeds","BSSID":"5c:a6:2d:45:de:8d","RSSI":-63},{"SSID":"eduroam","BSSID":"5c:a6:2d:af:8f:c1","RSSI":-63},{"SSID":"eduroam","BSSID":"5c:a6:2d:af:8f:ce","RSSI":-64},{"SSID":"MeetInLeeds","BSSID":"5c:a6:2d:af:8f:cd","RSSI":-65},{"SSID":"MeetInLeeds","BSSID":"ac:3a:67:07:f5:82","RSSI":-67},{"SSID":"eduroam","BSSID":"ac:3a:67:07:fb:0e","RSSI":-68},{"SSID":"MeetInLeeds","BSSID":"ac:3a:67:07:fb:0d","RSSI":-68},{"SSID":"MeetInLeeds","BSSID":"ac:3a:67:08:0d:82","RSSI":-69},{"SSID":"MeetInLeeds","BSSID":"5c:a6:2d:86:6c:22","RSSI":-70},{"SSID":"MeetInLeeds","BSSID":"5c:a6:2d:ce:b9:2d","RSSI":-70},{"SSID":"eduroam","BSSID":"5c:a6:2d:88:6b:6e","RSSI":-71},{"SSID":"eduroam","BSSID":"5c:a6:2d:ce:b9:2e","RSSI":-71},{"SSID":"MeetInLeeds","BSSID":"5c:a6:2d:ce:bf:0d","RSSI":-71},{"SSID":"eduroam","BSSID":"5c:a6:2d:ce:bf:0e","RSSI":-71},{"SSID":"MeetInLeeds","BSSID":"ac:3a:67:08:0d:8d","RSSI":-73},{"SSID":"MeetInLeeds","BSSID":"5c:a6:2d:ce:bf:02","RSSI":-73},{"SSID":"eduroam","BSSID":"ac:3a:67:08:0d:8e","RSSI":-74},{"SSID":"MeetInLeeds","BSSID":"ac:3a:67:07:f5:8d","RSSI":-74},{"SSID":"MeetInLeeds","BSSID":"5c:a6:2d:88:6b:6d","RSSI":-75},{"SSID":"eduroam","BSSID":"ac:3a:67:07:f5:8e","RSSI":-75},{"SSID":"LAPTOP-B8KPU0TL 7250","BSSID":"fa:d0:fc:e4:31:a7","RSSI":-75},{"SSID":"eduroam","BSSID":"5c:a6:2d:86:69:ce","RSSI":-75},{"SSID":"MeetInLeeds","BSSID":"5c:a6:2d:86:69:c2","RSSI":-76},{"SSID":"MeetInLeeds","BSSID":"5c:a6:2d:ce:a3:cd","RSSI":-76},{"SSID":"eduroam","BSSID":"5c:a6:2d:cf:bf:ce","RSSI":-76},{"SSID":"eduroam","BSSID":"5c:a6:2d:af:94:a1","RSSI":-77},{"SSID":"MeetInLeeds","BSSID":"5c:a6:2d:af:94:a2","RSSI":-77},{"SSID":"eduroam","BSSID":"5c:a6:2d:ce:a3:ce","RSSI":-77},{"SSID":"F GHAZAANI","BSSID":"4e:36:be:c8:de:5d","RSSI":-77},{"SSID":"MeetInLeeds","BSSID":"5c:a6:2d:cf:bf:cd","RSSI":-77},{"SSID":"MeetInLeeds","BSSID":"5c:a6:2d:86:69:cd","RSSI":-77},{"SSID":"MeetInLeeds","BSSID":"ac:3a:67:08:29:2d","RSSI":-78},{"SSID":"eduroam","BSSID":"5c:a6:2d:ce:8e:a1","RSSI":-78},{"SSID":"eduroam","BSSID":"ac:3a:67:08:29:2e","RSSI":-79},{"SSID":"eduroam","BSSID":"ac:3a:67:08:28:2e","RSSI":-79},{"SSID":"MeetInLeeds","BSSID":"ac:3a:67:08:28:2d","RSSI":-79},{"SSID":"MeetInLeeds","BSSID":"5c:a6:2d:af:8e:02","RSSI":-79},{"SSID":"eduroam","BSSID":"ac:3a:67:08:2a:01","RSSI":-79},{"SSID":"MeetInLeeds","BSSID":"5c:a6:2d:5d:ab:6d","RSSI":-79},{"SSID":"eduroam","BSSID":"5c:a6:2d:cf:e5:ae","RSSI":-80},{"SSID":"MeetInLeeds","BSSID":"ac:3a:67:08:2a:0d","RSSI":-80},{"SSID":"eduroam","BSSID":"ac:3a:67:08:2a:0e","RSSI":-80},{"SSID":"MeetInLeeds","BSSID":"5c:a6:2d:ef:45:2d","RSSI":-80},{"SSID":"MeetInLeeds","BSSID":"5c:a6:2d:af:91:4d","RSSI":-80},{"SSID":"MeetInLeeds","BSSID":"5c:a6:2d:af:94:ad","RSSI":-81},{"SSID":"MeetInLeeds","BSSID":"5c:a6:2d:5d:2e:22","RSSI":-81},{"SSID":"MeetInLeeds","BSSID":"5c:a6:2d:cf:c4:ed","RSSI":-82},{"SSID":"MeetInLeeds","BSSID":"5c:a6:2d:cf:c4:4d","RSSI":-82},{"SSID":"eduroam","BSSID":"5c:a6:2d:af:91:ce","RSSI":-82},{"SSID":"MeetInLeeds","BSSID":"5c:a6:2d:ef:45:22","RSSI":-83},{"SSID":"MeetInLeeds","BSSID":"5c:a6:2d:ef:4a:ad","RSSI":-83},{"SSID":"eduroam","BSSID":"5c:a6:2d:b5:ca:ee","RSSI":-83},{"SSID":"MeetInLeeds","BSSID":"5c:a6:2d:af:91:cd","RSSI":-83},{"SSID":"MeetInLeeds","BSSID":"5c:a6:2d:b5:ca:ed","RSSI":-84},{"SSID":"MeetInLeeds","BSSID":"ac:3a:67:08:32:4d","RSSI":-85},{"SSID":"MeetInLeeds","BSSID":"5c:a6:2d:ce:b5:0d","RSSI":-86},{"SSID":"eduroam","BSSID":"5c:a6:2d:ce:8e:ae","RSSI":-86},{"SSID":"MeetInLeeds","BSSID":"5c:a6:2d:5d:2e:2d","RSSI":-88},{"SSID":"DESKTOP-73NVV7R 4141","BSSID":"f2:6e:0b:b7:46:4e","RSSI":-88}],[{"SSID":"MeetInLeeds","BSSID":"5c:a6:2d:cf:bf:82","RSSI":-45},{"SSID":"eduroam","BSSID":"5c:a6:2d:ce:a1:c1","RSSI":-45},{"SSID":"MeetInLeeds","BSSID":"5c:a6:2d:ce:a1:c2","RSSI":-46},{"SSID":"MeetInLeeds","BSSID":"5c:a6:2d:ce:a1:cd","RSSI":-47},{"SSID":"eduroam","BSSID":"5c:a6:2d:cf:bf:81","RSSI":-47},{"SSID":"eduroam","BSSID":"5c:a6:2d:ce:a1:ce","RSSI":-48},{"SSID":"eduroam","BSSID":"5c:a6:2d:cf:bf:8e","RSSI":-51},{"SSID":"eduroam","BSSID":"5c:a6:2d:45:de:81","RSSI":-52},{"SSID":"MeetInLeeds","BSSID":"5c:a6:2d:45:de:82","RSSI":-52},{"SSID":"MeetInLeeds","BSSID":"5c:a6:2d:cf:bf:8d","RSSI":-53},{"SSID":"eduroam","BSSID":"5c:a6:2d:ce:b4:c1","RSSI":-53},{"SSID":"MeetInLeeds","BSSID":"5c:a6:2d:ce:b4:c2","RSSI":-54},{"SSID":"MeetInLeeds","BSSID":"5c:a6:2d:ce:b4:cd","RSSI":-58},{"SSID":"MeetInLeeds","BSSID":"5c:a6:2d:ce:c1:e2","RSSI":-60},{"SSID":"eduroam","BSSID":"5c:a6:2d:ce:b4:ce","RSSI":-60},{"SSID":"MeetInLeeds","BSSID":"5c:a6:2d:45:de:8d","RSSI":-61},{"SSID":"eduroam","BSSID":"5c:a6:2d:45:de:8e","RSSI":-61},{"SSID":"eduroam","BSSID":"5c:a6:2d:88:6b:61","RSSI":-61},{"SSID":"MeetInLeeds","BSSID":"5c:a6:2d:88:6b:62","RSSI":-61},{"SSID":"eduroam","BSSID":"5c:a6:2d:ce:c1:e1","RSSI":-62},{"SSID":"MeetInLeeds","BSSID":"5c:a6:2d:af:8f:c2","RSSI":-62},{"SSID":"eduroam","BSSID":"5c:a6:2d:af:8f:c1","RSSI":-62},{"SSID":"eduroam","BSSID":"ac:3a:67:07:fb:01","RSSI":-62},{"SSID":"MeetInLeeds","BSSID":"ac:3a:67:07:fb:02","RSSI":-63},{"SSID":"MeetInLeeds","BSSID":"ac:3a:67:07:fb:0d","RSSI":-64},{"SSID":"MeetInLeeds","BSSID":"5c:a6:2d:ce:b9:22","RSSI":-65},{"SSID":"MeetInLeeds","BSSID":"ac:3a:67:08:0d:82","RSSI":-66},{"SSID":"eduroam","BSSID":"ac:3a:67:08:0d:81","RSSI":-66},{"SSID":"eduroam","BSSID":"ac:3a:67:07:fb:0e","RSSI":-67},{"SSID":"LAPTOP-B8KPU0TL 7250","BSSID":"fa:d0:fc:e4:31:a7","RSSI":-67},{"SSID":"eduroam","BSSID":"ac:3a:67:07:f5:81","RSSI":-67},{"SSID":"eduroam","BSSID":"5c:a6:2d:ce:b9:21","RSSI":-67},{"SSID":"MeetInLeeds","BSSID":"5c:a6:2d:ce:c1:ed","RSSI":-67},{"SSID":"MeetInLeeds","BSSID":"5c:a6:2d:5d:ab:62","RSSI":-68},{"SSID":"eduroam","BSSID":"5c:a6:2d:5d:ab:61","RSSI":-68},{"SSID":"MeetInLeeds","BSSID":"ac:3a:67:07:f5:82","RSSI":-68},{"SSID":"eduroam","BSSID":"5c:a6:2d:ce:c1:ee","RSSI":-68},{"SSID":"eduroam","BSSID":"5c:a6:2d:ce:bf:01","RSSI":-69},{"SSID":"MeetInLeeds","BSSID":"5c:a6:2d:ce:bf:02","RSSI":-70},{"SSID":"MeetInLeeds","BSSID":"5c:a6:2d:af:94:a2","RSSI":-71},{"SSID":"MeetInLeeds","BSSID":"5c:a6:2d:86:6c:22","RSSI":-71},{"SSID":"eduroam","BSSID":"5c:a6:2d:88:6b:6e","RSSI":-72},{"SSID":"MeetInLeeds","BSSID":"5c:a6:2d:af:91:c2","RSSI":-73},{"SSID":"eduroam","BSSID":"5c:a6:2d:af:91:c1","RSSI":-73},{"SSID":"eduroam","BSSID":"5c:a6:2d:86:6c:21","RSSI":-73},{"SSID":"MeetInLeeds","BSSID":"5c:a6:2d:ce:a3:c2","RSSI":-73},{"SSID":"MeetInLeeds","BSSID":"ac:3a:67:07:f5:8d","RSSI":-73},{"SSID":"MeetInLeeds","BSSID":"5c:a6:2d:88:6b:6d","RSSI":-74},{"SSID":"eduroam","BSSID":"ac:3a:67:07:f5:8e","RSSI":-74},{"SSID":"MeetInLeeds","BSSID":"5c:a6:2d:ce:bf:0d","RSSI":-74},{"SSID":"eduroam","BSSID":"ac:3a:67:08:28:2e","RSSI":-75},{"SSID":"eduroam","BSSID":"5c:a6:2d:ce:bf:0e","RSSI":-75},{"SSID":"MeetInLeeds","BSSID":"ac:3a:67:08:28:2d","RSSI":-76},{"SSID":"MeetInLeeds","BSSID":"ac:3a:67:08:2a:0d","RSSI":-76},{"SSID":"eduroam","BSSID":"ac:3a:67:08:2a:0e","RSSI":-76},{"SSID":"MeetInLeeds","BSSID":"5c:a6:2d:ce:a3:cd","RSSI":-78},{"SSID":"eduroam","BSSID":"5c:a6:2d:ce:a3:ce","RSSI":-78},{"SSID":"eduroam","BSSID":"5c:a6:2d:af:91:ce","RSSI":-78},{"SSID":"MeetInLeeds","BSSID":"5c:a6:2d:af:91:cd","RSSI":-78},{"SSID":"eduroam","BSSID":"5c:a6:2d:af:8e:01","RSSI":-79},{"SSID":"MeetInLeeds","BSSID":"5c:a6:2d:af:8e:02","RSSI":-79},{"SSID":"MeetInLeeds","BSSID":"5c:a6:2d:45:db:82","RSSI":-80},{"SSID":"MeetInLeeds","BSSID":"5c:a6:2d:86:69:cd","RSSI":-80},{"SSID":"eduroam","BSSID":"5c:a6:2d:86:69:ce","RSSI":-80},{"SSID":"MeetInLeeds","BSSID":"5c:a6:2d:af:91:42","RSSI":-80},{"SSID":"eduroam","BSSID":"5c:a6:2d:af:91:41","RSSI":-80},{"SSID":"MeetInLeeds","BSSID":"ac:3a:67:08:29:2d","RSSI":-82},{"SSID":"MeetInLeeds","BSSID":"5c:a6:2d:ce:b2:0d","RSSI":-84},{"SSID":"eduroam","BSSID":"5c:a6:2d:ce:b2:0e","RSSI":-84},{"SSID":"MeetInLeeds","BSSID":"5c:a6:2d:b5:ca:ed","RSSI":-86},{"SSID":"MeetInLeeds","BSSID":"5c:a6:2d:86:6c:2d","RSSI":-86},{"SSID":"eduroam","BSSID":"5c:a6:2d:b5:ca:ee","RSSI":-87}]]