[[{"SSID":"MeetInLeeds","BSSID":"5c:a6:2d:af:93:42","RSSI":-48},{"SSID":"MeetInLeeds","BSSID":"5c:a6:2d:af:93:4d","RSSI":-48},{"SSID":"eduroam","BSSID":"5c:a6:2d:af:93:4e","RSSI":-48},{"SSID":"eduroam","BSSID":"5c:a6:2d:af:93:41","RSSI":-49},{"SSID":"eduroam","BSSID":"ac:3a:67:07:f9:21","RSSI":-58},{"SSID":"MeetInLeeds","BSSID":"ac:3a:67:07:f9:22","RSSI":-58},{"SSID":"eduroam","BSSID":"5c:a6:2d:86:6c:a1","RSSI":-68},{"SSID":"MeetInLeeds","BSSID":"5c:a6:2d:86:6c:a2","RSSI":-68},{"SSID":"MeetInLeeds","BSSID":"ac:3a:67:07:f9:2d","RSSI":-69},{"SSID":"eduroam","BSSID":"ac:3a:67:07:f9:2e","RSSI":-71},{"SSID":"eduroam","BSSID":"5c:a6:2d:86:6c:ae","RSSI":-76},{"SSID":"MeetInLeeds","BSSID":"5c:a6:2d:86:6c:ad","RSSI":-76},{"SSID":"DESKTOP-73NVV7R 4141","BSSID":"f2:6e:0b:b7:46:4e","RSSI":-78},{"SSID":"eduroam","BSSID":"5c:a6:2d:cf:b5:0e","RSSI":-79},{"SSID":"MeetInLeeds","BSSID":"5c:a6:2d:cf:b5:0d","RSSI":-80},{"SSID":"eduroam","BSSID":"5c:a6:2d:5d:2e:2e","RSSI":-84},{"SSID":"MeetInLeeds","BSSID":"5c:a6:2d:5d:2e:2d","RSSI":-85},{"SSID":"MeetInLeeds","BSSID":"ac:3a:67:08:28:ed","RSSI":-85},{"SSID":"MeetInLeeds","BSSID":"5c:a6:2d:cf:c1:8d","RSSI":-85},{"SSID":"eduroam","BSSID":"ac:3a:67:08:28:ee","RSSI":-86},{"SSID":"eduroam","BSSID":"5c:a6:2d:cf:c1:8e","RSSI":-86}],[{"SSID":"eduroam","BSSID":"5c:a6:2d:af:93:41","RSSI":-47},{"SSID":"MeetInLeeds","BSSID":"5c:a6:2d:af:93:42","RSSI":-48},{"SSID":"MeetInLeeds","BSSID":"5c:a6:2d:af:93:4d","RSSI":-48},{"SSID":"eduroam","BSSID":"5c:a6:2d:af:93:4e","RSSI":-48},{"SSID":"eduroam","BSSID":"ac:3a:67:07:f9:21","RSSI":-62},{"SSID":"MeetInLeeds","BSSID":"ac:3a:67:07:f9:22","RSSI":-62},{"SSID":"MeetInLeeds","BSSID":"5c:a6:2d:86:6c:a2","RSSI":-71},{"SSID":"eduroam","BSSID":"ac:3a:67:07:f9:2e","RSSI":-71},{"SSID":"MeetInLeeds","BSSID":"ac:3a:67:07:f9:2d","RSSI":-71},{"SSID":"eduroam","BSSID":"5c:a6:2d:86:6c:ae","RSSI":-78},{"SSID":"MeetInLeeds","BSSID":"5c:a6:2d:86:6c:ad","RSSI":-78},{"SSID":"MeetInLeeds","BSSID":"5c:a6:2d:cf:b5:0d","RSSI":-81},{"SSID":"eduroam","BSSID":"5c:a6:2d:cf:b5:0e","RSSI":-81},{"SSID":"eduroam","BSSID":"ac:3a:67:08:28:ee","RSSI":-83},{"SSID":"MeetInLeeds","BSSID":"ac:3a:67:08:28:ed","RSSI":-85},{"SSID":"eduroam","BSSID":"5c:a6:2d:cf:c1:8e","RSSI":-86},{"SSID":"MeetInLeeds","BSSID":"5c:a6:2d:cf:c1:8d","RSSI":-86},{"SSID":"DESKTOP-73NVV7R 4141","BSSID":"f2:6e:0b:b7:46:4e","RSSI":-86}],[{"SSID":"MeetInLeeds","BSSID":"5c:a6:2d:af:93:42","RSSI":-49},{"SSID":"MeetInLeeds","BSSID":"5c:a6:2d:af:93:4d","RSSI":-49},{"SSID":"eduroam","BSSID":"5c:a6:2d:af:93:4e","RSSI":-49},{"SSID":"MeetInLeeds","BSSID":"5c:a6:2d:86:6c:a2","RSSI":-70},{"SSID":"eduroam","BSSID":"ac:3a:67:07:f9:2e","RSSI":-71},{"SSID":"MeetInLeeds","BSSID":"ac:3a:67:07:f9:2d","RSSI":-71},{"SSID":"eduroam","BSSID":"5c:a6:2d:86:6c:ae","RSSI":-79},{"SSID":"MeetInLeeds","BSSID":"5c:a6:2d:86:6c:ad","RSSI":-79},{"SSID":"MeetInLeeds","BSSID":"5c:a6:2d:cf:b5:0d","RSSI":-81},{"SSID":"eduroam","BSSID":"5c:a6:2d:cf:b5:0e","RSSI":-81},{"SSID":"MeetInLeeds","BSSID":"ac:3a:67:08:28:ed","RSSI":-84},{"SSID":"eduroam","BSSID":"5c:a6:2d:cf:c1:8e","RSSI":-85},{"SSID":"MeetInLeeds","BSSID":"5c:a6:2d:cf:c1:8d","RSSI":-85},{"SSID":"DESKTOP-73NVV7R 4141","BSSID":"f2:6e:0b:b7:46:4e","RSSI":-86},{"SSID":"eduroam","BSSID":"ac:3a:67:08:28:ee","RSSI":-87}],[{"SSID":"MeetInLeeds","BSSID":"5c:a6:2d:af:93:4d","RSSI":-45},{"SSID":"eduroam","BSSID":"5c:a6:2d:af:93:4e","RSSI":-45},{"SSID":"MeetInLeeds","BSSID":"5c:a6:2d:af:93:42","RSSI":-46},{"SSID":"eduroam","BSSID":"5c:a6:2d:af:93:41","RSSI":-47},{"SSID":"eduroam","BSSID":"ac:3a:67:07:f9:21","RSSI":-64},{"SSID":"MeetInLeeds","BSSID":"ac:3a:67:07:f9:22","RSSI":-64},{"SSID":"MeetInLeeds","BSSID":"5c:a6:2d:86:6c:a2","RSSI":-69},{"SSID":"eduroam","BSSID":"5c:a6:2d:86:6c:ae","RSSI":-76},{"SSID":"MeetInLeeds","BSSID":"5c:a6:2d:86:6c:ad","RSSI":-77},{"SSID":"eduroam","BSSID":"5c:a6:2d:cf:b5:0e","RSSI":-80},{"SSID":"MeetInLeeds","BSSID":"ac:3a:67:08:28:ed","RSSI":-83},{"SSID":"DESKTOP-73NVV7R 4141","BSSID":"f2:6e:0b:b7:46:4e","RSSI":-84},{"SSID":"eduroam","BSSID":"ac:3a:67:08:28:ee","RSSI":-85},{"SSID":"eduroam","BSSID":"5c:a6:2d:cf:c1:8e","RSSI":-85},{"SSID":"MeetInLeeds","BSSID":"5c:a6:2d:cf:c1:8d","RSSI":-85},{"SSID":"MeetInLeeds","BSSID":"5c:a6:2d:cf:e5:ad","RSSI":-85}],[{"SSID":"eduroam","BSSID":"5c:a6:2d:af:93:4e","RSSI":-44},{"SSID":"MeetInLeeds","BSSID":"5c:a6:2d:af:93:4d","RSSI":-45},{"SSID":"MeetInLeeds","BSSID":"5c:a6:2d:af:93:42","RSSI":-48},{"SSID":"eduroam","BSSID":"5c:a6:2d:af:93:41","RSSI":-49},{"SSID":"eduroam","BSSID":"ac:3a:67:07:f9:2e","RSSI":-72},{"SSID":"MeetInLeeds","BSSID":"ac:3a:67:07:f9:2d","RSSI":-72},{"SSID":"eduroam","BSSID":"5c:a6:2d:5d:2e:21","RSSI":-76},{"SSID":"eduroam","BSSID":"5c:a6:2d:86:6c:ae","RSSI":-77},{"SSID":"MeetInLeeds","BSSID":"5c:a6:2d:5d:2e:22","RSSI":-78},{"SSID":"MeetInLeeds","BSSID":"5c:a6:2d:86:6c:ad","RSSI":-81},{"SSID":"MeetInLeeds","BSSID":"5c:a6:2d:cf:b5:0d","RSSI":-82},{"SSID":"eduroam","BSSID":"5c:a6:2d:cf:b5:0e","RSSI":-83},{"SSID":"MeetInLeeds","BSSID":"ac:3a:67:08:28:ed","RSSI":-83},{"SSID":"eduroam","BSSID":"ac:3a:67:08:28:ee","RSSI":-84}],[{"SSID":"MeetInLeeds","BSSID":"5c:a6:2d:af:93:4d","RSSI":-44},{"SSID":"eduroam","BSSID":"5c:a6:2d:af:93:4e","RSSI":-44},{"SSID":"eduroam","BSSID":"5c:a6:2d:af:93:41","RSSI":-48},{"SSID":"MeetInLeeds","BSSID":"5c:a6:2d:af:93:42","RSSI":-49},{"SSID":"eduroam","BSSID":"ac:3a:67:07:f9:21","RSSI":-66},{"SSID":"MeetInLeeds","BSSID":"ac:3a:67:07:f9:22","RSSI":-66},{"SSID":"eduroam","BSSID":"5c:a6:2d:86:6c:a1","RSSI":-71},{"SSID":"MeetInLeeds","BSSID":"5c:a6:2d:86:6c:a2","RSSI":-72},{"SSID":"MeetInLeeds","BSSID":"5c:a6:2d:5d:2e:22","RSSI":-74},{"SSID":"eduroam","BSSID":"ac:3a:67:07:f9:2e","RSSI":-75},{"SSID":"MeetInLeeds","BSSID":"ac:3a:67:07:f9:2d","RSSI":-75},{"SSID":"eduroam","BSSID":"5c:a6:2d:86:6c:ae","RSSI":-80},{"SSID":"DESKTOP-73NVV7R 4141","BSSID":"f2:6e:0b:b7:46:4e","RSSI":-81},{"SSID":"MeetInLeeds","BSSID":"5c:a6:2d:86:6c:ad","RSSI":-81},{"SSID":"MeetInLeeds","BSSID":"5c:a6:2d:cf:c1:8d","RSSI":-84},{"SSID":"MeetInLeeds","BSSID":"5c:a6:2d:cf:e5:ad","RSSI":-85},{"SSID":"eduroam","BSSID":"ac:3a:67:08:28:ee","RSSI":-86},{"SSID":"MeetInLeeds","BSSID":"ac:3a:67:08:28:ed","RSSI":-87}],[{"SSID":"MeetInLeeds","BSSID":"5c:a6:2d:af:93:4d","RSSI":-44},{"SSID":"eduroam","BSSID":"5c:a6:2d:af:93:4e","RSSI":-44},{"SSID":"MeetInLeeds","BSSID":"5c:a6:2d:af:93:42","RSSI":-49},{"SSID":"MeetInLeeds","BSSID":"ac:3a:67:07:f9:22","RSSI":-68},{"SSID":"eduroam","BSSID":"ac:3a:67:07:f9:21","RSSI":-69},{"SSID":"MeetInLeeds","BSSID":"5c:a6:2d:86:6c:a2","RSSI":-70},{"SSID":"MeetInLeeds","BSSID":"ac:3a:67:07:f9:2d","RSSI":-71},{"SSID":"eduroam","BSSID":"ac:3a:67:07:f9:2e","RSSI":-72},{"SSID":"MeetInLeeds","BSSID":"5c:a6:2d:cf:b5:0d","RSSI":-81},{"SSID":"eduroam","BSSID":"5c:a6:2d:cf:b5:0e","RSSI":-82},{"SSID":"eduroam","BSSID":"ac:3a:67:08:28:ee","RSSI":-82},{"SSID":"MeetInLeeds","BSSID":"ac:3a:67:08:28:ed","RSSI":-82},{"SSID":"eduroam","BSSID":"5c:a6:2d:86:6c:ae","RSSI":-84},{"SSID":"MeetInLeeds","BSSID":"5c:a6:2d:86:6c:ad","RSSI":-85}],[{"SSID":"MeetInLeeds","BSSID":"5c:a6:2d:af:93:42","RSSI":-48},{"SSID":"MeetInLeeds","BSSID":"5c:a6:2d:af:93:4d","RSSI":-48},{"SSID":"eduroam","BSSID":"5c:a6:2d:af:93:4e","RSSI":-48},{"SSID":"eduroam","BSSID":"5c:a6:2d:af:93:41","RSSI":-50},{"SSID":"MeetInLeeds","BSSID":"ac:3a:67:07:f9:22","RSSI":-58},{"SSID":"eduroam","BSSID":"ac:3a:67:07:f9:21","RSSI":-59},{"SSID":"eduroam","BSSID":"ac:3a:67:07:f9:2e","RSSI":-66},{"SSID":"MeetInLeeds","BSSID":"5c:a6:2d:86:6c:a2","RSSI":-68},{"SSID":"MeetInLeeds","BSSID":"ac:3a:67:07:f9:2d","RSSI":-68},{"SSID":"MeetInLeeds","BSSID":"5c:a6:2d:cf:b5:0d","RSSI":-77},{"SSID":"eduroam","BSSID":"5c:a6:2d:cf:b5:0e","RSSI":-79},{"SSID":"eduroam","BSSID":"5c:a6:2d:86:6c:ae","RSSI":-80},{"SSID":"MeetInLeeds","BSSID":"ac:3a:67:08:28:ed","RSSI":-82},{"SSID":"MeetInLeeds","BSSID":"5c:a6:2d:86:6c:ad","RSSI":-82},{"SSID":"eduroam","BSSID":"ac:3a:67:08:28:ee","RSSI":-83},{"SSID":"eduroam","BSSID":"5c:a6:2d:cf:e5:ae","RSSI":-83},{"SSID":"MeetInLeeds","BSSID":"5c:a6:2d:cf:c1:8d","RSSI":-84},{"SSID":"eduroam","BSSID":"5c:a6:2d:cf:c1:8e","RSSI":-85},{"SSID":"DESKTOP-73NVV7R 4141","BSSID":"f2:6e:0b:b7:46:4e","RSSI":-85}],[{"SSID":"eduroam","BSSID":"5c:a6:2d:af:93:41","RSSI":-46},{"SSID":"MeetInLeeds","BSSID":"5c:a6:2d:af:93:42","RSSI":-47},{"SSID":"MeetInLeeds","BSSID":"5c:a6:2d:af:93:4d","RSSI":-53},{"SSID":"eduroam","BSSID":"5c:a6:2d:af:93:4e","RSSI":-53},{"SSID":"eduroam","BSSID":"ac:3a:67:07:f9:2e","RSSI":-65},{"SSID":"MeetInLeeds","BSSID":"ac:3a:67:07:f9:2d","RSSI":-65},{"SSID":"eduroam","BSSID":"5c:a6:2d:86:6c:a1","RSSI":-67},{"SSID":"MeetInLeeds","BSSID":"5c:a6:2d:86:6c:a2","RSSI":-67},{"SSID":"eduroam","BSSID":"5c:a6:2d:86:6c:ae","RSSI":-80},{"SSID":"MeetInLeeds","BSSID":"5c:a6:2d:86:6c:ad","RSSI":-80},{"SSID":"MeetInLeeds","BSSID":"5c:a6:2d:cf:b5:0d","RSSI":-81},{"SSID":"eduroam","BSSID":"5c:a6:2d:cf:b5:0e","RSSI":-81},{"SSID":"MeetInLeeds","BSSID":"5c:a6:2d:5d:2e:2d","RSSI":-82},{"SSID":"eduroam","BSSID":"5c:a6:2d:5d:2e:2e","RSSI":-82},{"SSID":"MeetInLeeds","BSSID":"ac:3a:67:08:28:ed","RSSI":-83},{"SSID":"MeetInLeeds","BSSID":"5c:a6:2d:cf:c1:8d","RSSI":-85},{"SSID":"DESKTOP-73NVV7R 4141","BSSID":"f2:6e:0b:b7:46:4e","RSSI":-85}],[{"SSID":"MeetInLeeds","BSSID":"5c:a6:2d:af:93:42","RSSI":-46},{"SSID":"MeetInLeeds","BSSID":"5c:a6:2d:af:93:4d","RSSI":-50},{"SSID":"eduroam","BSSID":"5c:a6:2d:af:93:4e","RSSI":-50},{"SSID":"MeetInLeeds","BSSID":"ac:3a:67:07:f9:22","RSSI":-62},{"SSID":"MeetInLeeds","BSSID":"5c:a6:2d:86:6c:a2","RSSI":-68},{"SSID":"eduroam","BSSID":"ac:3a:67:07:f9:2e","RSSI":-68},{"SSID":"MeetInLeeds","BSSID":"ac:3a:67:07:f9:2d","RSSI":-68},{"SSID":"MeetInLeeds","BSSID":"5c:a6:2d:cf:b5:0d","RSSI":-81},{"SSID":"MeetInLeeds","BSSID":"5c:a6:2d:5d:2e:2d","RSSI":-82},{"SSID":"eduroam","BSSID":"5c:a6:2d:5d:2e:2e","RSSI":-82},{"SSID":"eduroam","BSSID":"5c:a6:2d:cf:b5:0e","RSSI":-83},{"SSID":"MeetInLeeds","BSSID":"5c:a6:2d:cf:e5:ad","RSSI":-84}]]