[[{"SSID":"MeetInLeeds","BSSID":"5c:a6:2d:ef:4c:02","RSSI":-40},{"SSID":"MeetInLeeds","BSSID":"5c:a6:2d:af:8d:8d","RSSI":-47},{"SSID":"eduroam","BSSID":"5c:a6:2d:af:8d:8e","RSSI":-47},{"SSID":"WiFi Setup - University of Leeds","BSSID":"5c:a6:2d:af:8d:8c","RSSI":-47},{"SSID":"MeetInLeeds","BSSID":"5c:a6:2d:af:8d:82","RSSI":-47},{"SSID":"WiFi Setup - University of Leeds","BSSID":"5c:a6:2d:af:8d:83","RSSI":-47},{"SSID":"WiFi Setup - University of Leeds","BSSID":"5c:a6:2d:87:01:43","RSSI":-57},{"SSID":"MeetInLeeds","BSSID":"5c:a6:2d:87:01:42","RSSI":-57},{"SSID":"eduroam","BSSID":"5c:a6:2d:87:01:41","RSSI":-57},{"SSID":"MeetInLeeds","BSSID":"ac:3a:67:07:f8:62","RSSI":-73},{"SSID":"WiFi Setup - University of Leeds","BSSID":"ac:3a:67:07:f8:63","RSSI":-73},{"SSID":"WiFi Setup - University of Leeds","BSSID":"5c:a6:2d:ef:4a:a3","RSSI":-75},{"SSID":"MeetInLeeds","BSSID":"5c:a6:2d:ef:4a:a2","RSSI":-75},{"SSID":"MeetInLeeds","BSSID":"5c:a6:2d:86:6c:42","RSSI":-76},{"SSID":"WiFi Setup - University of Leeds","BSSID":"5c:a6:2d:86:6c:43","RSSI":-76},{"SSID":"WiFi Setup - University of Leeds","BSSID":"ac:3a:67:07:f8:6c","RSSI":-79},{"SSID":"eduroam","BSSID":"ac:3a:67:07:f8:6e","RSSI":-79},{"SSID":"MeetInLeeds","BSSID":"5c:a6:2d:87:02:22","RSSI":-80},{"SSID":"MeetInLeeds","BSSID":"ac:3a:67:07:f8:6d","RSSI":-80},{"SSID":"WiFi Setup - University of Leeds","BSSID":"5c:a6:2d:87:02:23","RSSI":-81},{"SSID":"eduroam","BSSID":"5c:a6:2d:ef:4a:ae","RSSI":-82},{"SSID":"WiFi Setup - University of Leeds","BSSID":"5c:a6:2d:ef:4a:ac","RSSI":-83},{"SSID":"MeetInLeeds","BSSID":"5c:a6:2d:ef:4a:ad","RSSI":-85}],[{"SSID":"eduroam","BSSID":"5c:a6:2d:ef:4c:01","RSSI":-39},{"SSID":"WiFi Setup - University of Leeds","BSSID":"5c:a6:2d:ef:4c:03","RSSI":-39},{"SSID":"MeetInLeeds","BSSID":"5c:a6:2d:ef:4c:02","RSSI":-40},{"SSID":"WiFi Setup - University of Leeds","BSSID":"5c:a6:2d:af:8d:83","RSSI":-50},{"SSID":"MeetInLeeds","BSSID":"5c:a6:2d:af:8d:82","RSSI":-51},{"SSID":"eduroam","BSSID":"5c:a6:2d:87:01:4e","RSSI":-58},{"SSID":"MeetInLeeds","BSSID":"5c:a6:2d:87:01:4d","RSSI":-58},{"SSID":"WiFi Setup - University of Leeds","BSSID":"5c:a6:2d:87:01:4c","RSSI":-58},{"SSID":"WiFi Setup - University of Leeds","BSSID":"5c:a6:2d:87:01:43","RSSI":-61},{"SSID":"MeetInLeeds","BSSID":"5c:a6:2d:87:01:42","RSSI":-61},{"SSID":"WiFi Setup - University of Leeds","BSSID":"5c:a6:2d:ef:4a:a3","RSSI":-72},{"SSID":"MeetInLeeds","BSSID":"ac:3a:67:07:f8:62","RSSI":-74},{"SSID":"WiFi Setup - University of Leeds","BSSID":"ac:3a:67:07:f8:63","RSSI":-74},{"SSID":"MeetInLeeds","BSSID":"5c:a6:2d:86:6c:42","RSSI":-75},{"SSID":"WiFi Setup - University of Leeds","BSSID":"5c:a6:2d:86:6c:43","RSSI":-75},{"SSID":"WiFi Setup - University of Leeds","BSSID":"5c:a6:2d:cf:bf:c3","RSSI":-78},{"SSID":"MeetInLeeds","BSSID":"5c:a6:2d:cf:bf:c2","RSSI":-79},{"SSID":"WiFi Setup - University of Leeds","BSSID":"5c:a6:2d:cf:e8:a3","RSSI":-82},{"SSID":"MeetInLeeds","BSSID":"ac:3a:67:08:2a:02","RSSI":-82},{"SSID":"eduroam","BSSID":"5c:a6:2d:86:6c:4e","RSSI":-83},{"SSID":"MeetInLeeds","BSSID":"5c:a6:2d:cf:e8:a2","RSSI":-83},{"SSID":"WiFi Setup - University of Leeds","BSSID":"5c:a6:2d:af:8f:4c","RSSI":-83},{"SSID":"eduroam","BSSID":"5c:a6:2d:af:8f:4e","RSSI":-83},{"SSID":"MeetInLeeds","BSSID":"5c:a6:2d:86:6c:4d","RSSI":-84},{"SSID":"eduroam","BSSID":"5c:a6:2d:87:02:2e","RSSI":-84},{"SSID":"MeetInLeeds","BSSID":"5c:a6:2d:87:02:2d","RSSI":-84},{"SSID":"WiFi Setup - University of Leeds","BSSID":"5c:a6:2d:87:02:2c","RSSI":-84}],[{"SSID":"MeetInLeeds","BSSID":"5c:a6:2d:ef:4c:02","RSSI":-41},{"SSID":"WiFi Setup - University of Leeds","BSSID":"5c:a6:2d:ef:4c:03","RSSI":-41},{"SSID":"MeetInLeeds","BSSID":"5c:a6:2d:af:8d:82","RSSI":-52},{"SSID":"WiFi Setup - University of Leeds","BSSID":"5c:a6:2d:af:8d:83","RSSI":-52},{"SSID":"WiFi Setup - University of Leeds","BSSID":"5c:a6:2d:87:01:43","RSSI":-60},{"SSID":"MeetInLeeds","BSSID":"5c:a6:2d:87:01:42","RSSI":-60},{"SSID":"eduroam","BSSID":"5c:a6:2d:87:01:4e","RSSI":-63},{"SSID":"MeetInLeeds","BSSID":"5c:a6:2d:87:01:4d","RSSI":-63},{"SSID":"WiFi Setup - University of Leeds","BSSID":"5c:a6:2d:87:01:4c","RSSI":-63},{"SSID":"MeetInLeeds","BSSID":"5c:a6:2d:86:6c:42","RSSI":-72},{"SSID":"MeetInLeeds","BSSID":"ac:3a:67:07:f8:62","RSSI":-73},{"SSID":"WiFi Setup - University of Leeds","BSSID":"5c:a6:2d:86:6c:43","RSSI":-73},{"SSID":"WiFi Setup - University of Leeds","BSSID":"ac:3a:67:07:f8:63","RSSI":-74},{"SSID":"MeetInLeeds","BSSID":"5c:a6:2d:ef:4a:a2","RSSI":-75},{"SSID":"MeetInLeeds","BSSID":"ac:3a:67:08:2a:02","RSSI":-77},{"SSID":"WiFi Setup - University of Leeds","BSSID":"ac:3a:67:08:2a:03","RSSI":-77},{"SSID":"WiFi Setup - University of Leeds","BSSID":"5c:a6:2d:cf:bf:c3","RSSI":-79},{"SSID":"WiFi Setup - University of Leeds","BSSID":"5c:a6:2d:af:8f:4c","RSSI":-80},{"SSID":"eduroam","BSSID":"5c:a6:2d:af:8f:4e","RSSI":-80},{"SSID":"MeetInLeeds","BSSID":"5c:a6:2d:af:8f:4d","RSSI":-80},{"SSID":"WiFi Setup - University of Leeds","BSSID":"5c:a6:2d:af:8f:43","RSSI":-80},{"SSID":"MeetInLeeds","BSSID":"5c:a6:2d:af:8f:42","RSSI":-80},{"SSID":"WiFi Setup - University of Leeds","BSSID":"5c:a6:2d:86:6c:4c","RSSI":-83},{"SSID":"eduroam","BSSID":"5c:a6:2d:86:6c:4e","RSSI":-83},{"SSID":"WiFi Setup - University of Leeds","BSSID":"5c:a6:2d:cf:e8:a3","RSSI":-84},{"SSID":"MeetInLeeds","BSSID":"5c:a6:2d:86:6c:4d","RSSI":-85},{"SSID":"eduroam","BSSID":"5c:a6:2d:cf:bf:ce","RSSI":-85},{"SSID":"MeetInLeeds","BSSID":"5c:a6:2d:87:02:2d","RSSI":-86},{"SSID":"MeetInLeeds","BSSID":"5c:a6:2d:cf:bf:cd","RSSI":-86},{"SSID":"WiFi Setup - University of Leeds","BSSID":"5c:a6:2d:cf:bf:cc","RSSI":-86}],[{"SSID":"eduroam","BSSID":"5c:a6:2d:ef:4c:01","RSSI":-39},{"SSID":"MeetInLeeds","BSSID":"5c:a6:2d:ef:4c:02","RSSI":-39},{"SSID":"WiFi Setup - University of Leeds","BSSID":"5c:a6:2d:ef:4c:03","RSSI":-39},{"SSID":"WiFi Setup - University of Leeds","BSSID":"5c:a6:2d:ef:4c:0c","RSSI":-49},{"SSID":"MeetInLeeds","BSSID":"5c:a6:2d:ef:4c:0d","RSSI":-49},{"SSID":"eduroam","BSSID":"5c:a6:2d:ef:4c:0e","RSSI":-49},{"SSID":"MeetInLeeds","BSSID":"5c:a6:2d:af:8d:8d","RSSI":-50},{"SSID":"eduroam","BSSID":"5c:a6:2d:af:8d:8e","RSSI":-50},{"SSID":"WiFi Setup - University of Leeds","BSSID":"5c:a6:2d:af:8d:8c","RSSI":-50},{"SSID":"MeetInLeeds","BSSID":"5c:a6:2d:af:8d:82","RSSI":-50},{"SSID":"WiFi Setup - University of Leeds","BSSID":"5c:a6:2d:af:8d:83","RSSI":-50},{"SSID":"WiFi Setup - University of Leeds","BSSID":"5c:a6:2d:87:01:43","RSSI":-61},{"SSID":"MeetInLeeds","BSSID":"5c:a6:2d:87:01:42","RSSI":-61},{"SSID":"eduroam","BSSID":"5c:a6:2d:87:01:41","RSSI":-61},{"SSID":"eduroam","BSSID":"5c:a6:2d:87:01:4e","RSSI":-62},{"SSID":"MeetInLeeds","BSSID":"5c:a6:2d:87:01:4d","RSSI":-65},{"SSID":"MeetInLeeds","BSSID":"ac:3a:67:07:f8:62","RSSI":-71},{"SSID":"WiFi Setup - University of Leeds","BSSID":"ac:3a:67:07:f8:63","RSSI":-71},{"SSID":"WiFi Setup - University of Leeds","BSSID":"5c:a6:2d:ef:4a:a3","RSSI":-73},{"SSID":"MeetInLeeds","BSSID":"5c:a6:2d:ef:4a:a2","RSSI":-74},{"SSID":"eduroam","BSSID":"ac:3a:67:07:f8:6e","RSSI":-75},{"SSID":"MeetInLeeds","BSSID":"5c:a6:2d:86:6c:42","RSSI":-76},{"SSID":"WiFi Setup - University of Leeds","BSSID":"5c:a6:2d:86:6c:43","RSSI":-77},{"SSID":"WiFi Setup - University of Leeds","BSSID":"5c:a6:2d:87:02:23","RSSI":-79},{"SSID":"MeetInLeeds","BSSID":"5c:a6:2d:87:02:22","RSSI":-79},{"SSID":"MeetInLeeds","BSSID":"ac:3a:67:08:2a:0d","RSSI":-80},{"SSID":"eduroam","BSSID":"5c:a6:2d:ef:4a:ae","RSSI":-81},{"SSID":"WiFi Setup - University of Leeds","BSSID":"5c:a6:2d:ef:4a:ac","RSSI":-81},{"SSID":"eduroam","BSSID":"ac:3a:67:08:2a:0e","RSSI":-81},{"SSID":"WiFi Setup - University of Leeds","BSSID":"ac:3a:67:08:2a:0c","RSSI":-81},{"SSID":"MeetInLeeds","BSSID":"5c:a6:2d:cf:e8:a2","RSSI":-82},{"SSID":"WiFi Setup - University of Leeds","BSSID":"5c:a6:2d:af:8f:4c","RSSI":-82},{"SSID":"MeetInLeeds","BSSID":"5c:a6:2d:af:8f:4d","RSSI":-82},{"SSID":"WiFi Setup - University of Leeds","BSSID":"5c:a6:2d:cf:e8:a3","RSSI":-83},{"SSID":"WiFi Setup - University of Leeds","BSSID":"5c:a6:2d:cf:df:63","RSSI":-85},{"SSID":"MeetInLeeds","BSSID":"5c:a6:2d:87:02:2d","RSSI":-86}],[{"SSID":"MeetInLeeds","BSSID":"5c:a6:2d:ef:4c:02","RSSI":-39},{"SSID":"WiFi Setup - University of Leeds","BSSID":"5c:a6:2d:ef:4c:03","RSSI":-40},{"SSID":"WiFi Setup - University of Leeds","BSSID":"5c:a6:2d:af:8d:83","RSSI":-51},{"SSID":"WiFi Setup - University of Leeds","BSSID":"5c:a6:2d:87:01:43","RSSI":-56},{"SSID":"MeetInLeeds","BSSID":"5c:a6:2d:87:01:42","RSSI":-57},{"SSID":"eduroam","BSSID":"5c:a6:2d:87:01:4e","RSSI":-63},{"SSID":"MeetInLeeds","BSSID":"5c:a6:2d:87:01:4d","RSSI":-63},{"SSID":"WiFi Setup - University of Leeds","BSSID":"5c:a6:2d:87:01:4c","RSSI":-64},{"SSID":"MeetInLeeds","BSSID":"ac:3a:67:07:f8:62","RSSI":-72},{"SSID":"WiFi Setup - University of Leeds","BSSID":"ac:3a:67:07:f8:6c","RSSI":-73},{"SSID":"MeetInLeeds","BSSID":"ac:3a:67:07:f8:6d","RSSI":-73},{"SSID":"eduroam","BSSID":"ac:3a:67:07:f8:6e","RSSI":-73},{"SSID":"eduroam","BSSID":"5c:a6:2d:ef:4a:a1","RSSI":-74},{"SSID":"MeetInLeeds","BSSID":"5c:a6:2d:ef:4a:a2","RSSI":-75},{"SSID":"WiFi Setup - University of Leeds","BSSID":"5c:a6:2d:ef:4a:ac","RSSI":-79},{"SSID":"MeetInLeeds","BSSID":"5c:a6:2d:af:8f:42","RSSI":-79},{"SSID":"WiFi Setup - University of Leeds","BSSID":"5c:a6:2d:af:8f:4c","RSSI":-80},{"SSID":"eduroam","BSSID":"5c:a6:2d:af:8f:4e","RSSI":-80},{"SSID":"eduroam","BSSID":"5c:a6:2d:ef:4a:ae","RSSI":-80},{"SSID":"MeetInLeeds","BSSID":"5c:a6:2d:ef:4a:ad","RSSI":-80},{"SSID":"WiFi Setup - University of Leeds","BSSID":"5c:a6:2d:af:8f:43","RSSI":-80},{"SSID":"MeetInLeeds","BSSID":"5c:a6:2d:af:8f:4d","RSSI":-81},{"SSID":"eduroam","BSSID":"5c:a6:2d:87:02:2e","RSSI":-84},{"SSID":"MeetInLeeds","BSSID":"5c:a6:2d:87:02:2d","RSSI":-85},{"SSID":"WiFi Setup - University of Leeds","BSSID":"5c:a6:2d:87:02:2c","RSSI":-85}],[{"SSID":"MeetInLeeds","BSSID":"5c:a6:2d:ef:4c:02","RSSI":-41},{"SSID":"WiFi Setup - University of Leeds","BSSID":"5c:a6:2d:ef:4c:03","RSSI":-41},{"SSID":"MeetInLeeds","BSSID":"5c:a6:2d:ef:4c:0d","RSSI":-49},{"SSID":"eduroam","BSSID":"5c:a6:2d:ef:4c:0e","RSSI":-49},{"SSID":"WiFi Setup - University of Leeds","BSSID":"5c:a6:2d:ef:4c:0c","RSSI":-51},{"SSID":"MeetInLeeds","BSSID":"5c:a6:2d:af:8d:8d","RSSI":-51},{"SSID":"eduroam","BSSID":"5c:a6:2d:af:8d:8e","RSSI":-51},{"SSID":"WiFi Setup - University of Leeds","BSSID":"5c:a6:2d:af:8d:8c","RSSI":-51},{"SSID":"WiFi Setup - University of Leeds","BSSID":"5c:a6:2d:af:8d:83","RSSI":-51},{"SSID":"MeetInLeeds","BSSID":"5c:a6:2d:af:8d:82","RSSI":-52},{"SSID":"WiFi Setup - University of Leeds","BSSID":"5c:a6:2d:87:01:43","RSSI":-55},{"SSID":"MeetInLeeds","BSSID":"5c:a6:2d:87:01:42","RSSI":-55},{"SSID":"eduroam","BSSID":"5c:a6:2d:87:01:4e","RSSI":-60},{"SSID":"MeetInLeeds","BSSID":"5c:a6:2d:87:01:4d","RSSI":-61},{"SSID":"WiFi Setup - University of Leeds","BSSID":"5c:a6:2d:87:01:4c","RSSI":-63},{"SSID":"MeetInLeeds","BSSID":"ac:3a:67:07:f8:62","RSSI":-73},{"SSID":"WiFi Setup - University of Leeds","BSSID":"ac:3a:67:07:f8:63","RSSI":-73},{"SSID":"eduroam","BSSID":"ac:3a:67:07:f8:61","RSSI":-73},{"SSID":"WiFi Setup - University of Leeds","BSSID":"5c:a6:2d:ef:4a:a3","RSSI":-73},{"SSID":"MeetInLeeds","BSSID":"5c:a6:2d:86:6c:42","RSSI":-74},{"SSID":"WiFi Setup - University of Leeds","BSSID":"5c:a6:2d:86:6c:43","RSSI":-74},{"SSID":"MeetInLeeds","BSSID":"ac:3a:67:07:f8:6d","RSSI":-75},{"SSID":"eduroam","BSSID":"ac:3a:67:07:f8:6e","RSSI":-75},{"SSID":"WiFi Setup - University of Leeds","BSSID":"5c:a6:2d:af:8f:4c","RSSI":-78},{"SSID":"eduroam","BSSID":"5c:a6:2d:af:8f:4e","RSSI":-78},{"SSID":"WiFi Setup - University of Leeds","BSSID":"ac:3a:67:07:f8:6c","RSSI":-78},{"SSID":"MeetInLeeds","BSSID":"5c:a6:2d:af:8f:4d","RSSI":-79},{"SSID":"eduroam","BSSID":"5c:a6:2d:ef:4a:ae","RSSI":-80},{"SSID":"WiFi Setup - University of Leeds","BSSID":"5c:a6:2d:af:8f:43","RSSI":-80},{"SSID":"MeetInLeeds","BSSID":"5c:a6:2d:af:8f:42","RSSI":-80},{"SSID":"WiFi Setup - University of Leeds","BSSID":"5c:a6:2d:87:02:23","RSSI":-80},{"SSID":"MeetInLeeds","BSSID":"5c:a6:2d:ef:4a:ad","RSSI":-81},{"SSID":"WiFi Setup - University of Leeds","BSSID":"5c:a6:2d:ef:4a:ac","RSSI":-81},{"SSID":"MeetInLeeds","BSSID":"5c:a6:2d:87:02:22","RSSI":-81},{"SSID":"WiFi Setup - University of Leeds","BSSID":"5c:a6:2d:87:02:2c","RSSI":-83},{"SSID":"MeetInLeeds","BSSID":"ac:3a:67:08:2a:0d","RSSI":-84},{"SSID":"MeetInLeeds","BSSID":"5c:a6:2d:87:02:2d","RSSI":-84},{"SSID":"eduroam","BSSID":"ac:3a:67:08:2a:0e","RSSI":-84},{"SSID":"WiFi Setup - University of Leeds","BSSID":"ac:3a:67:08:2a:0c","RSSI":-84},{"SSID":"eduroam","BSSID":"5c:a6:2d:87:02:2e","RSSI":-86}],[{"SSID":"eduroam","BSSID":"5c:a6:2d:ef:4c:01","RSSI":-39},{"SSID":"MeetInLeeds","BSSID":"5c:a6:2d:ef:4c:02","RSSI":-39},{"SSID":"WiFi Setup - University of Leeds","BSSID":"5c:a6:2d:ef:4c:03","RSSI":-39},{"SSID":"WiFi Setup - University of Leeds","BSSID":"5c:a6:2d:ef:4c:0c","RSSI":-47},{"SSID":"eduroam","BSSID":"5c:a6:2d:ef:4c:0e","RSSI":-47},{"SSID":"MeetInLeeds","BSSID":"5c:a6:2d:ef:4c:0d","RSSI":-48},{"SSID":"WiFi Setup - University of Leeds","BSSID":"5c:a6:2d:af:8d:8c","RSSI":-52},{"SSID":"MeetInLeeds","BSSID":"5c:a6:2d:af:8d:8d","RSSI":-53},{"SSID":"eduroam","BSSID":"5c:a6:2d:af:8d:8e","RSSI":-53},{"SSID":"WiFi Setup - University of Leeds","BSSID":"5c:a6:2d:87:01:43","RSSI":-57},{"SSID":"MeetInLeeds","BSSID":"5c:a6:2d:87:01:42","RSSI":-57},{"SSID":"eduroam","BSSID":"5c:a6:2d:87:01:4e","RSSI":-63},{"SSID":"MeetInLeeds","BSSID":"5c:a6:2d:87:01:4d","RSSI":-63},{"SSID":"WiFi Setup - University of Leeds","BSSID":"5c:a6:2d:87:01:4c","RSSI":-63},{"SSID":"WiFi Setup - University of Leeds","BSSID":"ac:3a:67:07:f8:6c","RSSI":-77},{"SSID":"MeetInLeeds","BSSID":"ac:3a:67:07:f8:6d","RSSI":-77},{"SSID":"WiFi Setup - University of Leeds","BSSID":"5c:a6:2d:af:8f:43","RSSI":-81},{"SSID":"MeetInLeeds","BSSID":"5c:a6:2d:af:8f:42","RSSI":-81},{"SSID":"WiFi Setup - University of Leeds","BSSID":"5c:a6:2d:87:02:23","RSSI":-81},{"SSID":"WiFi Setup - University of Leeds","BSSID":"5c:a6:2d:cf:bf:c3","RSSI":-82},{"SSID":"WiFi Setup - University of Leeds","BSSID":"5c:a6:2d:af:8f:4c","RSSI":-82},{"SSID":"eduroam","BSSID":"5c:a6:2d:87:02:2e","RSSI":-84},{"SSID":"MeetInLeeds","BSSID":"ac:3a:67:08:2a:0d","RSSI":-84},{"SSID":"eduroam","BSSID":"ac:3a:67:08:2a:0e","RSSI":-84},{"SSID":"WiFi Setup - University of Leeds","BSSID":"ac:3a:67:08:2a:0c","RSSI":-84},{"SSID":"MeetInLeeds","BSSID":"5c:a6:2d:87:02:2d","RSSI":-86},{"SSID":"WiFi Setup - University of Leeds","BSSID":"5c:a6:2d:87:02:2c","RSSI":-87}],[{"SSID":"MeetInLeeds","BSSID":"5c:a6:2d:ef:4c:02","RSSI":-39},{"SSID":"WiFi Setup - University of Leeds","BSSID":"5c:a6:2d:ef:4c:03","RSSI":-39},{"SSID":"WiFi Setup - University of Leeds","BSSID":"5c:a6:2d:ef:4c:0c","RSSI":-48},{"SSID":"MeetInLeeds","BSSID":"5c:a6:2d:ef:4c:0d","RSSI":-48},{"SSID":"eduroam","BSSID":"5c:a6:2d:ef:4c:0e","RSSI":-48},{"SSID":"MeetInLeeds","BSSID":"5c:a6:2d:af:8d:82","RSSI":-51},{"SSID":"MeetInLeeds","BSSID":"5c:a6:2d:87:01:42","RSSI":-57},{"SSID":"WiFi Setup - University of Leeds","BSSID":"5c:a6:2d:87:01:43","RSSI":-58},{"SSID":"WiFi Setup - University of Leeds","BSSID":"ac:3a:67:07:f8:63","RSSI":-72},{"SSID":"WiFi Setup - University of Leeds","BSSID":"5c:a6:2d:ef:4a:a3","RSSI":-74},{"SSID":"WiFi Setup - University of Leeds","BSSID":"5c:a6:2d:86:6c:43","RSSI":-75},{"SSID":"MeetInLeeds","BSSID":"ac:3a:67:08:2a:02","RSSI":-78},{"SSID":"WiFi Setup - University of Leeds","BSSID":"ac:3a:67:08:2a:03","RSSI":-78},{"SSID":"MeetInLeeds","BSSID":"5c:a6:2d:af:8f:42","RSSI":-80},{"SSID":"eduroam","BSSID":"ac:3a:67:08:2a:0e","RSSI":-81},{"SSID":"WiFi Setup - University of Leeds","BSSID":"ac:3a:67:08:2a:0c","RSSI":-81},{"SSID":"WiFi Setup - University of Leeds","BSSID":"5c:a6:2d:af:8f:43","RSSI":-81},{"SSID":"WiFi Setup - University of Leeds","BSSID":"5c:a6:2d:87:02:23","RSSI":-81},{"SSID":"eduroam","BSSID":"5c:a6:2d:86:6c:4e","RSSI":-83},{"SSID":"MeetInLeeds","BSSID":"ac:3a:67:08:2a:0d","RSSI":-84},{"SSID":"MeetInLeeds","BSSID":"5c:a6:2d:86:6c:4d","RSSI":-85}],[{"SSID":"eduroam","BSSID":"5c:a6:2d:ef:4c:0e","RSSI":-46},{"SSID":"WiFi Setup - University of Leeds","BSSID":"5c:a6:2d:ef:4c:0c","RSSI":-47},{"SSID":"MeetInLeeds","BSSID":"5c:a6:2d:ef:4c:0d","RSSI":-47},{"SSID":"MeetInLeeds","BSSID":"5c:a6:2d:af:8d:82","RSSI":-49},{"SSID":"WiFi Setup - University of Leeds","BSSID":"5c:a6:2d:af:8d:83","RSSI":-49},{"SSID":"WiFi Setup - University of Leeds","BSSID":"5c:a6:2d:87:01:43","RSSI":-56},{"SSID":"eduroam","BSSID":"5c:a6:2d:87:01:4e","RSSI":-58},{"SSID":"MeetInLeeds","BSSID":"5c:a6:2d:87:01:4d","RSSI":-58},{"SSID":"WiFi Setup - University of Leeds","BSSID":"5c:a6:2d:87:01:4c","RSSI":-58},{"SSID":"WiFi Setup - University of Leeds","BSSID":"ac:3a:67:07:f8:63","RSSI":-71},{"SSID":"MeetInLeeds","BSSID":"5c:a6:2d:ef:4a:a2","RSSI":-74},{"SSID":"MeetInLeeds","BSSID":"5c:a6:2d:86:6c:42","RSSI":-74},{"SSID":"WiFi Setup - University of Leeds","BSSID":"5c:a6:2d:86:6c:43","RSSI":-74},{"SSID":"WiFi Setup - University of Leeds","BSSID":"5c:a6:2d:af:8f:43","RSSI":-79},{"SSID":"MeetInLeeds","BSSID":"5c:a6:2d:af:8f:42","RSSI":-80},{"SSID":"MeetInLeeds","BSSID":"ac:3a:67:08:2a:0d","RSSI":-81},{"SSID":"eduroam","BSSID":"ac:3a:67:08:2a:0e","RSSI":-81},{"SSID":"eduroam","BSSID":"5c:a6:2d:af:8f:4e","RSSI":-82},{"SSID":"MeetInLeeds","BSSID":"5c:a6:2d:af:8f:4d","RSSI":-82},{"SSID":"WiFi Setup - University of Leeds","BSSID":"ac:3a:67:08:2a:0c","RSSI":-82},{"SSID":"WiFi Setup - University of Leeds","BSSID":"5c:a6:2d:cf:bf:cc","RSSI":-84},{"SSID":"MeetInLeeds","BSSID":"5c:a6:2d:cf:bf:cd","RSSI":-85},{"SSID":"WiFi Setup - University of Leeds","BSSID":"5c:a6:2d:86:6c:4c","RSSI":-87}],[{"SSID":"eduroam","BSSID":"5c:a6:2d:ef:4c:01","RSSI":-39},{"SSID":"WiFi Setup - University of Leeds","BSSID":"5c:a6:2d:ef:4c:03","RSSI":-39},{"SSID":"MeetInLeeds","BSSID":"5c:a6:2d:ef:4c:02","RSSI":-40},{"SSID":"MeetInLeeds","BSSID":"5c:a6:2d:af:8d:8d","RSSI":-47},{"SSID":"WiFi Setup - University of Leeds","BSSID":"5c:a6:2d:af:8d:8c","RSSI":-47},{"SSID":"eduroam","BSSID":"5c:a6:2d:af:8d:8e","RSSI":-48},{"SSID":"MeetInLeeds","BSSID":"5c:a6:2d:af:8d:82","RSSI":-49},{"SSID":"WiFi Setup - University of Leeds","BSSID":"5c:a6:2d:af:8d:83","RSSI":-49},{"SSID":"WiFi Setup - University of Leeds","BSSID":"5c:a6:2d:87:01:43","RSSI":-55},{"SSID":"eduroam","BSSID":"5c:a6:2d:87:01:4e","RSSI":-56},{"SSID":"MeetInLeeds","BSSID":"5c:a6:2d:87:01:4d","RSSI":-56},{"SSID":"WiFi Setup - University of Leeds","BSSID":"5c:a6:2d:87:01:4c","RSSI":-56},{"SSID":"MeetInLeeds","BSSID":"5c:a6:2d:87:01:42","RSSI":-56},{"SSID":"eduroam","BSSID":"ac:3a:67:07:f8:6e","RSSI":-77},{"SSID":"WiFi Setup - University of Leeds","BSSID":"ac:3a:67:07:f8:6c","RSSI":-78},{"SSID":"MeetInLeeds","BSSID":"ac:3a:67:07:f8:6d","RSSI":-80},{"SSID":"eduroam","BSSID":"5c:a6:2d:ef:4a:ae","RSSI":-81},{"SSID":"MeetInLeeds","BSSID":"5c:a6:2d:af:8f:4d","RSSI":-84}]]